row_index,label,pyod_batch_score,fixed_training_reference_score
2253,0,35.03474486718662,31.713499020143146
8265,0,18.539116009297434,17.540704962635658
7348,0,22.026485156402416,21.72294999192417
5523,0,18.473123331013987,17.6993887406956
8721,0,21.091584507867108,21.471422776980102
3452,0,20.286608123874164,20.848094806215826
595,0,32.72897907002991,35.39534403894829
6686,0,24.308537345490688,26.81295222842556
4850,0,24.766345159613472,29.073613376499072
4167,0,29.069310294945424,31.770644606637294
2856,0,21.09085237944315,22.612686710800297
6897,0,24.73605782748065,27.441143481140152
7534,0,33.87909629541777,34.551608985622366
7305,0,24.61625980814989,24.647683377955822
7526,0,17.49623620412016,18.69980918850497
615,0,19.9699507503426,21.594502312753164
4344,0,25.536453174670818,24.398377851112237
6175,0,33.271137898822126,29.077428035555666
3860,0,19.611058612780663,18.176610130260112
7605,0,20.395698060705268,21.282470727415248
1214,0,26.965355026462536,24.832255456986147
5315,0,29.75632813565119,32.804542001787695
8864,0,25.899636695235426,24.67360015982379
274,0,23.412580765132528,24.559502553521376
873,0,39.60530119418014,36.19001240625827
1455,0,40.84532135882504,36.4992857304386
4762,0,17.041377466454435,18.11058679689725
7720,0,30.0611046614222,27.278665842661614
6331,0,26.93406218447105,25.458480991818814
9605,0,23.272400140736178,23.701962334838203
3857,0,22.510546965330317,25.274069036505804
3985,0,24.824305806412127,28.54696552622785
1295,0,23.92960751376771,23.443301528250498
781,0,25.706732952735685,28.19467180308311
2268,0,36.420079977363514,35.642924804985334
1635,0,21.00274791109075,21.281722423972116
6758,0,22.800645886918335,24.84055449062605
9725,0,22.84776199488801,25.773551335071836
9001,0,25.020965746161547,25.254230552691993
600,0,35.74786099599088,34.19023316163725
9098,0,26.63779743507287,25.592552949229855
8588,0,28.111173628743092,27.514911612792584
435,1,21.059061149605782,23.560321581211703
4349,0,50.38518075120254,46.42987114545706
4353,0,21.135652746080844,23.99100960914257
791,0,30.72216446383476,28.40676791817066
6425,0,30.18380949119468,29.65326368252593
3151,1,29.9538671805143,29.54096588539458
4276,0,34.099994630295875,31.753650309181925
2631,0,24.678723102604202,24.64213186727272
2504,0,21.70136449529567,20.618236360328613
6878,0,25.74177932497817,26.5307361787442
6284,0,27.04310197849624,25.769981837387984
9788,0,20.53319020271509,21.89823156000473
8657,0,41.575359827932544,36.467707297309815
6413,0,19.674190409001206,22.22416738158514
1838,0,23.97703488004126,22.704835439279844
3912,0,20.06633141829685,20.10957660992011
1752,0,29.247440813979967,25.918771290274037
9573,0,27.556112297600787,24.2837745580578
7537,0,35.413253855400555,33.70899317222146
4903,0,25.6982796059458,24.76222683356076
1531,0,20.0391172343071,21.147024421513358
3426,0,29.878291636301523,30.53695947369502
151,0,28.450001605088815,27.91905347053915
1749,0,31.69619690706825,31.437947675518753
1535,0,25.4089998318775,27.707387262687657
5561,0,24.44113658616547,23.22757335233749
8238,0,22.548146641040134,24.481385719954172
128,0,32.06655477893046,30.76287621624059
469,1,21.021384432346345,18.601318168635935
9021,0,25.59688142612608,24.801138058241925
4283,0,27.489778776854152,26.992540171193305
1317,1,22.938924881944075,22.71133692733328
6972,0,32.953907603407586,33.74771746512419
3116,0,19.94036670825655,20.47752378433016
3680,0,17.849852519967236,16.955210655185724
2012,0,32.55587926984819,28.73198157512629
9154,0,28.34745556513481,29.87850570917477
4924,0,20.9496633791955,22.98998006208884
2134,0,39.51829855313211,36.902616989601455
9879,0,26.90440144776291,26.588799342707233
4002,0,36.067989437654866,33.06691504940597
7977,0,26.465332051300678,25.23392087143116
2454,0,18.214967077581544,19.521449199635224
8810,0,44.39673443088297,38.44025756721352
5148,0,26.259485449806643,25.4582150735564
5953,0,22.09060081305332,21.39427893815458
5757,0,34.25489148847596,34.75655082128828
6774,0,19.92318553648931,23.46078349230907
2678,0,27.44130671307323,31.901992999866756
7598,0,20.426858325878055,21.477438794392352
6268,0,32.400507666622154,34.14759989501235
1109,0,22.42071408087231,21.880549196507705
5234,0,27.89408265590022,25.98779588714042
5438,0,40.78180924164302,38.41546664457279
2535,0,30.09322898399396,29.370465317331586
8030,0,24.414952078491492,24.148009867300612
9827,0,24.9984937934757,21.81259133276775
2226,1,20.732296599637586,21.058600516585244
7873,0,24.81915671833603,26.916848937409576
8972,0,20.983382310836756,19.934286232851523
9811,0,18.673606623374976,20.022476699766557
4293,0,22.59887468205939,22.732864860908123
8056,0,23.395260173798842,25.419916204719673
555,0,25.187555256447737,25.91404900070615
4123,0,19.857248791681563,20.27087626368518
8978,0,21.43677970275482,23.26810802728145
6194,0,40.32296903155993,40.98760410032409
610,0,24.911534825522434,22.72006698219121
2628,0,33.58129984617486,29.816549775534767
9792,0,38.27216742028431,35.22708566123131
6956,0,37.45068318703897,33.7065154107892
6645,0,21.624190383255428,18.577587137455772
5911,0,33.12911757875511,37.910381832010636
6200,0,21.97455240861185,23.563398956335988
4043,0,21.364480290178978,21.271529817326876
3103,0,22.64323024610987,23.80428860156009
4660,0,33.28392873886405,31.879375841703013
9009,0,29.44684216791667,31.70213721769544
6887,0,24.517224689978008,22.823636745804794
2331,0,21.091570053919455,19.95879392422917
6709,0,29.82578630261336,27.894055388951607
4354,0,34.3000246655867,31.993559295486737
404,0,18.938809316516178,19.978904669559153
4890,0,26.471707721060245,24.161936633812527
7689,0,17.853555218691458,19.4237937043206
9274,0,20.885502817424786,22.93015346979397
6858,1,29.841794741838083,24.147629164720797
8476,0,24.58517162127221,22.62266212312201
7780,0,37.00680715993312,39.04050655502522
2419,0,19.787788522327975,19.60015686630878
6718,0,36.32584762752604,36.783320009919386
934,0,38.05562878342117,35.64059063627607
2664,0,31.281717707133076,32.362086647744384
6881,0,28.379739162656094,29.00468378333126
2946,0,22.93833325260092,21.66896438888393
2144,0,28.969463175599913,28.024465603986126
989,0,22.91491749979216,23.60266258278718
2719,0,31.75302162269113,29.283850648134173
3602,1,28.148452278853973,27.67536250892383
2339,0,23.73180524540381,25.398107097212765
118,0,28.166872580292996,28.456155866534466
1543,0,25.58476009481187,26.937288374676285
5320,0,22.33584651289593,25.878369358620866
925,0,27.618724198376828,30.87136054339069
1680,0,25.832619901989794,25.906205020909418
588,0,18.114180415121844,20.645077332989235
9248,0,46.35980480656672,40.877796045151214
3930,0,25.866156819367944,25.15193742221861
5132,0,24.289821488466238,25.23557940160079
3024,0,21.487004941120944,21.961836881654587
8219,0,35.70617253782222,32.69472390755157
1877,0,20.628866706988866,19.653562428814613
6678,0,28.423027933743484,28.616696672400717
6474,0,29.569916476036806,27.583089869739904
4616,0,29.752729432636517,32.10474895359771
982,0,23.085104876625955,21.080535808746948
7889,0,23.736272548679878,26.236727741281346
167,0,36.936206987380196,32.90823881051852
5136,1,34.23834741215796,34.71385788538741
9502,0,28.527838850783436,26.972676252219287
8633,0,21.578578852588905,20.640831544665822
9414,0,21.889675692969302,23.149438150544498
2656,0,28.47565332168605,24.520382776861176
7292,0,17.9481575906368,17.677402848868706
6255,0,24.794641616949377,23.416771219463577
6509,0,24.68330309086761,24.905566633547075
3197,0,27.503724644040474,25.960063664144464
3568,0,19.78344885444792,19.04187893087
5912,0,19.14991308024914,22.353266955978576
8078,0,20.790907940873723,20.753574976304932
6917,0,21.34729987084723,22.082211718290406
1859,0,24.18369445126401,22.4533225774234
4193,1,25.316819305534338,24.67708073200292
2301,0,33.86122711483152,30.08730988126657
3789,0,32.97188700917108,29.207019506741634
2170,0,17.99947027153024,16.27948971115164
2408,0,31.249437887364024,30.47162926442054
4000,0,18.43369101131479,20.79491435272022
7150,0,21.626884397838836,21.998108436518542
3656,0,27.970294806891108,26.622880444103778
5019,1,22.155112945601925,21.384502297511244
7427,0,19.783676225135707,19.48592655882934
1779,0,18.859223959357617,18.410554023016157
933,0,35.73127016468083,36.647915167233684
2406,0,18.691879691403436,19.652743824347706
1644,0,17.526280282432467,18.651194973632432
5986,0,25.68278543138685,25.193991808356056
5591,0,25.3395613130641,25.167909322162448
5022,0,27.95566089147838,28.28438909453632
1364,0,24.798337759618796,24.057135053690658
9867,0,34.35235172035574,32.66743181185825
9169,0,23.6497118337504,26.174678225351816
2641,0,25.12630210616726,24.238424809020273
541,0,19.50161124134766,20.579336022710915
4497,1,23.954292756251686,23.99344215228267
6161,0,27.54508340003113,28.392527949172106
1141,0,26.140833572544103,23.827040673761367
1829,0,25.55805189052071,23.761673460175277
8526,0,35.78585396176925,36.433801075197415
8593,0,35.465968711976444,33.49622198940926
7191,0,20.26476376494014,23.56913202239749
8134,0,20.76576448962129,20.327268978711242
9234,0,20.808900627686185,21.684271638776345
7083,0,24.855043714495814,26.49895961272242
240,0,17.571101100850363,17.10760862299609
1966,0,29.928171858812135,29.89007851277051
4524,0,30.312298064348308,29.80052225932532
7100,0,25.587785399770222,24.735141254408404
6983,0,30.980667189197963,29.56573183111617
6146,0,33.057651724969055,34.1517450160865
2175,0,22.062741257835736,25.07988080842082
204,0,22.963240694912585,23.085997448371756
928,0,19.55637941683914,19.873884906277517
6298,0,30.718411159588598,30.956391186635557
5525,0,26.41829067797178,26.037147004735385
1780,0,23.516681001628626,23.70173382934162
7485,0,17.55650019517509,16.739757817178766
2013,0,23.918523792749742,23.642474047174492
734,0,25.583770969394433,25.76242806387112
9297,0,20.234569519389122,18.518764195905323
9023,0,30.831064616594674,29.174953780711558
8897,0,21.12306268832002,23.25336684115088
1386,0,20.16624149606127,21.775813388298303
4510,0,38.82799162261479,39.95970324217974
4608,0,25.464992876680725,28.399464621777568
2866,0,30.932723823976655,31.173368920546217
6813,0,26.49979744558541,25.763649543108436
798,0,19.80413998061953,21.114547526679832
4907,0,24.956174872300966,24.438032271513542
6382,0,38.34867058292446,43.37163964386078
6038,0,25.416873538281106,23.99903277682434
7773,0,19.015176440537928,18.48494218317241
9345,0,20.840468905019264,20.684943873090518
1015,0,22.830972433490437,23.86353290661601
2647,0,26.123753202700573,24.877680865731016
6053,0,23.157748608991042,21.7721942551398
7446,0,33.69502618647419,32.34430447620113
1650,0,19.51300872541878,19.2228333058896
4677,0,23.883414078423346,25.574707213740567
4377,0,15.953478162468485,17.660170041820273
8795,0,19.657788838516403,22.902193628826065
9782,0,24.89428638606328,23.531385446058437
5339,0,23.337568030573337,25.970259148015792
4063,0,39.10004604675986,40.50487376536648
7145,0,33.98851679797265,36.50015523589741
7867,0,28.563413736311567,27.14040259210114
1,0,23.21371304917906,21.786569875908114
3122,0,26.75711070659259,26.298892193902326
2115,0,26.51527177342015,24.259942382049953
7146,0,22.087181667741568,19.627209638780947
7512,0,23.027843275812874,22.037314485385117
9307,0,35.33323172421328,36.15888420273825
9062,0,36.64722058643727,34.88565915748471
7138,0,18.37196779565435,18.516337913665282
818,0,22.81887393820698,22.034188308193386
7494,0,23.877328788585388,27.740779090639982
7862,0,34.64022330373686,31.584076906587676
3423,0,20.76143876712114,21.255064125516697
8510,0,29.28060689583257,32.06727426700706
6617,0,25.589355249466237,24.185724528814983
5289,0,24.003330753427438,23.068722721859874
8734,0,29.613297750977548,30.646077853019424
2963,0,24.414033903459767,24.512903114516106
7157,0,23.666422032076536,26.20879146938187
926,0,20.857768356052745,20.62607325246979
5440,0,22.04558618805983,21.890756737930403
4478,0,27.74517921678228,28.06008579529221
6661,0,29.039215890659197,31.0265418511168
4780,0,49.48411553100238,47.6669469914282
401,0,35.41351179393839,38.59526074506361
5863,0,21.565918704543304,21.057155789865295
5750,0,21.437936670179838,24.14540248092552
7165,0,29.782701462403022,26.808263012644023
3326,0,29.544166509403286,26.86785292657518
1889,0,33.24946855026455,30.56503992989696
3801,0,21.183333394331623,22.236413685205374
4914,0,18.990567697562398,20.516010939990267
2753,0,19.21185363854986,18.501931164328113
5086,0,17.543803576164976,18.724906395824018
2274,0,24.147377611437822,23.577750313266126
9658,0,26.57221350732943,26.80558143853841
6249,0,20.018272640415095,21.734787008890237
2526,0,32.47847513927496,30.30425230629207
7502,0,33.37128643922256,29.28871064708814
540,0,25.901335020379534,24.861536693293424
2942,0,21.103102744478164,20.452369006253864
9968,0,21.282810747275875,24.020234052017322
8126,0,31.392099966382663,28.34425794551247
4482,0,33.882433370659015,34.536265057035706
2234,0,21.81938904704844,23.487860674973813
3356,0,20.9520495820862,22.509402644420764
8444,0,29.71399433923569,27.69665411983334
7746,0,19.412355288702212,19.197031821373233
1418,0,22.4069913133317,21.719906484971577
8285,0,29.05302777372623,32.75260213623249
4920,1,25.070527213222082,24.06256001973427
8998,0,25.17671809248105,23.442063075379952
8743,0,18.151744152726152,17.73781517612141
8299,0,30.03179552745979,28.58531159443082
9609,0,34.95939228659582,36.513751882890126
5592,0,26.056804511761268,24.376457545171277
8366,0,35.24453465320096,32.43247684671294
1247,0,32.50746669560564,36.17466987830131
7276,0,26.275649344081224,30.273950044590958
4054,0,28.456448724853427,26.31138537910875
2381,0,22.70394957737938,24.07557551496912
662,0,21.004294972338144,20.264335168762234
7092,0,24.438358582600753,27.411903252794414
4070,0,31.515568878248843,28.424087730655295
8248,0,32.04836627533241,32.5369185164288
8208,0,40.061816185471585,40.29231087931844
8887,0,22.237086636549073,22.905301617560415
6927,0,26.530300595153584,31.97420697978343
7124,0,42.63579093320246,40.27951836260723
2417,0,29.727322366184474,29.955651294115317
3766,0,38.47313137271118,36.424689641265864
2574,0,30.205099635151708,28.237552027861913
8469,0,26.804686279838666,24.766118276882647
1837,0,22.102703865165733,20.984876606675726
6012,0,27.94757036162096,28.39816487064198
1514,0,20.80112702487572,19.75571936035648
654,0,20.617276575568347,22.358332923950552
2479,0,30.73105709710172,30.18576584183696
458,0,24.71379333421352,24.304876256519776
9189,0,25.6848748704853,24.45802707052924
6901,0,20.489604108944583,21.790449572874405
7536,0,26.135203777756477,26.499478207507003
5544,0,23.372995233011352,24.195766669698994
2218,0,19.393521896396688,19.294824631969625
6162,0,24.707731293249257,24.462635175667966
5741,0,24.811452599721274,24.910496079683274
3622,0,17.66462259665076,18.555656309529557
1581,0,23.063535253730635,22.018646522705858
5889,0,33.87807005108775,39.533694946694354
2091,0,36.48097399995362,34.82949601415049
9220,0,35.068794220763955,31.446372944160654
8823,0,30.014595111958915,28.24689203351841
2245,0,20.163138751393607,21.296880320998923
2721,0,23.582732356389716,23.424272802720193
4097,0,47.535051730038575,49.35449252276202
8225,0,27.23171488773264,27.23280288561263
3658,0,27.92169772483424,24.653693863644932
3434,0,25.824081774548084,29.6095840787506
9512,1,33.46137133399831,35.750563313542436
5498,0,40.44140953564383,37.84384350223158
2605,0,26.231147736014293,25.342058226949266
1191,0,18.218284140135907,18.209235200780814
9441,0,22.74129035264021,24.539884166997002
5168,0,27.213290000366346,26.084523136182753
4894,0,35.1875755454837,35.43646061569614
655,0,33.84931566781001,32.90189634828823
8168,0,23.911215009430972,25.664749868167917
7426,0,27.324128143579998,25.41236894723324
9166,0,22.97912283528963,23.21799983186822
9210,0,27.38942582462065,27.20691351392457
241,0,28.652464395209503,27.41677275265811
5614,0,24.910208332025835,25.937265763557043
5443,0,24.12952800253552,25.332149513391677
4476,0,33.313168069325364,33.75408805016598
6205,0,27.84202496018482,25.50669632321428
5364,0,31.63559695367857,33.83539679564925
2250,0,28.43454896662517,27.599013504041274
4366,0,45.93839356727751,41.45633544343709
3389,0,34.59850616616658,30.95692971592081
5619,0,21.54584147411733,23.863762188095002
7456,0,20.54346923797706,20.840480382329527
2871,0,24.872281441009886,27.185718527129758
2030,0,20.665647101089707,19.64792304772851
8819,0,19.941958524571543,20.021164770240155
7990,0,21.413881607487763,26.51561964701031
8528,0,42.42540540290898,39.30055381642655
1492,0,49.66209210652583,45.36958790141295
2065,0,36.48676985431223,34.47058328885762
6581,0,31.135913704358018,33.733463613686105
2845,0,26.693396238972056,26.24415323973787
1022,0,23.26025931212785,22.034616246479636
3876,0,30.24327679497827,32.598134792906436
5821,0,21.797473817423576,22.295596509949437
7894,1,23.595642542536428,24.617414410528315
2850,0,19.179876002129557,20.286447402295654
3591,0,33.570945272442565,33.054262362430954
8896,0,20.27008962965472,23.815440406575057
8578,0,25.751871582551175,25.23971455120525
8543,0,27.061920498561385,30.128163387163397
7263,0,23.9621363694643,23.06655951202376
2273,0,17.846482890679393,17.116873432019883
629,0,24.092938421650686,27.836697462312674
3923,0,21.788921021709207,20.364477084392533
4365,0,18.6453001674773,19.48358119997091
3346,0,23.53656666970909,23.602415647701434
8222,0,28.409655460217195,29.40025699631105
8759,0,27.42129047563317,29.299429251954
30,0,20.027995912428203,22.75350213962632
1550,0,38.43000687181051,35.232776069975834
7440,0,31.325923416953803,30.695442594374143
6199,0,27.483829651390295,26.366477018839195
2542,1,28.044096451174067,28.799851096453292
9939,0,29.38980565130289,29.594570399010223
7323,0,24.805744675998334,26.149326357427558
1030,0,22.114598876090888,20.847719752703007
5053,0,19.030970246217233,20.190030918800286
6434,0,21.251140885198986,20.474737029544187
8055,0,20.17852155778138,24.563867512401863
4386,0,25.5344217343589,23.240399269612535
9715,0,46.12811570057947,39.33113600654282
4672,0,18.79809292265044,20.560683126206367
4316,1,22.65491417838357,23.629053834191957
4231,0,22.737967858907357,23.502944442400448
8565,0,43.242856877880975,39.84982877337227
7224,0,37.452275111071934,35.71046186227211
5261,0,28.34189564543636,26.019812760322264
9394,0,22.945997874664336,21.07130454737818
4024,0,27.95351981256249,28.230972338166314
8471,0,27.60536625361892,25.22281173824253
9914,0,25.50780985656757,23.091950148787408
1922,0,25.83099116243664,24.764615263099394
8198,0,23.88164218911594,24.641086871091385
148,0,25.5806276564805,23.233928645172693
8865,0,20.939373588169733,21.43716240774649
6196,0,26.36887311404718,26.617721201353344
3510,0,27.17870406799871,27.109941724683278
3180,0,19.896672756289426,19.27332646985073
6933,0,30.28657890801981,29.82212340410973
9495,0,22.10279958430773,23.913107424349366
2140,0,20.803643266209424,21.757782639680098
4877,0,26.610701370100298,25.839999116196203
1050,0,33.713075657926716,30.667013497968107
1043,0,25.3034583399522,24.253994018851753
5797,0,25.058438409508376,26.793995360222134
3264,0,21.747788741855555,23.00833059894909
8566,0,25.77634179399493,23.806028731664295
2326,0,20.75799168814519,19.708557625766723
8195,0,22.104928054728603,23.583704767183725
9059,0,30.50071372095438,26.610759096962084
1056,0,26.722765195728694,26.14745670483858
5643,0,38.12099413974257,37.23002405187916
8584,0,23.813688236026028,26.255100180310297
4075,0,57.6116021597438,53.06108989800383
2190,0,19.660319358028158,18.917282363844063
4457,0,23.374140693821097,24.426413223972236
6013,0,21.813077897912734,21.84663875438279
7786,0,23.90536420484974,26.463521834514406
9484,0,25.705912904313738,23.794112311157374
5163,0,36.85315158867717,32.577163342316645
2485,0,22.101457283311046,21.565663462192013
417,0,36.42761630528187,34.50195049625344
3125,0,23.80727577794618,26.072522587495737
7603,0,24.025978368759862,24.63214534666327
8231,0,40.78471470922384,39.46929146850456
2265,0,20.500931097479025,22.315730955646035
9399,0,24.126967880609875,28.65087138240373
2766,0,30.307057901885173,26.78651080446886
4916,1,26.173797438839244,23.83051875897074
186,0,31.189441902912424,27.844228750492114
3002,0,34.367930117491284,33.632770276967136
9309,0,24.304449535670855,22.493297260960187
7311,0,26.716931692331148,25.72182195719663
76,0,21.651576263883342,23.87069479787597
9291,0,19.03954490844274,19.111670301997822
5687,1,22.75716100819906,22.220158670471218
4839,0,27.170648596066744,25.330763266828104
5080,0,25.515809799721847,24.506489181892718
9187,0,24.024661140249933,23.97395186666914
7548,0,22.506589624794184,19.44844193968169
4452,0,27.503473346357914,27.51618244769323
1282,0,19.3354642021647,19.683586114486722
6211,0,26.74491635054942,26.412469535827398
6441,0,26.75601035871905,28.453151280611216
6620,0,26.403018540413704,27.076515630849723
9608,0,23.874585951510713,22.830811796238134
9769,0,20.54247323372308,22.261326825591386
2928,0,25.34997168762678,24.97127311346901
740,0,36.89205138763126,36.517467546049836
280,0,21.610904849905435,23.809519366081645
4799,0,22.161540064301004,20.762203797019946
7267,0,34.572160372943706,32.720361926851076
951,0,22.70468096024205,21.070170283884988
8806,0,20.68338477854627,21.698901167866396
1512,0,21.892107791138432,20.540300738797892
3880,0,28.016036189031368,31.385275317328446
9186,0,19.914802202623207,18.421449977574294
6808,0,37.11492593910201,36.97694516479198
4908,0,25.36952053427459,23.444364824079763
7379,0,23.093445547885352,26.619786789711384
730,0,33.31769429406672,32.33930627745428
8,0,24.05474559057771,22.069191077493898
6618,0,23.308663727624914,24.226714081688492
8310,0,31.952715102035757,34.0731937814937
8024,0,19.75617298635526,20.121044788820534
9739,0,27.50454478966974,26.97150788468755
2138,0,20.115357864168786,20.99784929485181
5218,0,19.081310845971995,20.367648956579963
2835,0,16.972548748478452,18.651498539968156
3928,0,38.62825973231348,33.81419171351671
4686,0,23.865626663546067,22.398055114837916
8320,0,35.03107879738629,41.54484635893074
8705,0,33.019715930725766,31.036927509319955
6514,0,21.039976213100648,21.178471394468957
3685,0,40.03786195502001,34.51794614446838
2828,0,21.59579321879775,21.338046261776487
6556,0,25.154135047480125,26.47754600055891
6414,0,28.291029367762796,24.229206678026305
5057,0,25.548395232656805,29.83165539461556
4507,0,21.28835024250698,21.92212865254467
9498,0,23.960494480114196,25.25057559500719
6970,0,21.83688155758889,22.178066798003414
9301,0,23.460548485485912,24.003689777062966
413,0,25.238555601443153,25.079559200156627
9273,0,40.93863269485738,42.159230627569364
9465,0,23.127095440290233,22.936662663437353
3384,0,35.6852190254067,32.988124424344804
1193,0,30.354167503992038,34.865246744306276
7706,1,24.391219630044134,21.528293542492428
9556,0,34.62045496342095,33.68439802510288
6860,0,26.88021565625153,24.09829436468724
3290,0,34.69196762444958,31.95958696973053
1990,0,21.284128824157314,18.417946835619293
6095,0,26.129134750506484,26.52098616250762
7721,0,25.87546931358085,25.852921471709386
4198,0,23.4595403813499,25.932571800397096
4589,0,19.385114414100155,19.02108458901404
1933,0,25.28657563839886,25.133844339603506
5748,1,28.00495589222309,28.221162072438087
9761,0,31.363286702087308,29.44483554835627
6359,0,21.492233895745926,21.45441691789349
230,0,23.87397617319582,24.655522169349663
1708,0,31.88909085324228,31.30917913770846
7687,0,22.58489512628962,24.765758424371604
7290,0,19.740590933683258,20.138170992718106
7190,0,24.96307548014671,23.725095525815536
5618,0,32.647365373724995,32.41192904406792
2352,0,17.394840928692116,18.547412944499897
7915,1,23.60287381955345,22.712401680634247
4032,0,19.987911466918856,18.911864476829173
560,0,21.731428189581546,25.12072381732847
563,0,27.73595657220812,27.513535105448494
1365,0,20.260427327175318,19.47752522041852
3399,0,46.71014401004733,45.43857438335323
4673,0,24.820947011056077,28.340317339331687
6034,0,23.93727964621273,26.730935760248098
4085,0,27.855403295844134,28.22810355038888
9620,0,35.73252533955145,31.842916995738992
7973,0,32.070632557020986,31.80762381255217
3343,0,25.6493503760858,25.214286177116485
1485,0,28.918651357929143,31.207033284930752
4462,0,30.989356767300187,33.96236324279426
6950,0,21.16053504366002,22.12033937583354
2563,0,28.33091092214664,28.069521001770575
5467,0,29.65825033450466,28.65540939538266
8079,0,31.08594401063455,29.069402610981683
9749,0,28.49308065446682,25.36162543379045
7890,0,32.195772053864616,33.96925680423674
1120,0,32.42340134011289,33.16457469615989
9448,0,30.775057114870503,28.953800942968662
5384,0,37.51359241393175,35.3206104015012
5781,0,34.63817058025422,32.49217461387744
9607,0,28.710550646865272,33.131620848380116
1759,0,20.626767883922078,20.510997080811347
9383,0,27.34741998173908,25.8161249426475
9231,0,24.323125815651668,23.48792384622963
217,0,20.9963003878787,22.04502718693932
7085,0,27.902166516883106,23.72547119209914
5617,0,35.17533306852141,33.87697649241652
3430,0,23.452276683472107,23.35436554142792
8856,0,16.858498542169688,17.881218930188638
4096,0,22.119837403258,19.30093914113833
6097,0,26.6917233983114,23.88836380210589
2759,0,28.129976742213564,31.0449177486817
5929,0,35.261988579861146,32.97122279323528
7074,0,23.87504889198421,25.158245322144072
5344,0,19.83861055078469,20.411374711384568
4205,0,27.288509139041633,27.50761670825749
2343,0,34.55444717880754,33.059954993514246
9849,0,29.809549397294145,30.93432251567021
3788,0,26.478898522787617,27.74916272249289
901,0,21.251346171200353,24.944960767074033
950,0,25.426385046512287,22.364399720858433
2289,0,20.5911414660155,21.929179319513548
4910,1,27.564915322335413,27.230482676901858
5222,0,45.53990520516178,44.56625896353329
9563,0,30.27250834824101,30.789196948951233
4327,0,30.028801094985322,31.90354199273633
6748,0,21.08813737944292,20.328525602222147
4335,0,25.7757710470154,29.889871630508082
4612,0,35.835837268971154,34.265774217558835
165,0,29.320222647068682,30.198987847412802
4726,0,25.30438484589521,22.22962952071483
2082,0,22.13588838846973,21.89579403892193
3683,0,24.256024078429668,21.91422145257963
1459,0,31.44435571594218,29.352158930259364
319,0,26.404158982986033,29.90176314944835
6649,0,25.24736409653502,24.767604611747707
669,0,20.076567046574674,20.286321701335538
8135,0,22.391711093255363,24.251711597308855
3638,0,35.550534987343084,34.816120678972176
368,0,20.375909044447194,21.643455311214666
8466,0,25.459861699295082,27.488687139790596
6102,0,18.48641349816982,19.92849151929497
2730,0,41.493881951862235,45.115762749646834
5711,1,28.54601285423741,30.171341759583257
3307,0,46.83022364341503,45.00062783089318
6191,0,24.95658680923011,21.97896383655082
1178,0,32.288840813530314,35.05015846753201
5370,0,29.248768227290164,26.824506288023215
8764,0,26.73156892524168,25.29991306490022
821,0,32.93407630960835,32.06126428182207
7504,0,32.47278147652365,35.974152831716104
1991,0,46.23510301280535,42.04762707172626
5310,0,23.525575313688805,23.123706097215287
7703,0,30.418211130000124,28.517063899107647
9630,0,22.293928852059725,21.015721764702953
1937,0,23.69682114891096,23.990138385687366
5256,0,20.193700345332374,22.244987400779483
8140,0,19.876741471458896,20.30579851286755
6183,0,21.496552049861297,21.14161484104524
5001,0,21.907721081281462,24.43238414924937
4494,0,28.728922130770965,32.70224257292005
5301,0,25.174283771324127,26.671801233081364
400,0,23.93235832176015,23.251789166864434
4303,0,31.905700180739945,30.323228101140632
2008,0,31.153374080449343,30.411782274173866
2949,0,29.33655824104763,31.470183290432512
3699,0,20.4713005196271,22.180271902354225
963,0,26.056969363924196,29.23360040580468
3432,0,25.78378962578094,24.12688374870225
3587,1,27.922348080209225,28.110655788908456
9343,0,23.98703816966687,23.276593566772284
2233,0,33.18062141612878,34.13327526269709
9118,0,40.191392943059654,37.611861883997
4080,0,23.250984719428327,21.723405211527897
1981,0,24.449173846547026,25.28115262952228
4680,0,23.135625928421458,28.00891198539169
5502,1,31.79762802276171,31.419378583080277
3583,0,19.682497239935287,19.064945599885053
9207,0,23.5444169304198,25.490378585206052
3004,0,24.607546568361634,23.195476286559238
712,0,19.40023204143783,19.97742345349257
1587,0,44.22957933137497,40.169284330241695
5012,0,24.604991147694548,22.613528916607446
8434,0,21.175862251185944,20.598172277788514
8924,0,20.02413167062537,20.466033104159937
1432,0,20.78441305707418,21.13401240482649
5866,0,42.035089698074124,40.740924465759434
3207,0,23.562227916671674,24.943836049299012
1777,1,24.190435700801995,26.42761967357102
1737,0,19.033728952496855,18.98767077419523
6443,0,37.352524389947924,33.87376163053953
9562,0,25.967480027479166,26.324020985298308
724,0,27.842958122480507,26.663928033717475
1082,0,29.77760490264391,28.94342302624871
6321,1,36.205892373860145,36.87317691305427
9560,0,19.86609547989633,20.515123628243305
8189,0,48.565041821457115,48.211656723034174
2665,0,30.030976083128433,33.098823443342916
1847,0,23.51899471753022,22.445205626473307
9895,0,31.690848481248434,28.05352122344083
2989,0,22.012762428371744,21.021888660993284
3532,0,20.32099131699988,21.61492463943315
6883,0,28.470862946989175,34.54752260629127
5873,0,33.568949262625125,29.955680319885968
7724,0,24.59729048688757,22.54041729120636
2532,0,30.651946988464765,29.318429127194396
984,0,18.074266305545972,19.31395857966407
5058,0,39.965352690564245,42.243360832783516
5436,0,26.946307907888997,26.46659969245671
5183,0,22.81095916298507,25.957460776263037
5196,0,25.129051695373157,25.34495147315753
2150,0,28.12024718902007,30.62894760250391
8748,0,27.895258229260644,28.71618838321891
6322,0,45.80523954691296,41.12465162283634
8665,0,23.422228473342418,21.81076661422488
9553,0,41.6172427842,38.211172151579056
577,0,34.0125408831596,28.467284789867723
1108,0,43.027322560389855,37.94465207108852
8489,0,21.657916852449098,24.46154047836935
5503,0,25.59830061892773,25.033172518083802
4430,0,22.570771245155726,20.55334839254634
6539,0,20.263023215726754,18.4232327514691
7312,0,22.058520317658992,21.679686550245552
8539,0,33.28216136737875,33.23999109943416
2548,0,39.72438554275374,36.01946116575128
6550,0,32.91733930939879,31.057135557041903
8335,0,21.511877845743303,21.18478248199618
5695,0,29.298022408284,30.91980311290187
3875,0,23.09896020509487,22.25051620342237
9002,0,27.076410161698554,32.00057942322317
9578,0,30.606549653174728,32.02851293838189
9987,0,29.513791252031414,26.886332923566606
1331,0,22.504071586365576,21.731019368609704
4282,0,25.563047884716575,26.550886684271802
7496,0,41.56872375066466,41.89326024490005
8263,0,21.594566339152646,21.11073792081809
3809,0,29.336128618456467,27.24314467073829
166,1,30.739263099700977,31.145138246211154
194,0,26.43423938609454,25.664340487939782
9865,0,34.67873682165373,30.063799790699537
339,0,19.35360450220605,21.467940058946848
8098,0,24.168870479229405,21.5904748886294
5178,0,31.978978671437936,30.056643925977085
9384,0,24.394007130140952,26.56769748736597
7843,0,20.6366507619611,21.43229399332232
421,0,35.5385718441328,38.413868277320546
7204,0,30.071133239950147,28.242800081472485
8942,0,33.7759012311109,32.21076947276338
9869,0,21.530445091637183,20.758194875201124
7924,0,29.43712510132637,26.701041585788964
6316,1,29.833300281254207,31.87748817992634
8500,0,24.401895158287267,22.362570657984218
1677,0,20.902632124350422,20.38503729200644
5180,0,19.04108167996259,18.62870378628524
9537,0,22.41906280682387,22.452946924238482
2161,0,26.783944208920936,30.824621705600247
5653,0,22.259426948939982,22.179197995809414
6107,0,39.34978623902071,36.02898207536283
1672,0,49.766465933666915,44.0750182424924
9359,0,28.08112751572517,26.064282980908825
8684,0,19.25332564967181,21.425579374038964
3665,0,19.55543691318544,21.281665158677022
3589,0,33.64858762568298,33.387069805134374
1578,0,33.5559455032962,29.99408070790762
6206,0,28.689384157042895,31.036429751509758
3132,0,29.91212418750435,29.30365166514269
9477,0,20.113587012136932,20.428771063676564
1510,0,21.917267626706696,24.208338556965526
3525,1,23.392016156228543,27.276112360391203
1895,0,22.553667762569617,22.16051127577215
305,0,24.45344292521435,25.06416046579446
323,0,26.75958802787281,24.111188040197693
1042,0,18.094007586841943,21.2102491257339
4415,0,26.00598713977953,24.132884224809526
6047,0,21.429728956735662,20.381061942498146
3820,0,30.519561706349428,31.24715810580096
4398,1,24.091701917431358,25.336638724407607
8449,0,21.576746380612654,24.411850086233894
299,0,21.39674968135942,22.79280022278612
7160,0,17.72015050381689,18.004023837491072
6074,0,19.047421510052608,20.844536073555755
8869,0,20.593852583252936,21.06468179046408
617,0,24.31133766784689,27.879591190650697
7549,0,36.04062124458055,35.51720423180105
5810,0,38.33538867128091,37.551590741631145
2223,0,27.03472273702715,27.17134093032873
1087,0,22.794999634396966,23.60285062149243
2294,0,46.21096223916902,45.596804002401285
3328,0,19.620637793958487,19.703032819754988
1106,0,31.004684328409578,32.633206871317476
990,0,23.736955252575566,25.71648330026218
9919,0,39.987479734787584,37.97965047036197
897,0,19.72242704117833,19.99240438870686
3642,0,29.955272125312653,26.558628571556795
4214,0,32.14021829742641,29.5720470859289
9948,1,28.57885325254584,28.56093634642112
6422,1,28.20730348359563,27.496437551866205
7869,0,32.90909682513307,33.20568467710481
3484,0,20.96271557735067,20.502740656657483
2389,0,26.897293812079482,25.309325871525097
3076,0,32.05801540835739,30.030083614614114
5255,1,22.69921137737275,19.25972981368877
5857,0,24.707032669434742,26.130107173342306
4749,0,29.162810836359256,26.777014941133558
8250,0,23.22127578481928,23.67580927600962
6256,0,17.82184551388042,17.03446126880087
6625,0,27.5208955970402,25.35236144096835
855,0,28.33864226272124,27.893071119918794
7985,0,24.868634728222467,23.90245173593782
822,0,19.58719286683849,17.86383229836055
5402,0,22.307886887410145,21.131638352936356
543,0,22.204356263941996,20.399279676346524
9846,0,18.917255399654238,18.77532621903016
9497,0,24.466015009684387,24.725235074192405
756,0,24.391701017567414,22.638138656606134
6865,0,34.161503210753175,33.12648244975895
6339,0,24.681187827885342,23.510197330877958
9317,0,16.64174056457576,18.447349473926266
7678,0,34.13973192634428,35.811828091897944
6975,0,34.21809243002307,30.609595439054047
6080,0,24.125987668639652,24.722427538089768
9290,0,28.613399969426958,27.265590000501675
5710,0,24.106483191391376,24.740913911156234
8226,0,19.539731723954258,20.163237077887302
3896,1,26.107574050354966,26.733300988205976
6423,0,21.43865253866956,22.440517019473557
943,0,32.508355353709646,31.917213033273356
4756,0,22.04119153423172,21.298405969113112
919,0,28.75174542215859,25.468826572549663
6551,0,21.818057567718153,21.958731086464866
7013,0,39.989739464352766,36.52485503480706
9136,0,50.21122938432816,46.38802689086525
3375,0,23.624205799771246,26.50617999945665
2000,0,39.59873718468571,37.31162777997361
2440,0,26.520954197798922,28.436156550831548
1161,0,21.195802216731696,21.755218571557858
3324,0,24.53287251854085,25.648357204029605
2086,0,36.52089797410474,33.07843834504755
5862,0,25.470620354229222,26.840431004935958
1378,0,32.869986683275684,30.853404245839016
4846,0,24.603257835911712,24.122219028208104
3470,0,27.492563707028467,28.343739804653303
1197,0,31.434454827931365,32.800228204543515
5994,0,26.423811634266276,26.06064806511184
9890,0,24.471426472766144,23.523459274862585
6966,0,26.879548240570006,28.862555736110924
4292,0,24.270854796909667,26.13279098078382
9049,0,25.899689500887536,23.749683819572795
3884,0,33.32700390272077,31.309875876991136
2509,0,23.253331724978487,24.238125021459922
7024,0,29.305307913824297,29.95021894172645
8879,0,20.693715577919754,23.289231676173614
5143,0,23.070872488237583,24.639385472523955
2437,0,47.7494697327556,47.02045297131717
5855,0,32.5868186540233,30.354675567406236
2791,0,20.661575655430852,19.662324483961267
993,0,25.062124258399272,26.203702521080494
4980,0,20.301055810029997,20.49519246069515
1171,0,30.722707423538772,28.85501630491865
2338,0,27.855581418337795,24.82159858248767
4404,0,29.014282066648107,28.624909164227965
7392,0,30.76305627950068,31.921139130835584
4461,0,24.236579335948502,23.472113876027866
2553,0,23.063527789517394,23.881671883386133
538,0,18.30174094059408,19.262355575324833
2795,0,19.471303954480728,19.341430320469826
9641,0,20.82157810922865,21.752129229604233
2458,0,50.10418500447409,46.568332100584605
3259,0,27.49079153897848,27.751610553688405
7422,0,27.540250868896035,29.37590034977259
4417,0,36.45100233447407,33.25795732091599
590,0,26.431668473629138,26.497191364815258
8029,0,31.487629080792495,31.091250872647144
4731,0,21.59707798167266,22.33816780335386
6664,0,26.441439174508883,28.76168806095985
352,0,24.08400639642483,23.846313951537926
8778,0,34.462582583514525,33.73986482010011
7530,0,33.24169160957347,38.59722621309727
4810,0,23.96269132585219,25.15094174997207
3506,0,25.040438629330538,24.807820563336808
7383,0,19.22761533429726,21.055869415433317
5036,0,29.595135881651736,28.807578257652352
3555,0,41.79278414551994,40.6098909148238
7752,0,33.25567844785356,30.225948332188434
8215,0,29.78692466142936,29.44711919373607
9262,0,34.31029408945823,32.09054886666967
9480,0,21.05344860054945,20.297502569976263
3308,0,28.175345686056623,30.12263156003612
4590,0,19.827652173548426,19.902491268975414
3163,0,26.768144223506905,28.522797018072264
976,0,24.70209653671922,25.029310295742587
9184,0,32.67426487501004,31.87918814555438
6311,0,17.93180063888799,17.809975481287715
3614,0,19.000314775544158,20.453749460767398
2282,0,42.78736004515393,40.00570474284506
9196,0,48.77093128543038,42.87856379616491
3379,0,24.26408298115782,22.131374434678484
1261,1,30.832747543780904,30.779213110939292
729,0,27.682799038203854,24.966785705333862
6346,0,27.81559582901206,30.591788215641778
4879,0,26.350080407771664,26.90604855664845
2819,0,28.13608120380108,25.73966297951298
6597,0,18.44704954955804,18.006141931698735
387,0,20.880609143373825,22.932807494728983
4631,0,23.05343073857758,26.687376167692342
267,0,22.452618715399293,26.64977103832198
4513,0,38.72464534932818,34.71958646957228
9244,0,33.1084128049051,30.78927697357724
889,0,29.64484946179902,27.617414424571297
8493,0,26.9738711526115,27.359385705928222
5666,0,18.464026946631265,19.259736699212056
5726,0,25.04377018609054,26.226663734939752
3826,0,27.334517977966296,26.665075727532404
4219,0,22.033559649159187,19.786868859325228
7852,0,37.160379838170414,36.874993183916125
7547,0,22.433555999964863,22.624702395286416
57,0,28.005542524053926,26.118110169480794
7099,0,35.02933208686662,37.22146214708504
1360,0,20.920294200192252,22.268999003861
1102,1,24.72673299888735,24.288662611277484
2188,0,34.299108244387554,34.0841612572502
2573,0,27.859975542505705,29.12904038798845
5937,0,20.24406872426906,19.752500200452616
4661,0,26.747293401187566,26.14792000106564
169,0,22.682234952327818,22.657544358611226
6531,0,29.99920596689762,26.13233848588803
7855,0,28.280628982810875,26.04186984966835
7171,0,20.766662197434883,21.15358141105265
5658,0,26.70697656527641,26.758411142595616
9419,0,30.57684245998645,26.35265584377138
3117,0,25.86184278435765,24.48890891555222
4052,1,26.90995820096675,30.422402839455007
8899,0,25.274371823557466,24.21092946266267
3521,0,33.44118377203485,36.56560330388035
8317,0,17.518663552214647,17.183118508123744
6599,0,38.21408858006208,46.946458749153734
2723,0,22.957725285482354,23.394064869288915
4116,0,22.850505290182607,22.910580711170606
8431,0,19.815832920407324,19.805708808749575
7805,0,27.34754316326569,24.67775767550056
276,0,34.35354119887881,36.91144820799029
4587,0,29.4954666662473,26.693918823446538
3934,0,33.94784221384021,31.91940083010154
1636,0,28.060221056671384,31.584718595256085
6134,0,34.61269932176059,37.31188875292691
161,0,20.448021684761304,22.309618466623434
4318,0,20.29491258488077,20.925668468298195
2842,0,26.344892939667456,26.877627809744563
3219,0,21.0598853540807,20.81148789581929
5095,0,35.64899856628971,33.59466459831278
1434,0,20.506712924581937,22.070105867414
3805,0,24.892664043595346,26.799688747947272
7942,0,16.726600670593136,16.51449877994208
9903,0,26.127390820821105,25.473885473712677
2571,0,26.308155172034308,24.88398344161698
6299,0,25.20579368336472,23.69219955155357
7116,0,23.55728483861062,23.67573456784855
9815,1,25.115523760514964,27.032971383149935
9593,0,36.357857850024615,37.00044785372756
663,0,31.774775487170448,30.632178217637733
263,0,25.966252008972504,29.095469893646456
788,0,54.05196582768937,51.187863583977155
456,0,48.94010186371883,43.268367047507596
675,0,30.390018934766765,34.90643252150074
4490,0,18.680516319482013,19.338037813927382
345,1,25.235969142017463,24.268018475090127
7202,0,24.29809764815679,25.069868189655274
7411,0,29.3780984831864,29.918390233375526
9824,0,28.409044104879765,29.658570567674953
6462,0,36.00235089888183,30.993263609208626
1389,0,27.665184144626537,25.516251728700457
5146,0,27.782748213697293,26.0243230142469
7788,0,20.89199678784945,23.208882563220232
7062,0,38.20246921876099,38.20414203656779
6721,0,26.096141890297652,23.12433905970465
9878,0,21.45871878715883,22.77107475663887
1173,0,22.980882401023255,22.733032311274606
2365,0,32.205755799524525,31.511449915513424
908,0,24.72898405104656,29.156167267214844
3425,0,24.82310744449134,23.150329317931064
1926,0,29.84568966795014,33.968986053068754
6408,0,24.690428526366958,26.99334668821875
1843,0,26.664708205073918,28.706211291557725
2711,0,26.895767926656237,28.312572548376885
4112,0,19.18291558906618,18.477047656035182
8728,1,27.097171514977468,28.252689395435794
3321,0,19.607307183824386,21.787647528525675
9499,0,21.991187184710856,21.19864703066818
7569,0,22.938976477340233,25.245431844082713
8270,0,21.919529475713443,23.45344270289823
8192,0,28.366661091733356,26.243741981890352
6569,1,24.339545939115308,27.010852202706037
7917,0,19.95886264648106,20.610247353145603
544,0,25.9099518213266,30.93151404546454
980,0,24.076523798409294,25.884206242505247
5210,0,39.20836547767613,40.969845980652735
9733,0,32.55902398287937,31.44328484138656
8501,0,18.380147066659553,18.71743352740982
3996,0,24.01288655732315,25.384549888698334
8052,0,25.09051251677489,23.956431860486013
2597,1,29.330693339771162,30.717413434881628
285,0,21.19300114804189,22.773140167558452
1139,0,22.804177674578373,25.324293835152105
4886,0,29.35288077308503,26.937802059462342
9344,0,33.381352617828355,32.90251895932042
1409,0,28.832771342771945,30.47677327828941
3286,0,25.0745565739819,23.18930592895116
6147,0,25.483857107902967,23.06192493514427
4774,0,20.83919988662689,20.542062303066526
1230,0,18.838467207505573,20.067070619494736
3913,0,26.964364566539487,25.235928878151135
1211,0,22.191191724672148,21.5659402864503
9774,0,22.660289011724913,24.809056131221528
1275,0,28.658726877053738,27.666609086272477
2079,0,20.0519395092604,20.880957086406596
12,0,24.90649294328269,24.689762435031547
2055,0,17.84818690897453,18.762061985021845
8326,0,20.30825062528792,18.62642305877291
5088,0,20.182846163735555,22.577213837635252
1302,0,20.203203281260844,18.913211858614524
2747,0,38.690595271665586,35.43470944931908
9924,0,22.388523177818477,22.313806063006602
6973,0,25.34421705208886,26.177571687058414
5951,0,22.864800401708298,22.79906601283376
4391,0,20.27117903949296,20.326218916857037
7781,0,21.02724717978552,21.41649558397042
330,1,26.888482388089564,26.364444314252747
2337,0,24.83506952405991,21.932645710729783
10,0,32.96599078231338,30.70007753493607
9701,0,21.122419746259226,22.81085079938701
8626,0,33.17465324438226,30.438595336609048
5455,0,22.170652062177773,22.75700633869698
6106,0,51.41207216467502,46.55655712758414
5365,0,19.430564214580702,18.753602294015543
2683,0,26.549267265024287,27.267644621383813
1008,0,30.609860740000208,37.392677619273094
2862,0,21.0884979184671,21.388566818468526
5728,0,37.137218905563486,33.190667814811476
7682,0,20.19497657889164,20.732694599749063
6876,0,23.593580039759615,25.474827702396517
383,0,22.59058193586848,22.436623224523103
4763,0,21.580987309150853,20.325454227131132
7766,0,26.052839953249038,25.24385118778281
3340,0,22.065635618710736,22.831960141468308
6350,0,19.511485867988505,22.45598120380747
7676,0,24.48672140956561,29.11834381007192
8141,0,19.535145317999447,19.356132102496282
2921,0,29.02934780939524,30.40989561345896
6526,1,21.593039944263662,19.83471696484316
2714,0,26.896678456882853,28.187606758510395
4787,0,20.860648474295132,22.057463422867627
4862,0,39.948330959129,41.747436089905214
1671,0,26.130852218974056,23.237042028494173
2810,0,33.19410492786081,33.54995498431674
6288,0,32.314548788502705,28.753837389838438
3792,0,18.03345553409503,20.549877051656846
197,0,27.099226966705587,28.58560277978916
3952,0,23.508342603799882,22.788524276721198
7838,0,23.082095031551695,26.35358746643374
1274,0,27.182683450084927,28.13067701183821
1353,0,20.13577340901432,22.75894386107355
8433,0,26.715839998780826,27.59843208342239
8105,1,26.06383442208867,30.10142854418512
3582,0,35.98992928590218,33.217249603972164
1818,0,28.110108053369427,24.9548673260401
96,0,19.91314498628948,22.668077230183584
3386,0,31.001963609440562,33.81330607336205
4647,0,17.67830079341424,16.80360142951641
3102,0,22.97848336176878,26.100665309921673
1609,0,19.820877173346606,19.58736054672618
1603,0,33.968234075928244,30.160338116205406
6879,0,46.877539591616426,45.71195497674139
5043,0,18.005578984549697,17.340631410067623
3534,0,38.98771082530837,39.49689097909142
2198,0,29.24746819141912,30.083792203745602
5386,0,19.465670829703907,20.092543493250584
1062,0,19.90404725212384,19.3058069628014
7529,0,22.117479734989974,22.36574559178457
5004,0,27.87960417337244,29.879232954347792
2593,0,22.8935735054189,24.707857524506732
3380,0,42.62136365115321,45.372755361743195
4481,0,28.967941114446898,31.799052587101947
8376,0,33.50988253114753,38.651311746711215
487,0,25.523232960991884,26.035261433552744
4790,0,25.116599359418466,23.072556955999133
5014,0,18.930836859178235,20.026807154678092
7373,0,44.35636082687329,45.67678377151551
6368,0,32.1405860168985,34.624208759531754
4971,0,19.274639305241003,18.69451815723585
1320,0,17.16853360739715,18.245544974539975
8911,0,28.800736859178713,27.93503538443182
3894,0,32.264580207960286,29.703901260807175
1131,0,22.030645552940182,22.496129479348635
7782,0,31.28778617191306,28.723281185913
6546,0,29.892239186085583,27.48745866339436
6654,0,25.023465503777082,25.376175108323515
7979,0,30.33492988719213,33.95541627009249
880,0,36.79036986516289,33.85856904237309
6542,0,25.453673240383885,23.515068390927304
593,1,25.626991507166746,26.091662774266993
3052,1,25.776694501359056,25.65612062211063
5601,0,31.566354874210415,32.65690371088475
7000,0,27.942695370174583,24.265689564170067
9501,0,19.80437148700581,21.056040373886233
3331,0,26.8521911923193,26.34087894505966
6611,0,22.85546409718513,26.543063262441045
6668,0,28.866563668985624,29.718229954140494
4806,0,22.83372272704021,22.449402097973067
3198,0,21.007901972569726,23.76194881237425
2484,0,20.574702422964933,22.950147818390725
6287,0,44.9288151784884,40.18337496054278
5140,0,28.046346927864956,30.608868766704674
3120,0,21.921005571460544,25.27725190255718
8582,0,24.484765518808793,22.930154443767965
3906,0,22.838448117027347,26.116032807536747
4418,0,26.914244566746476,28.904449376220377
8391,0,31.923991234100864,32.06855987453408
6919,0,24.869863672090244,26.69825159138678
7001,0,25.758604323911715,29.094682840054347
1499,0,27.469396424370156,29.502622811018654
2181,0,21.061747970419987,22.096146739156318
3859,0,25.702658852918063,28.061710572267028
659,0,27.22434737392325,26.96665738483192
3135,0,28.673060130866197,28.0125622468862
884,0,17.870159464861786,18.51105081511264
2209,0,40.88927172211081,34.32365831271718
3601,0,24.533371341300032,27.18963177297361
2704,0,31.824009258232387,31.84152855614169
7381,0,20.716816061268364,21.516763081056286
3784,0,20.183240156608345,20.16228267828598
5139,0,29.0320827250589,28.893281723948405
5507,0,24.023820309625435,25.33031715329322
8784,0,31.540722890997312,30.900442571426204
716,0,26.38901365847383,27.225780154121008
939,0,22.23633898024467,21.448912487233784
8805,0,20.534050666477082,21.28793738821876
7032,0,22.488012891462404,22.211600425184304
5713,0,24.27655313725065,23.97835050570332
2679,0,26.053822355267624,24.713459454677714
2101,0,29.15999539888962,30.551381509562223
4125,0,26.141695784433384,23.887194581656104
3516,0,21.58459705498679,20.540668195131808
7011,0,36.07129758613037,41.390753530899765
6705,0,24.290458750177805,24.90811848233295
4047,0,20.35046764170764,23.355972495890196
1097,0,35.25996376635583,33.325134102239005
1992,0,27.281713162601644,26.006532737507513
1891,0,21.50663503042527,25.338435771433282
8620,0,28.019727272148025,25.481435137937154
8119,0,26.466121623180342,27.593758378831254
8930,0,19.306148293562167,20.190562937266044
8406,0,37.7358784014515,41.797547460115545
1009,0,22.5948281054505,22.61159459493967
7818,1,25.220816117839952,26.61387533966042
1555,0,17.964207189107917,19.16384408702528
4173,0,22.173609261002824,22.399788495371435
8032,0,19.551856619549266,19.236127051566555
2076,0,21.808042068747753,20.70093832497334
8220,0,33.784937148366204,35.86909756763231
6064,0,16.609356515738813,16.949900541395202
2308,0,45.04680139775328,41.67539879517402
7179,0,19.057710594173457,17.68764658059982
3730,0,19.46612389401386,19.927780669207607
2242,0,19.79836089647756,19.85758887373334
8536,0,21.908956599051898,21.484874816750647
3048,0,38.84584331282876,34.77336500737668
7542,0,32.463585978789126,30.854517685354534
1721,0,25.854740270908263,22.8047412329496
5501,0,30.48674082555037,27.490081946210505
5128,0,23.176633536679397,22.689355947908773
8953,0,27.602821591403604,28.12849455450022
2646,0,25.239477012539595,27.268219776071835
1380,0,29.314306482111082,29.85773798864473
5099,0,27.60371455055427,29.047463329701703
371,0,40.54579241265501,42.32873703255321
8224,0,24.310134807894663,24.162311188564736
9195,0,26.88176245193964,30.201675980910025
4521,0,35.04830987396303,36.76284903418141
158,0,21.304260860092555,20.57078151356756
690,0,26.70488177889612,28.29103075725844
2582,0,23.7248497963878,22.645767334835647
1166,0,20.621172094969896,22.20010655491687
694,0,25.266803084975987,27.833554514734722
5404,0,26.069398473603492,29.337550532792136
7387,0,24.904670959564715,27.928335938745665
3664,0,22.357067643643102,22.434176136512917
1039,0,40.4006440898993,36.95917423795179
1729,0,21.459744541548467,20.689151739551345
9355,0,24.17181001977401,23.212753175337596
5335,0,18.482792251231825,18.441880150080962
1223,0,19.067654626937635,20.51690177285025
2130,0,28.40482663637463,29.875958284277292
8234,0,22.757374129422406,22.36605265779607
8713,0,24.2093563855588,28.466887231106238
8921,0,30.353897833470654,30.28842002267939
1612,0,19.04558304432481,21.099648095691997
3944,0,23.06271465204436,23.208220921409286
3372,0,18.358999047424703,18.219039951219173
693,0,25.565007053172536,25.72554681545399
8371,0,28.003379838485067,30.152329082606027
6176,0,35.212651305747364,34.29299498759191
1712,0,32.231234867411125,28.66116357490113
8035,0,20.71686531231573,21.718696401909284
1085,0,30.868597005176355,31.1778185033352
4048,1,25.911730176591206,27.525562217358154
9276,0,27.860554501565588,27.79830334053831
7111,0,23.23174880613087,24.414717908621085
8152,0,24.769731087896144,23.516200882138634
8541,0,32.106952502147415,36.1835884346304
4693,1,20.16731184433271,21.844975971629008
7310,0,22.780241461842614,21.868208023915997
2672,0,31.34654993003173,31.35440992913226
8811,0,21.02946291035846,19.322175020153587
9263,0,30.658186178377964,31.646458418844677
9215,0,29.601279239143874,34.89089147167631
6837,0,28.28035111505494,26.100485635178124
9536,0,26.155048451763825,25.2832587465856
9319,0,18.718214431940954,19.86581419426751
5125,0,25.723790744931414,23.663517793820912
4566,0,22.280772756631148,23.543656369389122
8227,1,29.36235495611434,24.993234054165235
7793,0,25.081630145086073,25.52196941004515
910,0,24.826584247142222,23.74727932518464
4858,0,26.092610591113548,25.99533736814171
269,0,24.815278165831902,25.87509975189123
7709,0,24.403205657861417,30.505566199541185
977,0,31.558007427437946,30.864912881974487
8697,1,19.182522377541815,22.010457503132635
4356,0,29.465066454845385,33.661316401616396
5246,0,26.70040259434072,23.76964138489835
6997,0,27.58105937686968,26.866418002526867
2421,0,28.636432752286034,26.39034528302285
8548,0,30.21974443555562,31.275594784727634
4299,0,33.55490324995009,38.27400481211372
5895,0,37.777344883657186,41.00448925420077
3505,0,22.5363762958119,24.81971757430174
8669,0,24.903293963694267,24.665441395583755
4245,0,36.41144996300267,39.12659812109869
1784,0,34.388427943264205,32.02528540268844
4811,0,22.428300348956405,20.73892033499284
3491,0,23.47361064481922,24.42953649301909
6877,0,27.57700104803327,25.956768441304387
9534,0,39.66029802615687,40.74658895093797
3948,0,27.1374685189915,28.84784392616637
473,0,29.165965371052597,29.983953857228958
4275,0,32.992711889687946,30.991309178802872
3113,0,25.730770741013767,25.58801950799932
2097,0,26.482571722144872,26.183438840415974
7302,0,22.63320005755196,22.79715529183877
7352,0,56.69539513550443,53.88816387536498
1840,0,22.497589840399552,21.494283394820147
6954,1,28.633784804244296,32.16063352046243
912,0,23.260811772552007,23.056817162659563
722,0,24.560324202765578,24.92952438994525
3800,0,25.69945184017815,29.01758549085882
7635,0,19.546459416467524,18.291291015064218
3887,0,25.478830851624245,24.84867193289722
8533,0,29.159380050947664,31.68796721594159
6652,0,19.424791777708265,21.52659288356013
2023,0,30.692524238751048,29.733407360159624
7291,0,20.4160492331551,21.957911518282767
6584,0,25.767851586400013,26.57022885402746
603,0,33.25781714831218,32.8744866867192
6801,0,18.632162027528988,19.832373902715915
4320,0,22.074169600212308,22.484706127027774
4804,0,31.39240436443167,33.10600843400186
239,0,28.00449843115972,26.13433067253099
1695,0,30.726680790933642,28.324986714211015
4627,0,18.382506592151863,18.950918123732187
5956,0,17.637748872751445,17.58749345558045
454,0,20.91846766927428,22.457307726199993
2865,0,25.5110067974287,27.50631412052813
6182,0,24.594954945940827,22.144936968538083
3526,0,22.987118884174944,23.39079949596564
9352,0,27.689615294115413,25.931684247138904
3584,0,21.805732196099566,21.62442126229376
66,0,18.163900005782533,18.496188673271135
2586,0,24.139104372689534,23.764752389022423
4607,1,25.390271358085016,26.500858552970175
2754,0,17.10369460706125,17.175163137167004
3925,0,22.17696650878716,21.138411533120035
4325,0,31.385661897454295,30.337562971973036
7511,0,22.806317563525166,22.931140667181364
9932,0,22.775645112316816,22.2085957450828
5777,0,29.510702137750197,30.503697237104085
8550,0,20.51092300309801,19.771543427469496
1479,0,20.320203293271952,20.005205556770523
8137,0,33.569949300000424,33.40826508351933
7333,0,24.400677664300538,23.045685795029907
265,0,34.48857937169296,32.66176082048185
8091,0,27.48212839897587,27.87873437758029
7745,0,56.410154696278646,49.96093831767383
6523,0,40.34654168945697,41.30351197159525
5424,0,34.614066832555686,31.77153612381663
1165,0,18.5976001809196,20.139264769039592
591,0,25.84148260981963,24.165847412818486
1624,0,24.09170406225596,23.36331841316756
1449,0,24.38217733252545,27.21325378551813
8104,1,24.91459821018933,27.233526533601772
4018,0,33.064223874036706,34.883541290364775
5988,0,17.78559768204955,18.18061639893064
8327,0,20.954511005778013,23.45758725381267
2966,0,31.073316923762004,26.94905275449079
8118,1,32.16120109936552,28.68853682586439
3398,1,27.81915402130305,26.1716265874892
3757,1,27.84264348650386,29.050294411694267
2906,0,27.068810601132615,25.854517753847553
2999,0,30.508215178708618,31.920914410898057
3958,0,21.79648298374287,24.62556551144021
9663,0,17.818733306269916,17.70922514082329
944,0,19.144143452306164,19.489527598584758
317,0,25.644660856773267,30.547427492462905
4021,0,25.632469642913946,24.902054877538777
6496,0,22.498765949409332,22.65438490478693
797,0,19.1222160832045,18.73625746171054
1582,0,24.922338722146588,23.216507304202725
8162,0,33.16534956049799,34.05499916569882
1321,0,24.952097593651445,24.057666612353778
2960,0,16.600443315646423,16.87293289423552
3632,0,24.09995807323898,22.65242055557379
2156,0,26.321243175752336,28.773894239980166
6630,0,36.57503117369951,33.96866588864653
3563,1,26.21822561907371,25.797906850219306
3785,1,28.630981325084374,29.018632321763533
2237,0,22.761964680614305,21.6417188899754
498,0,35.17328881952581,33.63883971457155
5348,0,21.41321148382899,20.836434498552958
3330,0,21.926935597350806,22.10400391131434
7727,0,21.5495070520177,20.615505706202548
1971,0,26.060797050525547,30.475201699577763
3099,0,21.90485308256219,22.068090953452273
2256,0,26.915245451070767,26.60480403990894
861,1,28.114482139015866,30.383614192530565
9284,0,21.142489629637982,23.03909810904163
9275,0,30.90732750559031,30.533428688603497
7885,0,27.409740855172892,29.12666111778847
5796,0,23.15128875370875,23.263684473799252
7025,0,33.460983614438106,31.876343688520528
9805,0,19.88186275911038,22.11589439446314
9647,0,40.33629346393834,37.200129676428645
8184,0,25.816762449255936,26.587610277964057
6450,0,31.511942564785205,28.67631828558779
1105,0,19.99254787549144,20.871621281638443
2507,1,28.96041781622172,27.82860847567091
7604,0,22.16190333608665,21.999284050598035
3065,0,18.904022395727694,20.09261560822319
6020,0,18.935852591529983,20.652234080667697
1278,0,37.35958903119882,36.37331212404143
9763,0,41.97029138284652,37.496144290343466
6124,0,24.790271226175186,24.80330338891611
8429,0,29.57422408330811,29.682371473398604
5295,0,26.386216877371435,27.85260174464217
5487,0,36.775330156675096,39.36862041718244
4956,1,26.895068200899836,26.85426367825274
9821,1,33.84575447237669,29.068055294506372
1303,0,24.47132597361825,28.153118935101062
8857,0,19.946882790578005,22.076217727107174
5264,0,24.143714343932892,23.834419843098146
9979,0,25.878230530477662,23.45218179498417
6952,0,24.525173650003975,28.08311770601806
5002,0,24.259993355625838,22.447090439176524
455,0,27.16747141006176,26.670733134631885
7414,0,24.601124374111915,22.837309373464326
3854,0,25.001786218144,24.56312965900669
4300,0,39.82131537729504,37.6220024457445
5115,0,20.53949149840247,23.59077180384773
4725,0,28.6098139021954,27.684230780047212
1293,0,17.986613702629853,17.484471795633297
2280,0,24.71389069644842,22.821663329796664
9709,0,27.69111913198291,30.553381511746935
7407,0,19.305424557392513,21.209235887144867
2053,0,38.71735477447569,33.770024823266475
7576,0,22.747371992018884,21.992785934690012
6784,0,26.46342189075561,25.51547935357536
6420,0,20.86647677271749,20.78822507666375
6648,0,25.703558396725672,27.62334196621086
4128,0,19.972819380051515,21.790683235883975
1328,0,25.559756631138907,24.38155470324266
4888,0,26.242345114414643,25.080218260243107
3454,0,27.61752121048554,26.890839255545774
862,0,32.46182162849043,28.70249254316816
6116,0,21.834198035078913,22.362258337914305
1706,0,20.506148467344058,21.623091946871487
2070,0,33.27701748030513,31.56154417389732
1855,0,47.99848717882325,42.252791773270516
9092,0,25.525639167877408,22.28543078167825
7128,0,31.574334141818756,30.838739625993213
5799,0,31.397116802065696,30.564008231647875
8966,0,32.21504376092354,31.759105535139508
4348,0,30.173805457310188,32.7542085963951
8774,0,22.746606694580592,24.419478022268265
4496,0,29.22909360385228,29.453210241753077
7558,0,36.861733173194345,35.02688418654714
7578,0,40.002474427995466,38.10831443198061
8883,0,26.31230222659178,24.20258883650526
601,0,26.2891552079432,30.953033858023684
7315,0,26.58234963955985,29.118268762575102
8931,0,35.12629559599097,33.595411096595555
6955,1,26.873043892548285,25.47647155229932
5847,0,30.713647263706527,35.254231247490594
3723,0,28.770783133650472,29.647895737729296
1356,0,20.6601138236938,22.140535576562165
6165,1,26.077098346001666,25.908069815858454
7222,0,25.908550696708456,25.928275479262442
3946,0,25.662980759404444,24.045732467255803
6819,0,38.059324754925086,36.9633209432687
7342,0,27.94672504415767,29.89150264858963
4917,0,31.090840327610177,34.012897859513515
8130,0,21.01813662317821,22.55741887522097
7231,0,35.54942841385454,36.20931011590913
2080,0,24.001774293229925,22.411528955626828
5742,0,28.665571645671523,31.473368437052294
3849,0,26.01599763159942,25.406009919613883
9539,0,29.52595976438508,31.19353875657315
8889,0,42.39243032345024,43.04694743562481
6460,0,20.032515071539798,20.877847710522854
3100,0,25.171605507901933,26.17649969238521
7713,0,18.641805398990087,20.44334203802834
2054,0,17.949217435361035,19.8512364069875
3776,0,36.389617349239046,31.52947718391254
7812,0,31.290640824463168,28.958837629434584
7038,1,27.842133119881606,26.7228689043083
6092,1,26.091198998281754,26.948654674948976
2015,0,23.337610401670577,24.36690135524253
5233,0,23.295575832037972,22.36864108627662
3235,0,17.26718559857924,17.75336107389891
7544,0,24.675274343074435,25.796188031158508
2941,0,25.19540336875455,25.006105135065827
3668,0,23.176981071129962,22.097532451869377
5690,0,29.96237356235956,30.498088951540687
580,0,38.694413850085816,33.99084200479216
4307,0,21.07852277970965,20.273494987001293
1723,0,32.38216695739671,34.9710634781984
520,0,43.90326345609226,37.28220040563146
6247,0,30.13640876477723,27.74375919574652
8985,0,19.6332494801879,20.009546693229673
6238,0,22.87762603468713,22.63122227229662
7270,0,33.89885168368184,31.077152982112345
7082,0,26.73211580133779,24.214932473550355
8159,0,21.829285871259167,24.043048818448604
8964,0,24.337482929216105,24.196100928400718
2805,0,37.02574899774278,35.06730676563695
2320,0,31.315380457095923,35.152979912503405
8867,0,27.944574915808463,25.21590786913804
8395,0,32.94122380294019,31.42234674915352
5624,0,19.475887504398873,19.63223765047116
578,0,23.47395348285946,24.679607670950737
687,1,26.651735924765877,26.70957261070419
3836,0,28.648397017802093,27.72443803997556
6558,0,36.90185969094637,35.156645813583175
8619,0,22.237443673557795,21.601195793314915
2684,0,21.39393946126278,19.615878406732485
42,0,37.81501253056211,38.35320730434679
5576,0,27.221144137818733,24.880953788012054
8876,0,25.696962175416612,21.719379082093322
271,0,23.63181842672831,24.18803501884089
4940,0,22.571639436824377,22.745359433480875
799,0,29.029875900051653,28.017477882358556
1286,0,30.946134980898762,27.61607609819848
3791,0,35.904799357245075,37.47020416844334
7132,0,30.231626535046324,29.052449640372377
929,0,21.406722433163615,22.800165819791562
8704,0,36.591475345468865,31.59736023500003
5426,0,43.09475495248505,40.85844073408833
4779,0,22.328675736977065,23.10133088957547
2351,0,22.15951226180368,20.66458477355358
3598,1,29.789217823956186,33.10005613467311
7656,0,29.12884302334881,28.29556905061405
4399,0,29.79347196651603,29.986361558806898
530,0,19.6005231090952,20.317852566592023
5144,0,22.70269539782033,22.990969019502725
2537,0,21.005242163965033,21.14755122910778
7878,0,31.123985541168214,29.44611687829722
6634,1,21.474056358955455,21.16146097458832
725,0,23.159746214697783,24.133628681176443
6723,1,28.19436164252709,27.318000480001686
4406,0,20.818313661368066,21.405517640279378
6510,0,44.674914126866625,43.40045843954399
5314,0,36.56157761177639,37.626546760054936
3760,0,21.39122028372999,21.757034124939118
4306,0,22.638726010211176,22.461845134641163
956,0,25.263833001428086,25.728359714913324
1250,0,28.061208399546544,29.597810092687276
7904,0,29.021442709976178,25.490214783612725
1769,0,20.681472527762146,20.707140477615525
7671,0,30.117748336085413,34.30158320436279
8253,0,22.729497556106224,25.752274252471352
5583,0,25.89045839947857,25.354117588451057
8426,0,23.921421971200477,24.200501205974543
6355,0,28.882017478247434,28.621191914115116
3395,0,28.90329113927806,26.16934254978508
696,0,29.78415405877131,28.389470789615086
5198,0,22.2783720337049,22.927868859767173
4772,0,22.923007460278928,21.751873018841444
3093,1,28.43457542404307,30.088627672980312
1807,0,22.413549162049737,25.99220703000525
3213,0,25.043035924689523,24.265018115643656
3087,0,33.463883004122266,33.46077546320316
8870,0,31.85706318698124,28.178704882816056
4943,0,27.690892934238107,26.73195737818358
3951,0,24.69100104669007,24.078149725935262
852,0,33.98497155644295,32.450513250948745
9937,0,29.03307503663958,27.835076125913417
3251,0,30.04885484863001,28.131787980759274
6823,0,21.982541325186055,22.962699794075586
5656,0,24.921527978238174,25.47329328710716
8710,0,26.348176240035432,27.332878927566977
3233,0,36.18534446678839,32.70098329624369
776,0,29.447216154729894,26.749813837964474
2385,0,23.607657713006052,22.932120760667303
7608,0,26.754941134055624,24.790772880810962
3208,0,34.3587807149235,31.561380607038938
7622,0,35.30217178299119,32.90168732242105
1655,0,30.67209259725909,28.193997390110315
3411,0,19.365374505839387,18.91508508233787
5274,0,20.64552691132637,18.994890688881767
5701,0,30.53165809303403,32.68135042204354
8740,0,30.476389373397407,32.222369112157395
2316,0,23.05442514964158,25.663410265449205
2486,1,24.235969586680227,26.038111231581933
633,0,25.799352639926095,23.906821835669895
9447,0,21.601389302174827,21.584161086113703
8316,0,19.50214477426605,20.915688542774454
4669,0,21.844590306106575,20.482916047408267
9347,0,25.132125360118877,23.136861580247736
8381,0,26.403603712494178,30.557150996186852
6489,0,27.945225387585587,27.92414157989127
1047,0,33.23797323777543,32.798179183059595
9679,0,29.859318353985717,27.825102670318618
3999,0,26.805733150876705,24.567196634585272
2062,0,30.901389942499307,29.687463034916828
1033,0,19.01781139503711,18.211692853494306
3814,0,30.750051052172616,31.623616375749577
5018,0,18.622016262843857,20.941246391512813
2608,0,23.41529143222933,25.413745886489846
2944,0,22.6125859829313,23.564625200612095
3679,0,28.611142536563754,28.698019860274556
4472,1,22.176514129986195,23.699909693167573
5090,0,34.880526260742904,31.971122480931754
2121,0,24.484347738013366,22.57186306605495
9619,0,25.589649211017328,24.09296980576019
554,0,26.08913806095132,26.718122453176008
9657,0,29.909391540335818,28.641910024955234
8885,0,43.44109801547148,45.02579779355021
7254,0,31.9079196973017,30.051173067053337
2870,0,25.507457441186144,23.624204619911733
1377,0,28.66896525724235,25.27400363269289
5721,0,39.69986281397549,36.92795865570246
3504,0,36.518087425265584,33.294021104044134
2629,0,19.04535992080406,19.654309002294568
1619,0,38.98011636548806,37.140506891998854
995,0,33.671398241982054,32.303631886175744
8108,0,27.63017939528884,25.906232540752303
8674,0,30.792494245733213,33.064483475471825
7642,0,23.743223728416595,24.6584374604475
3641,0,30.010472152221507,29.515115540736296
1147,0,27.518815483267048,28.25733018646123
4551,0,28.69425941672382,28.74516996556665
5734,0,33.50124982869039,34.0438542412541
6395,0,23.04384406129806,26.301502711099218
4394,0,26.92823204983418,24.79976445976769
3405,0,22.08605389862151,24.553504970758006
3165,0,27.89841691318348,28.236278760982785
1080,0,49.284766451614786,48.50202459849059
1023,0,26.741653415758083,24.60243992807683
1496,0,19.338478217206205,21.491075323830003
1100,0,29.102845633392587,27.4911352188415
402,0,23.136627244824687,24.923548925130994
3400,0,29.70271040872403,26.599236883345775
8340,0,21.731522425528162,21.969760656724837
8007,0,29.482439849697553,28.13254107096628
7854,0,27.448272506419567,25.565473278017365
8662,0,22.694770212610283,24.85082889178841
5667,0,34.164952374234225,31.862171410793444
1236,0,19.682357393173984,18.44417331150528
6326,0,23.150184900084223,23.309808298085823
8797,0,30.817897354633555,29.12997479007321
4342,0,27.36256083501185,24.567494810639975
9094,0,27.283199954234338,28.41754123128196
5696,1,25.24352495248427,24.552807351009733
7486,0,24.4360324060387,22.93762356624523
9385,0,17.854718678507396,19.365048638291597
533,0,35.148900290769895,36.02416061292957
6706,0,36.69383363918362,34.84724768048887
1589,0,22.22011230469204,21.50240254638676
2037,1,28.892513401962997,28.03000899071463
3231,1,32.06329909761299,30.650597329235726
9364,0,21.843506467863865,22.77903430250109
2781,0,18.53827646016846,17.457377209460123
1918,0,21.668686878077146,20.07271365830594
970,0,25.12089886998506,25.505332110403533
6195,0,19.345055376428036,21.173845476125287
1177,0,24.063842178878012,22.04706714901953
4484,0,29.925610735211055,27.97414892159715
2559,0,24.322684291321302,23.052385413337678
3903,0,35.41117987127449,34.140936108409264
3897,0,33.322825606803114,36.4148755366538
99,0,24.304147601732485,26.070328184767327
522,0,18.66426469572452,19.06046915285229
7102,0,22.482798229601244,21.569015095259893
714,0,22.489515435681497,23.880808133882322
9848,0,25.959081325731947,24.39497041868423
7822,0,17.76663679262119,18.34877965127478
5325,0,22.04965571645709,24.58746161619924
8661,0,20.29574624528636,22.585256862793177
8147,0,24.270357081359425,24.90495742153555
6792,1,32.78718754775776,33.537772038832074
6962,0,37.01757791597509,32.74694602981892
405,0,25.772651454528162,23.325553720371527
5472,0,24.96097527643199,25.430815679481434
4505,0,19.74636720939928,19.804027854241227
6218,0,49.547808896086664,48.30591854222571
3011,0,21.622767236673045,20.38853301896433
5345,0,22.566007851958567,25.89918093378131
3813,0,17.884910896737733,18.00642335842565
9010,0,27.798788221175055,24.780054654931075
8086,0,35.63713361987727,32.96633619678359
2061,0,34.602412845858595,37.2461202216264
7785,0,39.97360304781099,42.38364499012519
445,0,36.89749576095672,35.30303174763309
1292,0,22.29432016979716,21.649301760166352
6692,0,30.464416545931602,33.15867060983416
7624,0,16.707002462175087,17.646630682577992
1641,0,28.904036721622564,26.530554954491745
7464,0,18.373948576460716,17.96879770470157
5587,0,37.494379507256625,40.83022233420522
607,0,27.61274034869258,25.51979063073362
9970,0,31.22428330940268,29.85948149705404
7945,0,18.567005646507194,18.911863043645386
7294,0,25.17895065368453,26.521738291123224
1519,0,19.924084547290906,21.950038545376543
8532,0,28.115987604542394,26.97516409436873
9084,0,36.67731214879909,35.17530530189617
3460,0,20.494733681821742,18.98287537696542
6353,0,20.086539784358784,21.542133345323943
9070,1,27.60515426144402,24.682071860329195
3786,0,25.976269994554166,23.727264600883924
9328,0,21.911996595775168,21.679750653996024
23,0,27.23292082154648,25.58706808443442
6697,0,20.395978058520324,19.528960694756954
5169,0,25.575448494745626,26.97242859564593
3619,0,18.442893982493914,18.602977859309856
9153,0,19.986790572095188,20.834038593155515
7704,0,21.627271492991905,22.679582672179972
9971,0,41.81454207042783,36.80999284683754
7279,0,24.55691126323729,28.0551115390235
570,0,28.898044287359593,30.286095323913514
9953,0,30.30116162218236,32.05262190452523
9473,0,38.72620115689103,35.28472431869759
5811,0,27.92964145165426,27.245660864335335
5505,0,29.757339845712707,27.157351635074157
1096,0,28.436542897643378,30.919380757710353
7253,0,18.49589441186302,20.163356104799437
3941,0,22.19498491130772,24.055104023938895
5996,0,33.99517096019089,31.760531796240354
7098,0,37.64760284371983,35.148427216036325
7661,0,18.811038924957927,18.70937466280466
2579,0,25.079261659024453,26.219485843443962
125,0,42.4994817643431,41.31514241276244
9003,0,18.027345271092234,17.84526911898211
2043,0,24.033750171344796,21.913456957320115
9549,0,30.610945666454793,33.61818338884494
4161,0,32.77632738061309,33.77975512778472
468,0,36.183737898829364,34.04467054047604
24,0,25.832114493709913,26.94254913596768
8636,0,32.66065842150348,34.58176883056097
2920,0,34.419387623530895,33.65723372847039
8936,0,20.46853699328419,21.346468173426857
4370,0,20.542112873674952,19.973531942835418
922,0,19.615047488012163,20.36448647699182
3588,0,23.010426370051306,24.34935674261825
4221,0,16.48597899954058,16.791200615863445
6487,0,18.82297741400949,21.084172540229254
9041,0,36.72106198607821,33.551163893993106
7489,0,24.914065297417,24.615823286011487
1756,0,26.78595119841112,29.04396658450904
8671,0,21.037464083423544,21.936463458313387
5987,0,42.08402630129254,36.949599144344255
5518,0,20.58287255639991,22.063268844918355
4634,0,18.00192909962042,18.50236126341573
2565,0,18.287158731299815,18.371111181014243
2970,0,23.23501464128882,23.86453699081002
4289,0,27.741639470994198,24.776401968058973
3616,0,37.490683542685744,34.643706885316924
7238,0,18.27602887164197,19.709642100823842
4795,0,34.20988050227805,33.469030705101154
2914,0,22.27863674285288,21.06214331868849
8457,0,22.9475296701175,26.111099046474394
9540,0,23.142950434950453,27.293468061678833
5328,0,23.916604833460575,22.505539165830022
6343,0,23.68762977133806,22.204620189964814
4126,0,28.108417115141226,27.35929681920934
6794,0,23.88653396884969,22.395327034888222
8585,0,28.76760022612359,30.226373252743162
7505,0,22.083926854721646,20.323011779466466
3739,0,20.173829799018385,22.56464312588977
5005,0,19.054413932285474,18.70063624184627
4361,0,24.485214602401772,23.74311783806864
7353,0,35.75510585142056,32.38109840894974
1213,1,25.536529311636478,27.031137631870344
5795,0,18.073988444971725,18.137764371719744
9555,0,20.057724557943523,21.629284992223585
6871,0,20.812307036014627,23.979892003608715
4363,0,29.581763773918997,33.26877959101613
7125,0,41.61495904747838,38.98247837545319
8334,0,28.74722957812191,29.427480331744107
208,0,31.471843939134434,29.68159021744896
9765,0,20.699579269601173,21.137970912061576
7053,0,27.107700390119557,30.710677918179595
2506,1,34.619996668522994,33.78519455106273
2732,0,40.85261222518224,44.98124401502549
8094,0,26.889892331549795,27.938185273408045
7433,0,21.607948269064444,23.769930141367578
9843,0,31.375852185981188,31.045419314160235
3539,0,45.87323248545343,44.50055976130619
4727,0,30.07663356082715,27.49816184954227
7386,0,31.521714474887364,32.92432075788018
3147,0,22.680017872401425,21.241721595569082
2539,0,36.049243120417515,31.11379856184934
7617,0,38.43857558662024,36.057599356422884
4720,0,30.261910400269958,26.133881177841072
1394,0,23.09142087272309,22.530041452084525
2637,0,18.091807621150597,18.860863079642467
193,0,23.484977801685332,26.143596558359896
6754,0,31.722521469332925,28.72618534110168
7808,0,26.822172406056346,26.777389429452136
3008,0,34.69985831689615,31.57098423181858
245,0,22.94297539576169,22.851812508850337
9629,0,19.558484818746756,19.41424123773168
1264,0,32.655776846906114,32.3364311377356
7295,0,49.659165485471824,48.090826563203585
6048,0,17.747261979078885,17.514500583438092
5607,0,43.14753161463093,39.925431334691844
6965,0,22.995952362349794,20.83971125298515
8624,0,37.92121020689167,36.67331641295998
4033,0,18.766272003285433,20.5967011226109
3536,0,26.616093082858036,25.4312024611611
3549,0,34.130736299751874,31.66708913705294
7339,0,21.824691340212574,22.81176270339851
3318,0,18.810702920610563,20.566977373169593
2457,0,18.832836634714475,20.709018652157482
6790,0,31.181633325903206,28.584890279439986
3692,0,24.45947914321851,24.92759429208288
425,0,19.88995640254455,23.856896206954854
5,0,18.877786253122338,18.809751650605747
4064,0,21.22757988176251,24.140627376946416
4190,0,41.21563762446158,37.48671524809871
3349,1,22.487720091644466,25.437653606229258
8956,0,24.51416196879223,24.98917408692531
4881,1,30.756704164282286,27.274531833053732
2095,0,24.42280592758416,24.021213314765706
140,0,59.667061677593885,56.22296552032084
7453,0,21.215120154301008,24.861488008293414
2164,0,24.607659441961182,24.661949976397757
940,0,28.524019261885133,29.074848144267854
2173,0,26.867552320812145,26.761607047244837
3839,0,23.130096011871274,22.206981467237394
5848,0,25.395707218087736,26.767268745309536
1431,0,29.867174808046613,27.958888145760337
6262,0,21.027512542544823,20.455886978849207
1124,0,21.73204005320555,21.851176478280408
8928,0,33.15777299271108,34.490041897806464
9700,0,27.366981094246068,32.94197719090313
9691,0,24.998075681294967,27.24984522618364
1435,0,18.92958745588986,17.92438750489449
409,0,26.68853575754724,25.148554495052235
7499,0,18.062927680808585,18.219469675504715
429,0,23.039927678050088,21.9580541977575
5374,0,26.7798440780639,28.73371188977333
9737,0,34.29527041808686,32.33348683538533
5164,0,17.053258288815698,17.823649781125493
8165,0,19.492273135823723,20.054643774681395
4204,0,33.676242967750696,35.41577719569225
5075,0,44.7891551136252,41.96637031308129
9310,0,25.095222795380728,25.268224587635352
5879,0,18.223268930709253,18.1556611994306
4135,0,24.433466004033942,22.214088471353755
3305,0,24.14768733609244,23.617103319545578
6041,0,25.97069631367958,27.221194230795373
9255,1,27.718578999830303,24.572301982534913
7882,0,23.00045890368973,23.43379760194226
6659,0,21.094710639046063,21.364209114936923
7009,0,23.838640175887484,24.944504516374504
4605,0,48.201511367877856,43.21594533670144
9326,0,22.378240479151614,20.46851623862012
9067,0,25.75901136676659,27.204097989088737
1224,0,31.06164195469062,33.4805943453825
2374,0,21.715637200895785,21.811885392157702
3229,0,20.37022897101648,22.033257218657106
5266,0,21.63058286668727,21.003019157487433
8364,0,23.024788039002367,23.632987218700006
1978,0,19.33413682382823,21.10450472125531
1116,0,19.595612090841698,19.574092404584476
9390,0,21.76427124937488,22.644121827621756
8544,0,23.914550612190133,21.354025238485754
2973,0,22.166903702698686,21.3535113606423
7460,0,27.3242353290064,28.176777455205677
845,0,19.862822685260074,21.080678525873928
3500,0,25.223696961098476,23.159756674559222
3599,0,20.960513579927408,21.36066038508004
6730,1,27.256741988720233,26.491404165784857
4061,0,31.783163563323676,30.781285345434814
7880,0,28.176661133110365,28.35048317693849
7980,0,34.42055334895213,31.47946947944676
1369,0,37.206800437860764,34.42084889068835
7755,0,31.337039137147887,29.939222797503593
3832,0,24.662163957082793,23.975380634224013
7399,0,21.10523867786427,22.14644917522539
6086,0,19.455215584270565,20.535517391454587
7574,0,48.00534986466834,43.01434497301439
1600,0,20.53118974143245,21.706287170246284
5195,0,19.071148262921817,18.965079011804352
8848,0,30.819646870206743,32.7565563351863
7748,0,26.530534495464845,26.51851980411234
2677,0,27.665116112702105,30.492048530111752
4501,0,19.414236596516854,21.884313342026836
2923,0,21.056366349576674,22.37842740159185
8037,0,28.791413269658214,26.822963652336703
5509,0,18.5780008893841,18.11185674495291
4401,0,22.308667623137143,22.16774365709168
5042,0,34.019470698457745,31.833106760703956
8379,0,51.745995200262804,51.78750784166868
260,0,41.80935781540795,37.475041359568166
2895,0,31.147628303569952,31.72183008928396
7357,0,21.63950841832142,19.779131937549433
6455,0,42.11228340936778,44.17193889524717
8389,0,26.65850747713226,25.346925763425123
6677,0,25.479081656810322,26.609277560848565
8478,0,31.2958635557644,31.013621276187273
4010,0,23.099439226966737,23.634526811156697
7469,0,39.072539820334626,34.449878957453045
4389,0,25.41090563387974,23.908393028479626
6850,0,36.17964358736176,32.85970367050726
1523,0,23.16343192915661,24.18609829622953
9627,0,28.107189787503184,29.271062250603254
9983,0,30.12001535346184,27.999605312227175
6913,1,24.115472901777533,23.351458984461573
6253,0,28.797646616120502,27.53046250346281
7406,0,22.41399796004229,22.733916054341496
6840,0,30.212289208996644,28.2730739737611
8012,1,26.236533712170218,24.327152102746375
3169,1,35.19168930745708,33.37971721013013
4120,1,29.009553573120154,27.49226596690091
7251,0,28.616313836650725,29.161133630201586
3610,0,22.66433883185416,21.679013409325215
7050,0,22.312337091998206,24.687281846398513
9435,0,41.06287233751274,37.18729203163556
9738,0,26.50556223468522,23.934898711139144
9416,0,22.30902371109141,19.93268652273929
1566,0,25.10463606971201,27.864701344863807
7956,0,35.339907222536944,34.015341991698094
9069,0,27.57445397348109,26.529342397894435
7470,0,21.971762696302925,22.447951004509612
9279,0,28.072304413924883,28.50008748754361
5915,0,23.515361543218678,25.496590733054784
8957,0,35.28472152627096,32.24494877775179
9686,0,21.22812644898432,19.32155340062246
2596,0,20.16816308278784,21.510355511396227
7751,0,19.71890950722484,21.965084653418703
9845,1,28.23263588266398,27.848430103471177
143,0,26.258388155385855,28.550940294266464
7611,0,19.462099760032512,19.288652105762246
7488,0,19.674253842612874,21.89194673901978
8361,0,28.310830588020178,29.769363179513057
4424,0,23.852917986926453,23.614859457846993
2357,0,23.522527397475404,20.79684550521043
5459,0,30.277483399025773,30.463768793284913
4967,0,18.681973996404135,18.768660454873395
2728,0,31.52635714832404,36.53459478387307
9259,0,21.582594925928507,24.157304346667114
713,0,24.32579709596233,23.51563640737321
4542,0,16.033482183054776,16.541265367782334
1465,0,24.550842007070543,23.72720324947451
6056,0,31.71361595815982,29.68926367573259
8859,0,28.965852656042546,29.119226004680286
4867,0,36.7355425610715,33.23387888065947
3422,1,23.743495776230674,23.959596450124625
4834,0,26.41746488824395,25.59953006268822
2098,0,26.245729083425566,27.307414819936337
7840,0,24.84201152576548,27.6854019681789
2183,0,27.827870370623938,27.312785076114295
1798,0,51.80334346917153,41.92733033590375
8663,0,40.58010072890463,37.51727355940289
3861,0,23.3698221275361,23.542968913287417
5294,0,30.32878208484698,28.188500131505986
6587,0,19.71286357240256,21.59334582049951
62,0,24.416481162353143,23.975047774810953
2827,0,26.51438144186958,28.265853555602668
2644,0,21.261496439997163,23.13365087438515
7401,0,23.491074477980845,23.467618305062494
3005,0,28.25523010032645,30.929321533296537
1736,0,24.730613564480738,26.878545828772044
6831,0,20.69866918215821,20.464190146635342
6389,0,40.68443872810214,41.59778898146626
4630,0,19.33690141662915,17.991333028370804
7665,0,20.62675498261663,20.010913249798374
5698,1,25.621682810270265,25.30614963767141
1099,0,26.10140903717918,26.9536375159001
8384,0,21.64657312755133,23.939752182345693
2962,0,30.161056289574528,30.041461339006737
3105,0,19.085329442288902,18.785861782539673
4582,0,24.084360728111985,23.31609504737011
8254,0,21.55221070286557,20.968048797140792
2038,0,31.752506135621566,33.63704868297816
1647,0,31.77386402994093,29.89198553797018
6788,0,31.212610769495438,28.664659116531155
557,0,21.68723629266896,23.847708354023048
5212,0,22.072721220799526,22.111465468976412
1716,0,22.131444776383105,20.95531055282119
8933,0,22.396802707176153,23.74503947545201
2137,0,21.42382928251246,21.14781706247158
1700,0,20.793381672720315,21.74915594344572
5225,0,25.058555614523755,28.84932336479066
2152,0,22.576034751750164,22.78631246275538
1833,0,22.438354342201396,21.02058610421818
6687,0,23.705530434210374,21.769039176348937
3767,0,34.07023669720543,34.22980867576369
3140,0,26.665582417993285,25.744196451338965
9479,0,28.562757145685524,26.118897161371457
3981,0,28.637565655240937,26.149271578332797
8268,0,31.178633619114002,28.96896276771004
5126,0,20.93170746892611,21.617869318253515
69,0,26.330721108572007,25.034681507427884
1812,1,27.17461231818486,28.945422710531936
4641,0,25.48285062928331,23.82585313679677
5388,0,30.245891400122403,27.416224123706257
835,0,19.1523181731703,18.76536849538609
8209,0,19.452236428778694,21.42830607841144
9510,0,17.97708364231683,19.75552010776831
8643,0,26.018993111906322,25.160260208762477
4733,0,25.661415854865034,24.749578089681805
7114,0,18.962756780750645,19.49384764663354
8789,0,21.01695863122253,22.28783016455546
1787,0,42.86059637973667,40.521618910951624
3937,0,26.505738428594597,23.582019585275177
7070,0,27.158193443254103,29.54727752784892
1151,0,25.174821755557048,24.35485914791159
9034,0,28.305996025567186,27.993031808707446
539,0,31.368976229860067,29.78663021472819
3961,0,26.015103813126835,24.018304724088697
1577,0,24.148621231224485,24.43580200899332
8716,0,24.324503770540097,24.123234251980485
1538,0,19.527059413781146,20.355361309320113
6666,0,47.43992876978368,40.83625793115892
9615,0,26.461979172972843,28.16080168940333
3496,0,49.51783003207312,43.149756810818424
7821,0,23.527890603572963,24.005432356229157
8281,0,25.47154176320908,26.27663357878487
2353,0,23.71621342497597,23.372962287270937
8465,0,29.835988866657882,27.5244871634916
879,0,19.078677924162083,19.688256961776183
9018,0,21.47479284009233,19.85802090411047
8064,0,22.922402886392963,22.380858760231167
2499,1,26.802332858125553,27.248806869288845
9667,0,25.764491622938518,25.13861463542724
4211,0,39.15327115251176,37.80670730053311
3812,0,22.928648982925274,24.61260745967759
8766,0,33.95140206306941,32.449400866893825
5773,0,26.320533936135025,27.880696016571783
1253,0,30.46860163896657,27.438726453951478
1541,0,23.74882552929805,24.026759222135105
372,0,34.66397839713138,30.720048997871626
8313,0,26.125705949603837,27.648614789233815
1111,0,30.06174761135512,26.919304919217556
2099,0,20.11407835630559,20.946205288868743
6779,0,18.58676189463656,21.900039253084216
3462,0,20.326480986141526,22.35710862448448
5519,0,26.46426492934457,30.797910413255018
754,0,25.308085807456518,24.55013637489267
8083,1,30.965088519253648,31.24609978337382
3543,0,54.89635739119523,56.68811566326792
6557,0,24.428486887124414,26.529143631227093
1755,0,28.001452509969933,28.999202405812635
9743,0,42.658477627989924,38.18429108026451
5039,1,21.012263271852888,24.278070079191128
2620,1,21.831891626523348,20.682948382467245
4329,0,45.806433968427065,45.42181251709062
9835,0,17.94454698711041,17.65433814389054
1881,0,32.435574178218445,29.40521707631862
6595,0,30.979650638304467,27.4676633537074
3872,0,20.38218516334511,20.688520921267656
2708,0,44.16430349838474,40.06183507219989
7172,0,19.990950622069082,23.088255593044902
872,0,35.3973524447936,35.136132168676035
2288,0,29.68294300590593,29.57398545046716
7077,0,29.695987934885654,25.368115343934043
6495,1,21.55092012110123,22.37285292344704
827,0,21.27595723843563,19.387885174086794
4562,0,24.626290147597665,23.24638802596068
4577,0,20.233404987253575,19.809580699071944
5885,0,18.565616025871893,20.240816495694688
3173,0,26.443268869761734,25.546454755678045
236,0,23.04418339685687,21.65049849616941
6629,0,21.43461416717347,20.496413309303914
9778,0,29.05822337897989,29.09127574115281
8646,0,20.362652303214173,22.120790651889127
8569,0,23.228775950865206,21.233977532516956
7365,0,26.168185243602974,24.927614980125377
7347,0,19.48775652913396,18.19502342148028
9165,0,30.284279097850238,29.100229171640922
4961,0,32.52734487084571,36.91302285769528
7710,0,35.961626057940975,35.733271063010655
642,1,27.064822252050163,27.62846950029362
4160,0,21.145852234794074,19.12840781769447
5371,0,27.67481027212486,27.431795596624827
9327,0,22.068191532940745,22.303047342457976
4357,0,18.63746915856126,19.319692309704287
9520,0,32.19550360534091,37.835806883705146
6327,0,29.85046949169522,29.221964982420502
3750,0,34.76359893429746,33.18163287439101
8852,0,36.43404026136127,36.89476006390554
7064,0,26.87552583033365,25.069983608939555
6089,0,25.50311614480672,25.661415661343334
887,0,20.767026882959314,21.66026660271916
1631,0,18.20661108619526,20.211945478004356
7580,0,46.766318555640325,43.11918667065403
2782,0,24.48549341264779,24.47807451248899
6364,0,52.14468246102923,46.89444289706448
3980,0,34.01030826356527,31.72805400338344
7151,0,26.796152847336682,30.091872209752808
308,0,30.044674874238833,30.652981232172625
4555,0,21.840210798465442,23.878254017504442
2901,0,20.445126336723558,21.114551266089784
6069,0,24.79101348969736,28.017864231139352
564,0,37.54868091929657,34.54484689442703
3586,0,31.059056459050204,30.87865932638833
1921,0,20.348409689073165,20.810071648309346
9464,0,29.326167587044218,26.938462271354965
2554,0,23.569361206809308,24.41989091124886
9063,0,21.819178368594724,22.51488169141529
8923,0,27.185216887881285,29.046660617371423
3811,0,26.53054894439267,28.587406701627067
2363,0,25.19319965036823,25.880276819369403
5034,0,25.205992990548964,24.206457133660443
5892,0,31.461493260724023,27.935289365576317
6637,0,29.81492896807173,29.77978170953731
8708,0,27.310051755081002,26.641853183152502
5835,0,22.972867858264294,24.451693053420772
4036,0,28.840744626987625,26.596251717117788
4882,0,27.958620863675012,24.975443011319015
9817,0,24.038705088860468,22.06189614902481
6156,0,24.103547530472937,22.243849639318892
4028,0,43.95875493156219,41.87220217387021
7921,0,27.05221368585911,29.688545782050653
419,0,26.435060416587852,24.543168278192002
9601,0,26.116915264972192,26.783548404561532
1744,0,41.47123542334845,36.18108282936718
7419,0,21.567207150387887,20.405843450265944
9142,0,19.40028703641808,19.253321432837524
7510,0,24.25309909584652,22.545758824425604
7400,1,27.08185801479916,24.96245427750286
3837,0,27.20307446399411,26.921875576173452
7865,0,24.082536706499198,23.671416458425416
3181,1,27.261865549158244,27.991383212164934
5563,0,20.550621587010294,21.65455350342413
4970,0,33.52805195667244,30.637509203878224
4871,0,27.532653234822565,24.527389778864965
6392,0,34.048344155850145,32.89660192988931
1441,0,25.459894632930908,22.819224752018954
3417,0,42.519695271048164,37.96045483260946
9468,0,25.598076042023365,23.384983993611563
3266,0,33.90528526068846,29.047353238634766
7961,0,39.429830981097055,41.05164567333722
7962,0,26.227247026941154,24.289133184745292
4445,0,22.338073174417843,23.013105269349744
2939,0,26.728105785097565,27.889692813417774
2589,0,23.491822163155856,25.44350397603666
1916,0,25.41724448062729,23.817515405820583
6577,0,30.59778130921845,29.054970481700753
8648,0,25.424826373904803,23.524349464173138
9960,0,28.16143901698073,30.482520512255086
8062,0,27.731845173074134,25.64586259556393
2487,0,18.915379066433733,19.656781233811184
1668,0,36.210112752307346,35.6008800007175
1048,0,19.04100552975045,19.526962904749787
854,0,25.232173864398032,24.539643790851162
505,0,28.734964142748844,27.508463195309286
7582,0,34.79439712960772,31.88802637545052
6079,0,25.219654339000556,27.317400318691973
787,1,25.918810832609992,30.140284204526388
3244,0,25.890907621561755,28.16064881506944
20,0,25.02965283043137,26.086004628986405
8157,0,23.50831682858503,26.503677819875726
8413,0,19.1654656533996,19.710283942804665
1888,0,19.867904296673437,20.674780829993953
1705,0,34.14983548675974,30.886687019082146
1948,0,18.75421307173832,19.66941911799939
9856,0,26.506526500258875,29.098403216045416
559,0,36.94229942108374,34.193636321658275
5769,0,26.501914321743975,26.32178948723451
6602,0,40.39376473065291,41.32403616866205
9051,0,32.62899122091147,31.836053683326796
2031,0,29.2258471224222,29.44065122174509
2287,0,21.779564490387838,20.358850650407103
6280,0,32.96826953442457,32.566907152642706
475,0,38.42400911120656,34.847335865546825
7126,0,29.496614552112895,33.580950584457696
9174,0,19.676404293937516,21.249892565466734
5399,0,22.46357585817238,23.547302382908285
4298,0,23.566823468374242,24.08503838197181
4996,0,33.22793655130202,35.24841449668511
9801,0,27.587190393692573,27.23202306790822
8602,0,26.62862533509781,24.049456666837347
858,0,20.038624057923883,20.33977001856948
7697,0,20.71971874725111,20.296638018333276
7948,0,26.5543461380407,27.514457576021503
1790,1,25.4273450305384,26.68932421801446
4681,0,29.697510265578842,27.701349580486813
8752,0,22.74527050309565,26.840291469615572
870,1,22.857713280130525,22.686244411727017
8181,0,27.82931591882727,27.894455279483193
9391,0,22.520492485394612,21.5419289213547
1259,0,20.409658806154493,18.917025522759605
685,0,22.72838391103532,21.954788809230532
373,0,34.037886592129,32.7800128070084
1338,0,28.961342105086214,29.304552069733457
6910,0,22.783171755940536,21.618715689691033
9074,0,22.214860152867818,23.12741860106076
962,0,23.922349091402126,24.80205087250484
1285,0,18.827070387902126,18.880848579281754
1313,0,26.712067119061203,24.85953634070465
9457,0,21.40914915045503,23.265725164719008
6310,0,26.66286443307114,25.233826018668232
808,0,23.989239566840283,24.361688801694527
5918,0,28.85675490438225,29.373469781120253
9240,0,36.45899900653729,39.15742532432314
5794,1,21.749339145287124,21.936531646198787
8186,0,24.089955760418388,22.72566853678509
9599,0,19.039640652240124,18.814551017308926
2990,0,21.86183705168943,23.095006300530866
7334,0,24.800745962442914,23.164467748908834
8780,0,16.7382316933798,17.48341412889665
3621,0,28.09113781839575,28.070135790114236
5856,0,29.595893552399122,28.079652862554983
7584,0,23.884005858787223,22.89230964860169
450,0,18.408641783945306,18.050901365547162
5333,0,28.70788695587677,27.821568965811103
156,0,26.893254978425542,28.555797261955874
5668,0,27.89248027553663,29.69329680430965
5844,0,26.408716421668515,25.79583772217074
9080,0,28.809819594020567,30.535977354289567
7950,0,25.01608477863677,25.53418081792467
392,0,30.63951252062712,29.80490161656656
7560,0,32.63262637051817,36.686180216132435
9952,0,22.659002817919355,22.781927689832617
6075,0,18.95542324110015,19.08596910379224
2074,0,27.557211505721554,30.996705824015123
4254,0,19.85348525732271,22.19150699217114
5830,0,36.61203050795747,36.499645478886954
5758,0,26.217816487425033,27.457654316479356
3919,0,32.30180104502457,30.377447676212295
7763,0,31.182604497720625,30.61837410906479
4517,0,25.28105320776773,25.233695924041943
1355,0,30.568913643807505,36.5103621642406
1001,0,32.60595200169306,28.22991517987349
8974,0,21.23125613990053,21.137414496320435
9321,0,27.223101652474995,25.695225676667356
8891,0,21.445734947124915,24.868233314736838
670,0,20.877413864460088,19.522921957362982
8491,0,20.384745679501982,18.836533254034396
8392,0,18.847421159574623,16.702877368881378
5720,0,29.159889267441272,31.80358103408756
6886,0,19.689348358449738,19.29032251245382
4618,0,26.805423547845027,24.980958855780656
7564,0,23.791720986207835,22.719375641197196
8612,0,20.5227226892205,20.724123023616794
5543,0,28.069178768477173,27.957871887469146
1875,0,21.06871637176724,24.46424932605662
2818,0,22.26214736959242,23.358694171714532
6570,0,31.170925015533467,35.14703617858521
3255,0,25.39698176633749,23.23312213500246
1294,0,18.372499451280127,18.42540115412392
4143,0,24.37810120405639,22.84109085677256
2044,0,52.463193042433716,47.72116453900257
6586,0,29.590841810154817,27.356785541973675
5822,1,24.210980301951015,26.47041752394728
5470,0,29.843726674591615,29.83181745161803
3097,0,24.63294341225532,23.25421376225741
206,0,22.903941608272923,24.0905645288974
1104,0,21.542632436838762,22.285909018751944
4572,0,25.33675451610119,24.940028268179713
6415,0,21.657372435884444,21.408010424430582
2984,0,47.17591059216744,42.27019031862417
4455,0,36.04210433467421,36.032367934249265
8605,0,33.34030828110089,30.727805444554352
6309,0,25.242823680021502,26.827788108897135
5495,0,38.59231655570901,37.21170830837484
1310,0,28.36120654953024,25.762533668942517
2540,0,31.304729043385233,28.07855481414522
2231,0,24.586921149649484,25.80082251410544
2431,0,23.829552731530573,22.793717366972345
6307,0,23.531251268113643,24.348390304931133
4004,0,33.98134411657852,32.24934624176295
3886,0,42.14410031882257,37.39911547915663
7377,0,21.927043436099325,21.408564777473543
8163,0,21.191026820642843,24.229133970285446
8880,0,22.028147233279178,20.40744292611157
3885,0,25.229972904803226,26.117895225141087
9777,0,20.980317085397377,22.70884141130708
7242,0,26.87824053355649,29.389328328732553
1284,0,16.241444872745067,17.03796918136827
8031,0,28.538489776056654,28.03784752022746
5973,0,29.611360566417368,30.345668591252597
3866,0,32.09021750503585,34.7399373558509
5227,0,26.410858116132925,28.464016549987193
1967,0,28.10353467239578,32.571819319602476
6254,0,22.6870108540417,22.32206239653766
680,0,20.251355268982124,21.043021252894448
2666,0,21.978933786417464,20.828715191527632
6330,0,25.25912993479311,24.033264595098935
2102,0,31.845269792530022,30.495646324806664
9531,0,22.149116940219415,23.35753976082414
3657,1,20.404096414458866,20.415122116139674
6293,0,34.589640624226575,31.6544036058868
3353,0,18.25911521703009,18.806504769205212
2689,0,25.13933163835481,24.685665923943994
8756,0,21.22658243480395,22.38978134516188
2688,0,23.918512392545562,27.198160033134613
4210,0,21.09804986186847,21.389272866690536
5941,0,42.636851003334904,39.536995650964705
1654,0,19.056201721366392,19.847318613194112
5749,0,18.995471870917875,20.529635699911115
2154,0,20.031198465153896,20.342905218647825
6109,0,24.146277963805556,23.2315316565339
2112,0,28.223253181506866,28.31246418989328
5045,0,23.545754879254474,25.659820327568735
9413,0,25.733828714230945,26.51559892286069
8970,0,31.209107106914093,28.125623994687924
1785,0,24.617622608363728,28.535572801853547
3927,1,34.40137285098461,35.37486692858059
6835,0,30.797315557770673,28.303508498263252
9351,0,26.382969768593856,25.745270327533415
6022,0,28.255471888236645,30.34446136276979
7477,0,27.095498355696744,25.771427454809817
7691,0,20.65771559269053,22.554172694173747
9528,0,23.328328882277017,24.78781823629678
3691,0,27.83903402733611,28.457466111719263
1298,0,20.74587923772674,19.28637505483186
9986,0,24.471524170080677,22.97894188342295
2466,0,23.815135762525156,23.872637235862253
6773,0,20.838295141554926,21.08632777716476
6623,0,28.390408875621326,31.697685572803646
2334,0,31.036216672723477,28.645059304593417
7836,0,21.953757918712746,21.638369415788347
3392,0,20.3999676618288,20.58164415477499
920,0,34.84738806621215,32.66194720399244
9535,0,20.188546771886138,22.62135592863931
5103,0,19.31417176603086,18.72681699007146
5615,0,30.966351933255304,36.85736473812195
2676,0,28.320488710265927,26.678665546619296
4529,0,27.571816892174724,27.135784390560065
5965,0,40.27358106654118,40.37137472911018
3864,0,24.550870431506254,28.681873909947765
3939,0,31.88454021338076,37.920467748714394
3736,0,29.451042865330898,29.76708221752832
1696,0,30.555538187483663,29.031830849657076
594,0,42.16400125950916,42.75484072069956
1903,0,25.070311037780293,23.1956016354595
7201,0,28.774734212275963,32.137353326109526
9982,0,28.54808198322002,26.578464386155595
6152,0,20.336068495862225,19.778616435798295
9550,0,19.97501030009476,21.22376504536634
1839,0,27.45461374293231,29.783917089650114
8251,0,28.011039305910362,30.2062863713556
424,0,19.082487615396158,20.58705285632463
7264,0,26.60256331154002,28.4399822649116
366,0,30.77642966199159,30.178608325505245
2969,0,23.09084512705269,23.585834561280443
3061,0,20.733477432927657,21.99296234697581
8464,0,29.605869510772344,28.349261446845347
6759,0,19.30256835918488,19.735745400951977
8403,1,20.99162636203407,20.80969458467181
8723,0,24.129301374393137,27.78152823830963
5200,0,30.519344871036832,30.2464172424586
5515,0,16.523674873000882,17.030243389249073
5840,0,33.06621700821243,36.09250881145577
3890,0,27.500864835259463,27.207172379333976
7630,0,22.04721392640197,22.69618197224197
1605,0,24.807669698799,27.191144304288173
8039,0,19.337211394621953,18.51047432240893
9449,0,34.27892559434938,31.25769157656075
4439,0,29.02944328078081,28.484623518618534
9656,1,24.99765032791886,24.972898859514203
3712,0,27.447043468113534,25.743287024388202
9565,0,24.568676163804028,24.107857750089632
6742,1,23.950521030527014,24.51865816957092
9152,0,27.0534058573546,24.86377716103643
2394,0,30.3071833727071,28.162824377501426
1243,0,39.89215869114305,43.39585910142386
6717,0,28.414547982220533,27.449935098268753
2500,0,22.986420420997995,23.083337476260677
1842,0,38.71720317107027,38.08929575383184
4617,0,23.421947243645704,21.302761018266974
7356,0,33.54619802835791,33.707118271687605
3200,0,19.84046127195354,18.72589964840362
2584,1,26.904318333254068,26.87626905725931
7791,0,16.99991363869772,19.836107760953833
3174,0,29.86922536814452,29.508409976766128
8328,0,24.572333130302653,27.393484964564113
2033,0,20.085200103870804,22.309112698523094
9369,0,32.03136684501573,30.900673753138502
5675,0,19.287294183957318,19.316085027972377
9250,0,32.83535247870458,36.2200499618284
7450,0,20.53746226793187,19.373677749092845
5887,0,24.222584812430394,23.701503948807048
6295,0,22.758180029840005,26.173242884451074
1520,0,28.259313341299965,31.453089259754343
9543,0,25.97556360425115,25.989424954166456
3240,0,33.216361991203556,31.575966306953386
7910,0,24.99025943610569,25.35304385038714
1669,0,32.625150776383954,31.89369741184365
68,0,27.13050476157035,30.90798813307
9635,0,29.117184605635423,33.53968085165514
2349,0,39.94723108403427,45.67965383709748
7853,0,22.892679158512603,22.771125724474135
3931,0,17.158171576321077,16.585010112726284
620,0,18.616476055788034,20.83745670614818
7363,0,21.513304183993704,25.33951395233409
1947,0,26.11419644227272,25.141878529232276
9976,0,21.58566361891804,23.601357508643364
5162,0,28.636021830519894,27.939591089533856
5680,0,20.73408471910946,22.789111395347682
8467,0,40.292282111061084,38.05847692839257
4552,1,21.894066128763136,23.983484869615285
8419,0,23.47784177173866,22.65311651489306
4241,0,42.67691511427313,41.283362333792866
2529,0,28.68385415156699,25.81106662326503
7809,0,22.455745068466122,22.058181166580184
2263,0,21.5278138150344,20.770503038747542
440,0,31.626527862106542,32.325084634939095
3758,0,33.42487987727255,31.51582682349722
7391,0,27.162475317713053,25.16100838535084
7652,0,44.781260359106504,45.09096640076112
6855,0,31.291679114605337,30.166727125975804
8022,0,26.593242763276884,24.20147219543655
7298,0,30.399488961342765,27.68594964699057
100,0,30.911470096236243,29.531433321540913
5823,0,31.94532083792088,31.514478511564405
7220,0,32.57691391747443,32.78182738027875
6968,0,30.856106584064392,28.988540458067334
4071,0,28.582933851855742,29.537477989270652
2604,0,36.89749724825391,40.42689060508939
6351,0,17.652484391631774,18.483845405804306
8573,0,36.70874979929084,33.87243904610489
9099,0,19.80942945284961,19.735112897116597
1707,0,26.897113215267552,26.931265769406956
351,0,24.386907710214725,27.787402797194314
7026,0,27.672084230770874,29.673833174910566
5257,0,28.115025491690922,31.962746771901656
9712,0,24.881964761768437,23.29332421073908
7303,0,35.54785552889664,36.073930818122015
5764,0,19.88156415066654,19.66963499827231
2846,0,37.34269562547673,32.976037865386516
8927,1,24.08200405052827,23.06776762542856
9950,0,26.564816056499478,24.588541745671858
8117,0,27.635492779598593,26.710017774683244
7912,0,23.368722921481467,25.32712499894362
5640,0,42.06191948666154,41.58819042240163
575,0,25.101676546557396,25.7934778335623
5453,0,23.52931127730129,23.441452828733116
5119,0,22.305506800003844,23.156147990702333
5156,0,27.635108320749357,30.555625199936294
164,0,24.187265144419385,23.062441580011175
5421,0,25.30141009828902,24.764864578795287
810,0,29.22492322518299,27.461919450917527
1703,0,26.432922210410215,26.519467094981827
4385,0,19.174952279262335,19.8055570256095
7993,0,28.023071731291104,27.00135422547371
7728,0,22.343261051332195,23.959439623330578
9542,0,19.077960985105584,19.978299258294427
6911,0,66.23254870796592,56.933658426311105
1883,0,27.00667105735259,24.99516010355961
1442,0,22.033987675943145,23.985587282078757
9014,0,20.79872894821196,19.114574387586995
1121,0,50.90144392329785,46.789974174927245
4104,0,19.34210368547048,19.369139766879204
8128,0,43.72590247313624,43.18645658660034
6574,0,25.702899035753248,25.620395522277377
2955,0,18.735998980955195,18.261044253957273
1443,0,35.31745680306406,39.195563071860754
5485,0,16.948789920233153,17.16431251674665
6615,0,23.149507767998145,21.264109039242708
1719,0,24.762117730712497,26.39832765268426
8284,0,24.53541983505173,24.277113375771613
2610,0,27.035700435815414,28.932671792054734
1332,0,20.129698475148718,20.410862785387906
8337,0,20.35744592819735,21.180991753107747
2423,0,26.233136141719513,24.146883074872328
9146,0,34.59701249110368,31.56438226969447
4060,0,37.06930767847624,36.73121553955057
4003,0,29.105077490544126,28.22004886624146
1651,0,27.914504813666028,32.87777813310333
1988,0,29.077505133629664,30.011795579614212
6435,0,30.265331557206895,28.582278043156748
1809,0,22.744325768042557,22.052527686145357
4548,0,20.223049759893616,19.487024118891263
7258,0,24.020175352334938,24.815888785775357
5645,0,21.41068035018201,22.0615764802343
8707,0,28.90496722783995,29.776991823666094
3733,0,42.34286940475798,38.677321477727034
4929,0,29.076517095783785,28.849806406603633
6861,0,23.156223372973752,25.672281369677624
5919,0,27.566874832784528,29.17445965894442
4975,0,22.75326247691237,23.111392573064155
9624,0,17.049691302081904,17.223791973374258
4664,0,36.35095962183241,36.669322902307655
8968,0,33.01027668533518,31.6782409181913
2820,0,21.551992675602087,21.916790431547565
349,0,25.968237055543696,23.332589473988655
3360,1,24.71437028422484,26.35370676470632
3816,0,36.16377431371557,36.6724558553501
1430,0,23.009707961069353,22.9962711283408
7035,0,23.81301904027459,23.11699265172129
7324,0,34.172704938016736,34.05651509565999
1289,0,17.351311660328868,17.675679405489646
5296,0,28.019505496756178,28.345559111573888
9544,0,22.10955819141894,23.04735442197819
1943,0,19.896698613623297,20.519310119469086
6349,0,26.875326662287854,27.93059635004444
5706,0,21.420722449030514,23.290438126361494
6081,0,22.2081254605501,24.692468503431797
3156,0,21.138342006704235,22.64758706653452
2165,0,51.33487973254703,49.06480694724787
7409,0,29.079344332513507,28.360748262463453
969,0,23.78424349403713,22.52667560401242
4110,0,20.15884425939975,18.546445660837712
6999,0,20.018240295795795,21.718870368522854
641,0,25.55281338879552,28.522335264906822
1517,0,26.090966835713044,24.9308074528091
7531,0,24.209547636427892,24.248440792928697
8645,0,20.73888155726427,19.793016304583933
6275,0,17.874899782575138,18.337567696401766
210,0,22.729091264969224,22.656778719596353
8153,0,19.43748610111807,19.77563469446887
8279,0,31.14954069607364,33.72700889435313
1704,0,37.38176416286377,34.91728241444966
9951,0,37.26972261954096,40.21526750459185
4802,0,20.097634554273785,21.07698729158016
8187,0,19.63790682186087,20.553633588653863
8558,0,27.924742769103272,27.491460742299896
4509,0,24.476872834395557,23.64040428574475
7115,0,26.73188650720373,25.404499698075984
997,0,20.30824341485456,22.943374640700878
9897,0,23.386211087510105,22.412764133613244
8701,0,25.87744578804302,26.20241972747002
1229,0,21.839179237517232,22.65200519011666
8530,0,21.23672781832746,21.874729273326906
1691,0,30.122694311430042,31.762771073915502
2883,0,24.689969535815283,22.92077694668018
5473,0,25.07574366597632,24.25076462476985
1384,0,27.44498981432228,26.164944923494065
2206,0,29.686859118659658,30.273180424050725
627,0,28.90980193175685,30.632100130494546
6186,0,21.16919405305767,21.70758416495523
9524,0,23.75767058090743,22.645979278044155
7252,0,33.19759735314042,34.50939952677362
824,1,28.809541756606528,29.374846671754735
1558,0,40.26651586907788,36.70129807557707
635,0,24.030838345756788,25.35822066684969
7733,0,19.062821302361503,20.656080913816588
5554,1,29.61007402852173,27.63843532684478
4699,0,19.069926939288862,20.186327827604966
3631,0,23.446526252977144,23.16261660603572
4138,0,25.430092702160984,25.394377558061294
8686,0,22.50427707171529,21.969412903245413
3490,0,20.283223535449828,19.88001883881002
6507,0,29.633981308225657,28.087833939708872
4355,0,31.2083553946223,30.230178107688133
3230,0,29.567673014772186,29.57011654753905
6560,0,19.18618562736496,20.23592791654608
7075,0,22.740051141022313,25.78383156190416
726,0,32.787353453064505,28.48660709466457
5220,0,31.824262990916722,33.24508951974208
3954,0,21.418056494709635,21.180529752345297
3863,0,37.934770843403605,33.02170019150763
1352,0,28.980170335579633,26.592870338634953
7804,0,27.61346418436892,26.293170121735873
7891,0,24.077787046933295,22.786578229228386
312,0,21.79275571883032,20.29675462531211
9723,1,22.34419383623494,22.292426166569456
7065,1,28.818626197662155,34.01436840198164
5715,0,26.277098207222032,23.614100351083795
7814,0,30.682637098373924,32.222919855769135
1175,0,20.654940531234796,21.11261468021905
6609,0,18.215445587973083,18.77709531775853
7266,0,23.998070142413145,23.846487824441084
7738,0,27.160699033998927,26.733326365386368
4687,0,18.208948215118227,19.781792850056057
131,0,28.35126565849484,30.22589594337084
5138,0,40.4015617928392,36.2336511475259
5208,1,29.13057098907029,25.63730367867134
6101,0,26.45784913691085,24.834194357430704
4118,0,26.86558634484982,25.568246362845564
5305,0,28.90722059100114,27.497093252336843
5338,0,19.912311923715546,19.48356184488125
5206,0,35.661941516574146,35.92127152913759
850,0,30.281469779188118,28.22976469544829
7,0,32.11592735312942,32.25357928292656
5359,0,19.883073174769688,19.25881026421714
5565,0,19.99714077510661,20.712577073177854
6672,0,22.24345879436748,21.34345512729126
8534,0,25.44985770734408,28.43385301416393
4855,0,21.436340296710892,22.31421855485842
8139,0,29.400218095952788,26.983280176605117
5870,0,23.116634179647555,21.848257632842007
3924,0,25.61679943199017,24.189213902812483
9218,0,19.62652682352814,21.28819082370271
415,0,20.787589693471173,24.275536533849344
1258,0,26.466683518571244,29.80393445880857
6799,0,25.262762929988543,25.611366848370647
7438,0,37.83889019519393,33.31006288596055
800,0,21.25350147610015,21.125689091721757
9730,0,32.4466074793748,30.512138585958073
985,0,27.609535844368814,26.536796510512087
3662,0,20.235164044029204,20.90505992747927
581,1,33.29391574213598,31.458590703846617
2878,0,23.33991454539197,25.448082209974547
7031,0,24.590357177580895,28.562622547243027
5377,0,24.653766046632352,23.312256390364464
4421,0,32.04301077882021,34.697167837489474
3636,0,20.428987161112346,21.256421008449678
2059,0,24.584575725597627,22.42152305785859
9669,0,25.262470489261787,28.174002487348325
9089,0,26.738145320990032,26.21059421524369
9672,0,19.88458604119052,19.55653586727941
2681,0,21.423342229115256,20.98654952140371
1957,0,31.933208740510114,28.495553773602428
6942,0,30.954769707284438,35.393287832820675
7178,0,30.213344126273647,29.300033643288852
6228,0,47.22460495186749,47.17295317064473
3285,0,17.67485339973672,18.135453086725335
7523,0,24.406086588868575,26.19962577794237
4305,0,25.363887188009738,22.543556528793093
1569,0,33.76048654188221,35.88053277037611
4984,0,28.15928995344065,29.712200992943682
3706,0,25.28380819183719,24.696660893848893
4213,0,17.965231405532894,17.735054084314665
1781,0,28.537389239478653,27.23341070297355
952,0,32.4348077267554,31.859553900788438
1324,1,26.50184480430165,26.406870599913553
7829,0,28.89786230651369,29.84778191490917
8638,0,35.527688486931225,39.423896698401144
4271,0,27.58940512936837,31.81830289744157
1909,0,29.202538049764197,31.237994717380474
5598,0,33.85937911490365,34.80824396806043
9561,0,38.13131560169538,36.81875482321875
5766,0,36.232319726107505,35.232025245874354
6777,0,25.085768903619286,23.662118802409996
2375,0,33.14427449302385,37.52419858595586
4092,0,27.273685632893883,32.834864230637116
3822,0,24.1127903787924,27.903240045514522
2284,0,27.1366216965612,31.909238842804008
9368,0,30.645051153828028,29.870153116452
2919,1,22.5620580645823,21.193420863311143
4755,0,19.54918938900385,18.76185456633642
8027,0,28.658819460131898,26.58487590193598
1315,0,23.62806111263426,25.756126093538924
6333,0,23.012211500219607,23.47273895404238
6230,0,30.147792595358762,31.08264286407374
7284,0,27.44859861483807,26.565097696250447
2133,0,33.623944254156854,31.924309188317174
3523,0,24.59526576694178,24.61154828696333
1637,0,24.293517527383145,23.191012355007224
5723,0,26.883144516605725,24.14801734282465
1396,0,19.25277972867641,19.187027195237786
7991,0,25.55158685475366,26.926835183055402
1445,0,33.33110118749371,29.7866740275598
1816,1,25.00684231083346,27.29153423231126
7627,0,17.6324250867812,16.9630410468939
8059,0,32.62500267374814,33.13465263608585
7764,0,21.002428905631692,24.628382836137153
2981,0,23.177095546376936,25.701546570213754
2839,0,27.722617734548155,26.388280481691226
471,0,48.70889047503474,43.67540453061363
4712,0,24.915356242685938,26.362028682766898
8437,0,24.44233396942609,24.291341644898083
4986,0,24.30260531523007,27.51664551518324
8745,0,25.919990587447792,25.309659605649692
8919,0,21.22625518762231,24.664854940877273
8033,0,24.37234032474391,22.716703737725574
8123,0,24.243389628634265,24.055361755836934
119,0,28.49920396236005,30.2096246992178
7144,0,24.901043138835817,23.601101462458193
2712,0,25.676579201964053,26.82547153589806
9071,0,28.44369558812207,28.87583451972962
1129,0,41.09597415364497,37.77620480244101
6224,0,31.548984212404413,30.571035243485973
1185,0,18.82523483425963,18.576500546124986
9178,1,29.361442974469593,26.765108202060887
7959,0,29.852041429121915,29.342910756441768
9388,0,27.884937641201894,25.98562441856044
2996,0,20.62248090720506,19.67494322485627
5260,0,22.940530527324093,21.028970519257822
3344,1,23.613309999415737,23.834055138468813
2103,0,23.6910008863904,25.6628392943034
6931,0,30.853321381382848,29.11546516807074
6712,0,20.639664765820836,22.161008067149073
4249,0,27.18581689416052,24.588247262618523
2213,0,27.137226270755455,30.012567646527707
474,0,26.572210234244174,24.725756811753282
719,0,26.191585755113742,27.478241063387248
8036,0,23.157937424715357,22.230896520585926
5815,0,24.682939918757835,26.15602197155551
8050,0,44.471172991929194,43.60871427720641
8736,1,30.79499434881503,29.102277153339617
973,0,21.720719935792854,22.703744684460805
499,0,25.506312882110983,25.723271071597743
5970,0,19.655975301526958,18.49485545010416
3881,0,25.04082748905579,29.468121259285095
1653,0,21.77540656432896,22.22387890354242
8428,0,24.213251854767737,23.979385240725193
9111,0,19.851824537727005,22.441483689155834
4812,0,46.35908132685661,43.972463537415244
9689,1,29.08487088955605,27.005362361519538
631,0,20.134179557917815,20.660121490988217
367,0,22.600840261899943,24.986492148961304
7815,0,24.172125946262216,21.638424646495743
9945,0,39.26348365606232,40.776607918160146
9068,0,23.407684158958148,25.033696745389605
9411,0,19.946435065016093,20.96079926293817
6636,0,41.85324609938654,40.60855376889684
5483,0,21.73016018353529,24.182245205466046
2736,0,22.825230453799644,23.905994800157018
8343,0,19.808140418750796,19.422306125580477
2837,0,18.786668221368966,19.13601918927548
5820,0,20.32193074954412,19.428367339353034
7957,0,19.673809772852035,19.140031674921854
7998,1,31.874122785764836,34.97556589359316
2438,0,31.74240057303554,31.372281780027876
2010,0,24.91032253438766,28.26026172215898
2412,0,24.097602276310575,27.769559434517134
5423,0,16.331980858959323,17.40914299040146
4830,0,25.99882592094891,24.94060064065249
7837,0,28.1585916999386,30.56779220145347
5192,0,29.896242942797667,29.913828695053798
5417,0,16.683449488811434,16.308286409877162
2702,0,33.29629316884521,34.54996427190857
2785,0,32.900283345598005,30.789375770741163
396,0,36.55580416503316,33.11538456049775
1893,0,22.27135903306957,24.82955624721936
9004,0,24.854977204840413,28.34024499735346
1866,0,23.40181758408549,22.350235687778905
4775,0,32.765039684066224,29.025421462041496
4817,0,20.516632352479114,20.83267480040035
8524,0,30.465106010527197,28.260347855306684
5253,0,23.729213562091758,23.408769941431647
9289,0,33.081361343168666,30.594445318993365
8409,0,24.22116628819778,24.887906589318636
4468,0,21.319028657560946,20.058274687025033
6226,0,20.398370020427784,20.25311133585239
1359,0,28.94802856735804,29.786870786767782
7596,0,24.757047389296076,23.445504515627157
2241,0,18.83621129752021,18.972687664172796
2971,0,28.376380347778085,28.87814718213828
9649,0,23.524952298510428,24.24186297615626
9650,0,26.617966348614136,29.36056383302542
6,0,21.796269494196093,22.321114231069377
6236,1,27.54158870007966,26.313865214334548
1878,0,30.6536826915612,34.102387186965736
37,0,22.41694770048826,25.932419859249954
4922,0,22.87733451787485,25.34866579052207
4364,0,23.188666709197307,23.404480464825742
7928,0,21.209061678073603,21.712025739946984
2748,0,20.614022891119543,20.63959845602137
5447,0,23.3847814543875,24.41661785855576
9330,0,27.923693855835953,25.673868206321046
8747,0,22.725734653042625,23.70679057112568
6227,0,23.05211273623768,25.47572555972487
3707,0,21.09058483844724,20.281527442928535
815,0,30.233967879666537,33.1142108558755
7999,0,18.630852406801612,20.805818367681077
2980,0,23.627947269942197,27.240405638984
4624,0,20.715927689110885,21.145067862706107
2424,0,18.71497228412483,19.57968437595534
2162,0,21.64888313551411,21.589041618421103
3111,0,23.247351986381485,19.993524186427152
4863,0,27.742858610786822,27.09899572158284
2685,0,28.512779544187794,29.109149917083744
9331,0,29.28332261106806,32.81312621710808
5859,0,25.165510713210715,25.18047330655504
9516,0,28.700272088491904,31.564029173848887
29,0,17.609054065835252,17.669454746435704
374,0,19.61513434168218,21.079263993309358
5664,0,34.20294074650897,30.521305760591925
3341,1,25.731904640436806,28.10984201220499
4976,0,27.546324718318868,30.0734954557356
5833,0,19.540901740426474,22.545290404477367
2694,0,17.5028249362945,17.767208575711777
2377,0,37.00871749445811,41.78354138138762
2020,0,25.4781557951948,27.916520046469497
6202,0,36.27663230722982,35.02838030959224
1148,0,21.77488184048087,24.159084701622206
3187,0,27.722714836202584,28.105950075161644
9170,0,20.966035598829578,22.351845031434188
5446,0,30.89121876538127,33.58918202314647
1899,0,20.959081899088662,19.69760879142669
9017,0,36.84776047479315,38.97651980765678
1054,0,27.927925316236685,27.606420374641782
6313,1,32.02322791800561,31.071532575465596
1674,0,23.6617443755131,22.307254914011928
5167,0,35.34812243331378,33.46112715816285
698,0,23.644225834012737,23.5805659479187
91,0,26.263688522788136,26.42751809187811
9759,0,31.7067028628582,32.552972268351255
849,0,17.893700919955627,17.398058327590842
9716,0,27.52378805128281,26.86890731896818
2844,0,20.47564031728958,24.27612832141457
3898,0,21.304614948911897,20.371557922654496
9426,0,21.789145428051803,23.766983936172675
5967,0,34.57889595116841,34.29930309668918
7730,0,24.297559989274163,25.058612457575435
4152,0,32.50970372297032,29.426151319614842
1980,0,25.729617751425117,27.44856405283347
5966,0,19.07839066451077,19.275094543964613
9108,0,24.962189283097278,23.847072292530328
2230,0,18.247096102824305,18.42940105227437
3702,0,35.24685618534218,33.74564356667826
2052,0,33.890948569224065,37.168274039405595
5329,0,19.152773372834258,21.405918654959354
4768,0,24.635267205427084,26.945678009477554
2668,0,24.25396001279753,25.343298252001198
7506,0,30.918229807259596,30.941999905889933
5903,0,23.118939032797154,24.56787909121151
750,0,18.249778944238837,19.681855488057373
3407,0,24.62366458383705,24.97893926971124
1932,0,29.28461451332657,29.86555073419882
6564,0,19.575651275316478,17.802355391789394
6296,1,25.12772380663481,24.18312654821491
5108,0,29.987248173394644,33.50645788775188
7776,0,23.47259153385684,24.09129461645553
6963,0,29.382721066058366,27.629463183004255
6424,0,23.443980324344285,20.24040221024688
957,0,28.45863800475344,31.613052015995706
1825,0,28.845779559103427,31.764355232588024
5464,0,53.2128728103393,52.90749460372661
1421,0,20.83089263311188,22.872148710715773
6592,0,18.91733035188666,19.884135531275323
5709,0,24.87724072930718,24.86576479408992
9212,0,28.05652732072898,27.38479165073187
8717,0,21.204877036212824,21.449317165244604
3724,0,30.290021464692394,30.2855798013366
56,0,26.641030569612713,26.467578401106774
6532,0,23.732222352295206,21.970557623402847
4223,0,36.15556124287715,36.42200209622268
9693,0,21.99955182704154,22.149015254978803
6363,0,23.309871169967632,22.062471630545232
4059,0,37.990036699623694,36.0358333330103
3868,0,36.506254950848856,41.53228512735698
8290,0,26.430880138530714,24.955039683310538
5161,0,23.745350706747924,22.40858685898547
8312,0,23.718663280036907,22.455133024479064
9183,0,31.03266889244725,30.180087463724824
1686,0,20.39447332335829,22.443108736604966
4165,0,33.65803559006027,31.81245111489696
964,0,25.716630191025065,26.10828762128211
2505,0,21.510827426106083,22.759215132119934
4170,0,32.86658707545221,31.031597577832002
4119,0,24.106071216231733,22.167360505567714
6756,0,31.0901601059674,29.966792814733086
5875,0,21.086840587187986,19.770055786943537
1163,0,23.251828272552494,26.745173278834343
5353,0,19.994919007765297,22.50163413260775
9710,0,27.957133029706632,29.952881816823535
2945,1,34.400213169193485,30.679712123277493
8202,0,23.813292073253763,24.39196762215921
1252,0,24.711200151774023,28.07640225499593
8875,0,23.400708987468477,23.275169184274507
8414,0,36.04529938980316,34.422479267933504
6896,0,23.748180000180145,24.223554296317882
1216,0,22.715103346788563,23.280647585403674
7142,0,20.325388095669915,19.626306684110038
6407,0,25.921889107835387,28.354812647079243
8329,0,20.72205757309317,20.43415731776402
7382,0,21.24457545941636,23.311077431616777
4783,0,35.21676581807381,31.39255327033991
9885,0,23.630294752077777,21.390746087637492
5441,0,47.49409841848229,42.13964884542972
6167,0,24.732981579651064,23.339377133419383
3,1,23.021929628892465,25.937212947373908
4758,0,27.757094875139284,28.751647352085712
3152,0,30.924381391096635,31.42751907204426
5567,0,21.027481958614526,19.74073091600828
8815,0,29.210169475975036,31.73223999668159
2735,0,29.209621198251547,28.345089493014818
6055,1,24.842825124054663,24.998577914638663
3660,0,23.224394933823454,24.30067952050324
5376,0,23.468846296276645,22.975981643460976
9642,1,29.47544721463204,28.005796305716913
6724,0,27.98543409523355,30.399636649040296
8420,0,30.00966339016016,32.16284516921696
7779,0,19.67990130615883,19.29920688261296
2085,0,25.761973420472117,23.077938070200435
7476,0,29.247241006120216,26.842614230752808
437,0,25.9033111275135,24.738399872869493
4180,0,17.83017220761688,16.756755666099174
4674,0,26.071387914950737,25.252316025509284
9175,0,22.465400015386,24.35812432709167
3227,0,19.530296903633534,20.35852088140065
8010,0,29.320795820511915,27.68257773436953
1714,0,23.96352500230221,23.863032162352255
6459,0,32.88725274731021,30.168439826299366
1497,0,17.544966616784553,17.915141036150604
8835,0,20.725080231713903,19.913556587563495
5283,0,23.141089623993025,21.406371018862416
4666,0,39.1367135227485,37.77687599369243
54,0,20.857087706274243,21.07910498385133
1021,0,29.034493299945794,29.40916808744768
6737,0,28.110925323105132,26.41138608913875
3487,0,21.411055427918527,24.026837282924085
5025,0,24.61441834090001,23.612693447910416
247,0,22.099309875109718,20.700325436180876
3605,0,29.655993940082187,28.967207897607604
4504,0,23.99725171528595,23.019281952582144
5660,1,24.19016447884046,22.80513632593853
7555,0,23.98638092445625,23.210778766007408
3574,1,36.1778057108369,29.193633013589828
1945,0,36.33727883857997,36.40241786201511
755,0,26.65887021375953,24.550556310777502
9694,0,29.11046408202694,32.94515773708822
9028,0,20.136014139521937,22.311017400289135
7693,1,29.603573212281834,27.332939404989304
9581,0,28.604105328096054,31.78025723444966
1751,0,25.307748513107477,24.92124338580621
6817,0,22.134998579860227,25.125006176325865
5606,0,33.8512277356355,34.87100780544618
7117,0,23.879664348940327,22.40613724054148
8197,0,26.71528305117944,25.797324659538745
2858,0,22.19216094809327,20.81764536694986
9227,0,27.15713749430081,26.88003986885505
4972,0,30.2112925663763,29.93642720168561
9303,0,32.69154800594267,36.08902525870762
2910,1,28.01206634956543,26.7374532273307
5954,0,23.113586827146936,27.165622844955685
1906,0,19.06501334567356,18.539849275171846
2378,0,24.721578448172142,25.195081441061188
4346,0,49.61433243346956,48.803035731587244
5877,0,21.163828128438453,20.05732907489032
7449,0,29.18242426257277,28.313855636771137
5107,0,30.417569772324775,30.788860857414573
885,0,25.325183727540946,25.069124090441573
3401,0,38.56413606539044,40.0533563795044
5351,0,25.586794773177427,28.26419458025452
1950,0,28.739780910983246,26.135062022877335
4998,0,26.202392142040335,25.908888518005142
3810,0,28.04346573288319,26.013702407189097
9547,0,21.429046502964027,19.65807029408715
2465,0,28.68920214790153,25.42072553022894
117,0,35.14459329022393,33.617429606129804
2648,0,26.10396696918096,24.411657538797634
1640,0,35.18729849825948,33.16108786392297
7636,0,23.561014332398653,25.7462991359281
7508,0,40.13432569880075,43.020486927173685
3031,0,35.024727364318046,31.257661420718296
6338,0,28.74319417167064,25.31907171590986
5717,0,28.304651293226772,26.660415223677226
9445,0,30.41917241542982,33.92427079226459
4087,0,25.596460416109462,25.247098431127668
1763,0,40.56808744219387,40.41118414156765
8331,0,23.825209043063506,23.92553801522262
2463,0,21.689196630071965,20.727304192103666
1808,0,27.530079044605717,28.830361487141257
5661,0,37.1210342177646,41.16369766471777
1580,0,30.277687262971416,28.83326744197343
9883,0,22.71468075165791,21.397683635134825
3070,1,26.28504164728381,25.657507138361403
6485,0,30.367102069195127,27.19585370447257
6633,0,25.312531938337465,29.73772804955942
5829,0,30.44618807886568,28.552492171129813
1460,0,30.165284550230457,30.48496169591419
9423,0,21.678156822486404,20.13027307423658
9872,0,26.54064789640821,24.524412343229965
9816,0,31.312199143478583,29.422083331504666
3464,0,18.972066293369355,20.692237692949515
6207,0,20.106255793764486,18.259568033873485
8322,0,29.583895646469323,28.38840067201137
2195,0,41.233941377484484,40.23465864190926
5347,0,28.322883220377722,27.521853844341983
6334,0,29.265647160059622,28.785013452996015
7572,0,23.280667177244357,23.91819054820328
6920,0,21.037675709524446,20.197220159374467
8106,0,24.98050240091005,24.03901333494012
290,0,28.54123661972362,28.105587531651107
8670,0,27.506753528014755,28.317887449908074
9046,0,24.657233508258923,26.183487050721588
5782,0,23.39283864577742,21.966348519833026
4168,1,26.6123299425362,29.18959958466147
6763,0,25.937349931071722,27.487854155051114
4480,0,26.27327858291797,26.885575186664052
289,0,26.42751143221071,26.21324423812308
853,0,43.616786349573715,44.10412753790461
6775,0,22.725488023225562,21.32056540846659
7376,0,22.0579436051508,22.10281160458569
4192,0,29.896460717434472,28.878090303812996
3531,0,20.718673640483672,21.759020917845554
40,0,43.1217153730768,39.272693871785776
7169,0,29.233024567251984,27.575582371853248
1095,0,22.862533339331147,24.58460252730866
1694,0,24.01826942592286,21.537433101744444
4978,0,23.203399216376244,24.18560875013288
4426,0,23.772454469316404,22.86410834970531
8367,0,31.083898498524626,29.83683163044185
5647,0,26.176510031396244,25.740892011950343
501,0,17.708966868733103,18.640438198043707
8495,0,25.21766296300655,25.439281052066594
3701,0,22.86789931205223,25.193533504950626
6608,0,27.382882879984393,30.849849090601452
6171,0,24.460945600555203,23.964033072196063
4823,0,34.796219052883885,33.14233480441927
9898,0,23.928978521342163,23.061275071756686
8453,0,19.74704083063394,20.463237983735926
5765,0,20.083810644549143,20.558600003894398
8822,1,25.308417670427442,24.389088322740257
3507,0,25.692324857158212,25.62768689031764
7103,0,23.87283238482352,22.565367975970368
4280,0,26.51429695143944,25.643745530321436
9855,0,42.647163743623516,44.040309421486235
5569,0,34.7997124942894,31.402815663451094
4094,0,24.645610714604153,23.546123106398845
3385,0,21.604216624064154,23.45244572454965
6628,1,24.328479586897473,25.296843153052944
4919,0,32.114726039645426,28.402456884241282
8309,0,22.910214444841685,23.508200221710727
7042,0,23.5505417402498,24.39545663490406
613,0,19.26518277466129,20.80201401543961
6624,0,30.70246196921502,30.626537395155776
4704,0,31.40531249040454,29.768516359730143
2536,0,21.447099862088127,22.738310273635037
3202,0,23.54649238753163,27.609775149336045
8156,1,30.714150481619914,29.854509829484716
7033,0,25.81690609616877,29.71887094673022
3623,0,20.58408079838014,19.491482219112832
6694,0,37.32742550460822,33.10102032451938
6857,0,27.931935603135,27.934725010491206
9756,0,25.673518511151116,24.203522121166237
2252,0,29.840027981629717,25.910105612405644
4130,0,21.25802990421314,21.249656526397054
1576,0,31.448873721642432,29.19735325690875
7739,0,25.719138210367223,27.275629145964736
1361,0,30.078547888956965,34.71717674041183
1174,0,27.571054972776853,30.867245857162295
1068,0,35.546826802141766,32.12149596847877
814,0,27.792974577802852,25.11897612277155
6993,0,39.07302144148302,37.050880747513645
653,0,23.220354080924253,27.474527669163002
7846,0,21.769745196265106,22.914990792667034
4532,0,30.762040596330344,30.197110694285538
9066,0,21.986331733510163,21.399626024572072
9160,0,18.985550765928963,19.107077921823166
8577,0,24.308745648063475,24.97269390561386
1011,0,23.228077828444935,23.083660969783033
4441,0,26.837688393410346,25.712466520700627
205,0,43.62417932996418,45.111395103772566
8678,0,21.68495580697239,19.935208125381372
5700,0,27.082706151757897,26.892089849237724
1180,0,20.044526908147724,22.269849581131687
5449,0,35.26551479262413,35.39354080943345
954,0,18.852448846001327,19.607364832185915
6902,0,32.97927365157935,33.55255709715706
7723,0,25.92438108515972,25.71127939844645
547,0,33.185590725971856,33.739986377995045
5123,0,23.31099505606156,23.78474510604108
9405,0,29.764057907104196,33.06551979714777
2618,0,19.89157256657516,20.262746733873076
139,1,25.327098703415007,24.829175258262175
4258,0,23.03769115794932,20.209672369723382
5572,0,37.21535111082927,32.82770011233581
7914,0,29.656580632347108,33.93421555336324
8804,0,38.00278275001781,32.625048581906455
8833,0,22.520813115385238,22.981226607391868
8839,0,19.740342033380582,22.123047271045948
1488,0,26.00334982124655,25.00980623634847
6690,0,23.69856532763926,24.06200347501391
6051,0,27.67232117111758,27.28066725541033
5273,0,45.47786062553418,39.659971097827906
2470,0,36.14030894505102,36.9170698125251
7798,0,18.129611333585842,17.9986782096143
7931,0,29.75915778684385,29.850869970655506
9758,0,28.680197618341957,26.77962189466113
5354,0,22.015261488459362,19.898263076364554
8452,0,24.641305288469102,24.294494548053013
4878,0,26.04793447717989,26.275403226347613
1689,0,21.035141493498973,23.330491606140622
5753,0,24.138242936992544,27.373393527589155
2497,0,17.093666394345725,18.09491732120599
9654,0,29.360610003774507,28.24638764052985
6285,0,50.81779227989054,52.790753390824854
532,0,24.363040633963358,24.186746353888392
4041,0,27.226543159479327,27.642785035983295
6417,0,27.33709561278758,25.576785475492812
2126,1,23.26408377060159,21.927825209056685
9582,0,24.49105063516526,25.582517231626127
8095,0,20.954166074569596,21.57702497164487
2141,0,26.263470335300223,24.110577374113937
9721,0,22.760330449124805,23.25832728592872
7043,0,26.21076226289285,26.61218714818047
191,0,25.756492304705464,25.74190176679386
1645,1,25.35090070088747,25.214166720345546
7318,0,27.623564626970683,27.735241509720034
1799,0,25.514464723196845,22.308053181532813
2136,0,29.803330808801444,28.06951699526498
5683,0,24.40321458015803,23.091955558605864
2838,0,24.846528058016258,25.97947476380506
8283,0,21.317648500263164,21.71519016513413
3086,0,25.249629622017878,26.148989400332717
7586,0,19.05540677293269,20.580273801964545
9306,0,27.199020847083705,26.38699286104084
6212,0,26.37918007402365,27.866716369872055
162,0,25.831927045338713,24.854560034833728
6534,0,29.43910867382228,31.787300693952233
7316,0,29.230534879029204,30.427776671854055
4436,0,21.98630539196623,19.905354236668305
8411,0,32.486236945867525,31.58125727811929
7513,0,26.85007987174238,25.382873053029126
5029,0,19.358536480323227,18.686987555655932
2017,0,28.322526817656314,26.672425034376484
7817,0,18.05243107147141,18.841601648394683
8481,0,23.97684279545979,22.847131450480106
848,0,36.35887421659976,32.91670494671078
3481,0,29.80646595204379,29.231133210987338
3146,0,25.50830569234054,27.45650837716285
6946,0,22.195618689823323,22.513864180466783
1420,0,26.42760396658925,31.36299591993722
5282,0,29.77828356069325,27.323354748269956
916,0,21.266683000087458,20.753292531953598
5939,0,33.052704161439074,37.30796930260146
686,0,32.304953394920034,32.31328788849891
9375,0,27.004021366058318,29.787382647727235
9698,0,30.645582886090104,27.10385285763835
3446,0,26.074725318672513,24.634803894195027
7685,0,34.5215378302718,38.014722057646765
3581,0,31.644817608595158,28.223765484907027
6566,0,33.96541371700827,36.506628793045195
4724,0,20.04350028843988,20.241909089387377
2475,0,30.230562122358826,31.042777632016705
7800,0,23.047608474030753,24.338208011217684
79,0,18.343182648413084,19.75829625687827
2821,0,19.49385191713785,18.64735493526064
2453,0,37.80248827040605,37.37044092837914
3742,0,32.348192994527636,34.05302695890439
9379,0,29.737623815782637,28.336003136238126
1251,0,23.566276318576254,27.305592039582926
9450,0,21.155174050781792,21.47641199439511
3381,0,30.908780791022874,36.76655344944663
9278,1,26.846794116136476,26.44359791963748
6939,0,19.93161776178904,19.568327012518967
7314,0,19.318137407207203,21.08093882272679
9258,1,20.636421413528744,22.792910153617786
9753,0,23.720696094012904,23.271599460526414
8800,0,19.64997339358047,18.096664490682112
5778,0,31.696668559274322,28.258260473842395
3842,0,16.943168650129124,17.57505778524188
6231,0,29.21738022050678,25.270588557267914
3131,0,30.36959023969146,29.14165736396323
1504,0,46.66422891730246,45.69229080933475
255,0,34.13848609574096,35.158720912580364
1923,0,20.566566219967232,22.53170728985808
5343,0,20.60089629664101,21.837647067309305
7020,0,31.58165688098324,33.362514220602
5395,0,19.78749294446671,19.953647369015084
8460,0,24.758794580456794,22.90143317289748
2570,1,26.069005648421783,28.329536319269046
6782,0,27.36029610616784,28.340509574694526
4225,0,31.35876671889211,29.65985609794616
5682,0,26.869162063609068,24.134219925849
8131,0,32.2341775620819,31.39171576963352
5322,0,23.823363535000087,26.36915484485025
286,0,34.92850387624268,38.0780236089409
4073,0,30.97580415060018,35.4153493844586
9422,0,28.075613391895256,28.493406953844623
4341,0,20.642160240900115,19.749973428612623
2783,0,25.49191049632053,25.421247344102422
1379,0,26.521664705529993,27.453153737493636
7907,0,23.88590504286101,22.768915217669907
3882,0,21.45374165685727,20.62493828252889
4380,0,28.25465034189164,30.975185811737035
9648,0,26.43484002144031,23.74279803646283
1202,0,23.717407515346455,27.767147612696498
6530,1,26.5202304084693,28.442124035234436
4729,0,31.84746898599623,32.76146020238225
9221,0,31.194520606919973,33.32134540240828
2588,0,23.416530063804174,22.328744003536055
1710,1,26.48800018682304,26.076889601951198
9917,0,26.52203247423352,26.229675684453273
4158,1,24.923182724226233,23.431125489890793
8834,0,21.31724855354049,22.438131973095516
5978,0,45.484098493714946,40.8540032708298
6380,0,25.964826776589817,29.351708586235087
4728,0,26.288848115110664,28.48156407345819
8146,0,19.694669491854285,18.737905517572315
7416,0,38.57883719640338,32.81741387853147
6184,0,25.32291534593284,25.777339448367016
337,0,19.558282228065085,19.925278630911812
8591,0,25.105483070676517,23.10736539209204
2366,0,20.981552128134208,21.9229253856356
2361,0,19.055172865527506,20.744368509095597
3283,0,29.76624252479229,28.96400435827809
2083,0,21.759544868392286,22.194343326667124
6888,0,26.54869150971455,26.29397420512368
2520,0,23.69934849522505,22.797514269692957
5068,0,28.2439752035756,30.769731762284625
4253,0,24.930085223637004,26.794903431348498
4968,0,21.43114053451817,25.338510937556162
6411,0,20.72756072075952,21.625423597397628
7166,0,20.5959693367401,20.726134810392352
4899,0,25.21780228458829,23.854106808864803
2661,0,22.898736200510665,24.317843765281562
6622,0,23.105426586170957,23.428484328605716
6647,0,28.798474183309597,31.125860803849303
4056,0,33.422870389776,33.32750743447427
9482,0,55.017470633302985,51.76214820984691
6563,0,30.464712541033272,31.91978615187629
7388,1,25.98160706438423,26.011738204126388
1748,0,27.488760647438887,25.196911884350552
2833,0,18.253522227192597,17.94861332498722
1091,0,19.64238285222844,20.542096371831782
3763,0,24.469207724236473,22.91993068945894
3056,0,20.198231986557072,18.97755936186046
7623,0,23.19062535122517,22.67236740184949
7442,0,20.843251969898528,21.211138223095727
5313,0,19.38953695762784,19.294747552668195
4659,0,31.221400115093196,30.37454447923382
1969,0,29.496673204679347,28.22551081152439
9866,0,19.66910428162253,19.78369659005027
3737,1,25.348283837345015,27.607762316869636
3744,0,31.966278746820066,35.775267066139435
9060,0,39.91308305629925,38.56212158828876
8107,0,38.0051623229148,33.66341946950669
8149,0,19.50162844905561,21.456186774805047
2799,0,26.191560991309125,27.94280960256484
7893,0,23.213878393985194,24.796526252891788
3817,0,22.640167616882035,26.36088563702673
8884,0,18.4469791711544,19.70712932104802
5059,0,23.56020191072516,28.051297658084994
4228,0,19.961890640213294,20.188810527565593
6399,0,24.913130540747982,23.722168307077748
4701,0,26.773334767000833,23.917512153446836
8472,0,26.38490261939428,29.25498186213036
5182,0,23.585881053754708,23.434646432148853
4826,0,36.940027141361725,37.429165059330025
611,0,23.259507622285856,22.297899218686226
2450,0,25.841172978661163,26.80254378202758
44,0,21.406149859917402,22.228878121762047
8486,0,37.23289963085415,34.108469387202
1003,0,38.47801369165759,38.29518277861511
8960,0,24.269617635531088,23.848030751369382
4833,0,22.08026715158937,23.217801174368443
4776,0,24.044544045807136,23.814556135487045
8109,0,37.8092507976732,33.43232164934558
8918,0,21.133363854023756,19.68706046994452
936,0,22.452209081625146,22.03840619193863
261,0,20.92008749799652,20.021725314174308
3558,0,38.30174051504055,35.53759451754186
4819,0,25.19646505220522,27.220457338233796
7675,0,24.332531816270254,24.493721918869152
7480,1,21.606100040358957,24.99545154396493
1733,0,28.560191673542956,28.41231203841993
8702,0,23.494658615100136,25.911325671618076
8477,1,24.89667273592738,24.540358929925326
1074,0,23.26350207028471,21.73336860601907
3769,0,18.773761011990146,21.431185170485232
2045,0,26.865607539631547,26.00389287504722
3094,0,24.05283281232138,24.410086922677383
492,0,28.765590923451583,29.90494587613623
3158,0,24.04096762157785,24.498538681890636
9949,0,24.728816901286464,25.875935592387954
1901,0,23.306728913997198,25.47674347499738
7784,0,20.839413668495126,22.71806047912805
6899,0,28.149479791821346,24.70422501247616
5730,0,23.498053579542773,21.914202108844894
6028,0,31.53827356949715,33.38722397956866
9583,0,32.984177327825,30.564520455309534
5193,0,38.38208082818126,35.058949343933314
4651,0,29.990743557539233,28.403543435226698
5452,0,29.138127121393545,33.462669644756446
3077,1,22.84359108366228,22.714047304895292
6915,0,20.277369983064222,20.23405056985953
4628,0,21.815002352809188,24.255517330463473
1046,0,34.31322769346401,36.77160466426107
8048,0,31.23091904864706,32.12253686433088
3451,0,19.345599401396107,20.803353855545307
6046,0,25.323530532148858,27.537534640924928
7593,0,21.30891311618751,20.337755386386437
4014,0,29.578737912116893,29.993369058158805
5809,0,25.18670263393758,24.758750025633915
6192,0,34.42947273253121,36.53545525910301
8775,0,30.086292549896324,27.643275550660412
7341,0,24.510696376143873,24.416347924327447
1344,0,23.513277156020635,26.363777812491186
4203,0,29.065700373144168,30.802815970284698
9622,0,21.988452476818093,21.22518741609803
6764,0,33.72989827657183,30.412815899192527
7987,0,23.618656289016695,24.710268653720806
5732,0,28.15919791213672,28.237244963019556
144,0,32.53152072344572,31.94667868775665
1077,0,38.01538825129143,37.49970578694698
5369,0,33.80156137145704,32.235621345740846
9129,0,37.7385877320295,39.79172727210452
9117,0,26.899877164200444,29.17972618115775
4684,0,20.429032654295575,22.97709796835248
2087,0,27.40423172682793,29.52939692272323
1871,0,27.509871521029737,26.9188667526739
4226,0,21.719997660983932,22.439828513537595
5828,0,42.312882459597596,41.573939827495835
7343,0,25.76444083058789,25.011655190987195
2432,0,23.995600778127574,24.694377903944705
2859,0,20.474906782286162,23.15710005376483
2525,1,30.75346571346295,29.65793052439725
5691,0,37.18118538554245,35.250018632467054
8563,0,18.944432702783946,18.4113266288906
2864,0,19.789583186923903,20.641255971711402
2027,0,34.559712820036445,38.68784380395488
9936,0,25.70428615767161,25.78197833710243
3367,0,24.94818140224066,27.140990680014923
6451,0,31.977078186590553,29.49798890553728
6825,0,32.471745297767455,30.232951108359075
9853,0,18.899044340084377,19.153620949401652
5763,0,19.228349369818226,21.399161592568717
2459,0,27.553535384613614,24.09793632517275
4479,0,21.25236933038641,21.190444212039207
8996,0,25.99038641827136,24.081957012408573
3834,0,35.28325101955211,30.93374278829416
9584,0,31.328319467891554,30.53257617812269
5185,0,24.59348684035366,24.68884369735744
3967,0,21.564940790761728,23.91512910428427
3740,0,35.569752493220754,39.679014732066804
9724,0,31.85101456475198,30.744936152303474
2146,0,35.57324704295361,33.91236360808658
3994,0,28.367071308039222,30.70989239093347
4944,0,18.363767092263824,18.43078198294277
6726,1,26.18251744882748,26.44966371677981
2606,0,25.080505085005175,22.52081837464907
2496,0,43.69391566611205,41.00669476827566
3548,0,18.663914725346345,17.879618400807374
5429,0,29.121280509396247,33.86272513799189
3342,0,34.09778249342309,30.0526385791573
4175,0,35.5302900221428,34.28710104649801
2228,0,26.10274524824254,27.173009397899538
2612,0,24.420832072215156,24.819749535905434
5465,0,25.77125974932416,27.79375675270427
3388,0,43.576782967435264,40.11141229450967
8538,0,30.684935885541112,29.663111101914147
378,0,26.72732698391938,26.66221215202483
5223,0,23.74560405113002,24.969363130362076
26,0,31.811863732123776,32.139214050754916
7631,0,39.84748918896118,45.978555208192596
9137,0,30.68015459205283,29.01646557269243
811,0,28.292027770272085,32.7444014992619
7147,0,18.424183791921376,19.26027799717121
4723,0,29.525596951039294,25.796475547059856
9852,0,19.972510775099224,20.07897350119008
1450,0,29.416733128094087,26.183687923242275
6453,0,33.41717726324773,30.869532969585123
7503,0,26.71107148799274,28.24827973448127
8085,0,26.1961168856905,27.389066522467406
2796,0,22.250812354611053,21.60768655265468
1801,0,19.95683578355182,21.517486386635582
3899,0,25.206331834795836,25.748883618164253
868,0,34.706906826809536,34.57555941580368
2798,0,23.52480778825521,24.40405261754379
2034,0,25.03275233694334,24.79062252678747
8221,0,25.02683049452214,25.630843689753153
5968,0,20.091258039033004,21.18823178358733
5046,0,20.251313107809885,21.199729848801667
6008,0,45.469217522405344,40.49562071635129
9374,0,23.62914840485451,23.184719000357024
1362,0,29.967695815191014,26.67683524714665
394,0,27.47264356846289,30.44817931850202
2517,0,36.43661478930601,34.848213975384766
1323,0,35.63133015417373,32.76641059802606
7155,0,24.917395114002247,23.700501779462545
4707,0,19.008422471232663,18.31597056932419
370,0,23.65193321596275,24.253528776058275
9404,0,21.15940547973889,22.533257930673116
2581,0,20.215340880781984,19.780240119832662
4450,0,36.63691260137609,34.46643149569596
9894,0,21.51063462408036,21.210284222830957
987,0,23.92429501435008,25.450921134562748
1788,0,21.547710830438355,20.50673715804341
8997,0,27.939862549390643,26.27766577577094
8344,0,30.00105927636707,31.70481219422424
1183,0,23.918446940715242,24.874207388457318
8579,0,29.607053480182525,29.526617041154296
6679,0,15.791543495643731,17.514078203855348
18,0,20.719474456036462,21.77281188611701
7834,0,40.6701522620832,42.03478862553626
3185,0,17.73296027162238,18.57278080670054
6486,0,22.23734514173415,21.7189145507429
6924,0,22.011859488167595,24.622289335028086
2022,0,36.85433321597751,35.75381867270783
4443,0,38.00394508123139,34.062864214535125
9757,0,22.204040001004262,23.84601113292794
9064,0,39.521731987396535,34.11456884851681
8099,0,27.024780516895536,24.76744926585565
1417,0,28.47739094581737,31.618131148270592
9812,0,28.222854676067083,28.837156369100192
7218,0,23.571774203196384,23.105403036015648
947,0,17.93736809962829,18.181538239446837
3215,0,32.13453160656963,31.92863898364062
5594,0,33.87832806100721,35.33002167049326
9260,0,36.579828525367304,33.1091975037818
7666,0,22.61827482253411,21.96340946153237
7358,0,29.996692946603346,28.452143000605272
2773,0,24.413667975761594,25.328465605322876
9298,0,21.20200995085548,20.79581619903931
9182,0,30.613296810001135,30.339288183561983
6103,0,19.748478168296092,20.863665961192638
4328,0,17.480024229278662,19.792556298310753
6606,0,23.0012262010694,23.653704860887835
7129,0,19.003290961686957,18.997211997782763
9190,0,25.416698845406675,27.02769832334275
177,0,22.400441807150752,23.932345973292946
6816,0,21.490060653263043,18.896525591061675
7527,0,21.477624060064848,21.445256016095552
9209,0,44.32441967208198,40.96470137727279
9740,0,36.26358940080508,34.75299185432532
8425,0,35.858951336842935,36.635461537400445
6169,1,23.02830657715118,23.061492834878067
5197,0,28.050662073879217,28.096659314718487
1400,0,26.66351428842446,28.016799823305963
8177,0,24.194449936347347,26.386039460311192
574,0,28.845385220052005,29.483569804297144
7629,0,44.45321662134311,44.09292904268047
8509,0,25.90840486168193,25.167207073427107
254,0,21.73666124582039,21.422479558372903
1792,0,22.86555502812554,25.782322873067148
5187,0,17.349478777212717,18.31366469063924
2544,0,21.956263016727046,21.823486615661558
3118,0,41.472641552087104,38.93083345581439
888,0,24.02107262576993,24.908036197433336
8825,0,19.67043115574324,18.859267377639966
281,0,37.51668822915679,40.70119923571994
1826,0,28.57564324875298,25.099082368047796
8138,0,35.00579900261897,33.94188011764935
9110,1,29.877951419699713,33.00648645331805
7110,0,20.491720769031932,23.40910881175627
9566,0,28.306241931128614,26.741853568309732
4586,0,26.520821137761207,25.334185891639855
1273,0,23.955996430858722,27.46151945197852
6589,0,20.364902382856386,20.26658138187249
1757,0,24.01324724128988,22.685568120422776
7056,0,19.850170712058727,19.61817556246459
5349,0,34.16082014201009,35.85185681741257
9666,0,21.605572102632127,22.134526202955318
9994,0,30.024783773878724,28.36613374076346
3294,0,29.29862100534966,28.309193492944146
482,0,40.573723662541276,35.99044290368573
744,0,34.26999056844402,33.458023620199285
4477,0,27.81000927672089,30.81831910174005
8416,0,31.959781129183725,30.52641327903781
1986,0,24.840785268449615,23.806219150579842
1935,0,24.0922113406309,25.889919643009772
8737,0,22.017638555966567,20.623988349433034
1024,0,19.491410951133226,20.830948482086498
1553,0,28.8069344892992,27.877269281428944
741,0,23.105604187082445,22.555478882368366
8239,0,29.073792383307612,29.435954155630174
9474,0,24.857503147815997,24.469500428694083
74,0,34.37732861062083,34.12922657505243
2624,0,20.43866066005548,20.319019073713918
2909,0,18.07954729865214,19.52696681697981
5346,0,27.208073209800016,26.599077078191883
4038,0,17.785185897355717,17.950007594552726
8564,0,32.873054466713704,36.252726172778274
9741,0,33.21439588453764,35.4919369423498
5361,0,20.28773186316875,20.8557349593667
4099,0,22.22786239407651,20.00512804867777
150,0,28.97814673015933,28.355609968669608
7708,0,30.18935274414405,31.520231802390185
1552,0,25.758013249491967,23.877079690748992
5759,0,20.281222907020943,18.84491852125517
6030,0,18.690668243512793,17.49096749160669
9143,0,24.842781021532403,24.49081641669599
3338,0,17.83626789055653,19.440463487250497
7183,1,23.16659082097628,20.534354483114832
2907,0,23.619478730228494,22.799949290697864
2016,1,24.27553967152088,24.080679120183568
9984,0,24.410960654437677,23.22726686521976
3824,0,41.676079900843035,37.036552669877054
1583,0,26.63603645131112,26.620754289673815
9371,0,24.568040705968873,25.401837754937723
7246,0,20.757725293950482,18.82965534517406
8368,0,30.288034082051954,27.69215478986427
9750,0,28.309383539005992,24.851685588056487
4536,0,39.30943808717367,38.74628081443847
7830,0,23.045297523906267,23.054346866582385
1179,1,34.558907159949534,34.11184678642823
8623,0,23.59399171780556,26.281960337519184
9323,0,21.55726183038394,21.66332698886023
4979,0,24.557495915236746,22.796043343245135
5516,0,21.163182177439943,21.382683682629505
7265,0,47.17530231538122,41.75312219159122
2848,0,26.826697621765597,26.218281760311857
1451,1,23.795312062106955,26.491589267665475
9760,0,26.776889583284905,24.58907198147176
7174,0,24.949718469690108,25.78435892110589
2391,0,22.615337843655638,22.024755052867373
7012,0,19.582286052970595,18.459383584653324
3992,0,24.792673832730742,24.687741694930025
2915,0,27.183654664118322,27.26585352729251
5548,0,23.58298135224132,24.369294425768565
6073,0,23.59607176482568,25.316503922354073
3107,1,34.73716601190096,35.09848847237843
135,0,32.173157298043655,34.00720506503363
2613,0,20.63764730912455,20.031396538777788
6076,0,22.5108994400408,23.583120487909305
7966,0,23.49536520839828,21.090401180078143
753,0,26.398464389433553,26.089600620904534
3855,0,36.03476598827685,35.49804353188686
3673,0,20.904199450691532,24.191567832666014
4954,0,34.53638304312121,33.956045893068726
6703,0,17.099192419665073,18.701090426438117
4265,1,27.903059786408168,26.28649193217282
3246,0,32.82034685417601,31.63310458333128
8600,0,41.85112255503654,37.67261044652007
6071,0,18.152260248641603,19.223702212674453
8625,0,29.651458392037533,31.846976078218848
1182,0,24.260525649730205,24.53324489712639
1692,0,18.495477565790445,18.488310171138018
6470,0,22.99904808857322,22.944445341553276
6185,0,24.7212461390663,24.9632344152958
7134,0,28.950724357034392,25.678962575653195
5727,0,28.595608867661863,30.069866877252714
9451,0,28.210719176657275,29.540596266562535
7963,0,37.63088025625938,35.24274566972174
3713,0,26.360520019792926,26.227775409715843
2071,0,24.84031111376253,26.699958498829385
9683,0,22.301131189150702,20.892661349239297
3271,0,23.373400388187168,23.263349091423564
9841,0,28.133578537512697,26.92148435769346
6220,0,27.06138911908146,28.225394760204715
4347,0,31.894440428129975,30.23176671991248
9429,0,18.308685062125846,18.74607078396449
3900,0,26.359824806542747,26.060745362739013
8980,0,19.68606143020339,20.461119420596695
3777,0,27.68618399212255,27.085118561458817
107,0,22.152127360861538,22.40559962767737
9114,0,29.417305471370987,26.198509781099595
3090,0,26.80291715745315,26.363383508221897
1854,1,22.753606031146116,21.55600681172129
1908,0,21.465259700389353,22.118787612955803
201,0,27.928377861634413,27.647878561514894
5311,0,28.135457085574416,27.646012884790686
9107,0,30.17968012077083,29.25928842738442
8583,0,27.77656316663218,26.85628397278845
3743,0,29.435472551791808,26.95276179075352
6400,0,29.15529650377872,34.275772134437815
5602,0,20.60806639897594,23.11185600475244
1464,0,27.587389016534157,30.426995581013998
5497,0,17.881211259788518,19.165908346620004
6604,0,29.785375313438994,32.654279581603525
8194,0,33.688966069363346,31.299470534567202
2755,0,29.74371775820606,32.58392933394871
5938,0,23.111546254469324,24.792441620248834
4405,0,23.678594585615244,21.78240412525282
6744,0,18.618466768029307,20.026871945571962
9825,0,19.049447499062452,20.12314921235351
9048,0,23.206098069518795,21.937811417583696
5098,0,33.19084461317776,34.21812129277881
7185,0,23.41137384903692,26.64601350042594
1660,0,23.728688972830437,22.818741078998812
2954,0,28.39359826228533,28.122392755753612
3914,0,22.418461532735467,24.803465059165013
2199,0,28.043267251174495,31.5226378633923
8714,0,23.862206594905995,24.411466156737756
4575,0,23.776169723890533,23.466138991069858
7897,0,30.238149691880967,30.722559399162684
3911,0,27.546826587022494,26.192524342891392
6895,0,18.490044147229327,20.629733328013437
414,0,24.730415760012736,23.688400913915785
6040,0,29.56369237951082,28.358607243373587
9268,0,36.054962979563285,36.19812062623263
1127,0,18.656742497218296,18.613197149427037
1444,0,35.096854058058796,30.573327293347354
5963,0,29.95350998871098,26.921628059865043
1101,1,29.71437752490543,30.73831453228616
1997,0,36.05761268814256,35.70025808843145
3955,0,47.25400979564284,43.85290091332902
6222,0,34.73394577762691,31.68723160410893
8793,0,36.11389792945972,39.59412112899906
9980,0,28.27674838897002,27.427854729941576
742,0,32.590559632350505,30.480058921145105
228,0,30.07390326947197,31.181421382011024
4244,0,32.33754533225541,31.42575579984894
4655,0,33.85542298629258,31.225055873866857
8719,0,27.070698132730122,24.50860522376932
6483,0,30.619383947349338,30.95822544318777
7317,0,22.876793790998605,21.994917700290262
7285,0,21.851444833941855,22.66209217543065
864,0,33.65385889536022,31.248587956065723
4662,0,40.160183769226485,43.28668227591588
4798,0,31.99945454837961,27.998680907401084
132,0,21.879029795617683,23.183473942352478
3772,0,19.466808367557828,19.94968780951525
7006,0,23.127439369349883,23.178254860302694
7351,0,24.421834695868395,22.524647368396323
2789,0,26.800525898800345,26.663284098021254
2122,0,21.77789190422788,22.050274174880762
6493,0,21.29088230595233,23.108374176466626
9610,0,23.515432902928218,25.573311307635258
2127,0,19.485933644635775,19.575742489321073
7554,0,21.903673277391185,22.451840085094968
2312,0,23.668725433241526,23.78251880327374
7978,0,25.524605159806015,25.071940229226197
3527,0,39.520700076667005,38.15459274096331
9892,0,29.019040406141453,29.294577647809945
9295,1,28.169354074285536,26.039730751226394
6357,0,25.752896561636955,24.97848381181269
8245,0,32.40273336387613,29.90297253502145
7823,0,32.1378934678716,30.683806433460905
7093,0,20.001335669805172,20.520910569068036
4248,1,30.466459906773895,27.398777382469802
7198,0,17.268463743628708,16.208518227251183
5853,0,29.50103895918854,31.39460149454351
1702,0,31.35558340603913,32.107725197337395
4845,0,32.91165036408656,36.070162447192374
4912,0,32.989699969251625,29.59383833609255
9911,0,36.04624219224054,32.34526492091808
5620,0,32.04351032475296,30.64959409434072
5216,0,21.593166709480077,20.77661899584615
1058,0,34.29593921726,29.958237150216906
5804,0,22.688258415192113,24.135148132840158
2726,0,31.991016684537584,29.871194767253616
3676,0,23.196469209998497,25.033860703823656
4902,0,25.039863982742993,27.13237581766414
5241,0,22.332587776439063,23.06284416919766
4177,0,32.07101609984295,30.292645082839446
8653,0,27.41757113624635,26.92649810556729
6893,0,31.353347274705794,30.185909341769456
324,0,17.93607999476347,17.89316793379661
6315,0,50.35593121695967,43.20000421626815
9997,0,21.970577997902577,20.800262036516234
6057,0,27.910401192965608,29.476591192812354
3471,0,21.27433737025226,21.267350355276577
8421,0,31.173914810719378,29.86340879991671
6491,1,28.66295588916743,28.05418789847183
5917,0,18.054246020991894,18.830552102850813
7533,0,36.671930123685364,31.5646348250911
5950,0,23.928012203772834,23.659705958348844
5826,0,23.33307209593363,27.353821043671644
9219,0,27.148696248854133,25.373664238357712
3617,0,22.99672742768425,22.247901909328018
3498,0,23.42479289177494,24.970730316542507
5790,0,22.13994565133007,22.746036134266387
4429,0,22.691640321369853,23.21148784466627
157,0,41.63027334971579,40.34332868647283
5894,1,26.007796548427585,27.67913578178046
1835,0,29.725977364413982,28.96258065982485
9433,0,24.4552210521812,24.33832857113914
2447,0,27.318387956159235,27.278159735489748
7597,0,36.63227182475937,38.58165774785367
837,0,30.73327495158279,31.491213526564692
15,0,26.72817520825204,26.54725165931499
9680,0,20.637051044826173,19.61910196939919
5242,0,32.52623176598412,30.186148713268295
1019,0,22.125335927941236,24.680693880031512
8618,0,20.846011011845928,22.555254858636946
9988,0,31.916978728083123,31.403500849906823
5124,0,20.370397911389155,19.78685918873276
8601,0,20.89295947679143,20.635135476917316
3345,0,39.44702650218019,40.83431798772252
7337,0,35.871036346114465,33.82190287903434
1506,0,31.894036353691256,28.305469911719328
7196,1,25.93562530085474,27.453879109112602
8944,0,28.530130381786382,23.792614163565396
8816,0,19.38536287480337,20.005506757073174
3080,0,34.8771658839024,34.52935134420686
8484,0,32.5295697126364,33.520555229238305
2481,0,36.761585753894636,35.669516805274704
4372,1,26.41843907954866,28.408397848750592
1850,0,25.78887929005694,23.666285448643283
4153,0,21.03959140750558,23.385847423727558
5924,0,22.847141615439604,24.393569205152986
1934,0,19.858478967154316,18.45862328338361
3562,0,27.91744264321509,25.072105455633782
8947,0,21.568948396979778,20.442817297184153
3819,0,29.61004671229642,33.80834664159922
5230,0,38.01264352227014,35.658555637207655
2439,0,31.33868547382066,33.66066941780202
6271,0,22.902648724845225,22.629102940516724
1657,0,33.769945742201145,32.343156858220574
350,0,22.387258072003767,21.20582559972038
537,0,24.341932761657976,26.762746532182007
5030,0,20.98705281851498,22.656114502831358
1222,0,21.760684797734168,21.029737494516358
7692,0,28.13598678957015,28.77424958782072
1049,0,41.685624184837614,38.98048000576465
3746,0,16.80504730091869,19.075561003455974
3325,0,34.29525734381261,37.48697349821825
2482,0,18.378675529689797,19.353429763874193
3775,0,29.365539541094257,29.23445342040175
2307,0,34.79406765095616,32.71361572720772
1907,0,23.28704893150142,21.65929428045379
7451,0,21.992991483842427,21.3782530762234
6561,0,32.785422017903514,31.906477258659386
2760,0,22.096369907658623,23.23388068625753
3312,0,27.884931303995433,27.10369477657442
6675,0,20.16669887613717,18.103685494957805
3879,0,17.213674980770993,17.422485181898956
7372,0,31.952883969565413,34.64823763959516
5458,0,26.55100736710233,25.24517584166379
3518,0,32.65680795446817,31.239367688345403
9887,0,22.678626663339614,23.285488072195236
9956,1,26.540203030973384,26.857702507475082
8101,1,29.05744635193451,27.761079850561444
7540,0,24.649891472782706,22.767724176093996
266,0,24.785325504609027,27.271218818367668
7380,0,32.88483407519668,29.290172273956415
379,0,28.719918322503766,26.82598728955728
6286,0,22.18367216057051,21.636755782233656
2176,0,23.96391849900045,25.999994032099977
6111,0,24.080636013557125,24.962463222062592
9963,1,24.901109186729855,22.58523815812962
4535,0,26.665241328937896,25.394234115545277
1977,0,34.5464669309623,32.56133409917919
2555,0,30.83822729385376,29.957098718885618
894,0,23.157892999298983,23.212916597455475
1732,0,23.860748827398915,24.26433016417368
5405,0,36.3836163756271,40.50894316600224
5442,0,26.780592506884915,29.352964941224467
3734,0,30.14411233221268,27.754409979151905
5981,0,28.98812216218401,31.580452128497488
6087,0,26.039973215100762,25.044346836554766
1395,0,31.475737085074087,29.70336718771733
3302,0,29.898018599114177,30.38068786362663
2768,0,18.55044409476248,17.95255584684294
3059,0,21.389718638875973,21.494677719904548
9637,0,35.14325600385423,39.093815238435766
4678,0,24.18664969165631,21.926007203378564
5397,0,22.81837455160104,24.469043556390112
516,0,32.48841515541204,30.373013347353574
1516,0,40.0371094339819,38.04384070450706
9112,0,32.62413275151019,31.9074026626032
1020,0,29.097787840514542,31.245895793857276
1035,0,25.777865449340275,24.151263001879634
3779,0,30.669351770665195,36.135831366348945
7954,0,40.16550619535682,37.8138109505668
856,0,19.972330492324676,20.90802036037396
2266,0,26.67583755852924,29.634624225481094
3068,0,36.31681471686972,34.63366041799765
2758,0,22.020142261575494,23.032465784612793
8398,0,20.246501139639893,19.075815612340374
9443,0,22.948902302547758,23.057659622282753
6894,0,22.989726342623605,26.01646124517674
7992,0,21.250549008358746,22.70384682631612
8170,0,23.184775818004095,22.678353952554644
6112,0,29.27276474500298,29.198840777136994
2621,0,23.147430305836117,23.15645057487343
3830,0,17.94909571775525,19.282677403396526
5985,0,20.97088572000072,23.57528230328293
6992,0,44.436074856605615,38.589273585162495
7139,0,23.737501067385192,25.407236769141907
4696,0,28.92975768277574,26.222071077369332
4654,0,24.34631838723176,24.579769861897454
8809,0,24.23527972607857,25.07425942127997
5287,0,25.4068401601159,30.464814623573723
2386,0,29.410737748726927,30.533274460434733
7768,0,18.205797839222978,18.925814625491
2836,0,27.274113822186113,27.474967514187494
9460,0,23.328219363970415,22.69653137725716
6988,0,21.485398762036752,22.77754061083028
4717,0,21.3278837113407,19.04067807933957
3815,0,21.316505405853036,23.105631285786075
4583,0,33.435918064845026,31.576102276497444
5258,0,26.09771702836053,26.134896478812674
6376,0,29.01755452123893,28.58103725875722
9386,0,24.22133912837883,28.807388199446187
9621,0,21.66539305202162,22.324970183185286
80,0,25.295397514806698,28.43743956106127
1339,0,34.27072959861812,32.462384020004535
8066,0,19.06032828714581,21.09125629176531
1406,0,21.200550750122854,25.002893197004504
9022,0,24.498249601393326,23.193410377673604
8685,0,28.205899708689017,29.047609421799123
5557,0,33.49827303293639,30.728533340278773
8129,0,27.753176168493724,29.852915643368075
436,0,27.921098269353898,28.415381510888995
8516,0,26.670620362921625,26.965959993035387
9378,0,21.455643853857563,22.218427956694754
3390,0,24.09172735950831,23.01258598508414
4157,0,20.305759904395508,21.601567865998415
2976,0,26.89768270505189,26.621283004986527
5337,0,28.526267051608404,28.6373699003036
8952,0,22.469154355569287,23.037345095286597
7163,0,34.86600159627005,34.47544776713471
3334,1,25.234521424569305,26.012044994859984
8796,0,21.537691240957994,23.862812701470016
3554,0,34.66943400660312,31.883758671695087
958,0,34.53756646289304,31.118335428037206
9155,0,17.31131160355537,18.767990882458417
5052,0,26.985771946371628,30.273937734165063
3626,0,33.30764378288256,35.123518460981934
1235,0,22.638922874454302,22.263327206248395
823,0,30.332988166849184,32.01621279075259
2803,0,35.23597740327282,33.95272241001504
6464,0,28.00465245765707,25.617858320000522
5413,0,17.17959016642699,17.709401257966714
9214,0,33.768318168486815,35.04649444723987
3495,0,26.2542459619633,27.428417006106873
9217,0,30.610020879321766,29.66007351483191
8498,0,33.86843501369869,34.75876745472726
3355,0,22.487731029390144,20.48744086905811
658,0,22.299820427878487,22.872093394741462
4376,0,32.87885975163389,36.23879471303013
9316,0,18.857809754247807,18.22340633905621
1064,0,32.19476337750977,28.26327287874685
3288,0,21.08035920344132,21.805760809714002
8580,0,18.982918856851192,20.390433433735975
1584,0,32.54450705458973,30.362120369019507
2762,0,23.109582341190418,23.816509461316038
6736,0,21.19407566757485,22.095114488736204
2869,0,27.538234632456323,25.263291291849512
4432,0,27.049710090458966,29.966636153427313
7565,0,23.505198999997404,24.885976576188774
7792,0,20.16090551329044,19.567621352836326
2315,0,23.418599205441733,24.775726813921654
2617,0,23.281051073854798,21.04424870210931
2492,0,21.345040646536344,24.66392314379616
6880,0,24.08015018994212,26.075522071270612
2291,1,23.705104327434476,23.223266931476516
2155,0,22.93780982519139,23.250955983227364
7943,0,22.923121916311022,22.262404936853
2931,0,26.768147307367936,26.294902786682385
1357,1,32.24901625873618,32.422261230246605
6688,1,27.229100254865692,26.68274701022666
1775,0,22.086438466357706,21.703982112881107
7643,0,20.714723015734716,22.441084034294352
2784,0,20.307968307554773,20.94098263172007
3109,0,24.6378195063139,24.95448825652375
6741,0,20.691358502792774,21.227681535704964
6508,0,21.237904472068372,21.909269664400636
8628,0,28.237830416860266,33.352855351719526
6365,0,21.935548622014313,21.660359069481537
3553,0,24.0627231626057,26.24522755740149
5688,0,22.60917072814075,23.465089181236472
1072,0,23.427709516227953,26.289673166106432
2296,0,20.014214686736125,20.095678163936107
4913,0,21.59299819939684,22.530806822776377
9132,0,17.219516725553213,17.75218638379154
278,0,34.65626312358289,31.73163617077161
8505,0,20.081568439950704,22.055566117903815
7789,0,31.505928247017717,32.1989193597443
8982,0,20.52487038956795,19.536966681832144
801,0,31.63505599503072,30.874009711540268
5134,0,27.218018576622523,26.38073680261667
6746,0,23.6326267595778,24.443188970452894
8301,0,25.565480974459454,23.950490497820976
9439,0,38.24561825308932,38.19241558674678
287,0,36.847771452030905,34.448295105384446
381,0,26.7830080653233,28.27843199378502
1591,0,27.447186822888806,29.34516135272217
7872,0,20.767484130660566,20.141780630924494
5054,0,26.695199755755002,26.41550678442526
7022,0,31.66526928744159,33.39786645618007
4191,0,23.343744281974352,24.83380191756709
4991,0,28.20547012788564,28.31327032917399
2139,0,33.405928636623926,32.05646925924669
6843,1,31.683785380961254,36.484474312922956
9211,0,23.350571391227152,22.92036116612727
3661,0,27.45886054222567,26.454147959703164
5340,0,21.185663712956792,23.602839897349106
8847,0,29.24237723251726,28.347649837209214
2498,0,23.01729348021745,21.477542930208553
480,0,25.529936634928845,24.48971920123219
4393,0,32.18814806392234,31.33547880185936
7958,0,23.61243745205776,24.163672577229924
3022,0,23.249704340081177,25.723683674398067
3726,0,16.860548311136142,16.922671820707258
4108,1,29.08956971357965,29.280750863678872
715,0,23.829983900090266,25.76993974443106
7501,0,24.57669329514664,26.183169434180286
6614,0,21.14009656450186,19.70472602423088
2433,0,36.47504802047875,32.32057172474604
5106,0,19.049166010767948,21.014086275358395
8934,0,35.86769164228544,37.967315870075
9720,0,22.313774095941913,21.854097485325127
2937,0,42.50719127015351,43.92516545487978
3989,0,54.14861123765,53.16876471924679
8727,0,21.476355684254674,20.30685890961443
3191,0,21.33188115507068,22.791694927005963
9299,0,23.417371177792482,22.182496305026113
6070,0,27.510613624716598,27.69881997478289
347,0,28.268060589279177,29.19639766252678
804,0,27.354385654738895,25.210383078350528
5573,0,26.46398536184837,30.15562539736533
656,0,19.269462202198287,18.678347000202173
9826,0,26.258929913246718,28.683493717606176
2235,0,32.06172611244054,32.727919646350955
1287,0,39.98364213908609,37.09505550008335
8423,0,22.99849898588432,25.164848615436128
6129,0,29.1947440895394,29.59854071792844
3916,0,31.942629152861176,33.58373319493293
8777,0,29.524265392808207,27.514113784966042
762,0,21.204950598410957,23.112562550545633
3193,0,25.693026118993746,22.781977631145125
5627,0,33.67603542405905,29.72126356547281
988,0,22.53550839610021,21.55493116728137
9981,0,24.57656289583017,23.142656536327674
462,0,23.58653754059692,25.886925266097197
6610,0,30.29725849930008,27.98645785925153
1208,0,25.42578885523164,23.69800483197152
8916,0,24.103921278138095,23.363902449901584
8616,0,39.23411212777473,40.06108145292108
5102,0,30.004166680395738,29.845906976642304
683,0,30.000932709919446,26.97525157331507
1547,1,30.05153278963076,30.650465033914188
1051,0,20.669845699301497,22.78290574835976
8553,0,25.651673728157363,25.261846156626714
9360,0,19.76429144820063,20.42233323642724
251,0,28.213835294698775,25.546053441101765
8746,0,18.09088821245857,18.447229788249793
7019,0,20.645176176398255,19.48250248102952
3818,0,19.15777123784938,19.57953013361238
6616,0,26.908356024465398,29.295184153322364
3690,1,25.339601522455677,27.474768640710973
2110,0,29.827279833977617,28.541974353284782
408,0,27.605191495033747,33.42325464528311
211,0,28.419340787456047,25.948000631288767
2131,0,29.548052134481175,29.77156720379533
7653,0,25.652060682481682,24.799766608951064
3329,0,24.96207388102198,24.209003295044823
7319,0,20.631028268016774,20.151817533862392
5684,0,19.380710847126746,20.691730654746888
1876,0,26.19409668020665,25.01207333439501
3029,0,27.134223536643855,30.492984692437343
8975,0,23.183955825041203,24.831409839041953
2014,0,22.944593576346524,23.424568402073447
8691,0,29.484533151899594,25.10035564394679
4437,0,23.65200913676189,23.98316904468371
7562,0,27.39119033707608,26.45156794974336
6197,0,29.944258398335606,28.660471433533022
1401,0,22.16822811682516,26.266155114507242
4016,1,25.891457680358496,25.677306589674725
8557,0,28.194834817250918,26.674418701649525
9245,0,30.844203517780684,33.711820590233145
3297,0,19.751975178722862,19.248042659092853
7939,0,28.51031277581608,27.4590392775708
4022,0,25.26994681135988,25.848215314171107
6711,0,29.46905341042815,26.580193766301157
8687,0,45.70681117625498,40.93776481276962
2299,0,24.808000104795436,24.779605606332503
3595,0,23.16629915394421,21.938376947051488
5023,0,52.34010082197392,50.62409268803438
3917,0,23.350102798728525,21.511011672067497
3043,0,34.13913963514761,33.51526319014093
9269,0,32.757489104635994,31.54845111903401
3186,0,24.519497091414724,24.497146649027727
130,0,36.152907629221836,34.096355919680505
1762,0,24.521053137358603,21.17356762642969
9798,0,35.61387280215144,39.39171118083622
8676,1,27.679627511641844,27.19597926991517
1713,0,24.954401996596502,22.713018832545547
5063,0,19.32794287159383,19.643315378930623
6576,1,20.81530406020365,19.101120498194156
7193,1,28.65207487343299,28.758978485640192
598,0,19.342295734089316,20.094149888579537
8307,0,26.965086801180874,26.136965094593776
2075,0,28.265854091565224,31.67656822514641
3136,0,28.299880621095536,26.214445251665296
7177,0,46.77335039134171,45.14081666560072
4397,0,29.59893643625116,29.238035951357087
6635,0,18.31528876768099,19.76456161866239
7002,0,32.58516991263441,34.04285344718329
2088,1,31.053507002330843,29.118442782398663
3172,0,21.560916952812182,21.850786186660002
9813,0,21.756024413765097,20.90947609638129
5488,0,23.604090929983755,24.341671382983144
6259,0,30.38410354885554,31.177407687110087
8399,0,32.21916663045982,31.886143885121456
5082,0,23.4961066240401,23.554017094594066
3513,0,22.82874065239046,25.565101078613356
996,0,20.974861038569976,20.210919292355616
9859,0,26.06364606567459,23.06195163116052
7397,0,30.057656500387672,28.683986866540724
1620,0,22.864555831179295,23.301640740151438
3035,0,27.434326882307797,27.30993603769501
7796,0,28.90011849561547,27.928248275735115
6995,0,24.88180033994467,26.454900417191656
2531,0,24.546195622596166,23.072503594333572
5999,0,30.11113832515985,30.775804514817775
8456,0,30.837663267179195,30.46092278210969
6854,0,30.35903756083791,35.33620967020814
2422,0,17.56548793881926,17.072479246923482
3074,0,35.71330971098522,33.97294612971957
7425,0,30.341097548800086,29.891447131133837
967,0,25.298152784817642,24.493788786793097
3754,0,27.76502434968588,27.64122182570975
9253,0,18.996764155045177,21.243811790452124
6889,0,26.886784886208055,26.49012038668176
1334,0,21.578861800744118,21.515131536343503
4849,0,36.4921380876523,33.825294732114116
7434,1,34.512735806261695,35.10316100122415
5389,0,22.98171658443799,22.855295877960426
2300,0,30.523757828859342,26.74237915480234
7037,0,39.75936976836998,40.01189232386399
7474,0,23.50972974985308,23.133920241274115
9590,0,25.322402537375712,27.529680345555963
7660,0,23.165922147897692,27.28405718202685
1532,0,26.266819021357353,27.899297460975784
1925,0,23.886079742538048,25.406147386260457
2894,0,18.187721092026905,19.94913588448084
3218,0,28.402113477984365,25.992769497401834
361,0,17.741643691235677,16.633065529179632
3858,0,26.86730597694122,25.558550896319876
3988,0,29.80275825372908,26.447266297582097
3371,0,19.289212362580972,21.332304523018784
2370,0,27.914322993550606,28.809242101454963
5880,0,20.67879843858649,22.721792917467752
6157,0,25.765795583301685,27.247927321627742
3535,0,23.012418400605583,22.852323597867784
2404,0,26.95767742169619,27.75769447536711
8994,0,23.746513884932263,22.761437085240846
229,0,18.577249642825805,18.652907432926042
1995,0,43.6561576753357,41.45827215232621
3281,0,21.932802126611026,22.505462883416534
2873,0,27.094024103512155,29.782711719803007
1982,0,23.609416245595813,22.614956146192206
1327,0,30.231636679759617,36.27232383384317
354,0,39.090462124608045,39.91450612507416
4178,1,28.415946314311494,25.148346726688906
7338,0,29.173513442567067,29.44490107869301
3606,0,18.27088442372644,19.666507441881343
8278,0,18.833445889805816,20.27146093196649
3594,0,27.495968719168026,29.47354871479464
4938,0,30.91317328565253,27.56993529075236
8632,0,20.34788663752628,18.52560049449561
2451,0,31.483533761733252,30.35382182778345
9840,0,18.338866161958926,18.5637166024001
4584,0,21.475401351148726,22.02466737427066
9604,0,29.468946208408685,27.95117282840619
8630,0,30.477997998730395,26.699631191648052
7933,0,31.598067541587973,30.596790415937516
9336,0,19.137072211861724,19.483663777067832
8058,0,22.031671393889283,22.005264713030915
307,0,21.529110295376622,23.972565554693734
8203,0,32.84505397304336,32.67805965168391
4591,0,20.4085331396075,21.15054709314554
282,0,30.815788005314936,31.7999174706352
8892,0,33.56399190029689,38.19650589039764
9645,0,22.14094724047341,23.768013438745978
5412,0,28.8749587796669,30.328622140826432
4006,0,19.34601374024557,18.86950430959653
1349,0,35.284266742693134,34.732352794494076
1311,0,21.585036329949286,20.937710808019265
127,0,27.385123618422337,29.362142622213685
8831,0,18.05252475029435,19.07030898622537
7888,0,24.879116781912643,26.96404913519576
4777,0,26.352981937124955,29.110642450109356
7277,0,24.40112018522705,23.537674621162935
1291,0,27.203509447312157,28.20376395943984
2254,0,32.69313220688515,34.490963457729556
1498,0,37.936040133876055,35.496079598457115
5646,0,28.343719634660566,27.11051049785297
2658,0,39.616281515187175,41.115872532706206
4915,0,22.185200291886886,21.449113659120894
9475,0,22.276053367855024,24.08916180973658
6982,0,31.54782894035159,28.235863461117972
4813,0,25.623624634031756,23.23903755343769
2650,0,20.502828776260422,22.1487635922146
2538,0,25.67696600894622,25.389006832043282
2899,0,25.05204393758171,25.655984055159298
7262,0,41.13875640980576,43.72475477925146
3781,0,32.20169534427433,37.845443340530686
8749,0,25.421441630374762,22.743246478333486
6341,0,32.375270570663794,32.21907174167653
4140,0,22.490388813570775,22.28060100527772
9558,0,34.44439948176148,34.56361379007456
6714,0,20.920080506041156,20.932328226259667
3537,0,26.372904756044605,26.716052608194424
9047,0,22.47174137843871,22.182711018121196
8659,0,38.763664801661584,35.27331600043789
1283,0,27.010161617244897,25.76477638611515
141,0,28.022872644203844,26.39109426184716
8288,0,19.29199265189148,17.749943698165254
2623,0,21.33704788947347,23.246604576777592
8458,0,21.151063952380298,20.223511369695135
9481,0,30.912127929622763,29.22060137757642
431,0,28.513478850869408,26.52873295345715
3091,0,22.892182092772522,24.475112536141822
5914,0,21.881351194922697,22.04248512465901
6815,0,24.340514162304697,22.32040086341746
8151,0,21.552752160120626,22.740795418083902
7326,0,25.49824743798687,25.864387378438284
5084,0,33.279608285977375,33.26343359542342
238,0,31.944342533392767,29.186599120626266
4187,0,27.886085868830822,29.749786680564075
22,0,34.271230785972,32.30955388333225
8424,0,31.234148974439975,30.884510138476315
5881,0,27.783446089785876,30.61251799159509
7668,0,23.38201951749129,24.944897558161223
6240,0,25.24069756732583,24.831625417815548
2757,0,20.985649891631894,19.836276170184014
9944,0,21.626799914204412,23.503095948733453
6062,0,32.342771873864145,32.838460297629894
7799,0,23.072929052760013,23.649824911177554
8324,1,23.574498696623518,27.38083177946249
1312,0,27.321197398613343,27.48306547107299
6128,0,30.892191523162488,30.345831383760327
3647,0,25.79615513934833,23.3528728096925
6958,0,21.908815362386726,22.733077095401416
1437,0,22.29522288071631,23.999321956233516
3783,0,23.72053481588172,24.915275200544194
743,0,28.528817478038317,30.087775418771038
8594,0,28.205565423193754,28.9775122800387
1879,0,24.029695290907256,22.878897489385327
9920,0,24.820192256010674,24.590887047978065
2428,0,21.049137171147194,22.41418527104269
7424,0,28.137553239715015,27.97762487726925
6802,0,24.874974329192824,25.774291538346585
6521,0,23.261162214110527,24.301233044722707
6841,0,44.41416665876178,38.90355710404024
9437,0,19.472632914899272,22.6732745909865
9503,0,40.757949140128474,35.599273346284356
3970,0,22.698996002275752,23.396979017033427
8468,0,26.589180990600347,30.35310524025354
1119,0,39.883406358779794,34.958673298607735
7807,0,35.68966253843634,36.002570046249495
7769,0,41.57349670725824,44.35660990725472
4710,0,20.972254108610716,21.95069124813214
3045,0,24.341418425997542,23.38072258391164
7017,0,19.776215765414772,21.24457063635728
4884,0,19.727060515387045,18.55928207782531
5439,0,37.370132379992995,39.59938959749483
6613,0,25.10705567063883,26.492937946311834
796,0,30.197676080954015,26.80199334115325
9967,0,22.868117516561114,22.97382549165173
5510,0,23.221039042476082,22.498588266654252
2956,0,31.184135099034393,33.96982247144485
2116,0,24.270691945146446,25.10763930379072
2292,0,18.860756459946224,19.224152215663914
2032,0,33.544253075662205,32.92284222467612
5613,0,26.093094751013286,27.57059899944542
5899,0,31.807905280608658,29.232604020877396
2951,0,20.7317768742131,18.476071821386867
4023,0,31.965968316219442,36.75212419360288
909,0,26.660375088406568,26.085229366967422
4872,0,18.90432401262008,20.74412254110103
673,0,23.81619555766819,23.869937595548663
3121,0,35.57292578501295,31.53246105442275
2964,0,28.851171256627588,28.452392809121818
9456,1,23.85593597713982,23.25473795012741
4463,0,20.52245786124014,23.030629455787157
9302,0,22.88080901105818,23.64750038493656
