row_index,split
0,train
1,test
2,train
3,train
4,test
5,test
6,test
7,test
8,train
9,test
10,train
11,test
12,train
13,test
14,train
15,train
16,test
17,train
18,test
19,train
20,test
21,test
22,test
23,train
24,test
25,train
26,train
27,test
28,test
29,train
30,train
31,train
32,train
33,train
34,train
35,test
36,train
37,test
38,train
39,test
40,train
41,test
42,train
43,test
44,train
45,train
46,train
47,train
48,train
49,train
50,train
51,train
52,train
53,train
54,test
55,train
56,test
57,test
58,train
59,train
60,train
61,test
62,train
63,test
64,train
65,train
66,train
67,test
68,train
69,test
70,test
71,train
72,train
73,train
74,train
75,test
76,train
77,test
78,train
79,train
80,test
81,test
82,train
83,train
84,train
85,train
86,train
87,train
88,test
89,train
90,train
91,train
92,train
93,test
94,train
95,train
96,train
97,train
98,train
99,test
100,train
101,train
102,train
103,test
104,test
105,train
106,train
107,train
108,train
109,train
110,train
111,train
112,test
113,train
114,train
115,test
116,train
117,train
118,train
119,train
120,train
121,train
122,train
123,test
124,test
125,test
126,train
127,train
128,train
129,test
130,train
131,train
132,test
133,train
134,test
135,test
136,train
137,test
138,test
139,test
140,train
141,train
142,test
143,train
144,train
145,train
146,test
147,test
148,train
149,test
150,train
151,test
152,train
153,train
154,train
155,test
156,train
157,test
158,test
159,train
160,train
161,train
162,train
163,train
164,test
165,test
166,test
167,train
168,train
169,test
170,test
171,train
172,test
173,test
174,test
175,train
176,test
177,train
178,train
179,train
180,train
181,train
182,train
183,train
184,test
185,train
186,train
187,train
188,train
189,train
190,train
191,train
192,train
193,test
194,train
195,train
196,train
197,train
198,test
199,train
200,test
201,test
202,train
203,train
204,test
205,train
206,train
207,train
208,train
209,test
210,train
211,train
212,test
213,test
214,test
215,train
216,test
217,train
218,test
219,test
220,train
221,train
222,train
223,train
224,train
225,test
226,train
227,train
228,train
229,train
230,train
231,train
232,train
233,train
234,train
235,train
236,test
237,test
238,test
239,test
240,train
241,train
242,train
243,train
244,train
245,test
246,train
247,train
248,test
249,test
250,test
251,test
252,train
253,train
254,train
255,test
256,train
257,test
258,train
259,train
260,test
261,train
262,train
263,test
264,test
265,train
266,train
267,train
268,train
269,test
270,test
271,test
272,train
273,test
274,train
275,test
276,test
277,test
278,train
279,test
280,train
281,test
282,train
283,train
284,train
285,test
286,train
287,test
288,train
289,test
290,train
291,test
292,train
293,test
294,test
295,train
296,train
297,test
298,test
299,test
300,train
301,test
302,test
303,train
304,train
305,train
306,train
307,train
308,train
309,train
310,train
311,test
312,train
313,train
314,train
315,train
316,test
317,train
318,test
319,test
320,train
321,train
322,train
323,test
324,train
325,train
326,train
327,train
328,test
329,train
330,test
331,train
332,train
333,test
334,test
335,train
336,train
337,train
338,train
339,train
340,train
341,train
342,train
343,train
344,train
345,train
346,test
347,train
348,test
349,train
350,train
351,train
352,train
353,train
354,train
355,test
356,train
357,test
358,test
359,test
360,train
361,test
362,train
363,test
364,train
365,train
366,train
367,test
368,train
369,train
370,train
371,test
372,test
373,train
374,train
375,train
376,train
377,test
378,test
379,test
380,train
381,test
382,test
383,test
384,test
385,test
386,train
387,train
388,train
389,test
390,test
391,train
392,test
393,train
394,test
395,train
396,train
397,test
398,train
399,train
400,train
401,train
402,test
403,train
404,test
405,train
406,test
407,train
408,train
409,train
410,test
411,test
412,test
413,train
414,test
415,test
416,train
417,train
418,test
419,test
420,train
421,train
422,train
423,test
424,test
425,test
426,test
427,test
428,train
429,test
430,train
431,train
432,train
433,test
434,test
435,train
436,train
437,train
438,train
439,test
440,train
441,test
442,train
443,train
444,train
445,test
446,test
447,train
448,train
449,test
450,train
451,train
452,train
453,test
454,test
455,train
456,train
457,train
458,train
459,train
460,test
461,train
462,train
463,train
464,test
465,test
466,test
467,train
468,test
469,train
470,train
471,train
472,test
473,train
474,train
475,train
476,train
477,train
478,test
479,train
480,test
481,train
482,test
483,test
484,test
485,train
486,train
487,train
488,test
489,train
490,test
491,train
492,train
493,train
494,test
495,train
496,train
497,train
498,train
499,test
500,train
501,train
502,train
503,train
504,train
505,test
506,test
507,train
508,test
509,train
510,train
511,train
512,train
513,test
514,train
515,train
516,train
517,train
518,train
519,train
520,train
521,train
522,train
523,train
524,test
525,test
526,train
527,train
528,test
529,train
530,test
531,train
532,train
533,train
534,train
535,train
536,train
537,train
538,test
539,train
540,test
541,test
542,train
543,train
544,train
545,test
546,test
547,test
548,test
549,test
550,train
551,test
552,test
553,train
554,train
555,test
556,train
557,train
558,train
559,train
560,train
561,train
562,test
563,test
564,train
565,test
566,train
567,test
568,test
569,train
570,train
571,test
572,test
573,train
574,train
575,train
576,train
577,test
578,train
579,train
580,train
581,test
582,train
583,train
584,train
585,train
586,test
587,test
588,train
589,test
590,test
591,train
592,test
593,train
594,train
595,train
596,train
597,train
598,train
599,test
600,train
601,test
602,test
603,train
604,test
605,test
606,train
607,train
608,test
609,train
610,test
611,test
612,train
613,test
614,train
615,train
616,train
617,test
618,train
619,train
620,test
621,test
622,train
623,test
624,train
625,test
626,train
627,test
628,test
629,train
630,train
631,test
632,train
633,train
634,test
635,train
636,train
637,train
638,test
639,test
640,train
641,test
642,train
643,test
644,train
645,test
646,train
647,test
648,train
649,train
650,train
651,train
652,test
653,train
654,train
655,train
656,train
657,train
658,train
659,train
660,train
661,train
662,test
663,test
664,test
665,test
666,train
667,test
668,test
669,train
670,train
671,test
672,test
673,train
674,train
675,train
676,train
677,train
678,test
679,test
680,train
681,train
682,test
683,train
684,test
685,train
686,train
687,train
688,train
689,train
690,test
691,train
692,train
693,test
694,test
695,test
696,train
697,test
698,train
699,train
700,train
701,test
702,test
703,train
704,test
705,train
706,test
707,train
708,train
709,train
710,train
711,train
712,train
713,train
714,train
715,train
716,train
717,train
718,train
719,train
720,test
721,test
722,test
723,test
724,test
725,train
726,train
727,train
728,test
729,train
730,train
731,test
732,train
733,test
734,test
735,test
736,train
737,train
738,test
739,test
740,train
741,train
742,train
743,test
744,train
745,train
746,train
747,train
748,train
749,test
750,test
751,test
752,test
753,test
754,train
755,train
756,train
757,train
758,train
759,test
760,train
761,train
762,test
763,test
764,test
765,test
766,train
767,train
768,train
769,train
770,train
771,test
772,train
773,train
774,train
775,train
776,train
777,train
778,train
779,train
780,train
781,train
782,train
783,train
784,train
785,train
786,test
787,train
788,train
789,train
790,train
791,test
792,train
793,test
794,train
795,train
796,test
797,train
798,train
799,test
800,train
801,test
802,train
803,train
804,train
805,train
806,train
807,test
808,test
809,test
810,test
811,test
812,test
813,train
814,train
815,train
816,test
817,test
818,train
819,train
820,test
821,train
822,train
823,train
824,test
825,test
826,train
827,train
828,test
829,test
830,train
831,test
832,train
833,test
834,train
835,train
836,test
837,test
838,test
839,train
840,train
841,test
842,train
843,train
844,train
845,train
846,train
847,train
848,train
849,test
850,train
851,test
852,test
853,train
854,train
855,train
856,train
857,train
858,train
859,train
860,test
861,train
862,train
863,test
864,test
865,test
866,train
867,test
868,test
869,test
870,test
871,test
872,train
873,test
874,train
875,test
876,train
877,test
878,train
879,test
880,train
881,train
882,train
883,test
884,train
885,train
886,test
887,test
888,test
889,train
890,train
891,train
892,train
893,test
894,train
895,test
896,train
897,train
898,train
899,train
900,test
901,test
902,train
903,test
904,test
905,test
906,train
907,train
908,train
909,train
910,test
911,train
912,train
913,train
914,test
915,train
916,train
917,train
918,test
919,train
920,train
921,train
922,train
923,train
924,train
925,test
926,test
927,test
928,train
929,train
930,test
931,train
932,train
933,train
934,test
935,train
936,train
937,test
938,test
939,train
940,test
941,train
942,train
943,test
944,test
945,train
946,test
947,test
948,train
949,train
950,train
951,test
952,test
953,train
954,test
955,train
956,train
957,test
958,test
959,train
960,train
961,test
962,test
963,train
964,train
965,test
966,train
967,train
968,test
969,test
970,test
971,train
972,test
973,train
974,test
975,test
976,test
977,train
978,train
979,train
980,test
981,test
982,test
983,train
984,train
985,test
986,train
987,test
988,test
989,test
990,train
991,train
992,test
993,train
994,train
995,test
996,test
997,train
998,train
999,test
1000,train
1001,test
1002,train
1003,test
1004,test
1005,train
1006,test
1007,test
1008,train
1009,test
1010,test
1011,train
1012,train
1013,test
1014,train
1015,test
1016,test
1017,test
1018,train
1019,train
1020,test
1021,train
1022,test
1023,train
1024,train
1025,train
1026,train
1027,test
1028,test
1029,train
1030,test
1031,train
1032,train
1033,train
1034,test
1035,train
1036,train
1037,train
1038,test
1039,test
1040,test
1041,test
1042,test
1043,test
1044,train
1045,train
1046,train
1047,train
1048,train
1049,train
1050,test
1051,train
1052,train
1053,test
1054,train
1055,test
1056,train
1057,train
1058,train
1059,test
1060,train
1061,train
1062,test
1063,test
1064,train
1065,test
1066,train
1067,test
1068,test
1069,test
1070,train
1071,test
1072,test
1073,test
1074,test
1075,train
1076,train
1077,train
1078,test
1079,train
1080,test
1081,train
1082,test
1083,train
1084,train
1085,train
1086,test
1087,train
1088,train
1089,test
1090,train
1091,train
1092,test
1093,train
1094,train
1095,train
1096,test
1097,train
1098,train
1099,test
1100,train
1101,train
1102,test
1103,train
1104,train
1105,test
1106,train
1107,test
1108,train
1109,train
1110,test
1111,train
1112,test
1113,train
1114,train
1115,train
1116,test
1117,train
1118,train
1119,train
1120,test
1121,test
1122,test
1123,train
1124,test
1125,test
1126,train
1127,test
1128,test
1129,test
1130,train
1131,test
1132,test
1133,train
1134,test
1135,train
1136,train
1137,train
1138,train
1139,train
1140,test
1141,train
1142,train
1143,train
1144,test
1145,test
1146,test
1147,train
1148,train
1149,train
1150,test
1151,test
1152,train
1153,train
1154,train
1155,test
1156,test
1157,train
1158,test
1159,train
1160,train
1161,test
1162,train
1163,train
1164,train
1165,train
1166,test
1167,train
1168,train
1169,test
1170,train
1171,train
1172,train
1173,train
1174,train
1175,train
1176,test
1177,test
1178,train
1179,train
1180,test
1181,train
1182,train
1183,train
1184,train
1185,train
1186,train
1187,train
1188,test
1189,train
1190,train
1191,train
1192,test
1193,train
1194,test
1195,train
1196,test
1197,test
1198,test
1199,train
1200,train
1201,train
1202,train
1203,test
1204,train
1205,test
1206,test
1207,test
1208,train
1209,test
1210,test
1211,test
1212,train
1213,test
1214,test
1215,train
1216,test
1217,train
1218,train
1219,train
1220,train
1221,train
1222,test
1223,train
1224,test
1225,train
1226,train
1227,train
1228,test
1229,train
1230,train
1231,test
1232,train
1233,train
1234,test
1235,train
1236,train
1237,train
1238,train
1239,train
1240,test
1241,train
1242,test
1243,train
1244,test
1245,train
1246,test
1247,train
1248,test
1249,train
1250,train
1251,train
1252,train
1253,test
1254,test
1255,test
1256,test
1257,train
1258,train
1259,train
1260,train
1261,test
1262,test
1263,train
1264,train
1265,train
1266,train
1267,test
1268,test
1269,train
1270,train
1271,train
1272,train
1273,train
1274,train
1275,test
1276,train
1277,train
1278,train
1279,test
1280,train
1281,train
1282,test
1283,test
1284,test
1285,test
1286,train
1287,train
1288,train
1289,train
1290,train
1291,train
1292,test
1293,test
1294,train
1295,train
1296,train
1297,train
1298,test
1299,train
1300,train
1301,train
1302,train
1303,train
1304,train
1305,train
1306,train
1307,test
1308,test
1309,test
1310,train
1311,train
1312,test
1313,train
1314,train
1315,train
1316,test
1317,test
1318,test
1319,test
1320,train
1321,test
1322,test
1323,train
1324,test
1325,train
1326,test
1327,train
1328,test
1329,test
1330,test
1331,test
1332,train
1333,train
1334,test
1335,train
1336,train
1337,train
1338,test
1339,test
1340,train
1341,train
1342,train
1343,train
1344,train
1345,train
1346,test
1347,test
1348,test
1349,test
1350,train
1351,test
1352,train
1353,train
1354,train
1355,test
1356,test
1357,train
1358,test
1359,train
1360,train
1361,test
1362,test
1363,train
1364,train
1365,test
1366,test
1367,train
1368,test
1369,train
1370,train
1371,train
1372,test
1373,test
1374,train
1375,train
1376,train
1377,train
1378,test
1379,train
1380,train
1381,test
1382,test
1383,test
1384,train
1385,test
1386,test
1387,train
1388,test
1389,test
1390,test
1391,train
1392,test
1393,train
1394,test
1395,test
1396,train
1397,train
1398,train
1399,test
1400,test
1401,train
1402,train
1403,train
1404,test
1405,train
1406,train
1407,train
1408,train
1409,train
1410,test
1411,test
1412,train
1413,test
1414,test
1415,train
1416,train
1417,train
1418,test
1419,train
1420,test
1421,train
1422,train
1423,test
1424,train
1425,test
1426,train
1427,train
1428,train
1429,train
1430,test
1431,test
1432,test
1433,train
1434,train
1435,train
1436,test
1437,test
1438,train
1439,train
1440,train
1441,train
1442,test
1443,train
1444,train
1445,test
1446,train
1447,train
1448,train
1449,train
1450,train
1451,train
1452,train
1453,test
1454,train
1455,test
1456,test
1457,train
1458,test
1459,test
1460,train
1461,train
1462,train
1463,train
1464,train
1465,train
1466,train
1467,train
1468,test
1469,test
1470,test
1471,train
1472,test
1473,test
1474,test
1475,train
1476,train
1477,train
1478,test
1479,test
1480,test
1481,test
1482,test
1483,train
1484,train
1485,train
1486,test
1487,test
1488,train
1489,train
1490,train
1491,train
1492,test
1493,train
1494,train
1495,train
1496,test
1497,test
1498,train
1499,train
1500,test
1501,train
1502,train
1503,test
1504,test
1505,train
1506,train
1507,train
1508,train
1509,train
1510,train
1511,train
1512,train
1513,train
1514,train
1515,train
1516,train
1517,test
1518,train
1519,train
1520,train
1521,train
1522,train
1523,test
1524,train
1525,train
1526,test
1527,train
1528,train
1529,train
1530,test
1531,train
1532,train
1533,train
1534,test
1535,test
1536,test
1537,test
1538,train
1539,train
1540,train
1541,train
1542,test
1543,train
1544,test
1545,train
1546,train
1547,train
1548,test
1549,train
1550,test
1551,train
1552,test
1553,train
1554,test
1555,test
1556,train
1557,test
1558,test
1559,test
1560,train
1561,train
1562,test
1563,train
1564,train
1565,train
1566,train
1567,train
1568,train
1569,train
1570,test
1571,test
1572,train
1573,train
1574,train
1575,train
1576,test
1577,train
1578,train
1579,test
1580,train
1581,train
1582,test
1583,train
1584,test
1585,train
1586,train
1587,train
1588,train
1589,train
1590,train
1591,test
1592,train
1593,test
1594,test
1595,train
1596,test
1597,train
1598,train
1599,test
1600,train
1601,train
1602,train
1603,train
1604,train
1605,train
1606,train
1607,test
1608,train
1609,test
1610,train
1611,train
1612,train
1613,train
1614,train
1615,train
1616,train
1617,test
1618,test
1619,test
1620,train
1621,test
1622,test
1623,test
1624,test
1625,test
1626,train
1627,train
1628,test
1629,test
1630,train
1631,test
1632,train
1633,train
1634,train
1635,train
1636,train
1637,test
1638,train
1639,train
1640,test
1641,train
1642,test
1643,train
1644,train
1645,train
1646,test
1647,train
1648,train
1649,test
1650,train
1651,train
1652,train
1653,train
1654,train
1655,test
1656,test
1657,train
1658,train
1659,train
1660,test
1661,train
1662,train
1663,train
1664,train
1665,train
1666,train
1667,train
1668,test
1669,train
1670,train
1671,train
1672,test
1673,test
1674,test
1675,train
1676,train
1677,test
1678,test
1679,train
1680,test
1681,train
1682,test
1683,train
1684,train
1685,test
1686,test
1687,train
1688,test
1689,test
1690,test
1691,train
1692,test
1693,test
1694,train
1695,train
1696,test
1697,train
1698,train
1699,train
1700,train
1701,train
1702,train
1703,test
1704,test
1705,train
1706,test
1707,test
1708,train
1709,test
1710,train
1711,train
1712,test
1713,train
1714,train
1715,test
1716,train
1717,train
1718,train
1719,train
1720,test
1721,test
1722,train
1723,train
1724,test
1725,train
1726,train
1727,test
1728,train
1729,test
1730,test
1731,train
1732,test
1733,test
1734,test
1735,train
1736,train
1737,train
1738,test
1739,train
1740,test
1741,test
1742,test
1743,test
1744,test
1745,test
1746,test
1747,test
1748,train
1749,train
1750,train
1751,test
1752,test
1753,test
1754,train
1755,test
1756,train
1757,train
1758,train
1759,test
1760,train
1761,test
1762,train
1763,test
1764,train
1765,train
1766,train
1767,train
1768,test
1769,train
1770,train
1771,test
1772,test
1773,train
1774,train
1775,test
1776,test
1777,train
1778,train
1779,train
1780,train
1781,train
1782,test
1783,train
1784,train
1785,train
1786,test
1787,test
1788,train
1789,test
1790,test
1791,train
1792,train
1793,test
1794,test
1795,test
1796,train
1797,test
1798,train
1799,train
1800,test
1801,test
1802,train
1803,train
1804,train
1805,train
1806,test
1807,train
1808,train
1809,train
1810,train
1811,train
1812,test
1813,train
1814,train
1815,test
1816,test
1817,test
1818,train
1819,train
1820,train
1821,test
1822,test
1823,train
1824,test
1825,test
1826,train
1827,train
1828,test
1829,train
1830,train
1831,train
1832,train
1833,test
1834,test
1835,train
1836,test
1837,test
1838,train
1839,train
1840,train
1841,train
1842,train
1843,test
1844,test
1845,test
1846,train
1847,train
1848,train
1849,train
1850,train
1851,train
1852,test
1853,train
1854,train
1855,train
1856,train
1857,train
1858,train
1859,test
1860,test
1861,train
1862,train
1863,test
1864,train
1865,train
1866,train
1867,test
1868,train
1869,test
1870,train
1871,test
1872,test
1873,test
1874,test
1875,train
1876,test
1877,test
1878,train
1879,train
1880,train
1881,test
1882,train
1883,train
1884,test
1885,test
1886,test
1887,train
1888,train
1889,train
1890,test
1891,train
1892,train
1893,train
1894,test
1895,train
1896,train
1897,train
1898,train
1899,train
1900,test
1901,train
1902,train
1903,train
1904,train
1905,test
1906,train
1907,train
1908,train
1909,test
1910,test
1911,test
1912,test
1913,test
1914,test
1915,train
1916,test
1917,train
1918,test
1919,test
1920,train
1921,train
1922,train
1923,train
1924,test
1925,test
1926,train
1927,test
1928,train
1929,test
1930,train
1931,test
1932,train
1933,train
1934,test
1935,train
1936,test
1937,train
1938,test
1939,train
1940,train
1941,test
1942,test
1943,test
1944,test
1945,train
1946,train
1947,train
1948,train
1949,train
1950,train
1951,train
1952,test
1953,train
1954,test
1955,train
1956,train
1957,test
1958,test
1959,test
1960,train
1961,test
1962,test
1963,train
1964,train
1965,train
1966,train
1967,train
1968,test
1969,test
1970,test
1971,test
1972,test
1973,train
1974,train
1975,test
1976,train
1977,train
1978,test
1979,train
1980,test
1981,train
1982,test
1983,test
1984,train
1985,test
1986,train
1987,train
1988,train
1989,train
1990,train
1991,train
1992,train
1993,test
1994,train
1995,train
1996,train
1997,train
1998,train
1999,train
2000,train
2001,train
2002,test
2003,test
2004,train
2005,test
2006,train
2007,test
2008,train
2009,train
2010,train
2011,train
2012,train
2013,test
2014,test
2015,train
2016,test
2017,test
2018,test
2019,train
2020,train
2021,train
2022,train
2023,test
2024,train
2025,test
2026,train
2027,test
2028,test
2029,test
2030,train
2031,train
2032,test
2033,test
2034,train
2035,train
2036,test
2037,train
2038,train
2039,train
2040,train
2041,train
2042,train
2043,train
2044,test
2045,train
2046,test
2047,train
2048,test
2049,train
2050,train
2051,test
2052,test
2053,test
2054,test
2055,train
2056,train
2057,test
2058,train
2059,test
2060,test
2061,train
2062,train
2063,train
2064,test
2065,train
2066,train
2067,test
2068,test
2069,train
2070,test
2071,test
2072,test
2073,train
2074,train
2075,test
2076,train
2077,train
2078,train
2079,train
2080,test
2081,test
2082,test
2083,train
2084,train
2085,train
2086,train
2087,train
2088,train
2089,test
2090,test
2091,test
2092,test
2093,train
2094,train
2095,train
2096,test
2097,train
2098,test
2099,test
2100,train
2101,train
2102,test
2103,train
2104,train
2105,train
2106,train
2107,test
2108,test
2109,train
2110,train
2111,test
2112,test
2113,test
2114,train
2115,test
2116,test
2117,train
2118,test
2119,test
2120,test
2121,test
2122,test
2123,train
2124,train
2125,test
2126,train
2127,train
2128,train
2129,test
2130,train
2131,test
2132,test
2133,test
2134,train
2135,test
2136,test
2137,test
2138,train
2139,train
2140,train
2141,train
2142,train
2143,train
2144,test
2145,train
2146,test
2147,train
2148,train
2149,test
2150,test
2151,train
2152,train
2153,train
2154,train
2155,test
2156,test
2157,train
2158,train
2159,train
2160,test
2161,train
2162,train
2163,train
2164,test
2165,test
2166,train
2167,test
2168,test
2169,train
2170,test
2171,test
2172,test
2173,test
2174,test
2175,test
2176,train
2177,train
2178,test
2179,train
2180,test
2181,train
2182,train
2183,train
2184,test
2185,train
2186,test
2187,train
2188,test
2189,test
2190,test
2191,train
2192,train
2193,train
2194,test
2195,test
2196,train
2197,test
2198,test
2199,train
2200,train
2201,train
2202,train
2203,test
2204,train
2205,train
2206,test
2207,train
2208,test
2209,test
2210,train
2211,train
2212,train
2213,train
2214,test
2215,train
2216,test
2217,train
2218,train
2219,train
2220,test
2221,test
2222,train
2223,train
2224,train
2225,train
2226,train
2227,test
2228,train
2229,train
2230,test
2231,test
2232,train
2233,train
2234,train
2235,train
2236,train
2237,train
2238,test
2239,train
2240,train
2241,test
2242,train
2243,train
2244,train
2245,test
2246,train
2247,train
2248,train
2249,train
2250,test
2251,train
2252,train
2253,train
2254,train
2255,test
2256,train
2257,train
2258,train
2259,test
2260,train
2261,test
2262,test
2263,train
2264,train
2265,test
2266,test
2267,test
2268,train
2269,test
2270,train
2271,train
2272,train
2273,test
2274,test
2275,train
2276,train
2277,test
2278,train
2279,train
2280,train
2281,train
2282,test
2283,train
2284,test
2285,test
2286,test
2287,train
2288,test
2289,train
2290,train
2291,train
2292,train
2293,train
2294,train
2295,train
2296,test
2297,train
2298,test
2299,test
2300,test
2301,train
2302,test
2303,train
2304,train
2305,train
2306,train
2307,train
2308,test
2309,test
2310,test
2311,train
2312,train
2313,train
2314,train
2315,train
2316,test
2317,train
2318,test
2319,train
2320,test
2321,train
2322,test
2323,test
2324,test
2325,train
2326,test
2327,train
2328,test
2329,train
2330,test
2331,train
2332,train
2333,test
2334,train
2335,train
2336,test
2337,test
2338,test
2339,train
2340,train
2341,train
2342,train
2343,train
2344,train
2345,test
2346,test
2347,train
2348,train
2349,train
2350,test
2351,train
2352,train
2353,test
2354,test
2355,train
2356,train
2357,train
2358,test
2359,train
2360,train
2361,train
2362,train
2363,train
2364,test
2365,train
2366,train
2367,train
2368,train
2369,train
2370,test
2371,train
2372,train
2373,test
2374,train
2375,train
2376,test
2377,test
2378,test
2379,train
2380,test
2381,train
2382,train
2383,train
2384,test
2385,train
2386,train
2387,train
2388,train
2389,train
2390,test
2391,train
2392,test
2393,test
2394,test
2395,test
2396,train
2397,train
2398,train
2399,test
2400,train
2401,train
2402,train
2403,test
2404,train
2405,test
2406,train
2407,test
2408,test
2409,train
2410,train
2411,train
2412,test
2413,train
2414,train
2415,train
2416,test
2417,test
2418,train
2419,test
2420,test
2421,test
2422,train
2423,train
2424,test
2425,train
2426,train
2427,train
2428,test
2429,test
2430,train
2431,train
2432,test
2433,train
2434,test
2435,train
2436,test
2437,train
2438,train
2439,train
2440,train
2441,train
2442,train
2443,train
2444,train
2445,train
2446,test
2447,train
2448,test
2449,train
2450,test
2451,train
2452,train
2453,train
2454,test
2455,train
2456,train
2457,train
2458,train
2459,test
2460,train
2461,test
2462,train
2463,test
2464,test
2465,test
2466,test
2467,train
2468,train
2469,train
2470,train
2471,test
2472,train
2473,train
2474,test
2475,test
2476,test
2477,train
2478,train
2479,train
2480,test
2481,test
2482,test
2483,test
2484,test
2485,train
2486,train
2487,train
2488,train
2489,train
2490,test
2491,train
2492,train
2493,test
2494,test
2495,train
2496,test
2497,test
2498,train
2499,train
2500,test
2501,test
2502,test
2503,train
2504,train
2505,train
2506,test
2507,train
2508,test
2509,test
2510,train
2511,train
2512,test
2513,train
2514,train
2515,train
2516,train
2517,test
2518,train
2519,train
2520,test
2521,train
2522,test
2523,test
2524,test
2525,test
2526,test
2527,test
2528,train
2529,train
2530,train
2531,train
2532,test
2533,train
2534,train
2535,test
2536,test
2537,test
2538,test
2539,train
2540,train
2541,train
2542,test
2543,test
2544,train
2545,test
2546,train
2547,train
2548,test
2549,train
2550,train
2551,test
2552,train
2553,train
2554,test
2555,train
2556,train
2557,train
2558,train
2559,test
2560,train
2561,train
2562,test
2563,train
2564,test
2565,test
2566,test
2567,train
2568,train
2569,test
2570,test
2571,test
2572,test
2573,test
2574,test
2575,test
2576,train
2577,train
2578,test
2579,train
2580,train
2581,train
2582,train
2583,test
2584,train
2585,test
2586,train
2587,train
2588,train
2589,test
2590,test
2591,test
2592,train
2593,train
2594,train
2595,test
2596,train
2597,train
2598,train
2599,test
2600,train
2601,test
2602,train
2603,train
2604,train
2605,train
2606,test
2607,test
2608,test
2609,train
2610,train
2611,train
2612,train
2613,test
2614,train
2615,test
2616,test
2617,train
2618,train
2619,test
2620,train
2621,test
2622,test
2623,train
2624,train
2625,train
2626,test
2627,train
2628,train
2629,test
2630,train
2631,train
2632,train
2633,train
2634,train
2635,train
2636,train
2637,train
2638,test
2639,test
2640,test
2641,train
2642,test
2643,test
2644,train
2645,test
2646,test
2647,train
2648,train
2649,train
2650,test
2651,test
2652,train
2653,test
2654,train
2655,test
2656,test
2657,train
2658,train
2659,train
2660,test
2661,test
2662,train
2663,test
2664,train
2665,train
2666,train
2667,train
2668,train
2669,test
2670,train
2671,train
2672,train
2673,test
2674,train
2675,train
2676,train
2677,test
2678,test
2679,test
2680,test
2681,train
2682,test
2683,train
2684,train
2685,train
2686,train
2687,train
2688,train
2689,test
2690,test
2691,train
2692,test
2693,train
2694,train
2695,test
2696,test
2697,test
2698,test
2699,test
2700,test
2701,train
2702,train
2703,train
2704,test
2705,train
2706,train
2707,train
2708,test
2709,test
2710,test
2711,test
2712,train
2713,test
2714,test
2715,train
2716,test
2717,test
2718,test
2719,train
2720,train
2721,test
2722,test
2723,test
2724,train
2725,train
2726,train
2727,train
2728,test
2729,test
2730,train
2731,train
2732,train
2733,train
2734,train
2735,train
2736,train
2737,test
2738,train
2739,test
2740,train
2741,train
2742,train
2743,test
2744,train
2745,train
2746,test
2747,test
2748,train
2749,test
2750,train
2751,train
2752,train
2753,test
2754,train
2755,test
2756,train
2757,test
2758,train
2759,train
2760,test
2761,train
2762,test
2763,train
2764,test
2765,train
2766,test
2767,train
2768,test
2769,train
2770,test
2771,test
2772,train
2773,train
2774,train
2775,train
2776,train
2777,train
2778,train
2779,train
2780,train
2781,train
2782,test
2783,test
2784,train
2785,train
2786,train
2787,train
2788,test
2789,test
2790,test
2791,train
2792,test
2793,test
2794,test
2795,test
2796,train
2797,test
2798,train
2799,train
2800,train
2801,test
2802,train
2803,test
2804,train
2805,train
2806,train
2807,test
2808,train
2809,train
2810,train
2811,train
2812,train
2813,train
2814,train
2815,test
2816,test
2817,test
2818,test
2819,test
2820,test
2821,train
2822,train
2823,train
2824,train
2825,test
2826,train
2827,test
2828,train
2829,train
2830,train
2831,test
2832,test
2833,train
2834,train
2835,test
2836,test
2837,train
2838,train
2839,train
2840,test
2841,train
2842,test
2843,train
2844,train
2845,train
2846,train
2847,test
2848,train
2849,train
2850,train
2851,train
2852,train
2853,train
2854,train
2855,test
2856,test
2857,test
2858,test
2859,test
2860,train
2861,train
2862,train
2863,train
2864,train
2865,test
2866,test
2867,train
2868,train
2869,train
2870,train
2871,train
2872,test
2873,train
2874,test
2875,test
2876,test
2877,test
2878,test
2879,train
2880,train
2881,test
2882,train
2883,test
2884,test
2885,test
2886,train
2887,test
2888,train
2889,test
2890,train
2891,test
2892,train
2893,train
2894,train
2895,train
2896,test
2897,train
2898,test
2899,test
2900,train
2901,test
2902,train
2903,test
2904,test
2905,test
2906,train
2907,train
2908,test
2909,test
2910,test
2911,train
2912,test
2913,train
2914,train
2915,test
2916,train
2917,train
2918,test
2919,train
2920,train
2921,train
2922,train
2923,test
2924,train
2925,train
2926,train
2927,train
2928,train
2929,train
2930,train
2931,train
2932,train
2933,test
2934,test
2935,train
2936,train
2937,train
2938,test
2939,train
2940,test
2941,train
2942,train
2943,train
2944,train
2945,test
2946,test
2947,train
2948,test
2949,train
2950,train
2951,test
2952,test
2953,train
2954,train
2955,train
2956,test
2957,test
2958,train
2959,test
2960,train
2961,train
2962,train
2963,train
2964,test
2965,train
2966,train
2967,test
2968,train
2969,train
2970,train
2971,train
2972,train
2973,test
2974,train
2975,test
2976,train
2977,test
2978,test
2979,train
2980,test
2981,test
2982,train
2983,train
2984,test
2985,train
2986,test
2987,train
2988,train
2989,test
2990,test
2991,test
2992,train
2993,train
2994,train
2995,test
2996,train
2997,test
2998,test
2999,test
3000,train
3001,test
3002,train
3003,train
3004,test
3005,test
3006,test
3007,test
3008,train
3009,test
3010,train
3011,train
3012,test
3013,train
3014,test
3015,train
3016,train
3017,test
3018,test
3019,train
3020,train
3021,test
3022,train
3023,train
3024,train
3025,test
3026,test
3027,train
3028,train
3029,test
3030,train
3031,train
3032,train
3033,test
3034,train
3035,train
3036,test
3037,train
3038,train
3039,test
3040,train
3041,test
3042,test
3043,train
3044,train
3045,test
3046,train
3047,train
3048,test
3049,train
3050,train
3051,train
3052,train
3053,train
3054,train
3055,train
3056,test
3057,train
3058,train
3059,train
3060,train
3061,test
3062,train
3063,train
3064,test
3065,train
3066,train
3067,train
3068,train
3069,test
3070,train
3071,test
3072,train
3073,train
3074,test
3075,train
3076,train
3077,train
3078,train
3079,train
3080,train
3081,train
3082,test
3083,train
3084,test
3085,train
3086,train
3087,test
3088,train
3089,train
3090,train
3091,train
3092,train
3093,test
3094,train
3095,train
3096,test
3097,test
3098,train
3099,train
3100,train
3101,test
3102,train
3103,train
3104,test
3105,train
3106,train
3107,train
3108,train
3109,test
3110,train
3111,test
3112,train
3113,test
3114,train
3115,train
3116,train
3117,train
3118,train
3119,test
3120,test
3121,train
3122,train
3123,test
3124,train
3125,test
3126,train
3127,test
3128,train
3129,train
3130,test
3131,train
3132,test
3133,test
3134,train
3135,test
3136,test
3137,train
3138,test
3139,test
3140,train
3141,train
3142,test
3143,train
3144,test
3145,train
3146,test
3147,train
3148,train
3149,train
3150,test
3151,test
3152,test
3153,train
3154,test
3155,test
3156,test
3157,train
3158,train
3159,train
3160,test
3161,train
3162,train
3163,train
3164,train
3165,train
3166,test
3167,test
3168,train
3169,train
3170,test
3171,test
3172,train
3173,train
3174,train
3175,test
3176,train
3177,train
3178,train
3179,train
3180,train
3181,test
3182,test
3183,train
3184,train
3185,train
3186,test
3187,train
3188,train
3189,train
3190,test
3191,train
3192,test
3193,train
3194,train
3195,train
3196,train
3197,test
3198,train
3199,test
3200,train
3201,train
3202,train
3203,train
3204,train
3205,test
3206,test
3207,test
3208,train
3209,train
3210,train
3211,train
3212,test
3213,train
3214,test
3215,train
3216,train
3217,test
3218,train
3219,test
3220,test
3221,test
3222,train
3223,train
3224,train
3225,test
3226,train
3227,test
3228,train
3229,train
3230,test
3231,test
3232,train
3233,test
3234,train
3235,test
3236,train
3237,train
3238,train
3239,train
3240,train
3241,test
3242,train
3243,test
3244,train
3245,train
3246,train
3247,train
3248,test
3249,train
3250,test
3251,train
3252,train
3253,test
3254,test
3255,test
3256,train
3257,train
3258,train
3259,train
3260,train
3261,train
3262,train
3263,test
3264,train
3265,test
3266,test
3267,train
3268,test
3269,train
3270,test
3271,train
3272,train
3273,train
3274,train
3275,test
3276,train
3277,train
3278,train
3279,train
3280,test
3281,train
3282,test
3283,train
3284,train
3285,train
3286,train
3287,test
3288,train
3289,train
3290,train
3291,test
3292,train
3293,train
3294,train
3295,test
3296,train
3297,train
3298,train
3299,train
3300,test
3301,train
3302,test
3303,train
3304,train
3305,train
3306,train
3307,test
3308,train
3309,train
3310,train
3311,train
3312,train
3313,train
3314,train
3315,train
3316,train
3317,train
3318,test
3319,train
3320,test
3321,test
3322,test
3323,train
3324,test
3325,test
3326,train
3327,train
3328,test
3329,train
3330,train
3331,test
3332,train
3333,train
3334,train
3335,train
3336,train
3337,test
3338,train
3339,train
3340,test
3341,train
3342,test
3343,test
3344,train
3345,train
3346,train
3347,test
3348,train
3349,train
3350,train
3351,test
3352,train
3353,test
3354,train
3355,train
3356,test
3357,train
3358,train
3359,test
3360,test
3361,test
3362,train
3363,test
3364,test
3365,test
3366,test
3367,train
3368,train
3369,train
3370,train
3371,train
3372,test
3373,train
3374,test
3375,test
3376,test
3377,test
3378,test
3379,train
3380,train
3381,train
3382,train
3383,train
3384,train
3385,train
3386,test
3387,train
3388,test
3389,test
3390,train
3391,train
3392,train
3393,train
3394,train
3395,train
3396,train
3397,train
3398,train
3399,test
3400,train
3401,train
3402,train
3403,test
3404,test
3405,train
3406,train
3407,test
3408,train
3409,train
3410,train
3411,train
3412,test
3413,test
3414,test
3415,test
3416,train
3417,train
3418,test
3419,test
3420,test
3421,train
3422,test
3423,test
3424,test
3425,train
3426,test
3427,train
3428,train
3429,test
3430,train
3431,test
3432,test
3433,test
3434,train
3435,train
3436,train
3437,test
3438,train
3439,test
3440,train
3441,train
3442,train
3443,test
3444,train
3445,train
3446,train
3447,train
3448,train
3449,test
3450,train
3451,train
3452,train
3453,train
3454,test
3455,train
3456,test
3457,test
3458,train
3459,train
3460,train
3461,test
3462,train
3463,test
3464,train
3465,test
3466,train
3467,train
3468,train
3469,train
3470,train
3471,train
3472,train
3473,train
3474,train
3475,train
3476,train
3477,test
3478,train
3479,train
3480,train
3481,test
3482,test
3483,train
3484,test
3485,train
3486,train
3487,train
3488,train
3489,train
3490,train
3491,test
3492,train
3493,train
3494,test
3495,train
3496,test
3497,train
3498,test
3499,train
3500,train
3501,train
3502,train
3503,test
3504,test
3505,train
3506,train
3507,train
3508,train
3509,train
3510,test
3511,train
3512,train
3513,train
3514,train
3515,test
3516,train
3517,train
3518,test
3519,train
3520,train
3521,test
3522,train
3523,train
3524,test
3525,train
3526,test
3527,train
3528,train
3529,train
3530,test
3531,test
3532,train
3533,test
3534,test
3535,test
3536,train
3537,train
3538,test
3539,test
3540,test
3541,test
3542,train
3543,train
3544,test
3545,train
3546,train
3547,test
3548,train
3549,train
3550,test
3551,train
3552,train
3553,test
3554,train
3555,train
3556,test
3557,train
3558,test
3559,train
3560,test
3561,test
3562,train
3563,train
3564,train
3565,test
3566,test
3567,train
3568,test
3569,test
3570,train
3571,test
3572,test
3573,train
3574,test
3575,train
3576,train
3577,train
3578,test
3579,test
3580,train
3581,train
3582,test
3583,train
3584,test
3585,test
3586,train
3587,train
3588,train
3589,test
3590,test
3591,test
3592,train
3593,train
3594,test
3595,train
3596,train
3597,train
3598,test
3599,test
3600,train
3601,train
3602,train
3603,train
3604,test
3605,train
3606,train
3607,train
3608,train
3609,train
3610,train
3611,train
3612,train
3613,train
3614,train
3615,test
3616,test
3617,test
3618,test
3619,train
3620,test
3621,test
3622,test
3623,train
3624,test
3625,train
3626,train
3627,test
3628,test
3629,train
3630,train
3631,test
3632,train
3633,test
3634,train
3635,train
3636,test
3637,test
3638,train
3639,train
3640,train
3641,train
3642,test
3643,train
3644,train
3645,train
3646,test
3647,test
3648,train
3649,test
3650,test
3651,train
3652,test
3653,test
3654,train
3655,test
3656,test
3657,test
3658,train
3659,train
3660,test
3661,train
3662,train
3663,train
3664,train
3665,test
3666,test
3667,train
3668,test
3669,train
3670,train
3671,train
3672,test
3673,train
3674,test
3675,train
3676,train
3677,test
3678,test
3679,train
3680,train
3681,train
3682,train
3683,test
3684,train
3685,train
3686,train
3687,train
3688,train
3689,train
3690,train
3691,train
3692,test
3693,train
3694,test
3695,test
3696,test
3697,train
3698,test
3699,test
3700,test
3701,train
3702,test
3703,test
3704,train
3705,train
3706,test
3707,train
3708,train
3709,train
3710,test
3711,train
3712,train
3713,test
3714,train
3715,train
3716,test
3717,test
3718,train
3719,train
3720,test
3721,test
3722,train
3723,train
3724,train
3725,train
3726,test
3727,test
3728,train
3729,train
3730,train
3731,train
3732,train
3733,test
3734,train
3735,test
3736,test
3737,train
3738,train
3739,train
3740,test
3741,test
3742,train
3743,train
3744,train
3745,train
3746,test
3747,test
3748,train
3749,train
3750,train
3751,train
3752,train
3753,train
3754,train
3755,train
3756,test
3757,test
3758,test
3759,train
3760,train
3761,test
3762,train
3763,test
3764,train
3765,train
3766,test
3767,train
3768,train
3769,train
3770,test
3771,test
3772,train
3773,test
3774,train
3775,test
3776,test
3777,train
3778,test
3779,test
3780,test
3781,train
3782,train
3783,test
3784,train
3785,train
3786,train
3787,test
3788,train
3789,test
3790,train
3791,train
3792,train
3793,test
3794,train
3795,train
3796,test
3797,train
3798,test
3799,train
3800,train
3801,test
3802,test
3803,test
3804,train
3805,test
3806,train
3807,train
3808,test
3809,train
3810,train
3811,test
3812,test
3813,test
3814,train
3815,test
3816,train
3817,test
3818,train
3819,test
3820,test
3821,test
3822,train
3823,test
3824,test
3825,train
3826,test
3827,test
3828,train
3829,train
3830,train
3831,train
3832,train
3833,train
3834,train
3835,test
3836,test
3837,train
3838,train
3839,train
3840,test
3841,train
3842,train
3843,train
3844,test
3845,test
3846,test
3847,test
3848,test
3849,test
3850,test
3851,test
3852,test
3853,train
3854,test
3855,test
3856,test
3857,train
3858,test
3859,train
3860,test
3861,train
3862,train
3863,test
3864,train
3865,train
3866,train
3867,test
3868,train
3869,test
3870,test
3871,train
3872,test
3873,train
3874,train
3875,test
3876,test
3877,train
3878,test
3879,train
3880,test
3881,train
3882,train
3883,train
3884,train
3885,train
3886,test
3887,train
3888,train
3889,train
3890,test
3891,test
3892,train
3893,test
3894,test
3895,test
3896,test
3897,test
3898,train
3899,test
3900,test
3901,train
3902,test
3903,train
3904,test
3905,train
3906,train
3907,train
3908,test
3909,train
3910,train
3911,test
3912,test
3913,train
3914,train
3915,test
3916,test
3917,test
3918,test
3919,train
3920,test
3921,test
3922,test
3923,test
3924,train
3925,train
3926,test
3927,train
3928,train
3929,train
3930,test
3931,train
3932,test
3933,test
3934,test
3935,test
3936,train
3937,test
3938,train
3939,train
3940,test
3941,train
3942,train
3943,train
3944,train
3945,test
3946,test
3947,test
3948,test
3949,train
3950,test
3951,train
3952,test
3953,train
3954,test
3955,train
3956,train
3957,test
3958,test
3959,test
3960,test
3961,train
3962,test
3963,test
3964,train
3965,train
3966,test
3967,train
3968,train
3969,test
3970,test
3971,train
3972,test
3973,test
3974,train
3975,test
3976,train
3977,test
3978,train
3979,test
3980,train
3981,train
3982,test
3983,test
3984,train
3985,test
3986,test
3987,train
3988,train
3989,test
3990,train
3991,train
3992,test
3993,train
3994,train
3995,train
3996,train
3997,train
3998,test
3999,train
4000,test
4001,train
4002,train
4003,test
4004,train
4005,train
4006,train
4007,train
4008,train
4009,train
4010,train
4011,train
4012,train
4013,test
4014,test
4015,train
4016,train
4017,train
4018,test
4019,train
4020,train
4021,test
4022,test
4023,train
4024,train
4025,test
4026,train
4027,train
4028,test
4029,train
4030,test
4031,train
4032,train
4033,test
4034,test
4035,train
4036,test
4037,test
4038,test
4039,train
4040,train
4041,test
4042,train
4043,train
4044,train
4045,test
4046,test
4047,train
4048,train
4049,train
4050,test
4051,train
4052,train
4053,test
4054,train
4055,train
4056,test
4057,test
4058,train
4059,test
4060,test
4061,train
4062,train
4063,train
4064,test
4065,train
4066,train
4067,train
4068,test
4069,test
4070,train
4071,train
4072,test
4073,train
4074,test
4075,train
4076,train
4077,test
4078,train
4079,test
4080,train
4081,train
4082,train
4083,test
4084,train
4085,train
4086,train
4087,test
4088,train
4089,test
4090,train
4091,train
4092,test
4093,test
4094,test
4095,train
4096,test
4097,test
4098,train
4099,train
4100,train
4101,train
4102,test
4103,test
4104,test
4105,train
4106,test
4107,train
4108,test
4109,train
4110,train
4111,train
4112,train
4113,test
4114,train
4115,train
4116,train
4117,train
4118,test
4119,train
4120,train
4121,test
4122,train
4123,train
4124,train
4125,train
4126,train
4127,test
4128,train
4129,test
4130,train
4131,test
4132,test
4133,train
4134,test
4135,train
4136,train
4137,train
4138,test
4139,train
4140,train
4141,train
4142,train
4143,test
4144,train
4145,test
4146,train
4147,train
4148,train
4149,test
4150,train
4151,test
4152,train
4153,test
4154,train
4155,train
4156,test
4157,train
4158,test
4159,test
4160,train
4161,test
4162,train
4163,test
4164,train
4165,train
4166,train
4167,train
4168,test
4169,train
4170,train
4171,test
4172,train
4173,test
4174,train
4175,train
4176,test
4177,train
4178,train
4179,train
4180,train
4181,train
4182,train
4183,train
4184,train
4185,test
4186,test
4187,train
4188,train
4189,train
4190,test
4191,train
4192,test
4193,test
4194,train
4195,train
4196,train
4197,train
4198,test
4199,train
4200,test
4201,train
4202,test
4203,train
4204,train
4205,test
4206,test
4207,train
4208,test
4209,train
4210,test
4211,train
4212,test
4213,train
4214,train
4215,train
4216,train
4217,train
4218,train
4219,test
4220,train
4221,train
4222,test
4223,test
4224,test
4225,train
4226,train
4227,train
4228,train
4229,test
4230,train
4231,train
4232,train
4233,train
4234,test
4235,test
4236,test
4237,train
4238,train
4239,train
4240,train
4241,test
4242,test
4243,train
4244,test
4245,test
4246,train
4247,train
4248,train
4249,train
4250,test
4251,train
4252,test
4253,train
4254,test
4255,train
4256,test
4257,test
4258,train
4259,test
4260,train
4261,train
4262,test
4263,train
4264,train
4265,train
4266,train
4267,train
4268,train
4269,test
4270,train
4271,train
4272,test
4273,test
4274,train
4275,train
4276,test
4277,train
4278,train
4279,train
4280,test
4281,test
4282,train
4283,train
4284,train
4285,test
4286,train
4287,train
4288,train
4289,train
4290,train
4291,train
4292,train
4293,train
4294,train
4295,train
4296,train
4297,train
4298,test
4299,train
4300,train
4301,train
4302,test
4303,test
4304,train
4305,train
4306,train
4307,test
4308,train
4309,test
4310,test
4311,train
4312,train
4313,train
4314,train
4315,train
4316,train
4317,test
4318,train
4319,train
4320,test
4321,test
4322,train
4323,train
4324,train
4325,train
4326,test
4327,test
4328,test
4329,test
4330,train
4331,train
4332,test
4333,train
4334,test
4335,test
4336,test
4337,train
4338,train
4339,train
4340,train
4341,train
4342,train
4343,train
4344,train
4345,train
4346,test
4347,train
4348,test
4349,train
4350,train
4351,train
4352,train
4353,test
4354,train
4355,test
4356,test
4357,test
4358,test
4359,train
4360,train
4361,train
4362,train
4363,train
4364,test
4365,train
4366,train
4367,train
4368,train
4369,train
4370,test
4371,test
4372,train
4373,test
4374,train
4375,test
4376,test
4377,test
4378,test
4379,train
4380,train
4381,train
4382,test
4383,test
4384,test
4385,test
4386,test
4387,test
4388,train
4389,train
4390,train
4391,test
4392,train
4393,test
4394,test
4395,test
4396,test
4397,train
4398,train
4399,test
4400,train
4401,train
4402,train
4403,train
4404,test
4405,test
4406,train
4407,train
4408,test
4409,test
4410,train
4411,train
4412,train
4413,train
4414,test
4415,test
4416,train
4417,train
4418,test
4419,train
4420,test
4421,test
4422,test
4423,train
4424,train
4425,test
4426,test
4427,test
4428,test
4429,train
4430,train
4431,train
4432,test
4433,test
4434,test
4435,train
4436,train
4437,train
4438,train
4439,train
4440,train
4441,train
4442,train
4443,test
4444,train
4445,test
4446,test
4447,train
4448,train
4449,test
4450,train
4451,train
4452,test
4453,train
4454,test
4455,train
4456,train
4457,test
4458,test
4459,train
4460,test
4461,train
4462,test
4463,train
4464,train
4465,test
4466,test
4467,train
4468,test
4469,train
4470,test
4471,train
4472,test
4473,train
4474,test
4475,train
4476,train
4477,train
4478,train
4479,test
4480,train
4481,test
4482,train
4483,test
4484,train
4485,test
4486,train
4487,train
4488,train
4489,test
4490,test
4491,test
4492,train
4493,train
4494,train
4495,train
4496,test
4497,train
4498,train
4499,train
4500,train
4501,train
4502,test
4503,test
4504,test
4505,test
4506,test
4507,test
4508,test
4509,train
4510,test
4511,train
4512,train
4513,train
4514,train
4515,train
4516,test
4517,train
4518,train
4519,train
4520,test
4521,train
4522,test
4523,train
4524,train
4525,train
4526,test
4527,train
4528,train
4529,test
4530,test
4531,test
4532,train
4533,test
4534,test
4535,train
4536,train
4537,test
4538,train
4539,train
4540,train
4541,train
4542,test
4543,train
4544,train
4545,train
4546,test
4547,train
4548,train
4549,test
4550,train
4551,train
4552,train
4553,train
4554,test
4555,train
4556,train
4557,test
4558,train
4559,train
4560,test
4561,test
4562,train
4563,train
4564,train
4565,train
4566,train
4567,test
4568,train
4569,train
4570,train
4571,train
4572,train
4573,test
4574,train
4575,train
4576,train
4577,test
4578,train
4579,train
4580,test
4581,train
4582,train
4583,train
4584,train
4585,train
4586,train
4587,test
4588,train
4589,train
4590,test
4591,test
4592,train
4593,train
4594,train
4595,train
4596,train
4597,test
4598,train
4599,train
4600,test
4601,train
4602,test
4603,train
4604,train
4605,train
4606,train
4607,test
4608,test
4609,test
4610,train
4611,test
4612,test
4613,train
4614,test
4615,test
4616,test
4617,train
4618,train
4619,train
4620,train
4621,train
4622,train
4623,train
4624,train
4625,train
4626,train
4627,train
4628,train
4629,train
4630,test
4631,train
4632,test
4633,train
4634,train
4635,train
4636,test
4637,train
4638,train
4639,train
4640,test
4641,test
4642,test
4643,train
4644,test
4645,train
4646,train
4647,train
4648,train
4649,test
4650,train
4651,train
4652,test
4653,test
4654,train
4655,test
4656,test
4657,train
4658,train
4659,test
4660,train
4661,train
4662,train
4663,train
4664,train
4665,train
4666,test
4667,train
4668,train
4669,train
4670,train
4671,train
4672,test
4673,train
4674,train
4675,test
4676,train
4677,train
4678,test
4679,test
4680,train
4681,train
4682,train
4683,test
4684,test
4685,test
4686,test
4687,train
4688,test
4689,train
4690,test
4691,train
4692,train
4693,test
4694,train
4695,train
4696,test
4697,test
4698,test
4699,train
4700,train
4701,train
4702,test
4703,test
4704,train
4705,test
4706,test
4707,train
4708,train
4709,train
4710,test
4711,train
4712,test
4713,test
4714,train
4715,train
4716,train
4717,train
4718,train
4719,train
4720,test
4721,train
4722,train
4723,test
4724,test
4725,train
4726,test
4727,train
4728,train
4729,train
4730,test
4731,train
4732,train
4733,test
4734,train
4735,train
4736,train
4737,test
4738,train
4739,test
4740,train
4741,train
4742,train
4743,test
4744,train
4745,train
4746,test
4747,train
4748,train
4749,test
4750,test
4751,test
4752,test
4753,train
4754,test
4755,train
4756,test
4757,test
4758,train
4759,test
4760,train
4761,test
4762,train
4763,train
4764,train
4765,train
4766,train
4767,train
4768,train
4769,train
4770,train
4771,train
4772,train
4773,train
4774,train
4775,train
4776,train
4777,train
4778,test
4779,train
4780,train
4781,train
4782,train
4783,train
4784,train
4785,test
4786,test
4787,train
4788,test
4789,train
4790,train
4791,train
4792,test
4793,test
4794,train
4795,train
4796,train
4797,train
4798,train
4799,train
4800,test
4801,train
4802,train
4803,train
4804,test
4805,train
4806,test
4807,test
4808,test
4809,test
4810,train
4811,test
4812,test
4813,train
4814,train
4815,test
4816,train
4817,train
4818,train
4819,test
4820,train
4821,train
4822,test
4823,train
4824,train
4825,train
4826,train
4827,train
4828,test
4829,train
4830,test
4831,test
4832,train
4833,train
4834,test
4835,train
4836,test
4837,train
4838,test
4839,train
4840,train
4841,test
4842,test
4843,test
4844,test
4845,test
4846,train
4847,train
4848,train
4849,test
4850,train
4851,test
4852,train
4853,train
4854,train
4855,train
4856,train
4857,test
4858,train
4859,train
4860,test
4861,train
4862,train
4863,train
4864,test
4865,train
4866,train
4867,test
4868,train
4869,test
4870,train
4871,train
4872,train
4873,train
4874,test
4875,train
4876,train
4877,train
4878,train
4879,train
4880,test
4881,test
4882,train
4883,test
4884,train
4885,train
4886,test
4887,test
4888,train
4889,train
4890,train
4891,train
4892,train
4893,test
4894,train
4895,train
4896,test
4897,train
4898,train
4899,test
4900,test
4901,train
4902,train
4903,train
4904,test
4905,train
4906,train
4907,train
4908,test
4909,test
4910,train
4911,train
4912,train
4913,train
4914,test
4915,test
4916,test
4917,train
4918,test
4919,train
4920,test
4921,train
4922,test
4923,train
4924,test
4925,train
4926,test
4927,train
4928,train
4929,train
4930,test
4931,train
4932,train
4933,train
4934,test
4935,train
4936,train
4937,train
4938,test
4939,test
4940,train
4941,train
4942,test
4943,test
4944,train
4945,train
4946,test
4947,test
4948,test
4949,test
4950,test
4951,train
4952,test
4953,train
4954,test
4955,train
4956,test
4957,train
4958,train
4959,train
4960,train
4961,test
4962,train
4963,train
4964,train
4965,train
4966,train
4967,train
4968,train
4969,train
4970,test
4971,train
4972,test
4973,train
4974,train
4975,test
4976,test
4977,train
4978,train
4979,train
4980,test
4981,train
4982,train
4983,train
4984,train
4985,train
4986,train
4987,test
4988,train
4989,train
4990,train
4991,train
4992,train
4993,test
4994,train
4995,test
4996,train
4997,train
4998,train
4999,test
5000,test
5001,train
5002,test
5003,test
5004,test
5005,train
5006,train
5007,test
5008,test
5009,train
5010,test
5011,test
5012,test
5013,test
5014,train
5015,train
5016,train
5017,test
5018,train
5019,test
5020,train
5021,train
5022,train
5023,train
5024,test
5025,train
5026,train
5027,train
5028,test
5029,train
5030,test
5031,train
5032,train
5033,test
5034,test
5035,train
5036,test
5037,test
5038,train
5039,train
5040,train
5041,train
5042,train
5043,train
5044,test
5045,train
5046,test
5047,train
5048,train
5049,train
5050,test
5051,test
5052,train
5053,train
5054,test
5055,test
5056,train
5057,test
5058,test
5059,train
5060,train
5061,test
5062,test
5063,train
5064,train
5065,train
5066,test
5067,train
5068,test
5069,train
5070,train
5071,train
5072,train
5073,test
5074,test
5075,train
5076,test
5077,test
5078,train
5079,train
5080,train
5081,train
5082,test
5083,test
5084,test
5085,train
5086,train
5087,test
5088,test
5089,test
5090,train
5091,train
5092,train
5093,test
5094,train
5095,train
5096,train
5097,train
5098,train
5099,test
5100,train
5101,train
5102,train
5103,train
5104,train
5105,test
5106,train
5107,train
5108,train
5109,train
5110,test
5111,train
5112,test
5113,train
5114,test
5115,train
5116,test
5117,train
5118,test
5119,train
5120,test
5121,train
5122,train
5123,train
5124,train
5125,test
5126,train
5127,train
5128,test
5129,test
5130,train
5131,train
5132,test
5133,test
5134,train
5135,train
5136,test
5137,test
5138,test
5139,train
5140,train
5141,train
5142,train
5143,train
5144,test
5145,train
5146,train
5147,test
5148,train
5149,train
5150,test
5151,train
5152,train
5153,train
5154,test
5155,test
5156,test
5157,test
5158,train
5159,test
5160,train
5161,train
5162,train
5163,test
5164,train
5165,test
5166,train
5167,train
5168,test
5169,test
5170,test
5171,train
5172,train
5173,train
5174,test
5175,test
5176,train
5177,test
5178,train
5179,test
5180,train
5181,train
5182,train
5183,train
5184,train
5185,train
5186,test
5187,train
5188,train
5189,train
5190,train
5191,test
5192,test
5193,test
5194,test
5195,train
5196,train
5197,test
5198,test
5199,test
5200,train
5201,train
5202,train
5203,train
5204,train
5205,train
5206,train
5207,train
5208,train
5209,test
5210,train
5211,test
5212,train
5213,test
5214,test
5215,train
5216,train
5217,test
5218,train
5219,test
5220,train
5221,train
5222,train
5223,train
5224,test
5225,test
5226,train
5227,test
5228,test
5229,test
5230,test
5231,train
5232,test
5233,train
5234,train
5235,train
5236,train
5237,train
5238,test
5239,train
5240,train
5241,test
5242,train
5243,test
5244,train
5245,train
5246,test
5247,train
5248,test
5249,train
5250,test
5251,train
5252,test
5253,test
5254,train
5255,test
5256,test
5257,train
5258,test
5259,train
5260,train
5261,test
5262,train
5263,train
5264,train
5265,test
5266,test
5267,train
5268,train
5269,train
5270,train
5271,train
5272,test
5273,test
5274,test
5275,train
5276,train
5277,train
5278,test
5279,train
5280,train
5281,train
5282,train
5283,train
5284,train
5285,test
5286,train
5287,test
5288,test
5289,test
5290,train
5291,test
5292,test
5293,train
5294,train
5295,test
5296,train
5297,train
5298,test
5299,train
5300,train
5301,train
5302,train
5303,train
5304,train
5305,test
5306,test
5307,train
5308,train
5309,train
5310,train
5311,train
5312,train
5313,test
5314,test
5315,train
5316,train
5317,train
5318,test
5319,train
5320,test
5321,train
5322,train
5323,train
5324,train
5325,test
5326,train
5327,test
5328,test
5329,test
5330,train
5331,train
5332,train
5333,train
5334,test
5335,train
5336,train
5337,train
5338,test
5339,train
5340,train
5341,train
5342,test
5343,test
5344,train
5345,test
5346,test
5347,test
5348,train
5349,train
5350,train
5351,train
5352,test
5353,train
5354,test
5355,train
5356,train
5357,test
5358,train
5359,test
5360,test
5361,train
5362,train
5363,train
5364,test
5365,train
5366,test
5367,train
5368,test
5369,test
5370,test
5371,test
5372,train
5373,train
5374,test
5375,test
5376,test
5377,test
5378,test
5379,test
5380,test
5381,train
5382,test
5383,train
5384,test
5385,test
5386,train
5387,train
5388,train
5389,train
5390,test
5391,train
5392,test
5393,train
5394,train
5395,test
5396,test
5397,train
5398,train
5399,test
5400,test
5401,test
5402,train
5403,train
5404,test
5405,train
5406,test
5407,test
5408,train
5409,train
5410,train
5411,train
5412,train
5413,train
5414,train
5415,test
5416,train
5417,train
5418,test
5419,train
5420,test
5421,test
5422,train
5423,train
5424,train
5425,train
5426,test
5427,train
5428,test
5429,train
5430,test
5431,train
5432,train
5433,test
5434,train
5435,test
5436,test
5437,train
5438,train
5439,train
5440,train
5441,train
5442,train
5443,test
5444,test
5445,train
5446,train
5447,train
5448,test
5449,train
5450,train
5451,train
5452,test
5453,train
5454,test
5455,test
5456,train
5457,test
5458,train
5459,train
5460,test
5461,train
5462,train
5463,train
5464,train
5465,train
5466,test
5467,train
5468,test
5469,test
5470,test
5471,test
5472,train
5473,test
5474,test
5475,train
5476,train
5477,test
5478,test
5479,train
5480,test
5481,train
5482,train
5483,test
5484,test
5485,train
5486,test
5487,train
5488,train
5489,test
5490,test
5491,train
5492,train
5493,train
5494,train
5495,test
5496,test
5497,train
5498,test
5499,train
5500,test
5501,train
5502,test
5503,test
5504,train
5505,train
5506,train
5507,train
5508,train
5509,train
5510,train
5511,train
5512,train
5513,test
5514,train
5515,test
5516,train
5517,test
5518,test
5519,train
5520,train
5521,train
5522,test
5523,train
5524,train
5525,train
5526,train
5527,test
5528,train
5529,train
5530,test
5531,test
5532,train
5533,train
5534,test
5535,test
5536,test
5537,train
5538,test
5539,train
5540,test
5541,test
5542,train
5543,train
5544,test
5545,train
5546,train
5547,test
5548,test
5549,train
5550,test
5551,test
5552,train
5553,train
5554,train
5555,train
5556,test
5557,train
5558,test
5559,train
5560,train
5561,train
5562,train
5563,train
5564,train
5565,train
5566,train
5567,train
5568,train
5569,train
5570,train
5571,train
5572,train
5573,train
5574,train
5575,train
5576,train
5577,test
5578,test
5579,train
5580,train
5581,train
5582,test
5583,train
5584,train
5585,train
5586,train
5587,train
5588,train
5589,test
5590,train
5591,train
5592,train
5593,test
5594,train
5595,test
5596,train
5597,test
5598,train
5599,test
5600,train
5601,test
5602,train
5603,test
5604,test
5605,test
5606,train
5607,train
5608,test
5609,train
5610,train
5611,train
5612,train
5613,train
5614,test
5615,train
5616,train
5617,train
5618,test
5619,train
5620,train
5621,train
5622,test
5623,test
5624,train
5625,test
5626,train
5627,train
5628,train
5629,test
5630,test
5631,train
5632,train
5633,train
5634,test
5635,test
5636,train
5637,train
5638,train
5639,test
5640,test
5641,train
5642,train
5643,train
5644,train
5645,train
5646,test
5647,test
5648,test
5649,test
5650,train
5651,test
5652,test
5653,test
5654,test
5655,train
5656,train
5657,train
5658,train
5659,test
5660,train
5661,train
5662,train
5663,test
5664,train
5665,train
5666,train
5667,train
5668,train
5669,train
5670,train
5671,train
5672,train
5673,train
5674,train
5675,test
5676,train
5677,train
5678,train
5679,test
5680,train
5681,test
5682,test
5683,test
5684,test
5685,train
5686,train
5687,train
5688,train
5689,train
5690,train
5691,train
5692,test
5693,test
5694,train
5695,test
5696,test
5697,train
5698,test
5699,train
5700,test
5701,train
5702,test
5703,train
5704,train
5705,test
5706,train
5707,test
5708,test
5709,test
5710,train
5711,train
5712,train
5713,train
5714,train
5715,train
5716,test
5717,train
5718,train
5719,train
5720,train
5721,test
5722,train
5723,test
5724,test
5725,test
5726,train
5727,train
5728,test
5729,train
5730,test
5731,test
5732,train
5733,train
5734,train
5735,test
5736,train
5737,train
5738,test
5739,test
5740,train
5741,train
5742,train
5743,train
5744,test
5745,train
5746,train
5747,train
5748,test
5749,test
5750,train
5751,test
5752,train
5753,train
5754,test
5755,train
5756,test
5757,train
5758,train
5759,test
5760,test
5761,train
5762,test
5763,train
5764,train
5765,test
5766,test
5767,test
5768,test
5769,train
5770,train
5771,test
5772,train
5773,test
5774,train
5775,train
5776,train
5777,train
5778,train
5779,train
5780,test
5781,test
5782,train
5783,train
5784,train
5785,train
5786,test
5787,test
5788,test
5789,train
5790,train
5791,test
5792,train
5793,train
5794,test
5795,test
5796,test
5797,train
5798,train
5799,test
5800,test
5801,test
5802,test
5803,train
5804,train
5805,test
5806,train
5807,train
5808,train
5809,test
5810,train
5811,train
5812,train
5813,test
5814,test
5815,train
5816,train
5817,test
5818,test
5819,train
5820,train
5821,train
5822,train
5823,train
5824,train
5825,test
5826,train
5827,train
5828,train
5829,test
5830,test
5831,test
5832,train
5833,test
5834,train
5835,train
5836,train
5837,train
5838,test
5839,train
5840,train
5841,train
5842,train
5843,test
5844,test
5845,test
5846,train
5847,train
5848,train
5849,test
5850,train
5851,train
5852,train
5853,test
5854,test
5855,test
5856,train
5857,train
5858,test
5859,train
5860,test
5861,test
5862,test
5863,train
5864,train
5865,test
5866,train
5867,test
5868,train
5869,train
5870,train
5871,train
5872,test
5873,train
5874,train
5875,train
5876,test
5877,train
5878,train
5879,test
5880,test
5881,train
5882,train
5883,train
5884,test
5885,train
5886,test
5887,test
5888,test
5889,train
5890,test
5891,train
5892,train
5893,test
5894,test
5895,train
5896,train
5897,test
5898,train
5899,train
5900,train
5901,test
5902,train
5903,train
5904,test
5905,test
5906,train
5907,test
5908,train
5909,test
5910,train
5911,test
5912,train
5913,test
5914,train
5915,train
5916,train
5917,test
5918,train
5919,test
5920,train
5921,test
5922,train
5923,test
5924,train
5925,test
5926,train
5927,train
5928,test
5929,train
5930,train
5931,train
5932,test
5933,train
5934,train
5935,train
5936,train
5937,train
5938,train
5939,test
5940,test
5941,test
5942,train
5943,test
5944,test
5945,train
5946,train
5947,test
5948,test
5949,test
5950,test
5951,train
5952,train
5953,train
5954,train
5955,test
5956,test
5957,train
5958,train
5959,train
5960,train
5961,test
5962,train
5963,train
5964,train
5965,train
5966,train
5967,train
5968,test
5969,test
5970,test
5971,train
5972,test
5973,train
5974,train
5975,train
5976,train
5977,train
5978,train
5979,train
5980,test
5981,test
5982,train
5983,test
5984,test
5985,train
5986,test
5987,train
5988,train
5989,train
5990,train
5991,train
5992,train
5993,test
5994,train
5995,test
5996,test
5997,test
5998,test
5999,train
6000,test
6001,train
6002,train
6003,test
6004,train
6005,train
6006,train
6007,train
6008,test
6009,train
6010,train
6011,test
6012,train
6013,train
6014,train
6015,test
6016,test
6017,test
6018,test
6019,train
6020,train
6021,train
6022,train
6023,train
6024,test
6025,train
6026,test
6027,train
6028,train
6029,test
6030,train
6031,train
6032,train
6033,train
6034,train
6035,train
6036,train
6037,train
6038,test
6039,train
6040,train
6041,test
6042,train
6043,train
6044,test
6045,test
6046,train
6047,train
6048,train
6049,train
6050,train
6051,test
6052,train
6053,test
6054,train
6055,train
6056,train
6057,train
6058,train
6059,test
6060,train
6061,test
6062,train
6063,train
6064,train
6065,train
6066,test
6067,train
6068,train
6069,train
6070,test
6071,train
6072,test
6073,test
6074,train
6075,train
6076,train
6077,train
6078,test
6079,test
6080,test
6081,train
6082,train
6083,test
6084,train
6085,test
6086,train
6087,test
6088,test
6089,train
6090,train
6091,train
6092,train
6093,test
6094,train
6095,test
6096,train
6097,train
6098,train
6099,train
6100,test
6101,test
6102,test
6103,train
6104,test
6105,test
6106,test
6107,test
6108,train
6109,train
6110,test
6111,test
6112,test
6113,train
6114,train
6115,train
6116,test
6117,test
6118,train
6119,test
6120,train
6121,train
6122,train
6123,train
6124,test
6125,test
6126,test
6127,train
6128,train
6129,test
6130,test
6131,test
6132,train
6133,train
6134,test
6135,test
6136,train
6137,test
6138,train
6139,test
6140,test
6141,train
6142,train
6143,train
6144,test
6145,train
6146,train
6147,train
6148,train
6149,train
6150,train
6151,train
6152,test
6153,train
6154,train
6155,train
6156,test
6157,test
6158,train
6159,train
6160,train
6161,train
6162,test
6163,train
6164,train
6165,train
6166,train
6167,train
6168,train
6169,train
6170,train
6171,train
6172,train
6173,test
6174,test
6175,test
6176,train
6177,train
6178,train
6179,train
6180,test
6181,train
6182,train
6183,train
6184,test
6185,test
6186,train
6187,train
6188,train
6189,test
6190,test
6191,train
6192,train
6193,train
6194,test
6195,train
6196,train
6197,test
6198,train
6199,train
6200,test
6201,test
6202,test
6203,train
6204,train
6205,train
6206,train
6207,train
6208,test
6209,test
6210,test
6211,test
6212,test
6213,train
6214,train
6215,train
6216,train
6217,test
6218,test
6219,test
6220,train
6221,test
6222,test
6223,test
6224,test
6225,train
6226,test
6227,test
6228,train
6229,test
6230,train
6231,train
6232,test
6233,test
6234,test
6235,train
6236,train
6237,train
6238,test
6239,test
6240,train
6241,train
6242,train
6243,train
6244,train
6245,train
6246,test
6247,train
6248,test
6249,train
6250,test
6251,train
6252,test
6253,train
6254,test
6255,test
6256,test
6257,train
6258,test
6259,test
6260,train
6261,train
6262,train
6263,train
6264,test
6265,train
6266,test
6267,train
6268,test
6269,train
6270,train
6271,train
6272,train
6273,train
6274,train
6275,train
6276,train
6277,test
6278,train
6279,test
6280,train
6281,test
6282,train
6283,test
6284,test
6285,test
6286,test
6287,train
6288,test
6289,train
6290,train
6291,test
6292,test
6293,train
6294,train
6295,train
6296,train
6297,test
6298,train
6299,train
6300,train
6301,test
6302,train
6303,train
6304,train
6305,test
6306,train
6307,train
6308,train
6309,train
6310,test
6311,train
6312,train
6313,train
6314,test
6315,test
6316,test
6317,test
6318,test
6319,train
6320,train
6321,train
6322,train
6323,test
6324,train
6325,test
6326,train
6327,test
6328,test
6329,train
6330,train
6331,train
6332,train
6333,train
6334,test
6335,train
6336,test
6337,test
6338,test
6339,train
6340,train
6341,test
6342,train
6343,train
6344,train
6345,train
6346,test
6347,train
6348,train
6349,train
6350,test
6351,test
6352,train
6353,train
6354,test
6355,test
6356,train
6357,test
6358,test
6359,train
6360,train
6361,train
6362,test
6363,test
6364,train
6365,test
6366,test
6367,train
6368,train
6369,test
6370,train
6371,train
6372,test
6373,train
6374,train
6375,test
6376,test
6377,test
6378,train
6379,test
6380,train
6381,test
6382,test
6383,train
6384,test
6385,train
6386,test
6387,train
6388,train
6389,test
6390,test
6391,test
6392,train
6393,train
6394,test
6395,train
6396,train
6397,train
6398,train
6399,train
6400,train
6401,test
6402,train
6403,train
6404,train
6405,test
6406,train
6407,test
6408,train
6409,train
6410,train
6411,train
6412,train
6413,train
6414,test
6415,train
6416,train
6417,test
6418,train
6419,train
6420,test
6421,train
6422,train
6423,train
6424,test
6425,train
6426,train
6427,test
6428,train
6429,train
6430,train
6431,train
6432,train
6433,test
6434,test
6435,train
6436,test
6437,train
6438,test
6439,train
6440,test
6441,test
6442,test
6443,train
6444,test
6445,train
6446,train
6447,test
6448,train
6449,test
6450,test
6451,test
6452,train
6453,train
6454,train
6455,train
6456,train
6457,train
6458,train
6459,train
6460,train
6461,test
6462,test
6463,train
6464,train
6465,train
6466,train
6467,train
6468,test
6469,train
6470,test
6471,train
6472,train
6473,train
6474,train
6475,train
6476,train
6477,test
6478,train
6479,test
6480,train
6481,test
6482,train
6483,test
6484,train
6485,test
6486,train
6487,test
6488,test
6489,train
6490,test
6491,train
6492,test
6493,train
6494,train
6495,train
6496,train
6497,train
6498,test
6499,train
6500,train
6501,train
6502,test
6503,train
6504,train
6505,train
6506,train
6507,train
6508,train
6509,train
6510,train
6511,test
6512,train
6513,test
6514,test
6515,test
6516,train
6517,test
6518,test
6519,train
6520,train
6521,train
6522,test
6523,test
6524,train
6525,train
6526,train
6527,train
6528,train
6529,train
6530,train
6531,train
6532,train
6533,train
6534,train
6535,train
6536,test
6537,test
6538,test
6539,test
6540,test
6541,train
6542,train
6543,train
6544,test
6545,train
6546,train
6547,train
6548,train
6549,train
6550,train
6551,test
6552,train
6553,test
6554,train
6555,train
6556,train
6557,train
6558,train
6559,test
6560,test
6561,train
6562,test
6563,train
6564,train
6565,train
6566,test
6567,train
6568,train
6569,test
6570,train
6571,train
6572,train
6573,test
6574,train
6575,test
6576,train
6577,test
6578,test
6579,train
6580,train
6581,train
6582,train
6583,test
6584,test
6585,test
6586,train
6587,test
6588,test
6589,train
6590,test
6591,test
6592,train
6593,test
6594,test
6595,train
6596,train
6597,test
6598,train
6599,train
6600,train
6601,test
6602,train
6603,test
6604,train
6605,train
6606,train
6607,test
6608,train
6609,train
6610,test
6611,train
6612,test
6613,train
6614,test
6615,train
6616,test
6617,train
6618,train
6619,test
6620,train
6621,train
6622,test
6623,train
6624,test
6625,train
6626,test
6627,train
6628,train
6629,test
6630,train
6631,test
6632,train
6633,test
6634,train
6635,test
6636,test
6637,test
6638,test
6639,train
6640,train
6641,test
6642,test
6643,test
6644,test
6645,test
6646,test
6647,train
6648,test
6649,train
6650,test
6651,test
6652,test
6653,test
6654,train
6655,train
6656,test
6657,test
6658,train
6659,train
6660,test
6661,test
6662,test
6663,test
6664,train
6665,train
6666,train
6667,train
6668,train
6669,train
6670,train
6671,test
6672,train
6673,test
6674,test
6675,test
6676,test
6677,train
6678,train
6679,test
6680,train
6681,test
6682,train
6683,train
6684,train
6685,train
6686,test
6687,test
6688,train
6689,train
6690,test
6691,train
6692,test
6693,train
6694,test
6695,train
6696,train
6697,train
6698,test
6699,train
6700,train
6701,train
6702,test
6703,train
6704,test
6705,test
6706,test
6707,test
6708,train
6709,train
6710,train
6711,train
6712,train
6713,train
6714,train
6715,test
6716,test
6717,train
6718,test
6719,test
6720,train
6721,test
6722,train
6723,train
6724,test
6725,train
6726,train
6727,train
6728,train
6729,train
6730,test
6731,train
6732,test
6733,test
6734,train
6735,train
6736,train
6737,test
6738,train
6739,test
6740,test
6741,train
6742,test
6743,train
6744,test
6745,test
6746,train
6747,train
6748,test
6749,train
6750,test
6751,train
6752,train
6753,train
6754,train
6755,train
6756,train
6757,train
6758,train
6759,test
6760,test
6761,train
6762,train
6763,test
6764,train
6765,test
6766,train
6767,test
6768,train
6769,test
6770,train
6771,train
6772,train
6773,train
6774,train
6775,test
6776,train
6777,test
6778,train
6779,test
6780,test
6781,train
6782,train
6783,train
6784,test
6785,test
6786,train
6787,train
6788,train
6789,train
6790,train
6791,train
6792,train
6793,train
6794,train
6795,test
6796,test
6797,test
6798,train
6799,test
6800,train
6801,test
6802,train
6803,train
6804,test
6805,train
6806,test
6807,train
6808,train
6809,train
6810,test
6811,test
6812,train
6813,train
6814,test
6815,train
6816,train
6817,train
6818,train
6819,test
6820,train
6821,test
6822,test
6823,train
6824,train
6825,train
6826,train
6827,train
6828,test
6829,test
6830,train
6831,train
6832,train
6833,test
6834,train
6835,test
6836,test
6837,test
6838,train
6839,test
6840,train
6841,train
6842,train
6843,test
6844,train
6845,test
6846,test
6847,train
6848,train
6849,train
6850,train
6851,test
6852,train
6853,test
6854,train
6855,train
6856,test
6857,train
6858,test
6859,train
6860,train
6861,test
6862,test
6863,train
6864,train
6865,train
6866,train
6867,train
6868,train
6869,train
6870,test
6871,train
6872,train
6873,test
6874,test
6875,train
6876,test
6877,train
6878,test
6879,test
6880,train
6881,train
6882,test
6883,train
6884,train
6885,train
6886,train
6887,test
6888,train
6889,train
6890,train
6891,test
6892,test
6893,test
6894,test
6895,test
6896,test
6897,train
6898,test
6899,train
6900,train
6901,test
6902,test
6903,test
6904,test
6905,train
6906,train
6907,train
6908,train
6909,test
6910,test
6911,test
6912,test
6913,test
6914,train
6915,test
6916,train
6917,train
6918,test
6919,test
6920,train
6921,train
6922,train
6923,train
6924,train
6925,train
6926,train
6927,test
6928,test
6929,train
6930,train
6931,test
6932,train
6933,test
6934,train
6935,test
6936,test
6937,train
6938,train
6939,train
6940,test
6941,train
6942,train
6943,test
6944,train
6945,train
6946,train
6947,test
6948,train
6949,test
6950,train
6951,train
6952,train
6953,train
6954,train
6955,test
6956,train
6957,train
6958,train
6959,train
6960,test
6961,train
6962,train
6963,train
6964,test
6965,train
6966,train
6967,train
6968,test
6969,train
6970,test
6971,train
6972,test
6973,train
6974,test
6975,train
6976,train
6977,train
6978,test
6979,test
6980,train
6981,test
6982,test
6983,train
6984,test
6985,train
6986,train
6987,test
6988,train
6989,test
6990,test
6991,train
6992,test
6993,train
6994,train
6995,train
6996,train
6997,train
6998,test
6999,test
7000,train
7001,train
7002,train
7003,train
7004,train
7005,test
7006,train
7007,train
7008,train
7009,train
7010,test
7011,test
7012,train
7013,test
7014,train
7015,test
7016,train
7017,test
7018,test
7019,test
7020,test
7021,train
7022,train
7023,train
7024,test
7025,train
7026,train
7027,test
7028,train
7029,test
7030,test
7031,test
7032,train
7033,train
7034,train
7035,test
7036,train
7037,test
7038,test
7039,train
7040,test
7041,train
7042,test
7043,test
7044,test
7045,train
7046,train
7047,train
7048,train
7049,test
7050,test
7051,test
7052,test
7053,train
7054,test
7055,train
7056,train
7057,train
7058,test
7059,test
7060,train
7061,train
7062,train
7063,train
7064,train
7065,train
7066,train
7067,test
7068,train
7069,train
7070,test
7071,train
7072,train
7073,train
7074,test
7075,train
7076,train
7077,train
7078,train
7079,test
7080,test
7081,train
7082,test
7083,train
7084,train
7085,train
7086,train
7087,test
7088,train
7089,train
7090,train
7091,test
7092,test
7093,test
7094,train
7095,test
7096,train
7097,train
7098,train
7099,train
7100,train
7101,test
7102,test
7103,train
7104,test
7105,train
7106,train
7107,train
7108,train
7109,train
7110,train
7111,train
7112,test
7113,test
7114,train
7115,train
7116,train
7117,test
7118,test
7119,test
7120,train
7121,test
7122,test
7123,train
7124,train
7125,test
7126,train
7127,train
7128,train
7129,train
7130,test
7131,test
7132,train
7133,train
7134,test
7135,test
7136,test
7137,test
7138,train
7139,train
7140,train
7141,train
7142,train
7143,train
7144,test
7145,train
7146,test
7147,test
7148,train
7149,test
7150,test
7151,train
7152,train
7153,train
7154,test
7155,train
7156,test
7157,train
7158,train
7159,train
7160,test
7161,test
7162,train
7163,train
7164,test
7165,test
7166,test
7167,test
7168,test
7169,train
7170,train
7171,test
7172,test
7173,train
7174,train
7175,test
7176,train
7177,test
7178,train
7179,train
7180,test
7181,train
7182,train
7183,test
7184,test
7185,test
7186,train
7187,train
7188,test
7189,train
7190,test
7191,test
7192,train
7193,test
7194,train
7195,train
7196,test
7197,test
7198,test
7199,train
7200,train
7201,train
7202,train
7203,test
7204,train
7205,train
7206,train
7207,train
7208,test
7209,test
7210,train
7211,train
7212,train
7213,train
7214,test
7215,train
7216,train
7217,test
7218,test
7219,train
7220,test
7221,train
7222,train
7223,train
7224,train
7225,train
7226,train
7227,train
7228,train
7229,train
7230,train
7231,train
7232,train
7233,train
7234,train
7235,test
7236,train
7237,test
7238,train
7239,test
7240,train
7241,test
7242,train
7243,train
7244,train
7245,train
7246,train
7247,train
7248,test
7249,train
7250,train
7251,train
7252,train
7253,train
7254,train
7255,test
7256,train
7257,train
7258,train
7259,test
7260,train
7261,train
7262,train
7263,test
7264,train
7265,train
7266,train
7267,test
7268,test
7269,test
7270,test
7271,train
7272,train
7273,test
7274,train
7275,train
7276,test
7277,test
7278,test
7279,test
7280,test
7281,test
7282,train
7283,train
7284,test
7285,train
7286,train
7287,train
7288,train
7289,train
7290,test
7291,test
7292,train
7293,test
7294,train
7295,test
7296,train
7297,train
7298,test
7299,train
7300,test
7301,train
7302,train
7303,train
7304,train
7305,test
7306,test
7307,test
7308,train
7309,test
7310,test
7311,train
7312,train
7313,test
7314,train
7315,train
7316,train
7317,test
7318,test
7319,train
7320,train
7321,test
7322,train
7323,train
7324,train
7325,train
7326,test
7327,test
7328,test
7329,train
7330,test
7331,train
7332,test
7333,test
7334,test
7335,test
7336,test
7337,train
7338,train
7339,test
7340,test
7341,train
7342,test
7343,train
7344,train
7345,train
7346,train
7347,test
7348,test
7349,train
7350,train
7351,test
7352,test
7353,test
7354,train
7355,test
7356,test
7357,test
7358,train
7359,train
7360,train
7361,test
7362,test
7363,train
7364,train
7365,test
7366,test
7367,test
7368,train
7369,train
7370,test
7371,test
7372,test
7373,train
7374,train
7375,train
7376,train
7377,test
7378,train
7379,test
7380,train
7381,test
7382,train
7383,train
7384,train
7385,train
7386,train
7387,test
7388,test
7389,train
7390,train
7391,test
7392,test
7393,train
7394,test
7395,test
7396,test
7397,test
7398,test
7399,train
7400,train
7401,test
7402,test
7403,train
7404,train
7405,test
7406,test
7407,train
7408,train
7409,train
7410,test
7411,train
7412,test
7413,train
7414,test
7415,test
7416,train
7417,train
7418,train
7419,test
7420,test
7421,train
7422,test
7423,test
7424,train
7425,train
7426,test
7427,train
7428,test
7429,train
7430,train
7431,test
7432,train
7433,train
7434,test
7435,train
7436,test
7437,test
7438,test
7439,test
7440,train
7441,train
7442,train
7443,train
7444,train
7445,test
7446,train
7447,train
7448,train
7449,test
7450,test
7451,train
7452,test
7453,train
7454,train
7455,test
7456,train
7457,train
7458,test
7459,test
7460,test
7461,train
7462,test
7463,train
7464,test
7465,train
7466,train
7467,train
7468,test
7469,train
7470,train
7471,train
7472,train
7473,test
7474,train
7475,train
7476,train
7477,train
7478,test
7479,test
7480,train
7481,train
7482,train
7483,test
7484,train
7485,test
7486,test
7487,train
7488,train
7489,train
7490,train
7491,train
7492,train
7493,train
7494,test
7495,test
7496,train
7497,test
7498,test
7499,train
7500,train
7501,train
7502,train
7503,test
7504,train
7505,test
7506,test
7507,train
7508,train
7509,test
7510,train
7511,test
7512,test
7513,test
7514,test
7515,test
7516,test
7517,train
7518,test
7519,train
7520,test
7521,test
7522,test
7523,test
7524,train
7525,train
7526,train
7527,train
7528,train
7529,train
7530,train
7531,train
7532,test
7533,train
7534,train
7535,train
7536,test
7537,test
7538,train
7539,test
7540,test
7541,test
7542,train
7543,test
7544,test
7545,train
7546,test
7547,test
7548,test
7549,train
7550,train
7551,test
7552,test
7553,train
7554,test
7555,train
7556,train
7557,test
7558,test
7559,test
7560,train
7561,train
7562,train
7563,train
7564,test
7565,test
7566,train
7567,train
7568,test
7569,train
7570,test
7571,train
7572,test
7573,train
7574,test
7575,test
7576,train
7577,train
7578,train
7579,test
7580,train
7581,train
7582,test
7583,train
7584,test
7585,train
7586,test
7587,train
7588,test
7589,train
7590,test
7591,train
7592,test
7593,train
7594,test
7595,train
7596,test
7597,train
7598,train
7599,train
7600,train
7601,train
7602,train
7603,test
7604,train
7605,train
7606,test
7607,test
7608,test
7609,train
7610,train
7611,train
7612,train
7613,test
7614,test
7615,test
7616,train
7617,train
7618,test
7619,train
7620,train
7621,test
7622,train
7623,train
7624,train
7625,train
7626,train
7627,test
7628,train
7629,train
7630,train
7631,train
7632,test
7633,test
7634,test
7635,train
7636,train
7637,test
7638,train
7639,test
7640,test
7641,test
7642,train
7643,train
7644,train
7645,test
7646,test
7647,train
7648,train
7649,train
7650,train
7651,train
7652,test
7653,train
7654,test
7655,train
7656,train
7657,train
7658,train
7659,train
7660,train
7661,train
7662,train
7663,test
7664,test
7665,train
7666,train
7667,test
7668,train
7669,train
7670,train
7671,test
7672,test
7673,train
7674,train
7675,test
7676,test
7677,train
7678,test
7679,train
7680,train
7681,test
7682,train
7683,train
7684,train
7685,test
7686,test
7687,test
7688,train
7689,test
7690,train
7691,train
7692,train
7693,test
7694,train
7695,train
7696,test
7697,train
7698,test
7699,train
7700,test
7701,train
7702,test
7703,test
7704,train
7705,train
7706,train
7707,test
7708,train
7709,train
7710,train
7711,train
7712,train
7713,test
7714,test
7715,train
7716,test
7717,test
7718,test
7719,train
7720,train
7721,test
7722,train
7723,train
7724,train
7725,train
7726,train
7727,train
7728,train
7729,test
7730,test
7731,train
7732,test
7733,test
7734,train
7735,train
7736,test
7737,test
7738,train
7739,test
7740,train
7741,train
7742,test
7743,test
7744,train
7745,train
7746,train
7747,train
7748,test
7749,test
7750,train
7751,train
7752,train
7753,train
7754,train
7755,test
7756,test
7757,train
7758,test
7759,train
7760,train
7761,test
7762,test
7763,train
7764,train
7765,test
7766,train
7767,train
7768,train
7769,train
7770,train
7771,train
7772,train
7773,test
7774,test
7775,train
7776,test
7777,train
7778,test
7779,test
7780,train
7781,train
7782,test
7783,train
7784,train
7785,test
7786,train
7787,train
7788,test
7789,test
7790,test
7791,test
7792,train
7793,test
7794,test
7795,test
7796,train
7797,test
7798,test
7799,train
7800,test
7801,test
7802,test
7803,train
7804,train
7805,test
7806,train
7807,test
7808,test
7809,test
7810,train
7811,train
7812,train
7813,test
7814,test
7815,test
7816,train
7817,test
7818,test
7819,test
7820,train
7821,train
7822,test
7823,train
7824,test
7825,test
7826,train
7827,train
7828,test
7829,train
7830,train
7831,test
7832,test
7833,test
7834,train
7835,train
7836,train
7837,train
7838,train
7839,test
7840,test
7841,train
7842,train
7843,train
7844,test
7845,train
7846,test
7847,test
7848,test
7849,train
7850,test
7851,train
7852,train
7853,test
7854,train
7855,train
7856,train
7857,test
7858,train
7859,train
7860,train
7861,train
7862,train
7863,test
7864,test
7865,test
7866,test
7867,train
7868,train
7869,train
7870,train
7871,train
7872,test
7873,train
7874,test
7875,train
7876,test
7877,train
7878,test
7879,train
7880,train
7881,test
7882,test
7883,train
7884,train
7885,train
7886,train
7887,test
7888,train
7889,test
7890,train
7891,test
7892,train
7893,train
7894,test
7895,train
7896,train
7897,test
7898,test
7899,test
7900,test
7901,train
7902,test
7903,train
7904,train
7905,test
7906,train
7907,train
7908,train
7909,train
7910,train
7911,train
7912,test
7913,train
7914,train
7915,train
7916,test
7917,train
7918,train
7919,test
7920,train
7921,test
7922,train
7923,test
7924,train
7925,test
7926,train
7927,train
7928,train
7929,test
7930,train
7931,train
7932,test
7933,train
7934,train
7935,train
7936,test
7937,train
7938,train
7939,test
7940,train
7941,test
7942,train
7943,train
7944,train
7945,train
7946,train
7947,train
7948,test
7949,train
7950,train
7951,test
7952,test
7953,test
7954,test
7955,train
7956,test
7957,train
7958,train
7959,test
7960,train
7961,test
7962,train
7963,train
7964,train
7965,test
7966,train
7967,test
7968,test
7969,test
7970,test
7971,train
7972,test
7973,test
7974,test
7975,train
7976,train
7977,test
7978,train
7979,train
7980,train
7981,train
7982,train
7983,test
7984,train
7985,train
7986,train
7987,test
7988,test
7989,test
7990,test
7991,train
7992,train
7993,train
7994,train
7995,test
7996,train
7997,test
7998,train
7999,train
8000,test
8001,test
8002,test
8003,test
8004,train
8005,train
8006,train
8007,train
8008,test
8009,train
8010,train
8011,train
8012,train
8013,train
8014,train
8015,train
8016,test
8017,test
8018,train
8019,train
8020,test
8021,train
8022,train
8023,train
8024,train
8025,train
8026,train
8027,train
8028,train
8029,test
8030,train
8031,test
8032,train
8033,train
8034,test
8035,train
8036,test
8037,test
8038,test
8039,test
8040,test
8041,train
8042,test
8043,test
8044,test
8045,train
8046,test
8047,train
8048,train
8049,train
8050,train
8051,train
8052,train
8053,train
8054,train
8055,test
8056,train
8057,test
8058,train
8059,test
8060,train
8061,test
8062,test
8063,train
8064,test
8065,test
8066,train
8067,train
8068,test
8069,train
8070,test
8071,test
8072,train
8073,train
8074,train
8075,train
8076,train
8077,train
8078,train
8079,test
8080,train
8081,train
8082,test
8083,test
8084,train
8085,train
8086,train
8087,train
8088,test
8089,test
8090,train
8091,train
8092,train
8093,train
8094,test
8095,train
8096,train
8097,test
8098,test
8099,train
8100,train
8101,test
8102,test
8103,train
8104,train
8105,train
8106,test
8107,test
8108,test
8109,test
8110,train
8111,train
8112,train
8113,train
8114,train
8115,train
8116,train
8117,test
8118,test
8119,train
8120,train
8121,train
8122,test
8123,train
8124,train
8125,test
8126,train
8127,test
8128,test
8129,test
8130,test
8131,train
8132,train
8133,test
8134,test
8135,train
8136,test
8137,test
8138,test
8139,test
8140,test
8141,train
8142,train
8143,train
8144,test
8145,test
8146,train
8147,test
8148,train
8149,test
8150,test
8151,test
8152,test
8153,train
8154,train
8155,test
8156,train
8157,test
8158,train
8159,train
8160,test
8161,test
8162,train
8163,test
8164,train
8165,train
8166,test
8167,train
8168,test
8169,train
8170,train
8171,train
8172,train
8173,train
8174,train
8175,test
8176,train
8177,train
8178,train
8179,test
8180,train
8181,train
8182,test
8183,train
8184,test
8185,test
8186,train
8187,test
8188,train
8189,train
8190,test
8191,train
8192,test
8193,test
8194,train
8195,test
8196,test
8197,train
8198,train
8199,test
8200,test
8201,train
8202,train
8203,train
8204,train
8205,train
8206,test
8207,test
8208,test
8209,train
8210,train
8211,train
8212,train
8213,train
8214,train
8215,test
8216,train
8217,train
8218,test
8219,test
8220,test
8221,test
8222,train
8223,test
8224,test
8225,test
8226,train
8227,train
8228,train
8229,test
8230,train
8231,train
8232,test
8233,train
8234,train
8235,train
8236,train
8237,test
8238,test
8239,test
8240,train
8241,train
8242,train
8243,train
8244,train
8245,test
8246,train
8247,train
8248,train
8249,test
8250,train
8251,test
8252,test
8253,train
8254,test
8255,test
8256,train
8257,train
8258,train
8259,train
8260,train
8261,train
8262,train
8263,test
8264,train
8265,test
8266,train
8267,test
8268,train
8269,train
8270,test
8271,train
8272,test
8273,train
8274,train
8275,train
8276,train
8277,train
8278,train
8279,train
8280,test
8281,test
8282,train
8283,train
8284,test
8285,train
8286,test
8287,test
8288,test
8289,train
8290,train
8291,test
8292,train
8293,test
8294,train
8295,train
8296,train
8297,train
8298,train
8299,train
8300,train
8301,train
8302,test
8303,train
8304,test
8305,train
8306,train
8307,train
8308,train
8309,train
8310,test
8311,train
8312,test
8313,test
8314,train
8315,test
8316,test
8317,train
8318,train
8319,train
8320,test
8321,test
8322,train
8323,train
8324,test
8325,train
8326,test
8327,train
8328,test
8329,test
8330,test
8331,test
8332,test
8333,train
8334,test
8335,train
8336,train
8337,train
8338,test
8339,test
8340,test
8341,train
8342,train
8343,test
8344,train
8345,train
8346,test
8347,test
8348,train
8349,train
8350,train
8351,train
8352,train
8353,train
8354,train
8355,train
8356,train
8357,train
8358,train
8359,train
8360,train
8361,train
8362,train
8363,test
8364,train
8365,train
8366,test
8367,test
8368,train
8369,test
8370,test
8371,test
8372,train
8373,train
8374,test
8375,train
8376,train
8377,train
8378,train
8379,test
8380,train
8381,train
8382,test
8383,train
8384,test
8385,train
8386,train
8387,test
8388,train
8389,train
8390,train
8391,train
8392,train
8393,train
8394,test
8395,train
8396,test
8397,test
8398,train
8399,train
8400,test
8401,train
8402,train
8403,test
8404,test
8405,train
8406,train
8407,train
8408,train
8409,train
8410,test
8411,train
8412,test
8413,train
8414,test
8415,train
8416,test
8417,test
8418,train
8419,test
8420,train
8421,train
8422,test
8423,test
8424,test
8425,train
8426,test
8427,test
8428,test
8429,test
8430,train
8431,test
8432,test
8433,train
8434,test
8435,train
8436,test
8437,test
8438,train
8439,train
8440,test
8441,train
8442,train
8443,train
8444,train
8445,train
8446,train
8447,test
8448,train
8449,train
8450,train
8451,train
8452,test
8453,train
8454,train
8455,test
8456,test
8457,train
8458,train
8459,test
8460,test
8461,test
8462,train
8463,test
8464,train
8465,train
8466,train
8467,test
8468,train
8469,test
8470,test
8471,test
8472,test
8473,test
8474,train
8475,test
8476,train
8477,test
8478,test
8479,train
8480,train
8481,train
8482,test
8483,test
8484,train
8485,train
8486,test
8487,train
8488,train
8489,test
8490,train
8491,test
8492,test
8493,train
8494,train
8495,test
8496,train
8497,test
8498,train
8499,test
8500,train
8501,test
8502,train
8503,train
8504,train
8505,test
8506,train
8507,test
8508,test
8509,train
8510,test
8511,train
8512,train
8513,test
8514,train
8515,train
8516,train
8517,test
8518,test
8519,train
8520,train
8521,train
8522,train
8523,train
8524,test
8525,train
8526,train
8527,train
8528,train
8529,train
8530,test
8531,train
8532,train
8533,test
8534,train
8535,test
8536,train
8537,test
8538,train
8539,test
8540,train
8541,test
8542,test
8543,test
8544,train
8545,test
8546,train
8547,test
8548,test
8549,train
8550,test
8551,train
8552,test
8553,test
8554,train
8555,train
8556,train
8557,test
8558,train
8559,test
8560,train
8561,train
8562,test
8563,train
8564,train
8565,train
8566,test
8567,test
8568,train
8569,train
8570,train
8571,train
8572,train
8573,test
8574,test
8575,test
8576,test
8577,train
8578,train
8579,test
8580,train
8581,train
8582,train
8583,test
8584,train
8585,train
8586,train
8587,train
8588,test
8589,test
8590,test
8591,test
8592,train
8593,test
8594,test
8595,test
8596,test
8597,train
8598,test
8599,train
8600,train
8601,train
8602,test
8603,train
8604,test
8605,test
8606,train
8607,train
8608,train
8609,train
8610,train
8611,train
8612,test
8613,test
8614,test
8615,train
8616,test
8617,train
8618,test
8619,train
8620,train
8621,train
8622,train
8623,train
8624,test
8625,train
8626,train
8627,train
8628,test
8629,train
8630,test
8631,test
8632,test
8633,train
8634,train
8635,train
8636,test
8637,test
8638,test
8639,test
8640,train
8641,test
8642,train
8643,test
8644,train
8645,test
8646,train
8647,test
8648,test
8649,train
8650,train
8651,test
8652,train
8653,test
8654,train
8655,train
8656,train
8657,test
8658,train
8659,test
8660,test
8661,train
8662,test
8663,train
8664,train
8665,train
8666,train
8667,test
8668,train
8669,train
8670,train
8671,test
8672,train
8673,test
8674,train
8675,test
8676,test
8677,test
8678,train
8679,test
8680,train
8681,train
8682,train
8683,test
8684,test
8685,test
8686,train
8687,train
8688,test
8689,train
8690,test
8691,train
8692,train
8693,train
8694,train
8695,train
8696,test
8697,test
8698,test
8699,test
8700,train
8701,train
8702,train
8703,test
8704,train
8705,train
8706,train
8707,train
8708,train
8709,train
8710,train
8711,train
8712,train
8713,test
8714,test
8715,train
8716,test
8717,test
8718,train
8719,test
8720,test
8721,train
8722,test
8723,train
8724,train
8725,test
8726,test
8727,train
8728,test
8729,test
8730,train
8731,test
8732,train
8733,test
8734,train
8735,test
8736,train
8737,train
8738,test
8739,train
8740,train
8741,train
8742,train
8743,train
8744,train
8745,test
8746,train
8747,test
8748,train
8749,train
8750,test
8751,train
8752,train
8753,train
8754,test
8755,train
8756,test
8757,test
8758,test
8759,test
8760,test
8761,train
8762,train
8763,test
8764,train
8765,train
8766,train
8767,test
8768,train
8769,train
8770,test
8771,train
8772,train
8773,train
8774,test
8775,train
8776,test
8777,train
8778,train
8779,train
8780,train
8781,train
8782,train
8783,test
8784,test
8785,test
8786,test
8787,train
8788,test
8789,train
8790,train
8791,train
8792,test
8793,test
8794,train
8795,train
8796,train
8797,train
8798,test
8799,train
8800,train
8801,train
8802,test
8803,train
8804,test
8805,test
8806,test
8807,train
8808,train
8809,test
8810,train
8811,train
8812,train
8813,test
8814,test
8815,test
8816,train
8817,train
8818,train
8819,test
8820,test
8821,test
8822,train
8823,train
8824,train
8825,test
8826,test
8827,train
8828,train
8829,test
8830,train
8831,train
8832,test
8833,train
8834,test
8835,train
8836,train
8837,train
8838,train
8839,train
8840,test
8841,train
8842,test
8843,test
8844,test
8845,train
8846,train
8847,train
8848,test
8849,train
8850,train
8851,train
8852,train
8853,test
8854,train
8855,train
8856,train
8857,test
8858,test
8859,train
8860,train
8861,train
8862,test
8863,train
8864,train
8865,train
8866,train
8867,test
8868,test
8869,train
8870,test
8871,train
8872,train
8873,train
8874,train
8875,test
8876,test
8877,train
8878,test
8879,train
8880,test
8881,test
8882,train
8883,train
8884,train
8885,train
8886,train
8887,test
8888,test
8889,train
8890,train
8891,test
8892,test
8893,train
8894,train
8895,test
8896,test
8897,test
8898,train
8899,test
8900,train
8901,test
8902,train
8903,test
8904,test
8905,train
8906,train
8907,test
8908,test
8909,train
8910,test
8911,train
8912,train
8913,train
8914,train
8915,train
8916,train
8917,train
8918,train
8919,train
8920,train
8921,train
8922,test
8923,train
8924,train
8925,train
8926,train
8927,test
8928,train
8929,test
8930,test
8931,train
8932,test
8933,train
8934,test
8935,test
8936,test
8937,train
8938,train
8939,test
8940,train
8941,test
8942,test
8943,train
8944,test
8945,test
8946,train
8947,train
8948,test
8949,train
8950,train
8951,train
8952,train
8953,train
8954,test
8955,train
8956,test
8957,train
8958,train
8959,train
8960,test
8961,train
8962,train
8963,train
8964,train
8965,test
8966,test
8967,train
8968,train
8969,test
8970,test
8971,train
8972,train
8973,test
8974,train
8975,test
8976,train
8977,train
8978,test
8979,train
8980,test
8981,train
8982,test
8983,train
8984,test
8985,train
8986,test
8987,train
8988,test
8989,test
8990,train
8991,train
8992,test
8993,train
8994,test
8995,train
8996,test
8997,train
8998,train
8999,test
9000,train
9001,train
9002,train
9003,train
9004,train
9005,train
9006,test
9007,train
9008,test
9009,test
9010,test
9011,train
9012,train
9013,test
9014,test
9015,test
9016,test
9017,train
9018,train
9019,train
9020,train
9021,test
9022,test
9023,train
9024,train
9025,train
9026,test
9027,train
9028,train
9029,test
9030,test
9031,train
9032,train
9033,test
9034,test
9035,test
9036,train
9037,train
9038,train
9039,test
9040,train
9041,test
9042,train
9043,test
9044,train
9045,train
9046,train
9047,test
9048,train
9049,train
9050,train
9051,train
9052,train
9053,train
9054,test
9055,train
9056,test
9057,train
9058,train
9059,train
9060,train
9061,test
9062,test
9063,test
9064,test
9065,train
9066,test
9067,train
9068,train
9069,train
9070,train
9071,train
9072,train
9073,train
9074,test
9075,test
9076,train
9077,test
9078,test
9079,test
9080,train
9081,test
9082,test
9083,test
9084,test
9085,test
9086,train
9087,train
9088,test
9089,train
9090,train
9091,train
9092,train
9093,train
9094,train
9095,test
9096,train
9097,train
9098,train
9099,test
9100,train
9101,train
9102,train
9103,test
9104,train
9105,train
9106,test
9107,train
9108,test
9109,train
9110,train
9111,train
9112,test
9113,test
9114,train
9115,train
9116,train
9117,train
9118,train
9119,train
9120,train
9121,train
9122,test
9123,train
9124,test
9125,train
9126,test
9127,test
9128,train
9129,test
9130,train
9131,train
9132,test
9133,test
9134,train
9135,train
9136,train
9137,train
9138,train
9139,train
9140,train
9141,train
9142,train
9143,train
9144,test
9145,train
9146,train
9147,test
9148,train
9149,train
9150,train
9151,train
9152,test
9153,test
9154,train
9155,train
9156,train
9157,train
9158,test
9159,test
9160,train
9161,train
9162,test
9163,test
9164,train
9165,train
9166,train
9167,train
9168,train
9169,test
9170,test
9171,test
9172,test
9173,train
9174,train
9175,train
9176,train
9177,test
9178,train
9179,train
9180,train
9181,test
9182,test
9183,train
9184,train
9185,test
9186,test
9187,train
9188,test
9189,test
9190,train
9191,train
9192,train
9193,train
9194,train
9195,test
9196,test
9197,test
9198,train
9199,test
9200,test
9201,train
9202,test
9203,test
9204,train
9205,train
9206,train
9207,train
9208,test
9209,test
9210,train
9211,train
9212,train
9213,train
9214,train
9215,train
9216,train
9217,train
9218,train
9219,train
9220,test
9221,train
9222,test
9223,test
9224,test
9225,test
9226,train
9227,test
9228,test
9229,train
9230,test
9231,test
9232,test
9233,test
9234,test
9235,train
9236,train
9237,train
9238,train
9239,test
9240,train
9241,train
9242,train
9243,test
9244,train
9245,train
9246,test
9247,train
9248,train
9249,train
9250,train
9251,test
9252,train
9253,train
9254,train
9255,test
9256,test
9257,train
9258,train
9259,test
9260,train
9261,test
9262,train
9263,train
9264,test
9265,train
9266,train
9267,train
9268,test
9269,test
9270,train
9271,test
9272,test
9273,train
9274,train
9275,train
9276,train
9277,train
9278,test
9279,test
9280,train
9281,train
9282,train
9283,test
9284,test
9285,test
9286,train
9287,test
9288,train
9289,test
9290,train
9291,train
9292,train
9293,test
9294,train
9295,train
9296,train
9297,train
9298,test
9299,test
9300,test
9301,train
9302,train
9303,train
9304,train
9305,test
9306,test
9307,test
9308,train
9309,test
9310,test
9311,test
9312,train
9313,train
9314,test
9315,test
9316,train
9317,test
9318,test
9319,train
9320,train
9321,train
9322,train
9323,train
9324,test
9325,test
9326,train
9327,test
9328,train
9329,test
9330,train
9331,test
9332,train
9333,test
9334,train
9335,test
9336,test
9337,test
9338,train
9339,train
9340,test
9341,test
9342,train
9343,train
9344,train
9345,train
9346,test
9347,train
9348,train
9349,train
9350,train
9351,train
9352,train
9353,train
9354,test
9355,test
9356,test
9357,train
9358,test
9359,train
9360,train
9361,train
9362,test
9363,test
9364,train
9365,train
9366,test
9367,train
9368,train
9369,train
9370,test
9371,test
9372,train
9373,train
9374,train
9375,test
9376,train
9377,train
9378,train
9379,train
9380,test
9381,test
9382,train
9383,test
9384,train
9385,test
9386,test
9387,train
9388,train
9389,test
9390,test
9391,train
9392,train
9393,test
9394,test
9395,test
9396,test
9397,train
9398,test
9399,train
9400,test
9401,test
9402,train
9403,test
9404,train
9405,train
9406,train
9407,train
9408,train
9409,test
9410,train
9411,train
9412,train
9413,train
9414,test
9415,test
9416,train
9417,train
9418,train
9419,train
9420,test
9421,train
9422,test
9423,test
9424,train
9425,test
9426,train
9427,train
9428,test
9429,train
9430,train
9431,test
9432,test
9433,train
9434,train
9435,test
9436,train
9437,train
9438,test
9439,train
9440,train
9441,train
9442,test
9443,train
9444,train
9445,test
9446,train
9447,test
9448,train
9449,test
9450,train
9451,test
9452,train
9453,test
9454,train
9455,test
9456,train
9457,test
9458,test
9459,test
9460,test
9461,test
9462,train
9463,train
9464,test
9465,train
9466,train
9467,test
9468,train
9469,train
9470,test
9471,train
9472,train
9473,train
9474,test
9475,test
9476,train
9477,test
9478,train
9479,train
9480,train
9481,train
9482,test
9483,test
9484,test
9485,train
9486,test
9487,train
9488,test
9489,test
9490,test
9491,test
9492,train
9493,test
9494,train
9495,train
9496,train
9497,train
9498,train
9499,train
9500,train
9501,train
9502,train
9503,train
9504,test
9505,train
9506,test
9507,test
9508,test
9509,train
9510,test
9511,test
9512,test
9513,train
9514,train
9515,train
9516,train
9517,train
9518,test
9519,train
9520,train
9521,train
9522,train
9523,test
9524,train
9525,train
9526,train
9527,train
9528,test
9529,train
9530,train
9531,train
9532,test
9533,train
9534,train
9535,train
9536,test
9537,train
9538,train
9539,test
9540,train
9541,train
9542,test
9543,test
9544,test
9545,test
9546,train
9547,test
9548,test
9549,train
9550,test
9551,test
9552,test
9553,train
9554,train
9555,test
9556,train
9557,test
9558,test
9559,train
9560,train
9561,test
9562,train
9563,test
9564,test
9565,train
9566,test
9567,train
9568,test
9569,test
9570,test
9571,test
9572,train
9573,test
9574,test
9575,train
9576,train
9577,train
9578,train
9579,train
9580,test
9581,train
9582,train
9583,test
9584,train
9585,train
9586,test
9587,test
9588,test
9589,test
9590,train
9591,train
9592,train
9593,train
9594,train
9595,test
9596,train
9597,train
9598,test
9599,test
9600,train
9601,train
9602,train
9603,train
9604,test
9605,train
9606,test
9607,train
9608,train
9609,train
9610,test
9611,test
9612,train
9613,test
9614,test
9615,test
9616,test
9617,train
9618,train
9619,train
9620,test
9621,train
9622,train
9623,train
9624,train
9625,test
9626,test
9627,test
9628,test
9629,train
9630,test
9631,train
9632,train
9633,test
9634,train
9635,test
9636,test
9637,train
9638,train
9639,train
9640,train
9641,test
9642,train
9643,test
9644,train
9645,train
9646,train
9647,test
9648,train
9649,train
9650,test
9651,test
9652,test
9653,test
9654,test
9655,train
9656,train
9657,test
9658,train
9659,test
9660,test
9661,train
9662,train
9663,train
9664,train
9665,test
9666,train
9667,test
9668,test
9669,train
9670,test
9671,train
9672,train
9673,test
9674,train
9675,train
9676,train
9677,train
9678,train
9679,test
9680,test
9681,train
9682,train
9683,test
9684,train
9685,test
9686,train
9687,train
9688,train
9689,train
9690,test
9691,train
9692,test
9693,test
9694,train
9695,train
9696,test
9697,test
9698,train
9699,test
9700,test
9701,train
9702,train
9703,train
9704,train
9705,train
9706,train
9707,train
9708,test
9709,test
9710,train
9711,test
9712,train
9713,train
9714,train
9715,test
9716,test
9717,test
9718,train
9719,train
9720,train
9721,test
9722,test
9723,train
9724,train
9725,test
9726,test
9727,train
9728,train
9729,train
9730,train
9731,test
9732,train
9733,train
9734,test
9735,train
9736,train
9737,train
9738,train
9739,test
9740,test
9741,test
9742,test
9743,test
9744,train
9745,test
9746,train
9747,train
9748,train
9749,train
9750,test
9751,test
9752,train
9753,train
9754,test
9755,train
9756,train
9757,test
9758,test
9759,test
9760,test
9761,test
9762,test
9763,train
9764,test
9765,train
9766,test
9767,train
9768,train
9769,train
9770,test
9771,train
9772,train
9773,train
9774,train
9775,test
9776,train
9777,train
9778,test
9779,test
9780,train
9781,train
9782,train
9783,train
9784,test
9785,train
9786,train
9787,train
9788,train
9789,train
9790,test
9791,train
9792,train
9793,train
9794,test
9795,test
9796,train
9797,train
9798,train
9799,test
9800,train
9801,train
9802,train
9803,test
9804,train
9805,train
9806,train
9807,test
9808,train
9809,train
9810,train
9811,train
9812,train
9813,test
9814,test
9815,test
9816,train
9817,test
9818,test
9819,train
9820,train
9821,train
9822,train
9823,test
9824,test
9825,test
9826,test
9827,train
9828,train
9829,test
9830,train
9831,train
9832,train
9833,train
9834,train
9835,test
9836,train
9837,train
9838,train
9839,train
9840,test
9841,test
9842,train
9843,test
9844,train
9845,test
9846,train
9847,test
9848,test
9849,train
9850,train
9851,test
9852,test
9853,train
9854,test
9855,test
9856,train
9857,train
9858,test
9859,train
9860,train
9861,train
9862,train
9863,train
9864,test
9865,test
9866,test
9867,test
9868,train
9869,test
9870,train
9871,train
9872,test
9873,train
9874,train
9875,train
9876,train
9877,train
9878,test
9879,test
9880,train
9881,train
9882,train
9883,test
9884,train
9885,test
9886,train
9887,test
9888,train
9889,train
9890,test
9891,train
9892,test
9893,train
9894,test
9895,test
9896,test
9897,test
9898,train
9899,train
9900,train
9901,train
9902,test
9903,train
9904,train
9905,train
9906,train
9907,train
9908,train
9909,train
9910,train
9911,test
9912,train
9913,test
9914,train
9915,train
9916,test
9917,train
9918,train
9919,test
9920,test
9921,train
9922,train
9923,train
9924,test
9925,train
9926,train
9927,train
9928,train
9929,train
9930,train
9931,train
9932,test
9933,test
9934,train
9935,train
9936,train
9937,test
9938,test
9939,train
9940,test
9941,train
9942,train
9943,train
9944,train
9945,test
9946,test
9947,train
9948,train
9949,test
9950,test
9951,test
9952,test
9953,test
9954,train
9955,train
9956,train
9957,train
9958,train
9959,test
9960,train
9961,train
9962,train
9963,train
9964,train
9965,test
9966,test
9967,train
9968,test
9969,test
9970,train
9971,train
9972,train
9973,train
9974,test
9975,train
9976,train
9977,test
9978,test
9979,test
9980,test
9981,test
9982,test
9983,train
9984,test
9985,test
9986,test
9987,test
9988,train
9989,train
9990,train
9991,train
9992,train
9993,test
9994,train
9995,train
9996,test
9997,train
9998,test
9999,train
