row_index,label,pyod_batch_score,fixed_training_reference_score
2289,0,25.117775241129554,28.3200527586445
8260,0,29.51274246862489,29.345860503455153
7339,0,18.85708376198608,18.524623282709182
5541,0,22.16062336052388,21.814680398061768
8733,0,25.716314112159335,24.94242337060798
3479,0,25.766160494657175,27.25756403084853
610,0,23.172321651179182,22.49256534404178
6686,0,20.724111359504477,21.414745489461005
4867,0,34.93361659874779,34.11796775471037
4182,0,26.310271510269136,23.925393886070086
2894,0,33.36136167793077,31.011322652726808
6887,0,30.204883580830973,30.190753523373964
7521,0,23.60778006215843,22.815058505140605
7297,0,27.98885347969762,27.311456969967
7513,0,24.281794226129875,25.090715836914423
630,0,27.659879339964746,26.457320237152487
4356,0,28.42275852182025,29.058163800240646
6180,0,22.227631135180562,21.64004850044432
3875,0,23.354043393708103,21.88251480441157
7591,0,51.0638654063585,50.437259531022804
1235,0,18.96121545177118,19.807040242323698
5327,0,21.823160643031503,22.953919451580322
8875,0,25.76046985364327,26.155972430107063
283,0,29.522712999812782,29.754286929615425
885,0,36.63455616624696,36.882531590740655
1477,0,34.225033046190624,33.841636744284635
4774,0,29.746450558052977,29.09529462889214
7708,0,31.433281068386346,31.20589834705224
6334,0,31.605476366391095,29.34434662193975
9608,0,67.03734678264473,63.291521035648394
3871,0,38.299031396148834,39.600045006089395
4000,0,19.75618393568691,19.826858349377353
1318,0,18.28687303209387,19.083765266806306
795,0,25.110014497474975,24.264721837761076
2304,0,16.499443071914165,17.128605197702537
1658,0,24.43427681656459,26.263953270709287
6751,0,54.57992098341096,55.766678867273626
9727,0,27.792343042801285,31.179283815295303
9014,0,35.26956038172957,36.30620542923682
615,0,34.37224257123127,34.19302632961799
9110,0,22.03572914660725,21.597652592935628
8601,0,21.11026404530596,20.57987876306667
229,1,22.417136410329203,23.310255972577586
4361,0,25.79668351784753,24.89057034997828
4365,0,21.01110017569967,21.13134523417927
803,0,26.556122467452024,25.874269633453636
6430,0,43.045512841497995,40.22628346408975
2535,1,21.145273554420154,19.95057972885896
4287,0,19.306708266467822,19.74559663134698
2665,0,27.868826675611846,27.77084447767582
2543,0,25.770740058712867,25.113447952461232
6867,0,34.13728915171816,32.097614935678095
6291,0,16.815434244295165,16.809838959316412
9789,0,33.631473274908956,32.37626315753959
8669,0,24.36900006435122,27.013107619416335
6419,0,21.629246623588635,23.57610015543553
1864,0,30.60014583887205,29.715840620699957
3928,0,39.94672293215499,35.70757456723653
1778,0,25.063826640227077,24.500084685103094
9577,0,26.543733209782893,27.49258625825467
7524,0,30.355261867747426,31.175552523375803
4919,0,32.588866234632484,30.49644123568262
1555,0,24.734624277769125,22.84977138135471
3454,0,22.52605152608293,23.633102704327605
155,0,26.414057185943047,25.225615911092298
1774,0,28.149034697888283,26.871159539704596
1559,0,46.468776743546776,40.98351454345436
5578,0,18.286064491606425,17.977708892002905
8231,0,25.656328819434524,24.986920258348082
132,0,18.34479140203445,19.488259111095328
291,1,29.76159206232868,29.70907797655936
9035,0,20.462081547963514,20.398621674047103
4294,0,30.819120997558645,31.36842332343534
891,1,24.861911517642824,22.32939051030445
6962,0,31.02190601963257,32.36711021573442
3141,0,30.679904755148552,30.35346465200696
3702,0,24.829051968510708,24.60197180341671
2042,0,24.88478527705474,23.295036886550626
9166,0,30.73830980731721,30.620443163938134
4937,0,26.88020961861602,25.54404312179286
2166,0,28.81527594727398,29.594539084094727
9879,0,21.470487480639097,21.650142729980555
4017,0,21.257370399152453,21.87217584476086
7972,0,20.395690471232722,19.24687723925685
2498,0,28.03543644537763,28.62060918924078
8817,0,24.00797238500627,21.82118070857146
5162,0,21.654150281112564,21.168933579141694
5960,0,19.04831563875766,20.483899901207955
5769,0,19.19274981200299,19.60612374884385
6767,0,27.694292259003383,29.461903806858917
2710,0,29.725182409556854,28.83713419148741
7584,0,22.658702925379533,24.699321618964444
6273,0,23.76322011462124,24.912003966946926
1127,0,20.719542119354458,20.1076690481813
5247,0,22.170270146992163,21.86358866577648
5455,0,24.772452079099345,23.170883107009782
2571,0,37.38138986653815,36.302730701785876
8024,0,20.880293165540547,20.354222982129855
9826,0,24.937393577658856,23.585179795129267
1754,1,23.531031043388758,24.13110693862304
7866,0,25.624951747491423,24.57747927646207
8986,0,52.228432500567926,52.03726947205232
9811,0,21.69004045801592,21.174422114555515
4304,0,36.60674337010171,36.95550105937473
8051,0,20.771065079919072,21.920989896270843
571,0,20.680501946138676,18.412173035591636
4138,0,28.209562992255133,28.493056255831277
8992,0,22.405579268471637,24.44540090907662
6199,0,33.189561497643034,31.893746927799448
625,0,26.60475777687482,28.18774499810985
2662,0,21.74390810938247,21.596329460717868
9794,0,35.28393524170488,34.42227267724125
6944,0,21.15339271942912,21.249018994577476
6645,0,16.753746467220182,17.04950617385966
5919,0,26.346689862866302,26.68054178004493
6205,0,24.106447585840627,26.14728620121584
4057,0,42.17928987043711,42.053453808642516
3129,0,23.723032198575574,25.6434706831817
4672,0,30.175808374901894,29.1363824171624
9023,0,32.93732680871889,32.40042776443966
6876,0,19.412238102872372,20.40520262682985
2368,0,26.70270443651014,25.170218667732115
6707,0,18.136007587259257,19.97974631023031
4366,0,20.094164561757278,20.501746995311336
415,0,21.871536350491706,22.498792248206122
4906,0,19.086332655542368,19.05111644469088
7679,0,21.609561855631892,23.839868295457165
9283,0,22.599924663892324,24.313020716459736
7002,1,24.870748047563417,24.969150950909754
8482,0,28.52688326676932,29.159178627880962
7769,0,42.247523495989384,39.31460531803287
2461,0,28.92295255547577,27.821725598495064
6716,0,50.41272792147535,48.280823647694206
948,0,24.01153932816393,24.269293583386876
2697,0,38.468250143057155,41.61067513253239
6870,0,21.17491101520745,20.8981391856934
2978,0,20.908775151152575,21.16418065446365
2176,0,18.956594663533544,20.821378915400462
1006,0,22.80198427398246,22.86603994491692
2754,0,20.951441183490672,21.720843964049095
3186,1,31.727192852451587,29.79588609858666
2378,0,17.845998583720053,20.030203804932466
120,0,26.01834380749285,25.801265762944215
1568,0,23.198067772723103,23.9756079061439
5333,0,42.332285553943485,40.393736810965436
939,0,17.44179919843382,17.44193337700974
1703,0,18.052648971985406,18.984382923650326
604,0,33.354799240880745,33.25704468756376
9258,0,28.19932653990585,27.349914431735574
3944,0,19.491224729414377,17.87880223436921
5147,0,33.540509396447526,33.83262650198025
3057,0,28.763460786062314,27.346227829606917
8212,0,29.77191952273983,31.323545247008223
1900,0,25.242625295613596,23.251385156477188
6678,0,21.14108128856784,21.007158975171684
6479,0,21.54540415706565,22.87065210596159
4626,0,30.467555287160987,29.399063422262685
998,0,26.369595892273267,24.83716636950484
7884,0,20.862799952312653,20.572886950922104
171,0,18.070273457004497,18.112959282161842
4848,1,21.788234431492583,20.95738549363437
9508,0,20.20686271717037,22.665295744081075
8646,0,21.609920903189316,23.727613064830525
9418,0,32.81084699335288,38.86850857217786
2691,0,26.722575742572165,28.64790470618147
7283,0,28.850631788767238,28.73369656558375
6262,0,32.62103075043642,33.31521302574896
6512,0,28.13606380993175,27.919746634948595
3222,0,19.3193694498636,20.558833547900765
3593,0,46.027868046229415,42.558284634466226
5920,0,40.10552052550259,44.46997780553401
8071,0,33.32806218155178,34.045300110805606
6906,0,34.10955107643319,32.13319950037046
1883,0,22.215454532767566,21.52013352602618
3967,1,21.638432426823556,21.030482270131564
2338,0,34.10132162121353,32.58741321190465
3803,0,38.225153911591676,37.201598819050496
2203,0,61.37703270581386,60.47054500182528
2448,0,21.572388283958954,23.39195404413585
4015,0,28.63890013101721,29.191413812132044
7146,0,28.795371371284542,31.101583340043998
3679,0,28.37658354209473,29.928949448571004
4784,1,25.93676287882809,24.59134142008145
7417,0,22.264348779305323,22.565179997070544
1806,0,34.526911966529276,32.53165309256279
947,0,33.349617292768194,31.78774728158422
2446,0,34.33681076504376,34.80214100119793
1666,0,21.122079241781755,20.471485597914356
5995,0,30.42769573107293,33.724360295847426
5608,0,21.81296428641342,22.8936984760918
5036,0,20.523660566769014,19.555285516875585
1383,0,19.85302007638977,20.6347041714416
9866,0,22.797508022584797,21.530286761520035
9180,0,35.49901878692764,33.123410913514405
2676,0,30.793953609850135,31.854171485205324
556,0,30.99226989284371,29.940295304438116
4316,1,26.85137574951146,23.26772019461671
6169,0,38.4890779952092,38.581026373392014
1160,0,35.44230242048103,34.51726288687978
1855,0,32.88725434605997,30.67550333432648
8537,0,23.55909025265165,23.75051001617051
8606,0,27.763788520198464,28.347364349598017
7185,0,20.60324506053141,21.781312972653662
8126,0,23.244663399100844,23.701302905664303
9244,0,28.988017688541856,28.074155705530362
7076,0,23.60352070012238,23.536873471638174
250,0,33.73592768892325,36.96324451891742
1992,0,25.669262228352494,27.204048315550313
4535,0,23.328606432073688,24.261889196929978
7095,0,22.784687931665015,23.13154815128354
6973,0,21.70886321058658,20.97065069861399
6154,0,30.046864476847283,28.19621323842936
2208,0,22.384167084402893,22.423510846483676
211,0,20.06058518505162,21.001604394603433
942,0,21.43401012112005,23.252869694692148
6305,0,22.87268947829134,22.41835697946618
5543,0,34.51493836801709,31.09701462284261
1807,0,23.756409361551803,22.497008169012126
7473,0,28.57009508958672,29.26810577819134
2043,0,30.089943894336812,30.79927341898955
748,0,30.69851239993806,32.81360030461752
9303,0,26.6401512351835,25.391879216991345
9037,0,28.972592300683516,27.817515043817775
8909,0,19.8224128653097,19.576712902693
1407,0,30.712726917461897,31.538891781953286
4521,0,21.699955889497637,21.00792751917322
4618,0,36.72600632569333,34.2750586933508
2903,0,21.248292433754237,24.337312179883778
6806,0,35.714897890190734,34.894906192044694
810,0,31.248778390612593,29.297170042477607
4922,0,35.919331764047804,32.85233698833655
6386,0,20.237198601913907,20.973374099897296
6048,0,38.48945830381191,39.48681746555515
7761,0,29.040388644593655,26.273706305672203
9353,0,29.921215514265143,30.130962544500125
1032,0,25.16792842546389,25.758111750277642
2681,0,36.398190676247914,34.8417101459853
6063,0,31.622891295760343,33.51753302975719
7433,0,22.32200786665716,21.28806999137526
1671,0,24.398526742655495,24.67037938570535
4689,0,26.687135395596712,26.60034991865262
4390,0,34.96200492974207,32.450558625585
8800,0,29.833210385404143,31.5810240073385
9783,0,24.65914994708578,24.267408027357476
5352,0,26.47860548514761,25.624872475418936
4076,0,28.27212927312286,28.954623641619968
7141,0,20.779947193270846,21.591208724222266
7860,0,23.86462439371975,22.03138203497859
1,0,41.09972204645456,38.145709988381434
3147,0,26.51387210228531,29.431964655132752
2148,0,20.96383747077748,20.691947295778846
7142,0,31.093253149061674,29.67507487549178
7500,0,22.168544276630847,25.143083710080266
9314,0,32.83475067119587,33.95031929564337
9076,0,22.933997820188424,22.17680898113794
7135,0,28.654320506174415,30.027793962044814
829,0,22.594638565259167,21.76517474509562
7482,0,28.678844778415232,27.31578143440816
7856,0,27.14386370813281,27.31661457665035
3451,0,31.297040637979364,30.213482170106126
8520,0,37.609660258373246,36.86941004881503
6619,0,22.118187548887626,21.726599975470833
5302,0,24.41270336625495,25.477436364984143
8744,0,25.59164768423917,25.060437256044885
2995,0,27.287139063439437,28.92923832063384
7152,0,29.190420105469947,27.766165646872658
940,0,24.30247858237642,24.71380240871631
5457,0,26.81915016923526,24.758002434332738
4490,0,31.586433865827093,29.705300522615744
6661,0,24.723846478109945,26.532008328001893
4793,0,28.700267280810387,28.37474555324521
412,0,33.44436231132794,34.09299037415844
5875,0,29.485829775783998,28.905718410270076
5763,0,22.2471643827181,23.800896953812753
7160,0,28.806649097678402,26.61670634879961
3357,0,24.57686958107412,26.055205708512684
1912,0,26.61875975651877,30.689235839114176
3816,0,20.283515760010044,20.833764149146322
4928,0,22.3413547496515,22.82263179882286
2789,0,24.209615704970822,23.837720980712156
5099,0,29.760493454197942,28.89778642188841
2310,0,27.968573745271677,28.34737533486297
9659,0,21.07498943673201,21.617837062616193
6256,0,30.311506947645185,32.038951656205896
2560,0,21.00062169715741,21.849745738410434
7490,0,20.107578448157984,19.755036294592312
555,0,27.125588662803512,28.721498430316277
2975,0,28.01296644654988,27.378031539459958
9966,0,28.431840917228133,30.461122229355933
8118,0,29.16719416900203,29.200343595499618
4495,0,20.57534263866246,21.84535131687953
2270,0,30.064156685836636,30.48461717479553
3385,0,33.172878939579086,33.145275577831015
8448,0,20.901935225468897,20.720686513861498
7733,0,18.08722417740125,19.21776599445684
1440,0,42.05565206774786,42.30091241860111
8281,0,24.670692562574008,27.619375765844897
4667,1,27.557458934182417,28.273396210272757
9011,0,27.060776387108664,26.928526809763422
8752,0,27.604935881941216,26.14793294410814
8298,0,37.31992418384497,37.26391710416816
9613,0,26.08675877076422,26.175131467245244
5609,0,25.599759155226486,24.302222915907826
8364,0,28.883479987409594,27.427028991419164
1269,0,42.43297767914619,41.10636744289068
7268,0,24.159109930318827,23.46543568502791
4066,0,21.750063444206276,20.03353571728398
2421,0,28.795910636730785,28.565736866026086
677,0,22.186226500876327,21.502439370306966
7086,0,32.09457471029041,33.63715481168165
4082,0,37.52436089525899,38.235519116900555
8241,0,19.46698575298279,20.15735994932353
8201,0,21.31859223099596,21.526490786567702
8900,0,28.43740951177012,26.256296526813458
6916,0,30.859788495197087,29.612228050424005
7120,0,18.516559945028224,19.797318094225336
2458,0,35.82791453181247,34.74790994232808
3781,0,25.081540227753834,22.96716290472788
2609,0,24.859948952281172,24.37932592966415
8475,0,27.118522277134485,27.878414559273153
1863,0,27.643181798118192,25.691359448223643
6023,0,22.41517762223645,21.452948988712148
1538,0,21.23507496968616,20.99339403062859
668,0,46.357170622415126,46.17112187012987
2521,0,35.896376369730596,34.31280501085767
468,0,28.409375687034878,28.393489519652903
9197,0,26.527958093063557,27.928394136702767
6891,0,42.73822652132639,42.45039263985417
7523,0,24.080199522131835,23.017156596929553
5562,0,21.980353681562555,22.1263101111206
2254,0,19.12563058752063,18.663010923383396
6170,0,26.64386343469057,27.7099507715095
5754,0,27.08837817397465,27.37332754175391
3646,0,40.53963402518578,37.37730420303709
1607,0,28.10147213214793,26.272225731235185
5901,0,30.59273441487198,37.101073562867256
2122,0,22.78600911256415,24.14992027339013
9231,0,41.005947247633216,39.48235512639998
8830,0,18.300125058638667,19.182043456771755
2281,0,32.33342112358078,30.401597401276558
2756,0,23.483574351318328,25.260063102455725
4109,0,39.796211143692965,39.273468708684106
8218,0,22.335612464172307,24.392161036079056
3680,0,19.09176798667679,20.30273867876987
3462,0,34.363249374161214,33.10885090408527
9411,1,21.90828190242006,21.424135577968244
5516,0,24.98562947734247,25.776232618809917
2639,0,21.39387217400052,22.866196550677792
1212,0,37.03406175510488,39.72194209619442
9447,0,22.647496273831756,24.739396563967084
5181,0,22.200109205106635,22.987735572967907
4910,0,31.19927429614355,31.744300200755482
670,0,19.591253376839134,22.410697658553843
8161,0,16.917954906708513,17.385421972906958
7416,0,21.879196990399382,21.16828045929926
9177,0,24.812243900714073,26.12050647173404
9220,0,31.537491685123822,31.21650074728332
251,0,35.59852169965984,34.845949334314724
5631,0,20.36045708130114,21.335900282460926
5461,0,20.325372419116796,21.820091597074445
4487,0,33.4771108949574,31.461417403361317
6211,0,33.0977803704339,32.242085422854075
5381,0,23.924947670600986,22.26790784201666
2286,0,28.811499147930807,31.36099702973178
4379,0,49.58794883125677,46.56558971837218
3417,0,26.66405836121298,27.938782732272053
5636,0,24.95411660816841,24.448291757002668
7442,0,25.92405372065717,25.27969259743363
2908,0,24.431478584153968,24.54452348197688
2059,0,35.24041451566284,32.387745277486424
8826,0,20.766354837202307,22.365399911015313
7985,0,19.25362508854551,18.407172169381408
8539,0,19.358347979260355,21.158910472660217
1514,0,30.454458694860033,30.8022518191336
2097,0,19.01603601834633,19.70253277542907
6580,0,25.84886676778552,25.864345182302724
2883,0,23.197315668710225,22.427349619025616
1039,0,23.73174662477552,24.43795767357316
3892,0,28.9933409499233,28.474384867708835
5832,0,20.070243582524196,20.960826936107964
8009,1,21.653632031026845,23.65195018031757
2888,0,22.883358622172807,24.90433962137716
3613,0,24.609073227926253,22.682150382397054
8908,0,31.53535696791794,28.782227126534814
8591,0,29.1040271349417,29.795611562875795
8555,0,28.90089029495817,28.39062960420328
7254,0,27.248266806809585,26.59583885969056
2309,0,22.634430095076674,25.106181775917157
643,0,45.170459515739815,47.14373133672716
3938,0,25.337594037165765,25.792605670545296
4378,0,21.815566931968146,22.09504432183429
3376,0,29.42648368883782,27.547633890146248
8215,0,32.99060697335084,33.62849099843586
8768,0,28.376604168159094,28.467659101744225
29,0,36.06786076000101,34.24437647143995
1575,0,31.13191514875805,33.60433390554525
7428,0,31.949072324979245,32.21172442950593
6204,0,28.223937431359886,28.565668550826693
2028,1,23.026105193852924,24.840227947036485
9940,0,27.284102929372068,26.809296097987385
7314,0,26.27152473369073,25.375265655287265
1047,0,41.4329688653248,40.99776940058119
5066,0,22.445458719371594,21.823501400341094
6439,0,28.708424222338245,26.82655576403077
8050,0,25.107466065984035,24.914005812936836
4398,0,24.905763366391696,24.05636540821608
9717,0,24.65055790849642,23.129046742713452
4684,0,41.235063102837344,43.6980259056054
4131,1,28.528265214112338,29.596164086071123
4246,0,30.522688903973872,32.01621954862925
8578,0,21.999797945326062,23.36810997298988
7219,0,20.891920863419873,22.551076160427797
5274,0,22.676717772197797,23.35592847884387
9398,0,33.79459247076402,31.860648498039968
4038,0,23.139730050036224,24.418784655744677
8477,0,20.163007236676233,21.289497469937743
9913,0,32.699807966543354,33.49070615329766
1946,0,19.513985701995303,19.277888669379784
8192,0,33.47836826511779,33.8550935342497
152,0,27.80775064274781,27.30464027509917
8876,0,31.823884803241835,32.438942226311
6201,0,19.792447009062727,19.758347316937616
3536,0,23.176762333956958,25.436946663449806
3206,0,22.34338824166595,22.863092371848474
6922,0,40.32682456450675,38.500857484208076
9501,0,23.157413559710736,21.35218857919548
2172,0,23.417729952437675,22.176913224191697
4893,0,21.999313338898943,21.664045115793048
1067,0,23.618331153827132,24.279908928506142
1060,0,16.998620124726894,18.482727326120823
5807,0,23.69425006066329,24.66137322484402
3292,0,26.280379685850267,27.107606304593087
8579,0,26.38451096182693,26.32053256535917
2363,0,31.15398834729052,31.283536544843088
8189,0,35.20917630980721,34.526495098442034
9074,0,29.707252141745403,28.547408448818132
1074,0,24.811482459418592,25.56132660383009
5660,0,27.584695528416216,29.570632526233588
8598,0,29.415499629287734,27.41246545832537
4087,0,20.996988332822202,22.42172037224416
2222,0,17.625371354098,18.37735651814928
4469,0,21.212914079056386,21.6287719993185
6024,0,21.530004120921763,21.03243808816061
7775,0,17.957055525418287,18.56773655888637
9490,0,28.786574714478693,28.120251031542328
5176,0,26.197970514547276,26.263905815059967
2526,0,26.41458270787328,26.402844217584462
427,0,35.010143695598366,33.262932888597696
3150,0,30.19784282357149,29.04840732130228
7589,0,29.886233578451975,32.57308344263763
8223,0,21.502211450077677,21.96677719650547
2301,0,37.11720595199711,38.554429298000024
9403,0,23.38444925085791,23.82432836577286
2802,0,24.324875637380806,23.84573286722434
4652,1,33.011298700271496,33.69467316626152
190,0,26.752414353673416,29.47196793627792
3035,0,28.072851962781204,29.017343546853887
9316,0,23.151621043931254,22.86414707427626
7303,0,32.83889199294999,32.79236491187623
75,0,24.123876499557102,23.91316567909888
9298,0,23.229259612072173,23.76263060648562
5361,1,26.04050330977194,27.012613498481716
4856,0,24.47292175992525,22.34325879685169
5093,0,24.757727703670778,27.13411276544332
9195,0,27.872478202162174,30.55638142300341
7534,0,24.315720419035827,22.90899124121013
4464,0,19.10723622761598,18.325283191418983
1305,0,25.259405953262295,26.980810168755035
6218,0,36.71877396867881,35.78751439171405
6446,0,33.1918905662579,34.512341174647
6622,0,24.537388802344203,25.033419698352205
9611,0,40.68036894885418,40.634618131892246
9770,0,31.605480603274238,31.635030486600915
2960,0,27.14940556758306,30.132494855159553
754,0,20.506495172380575,19.586115564182343
289,0,42.08363976311729,40.257399369517366
4814,0,25.70525290094152,25.406798014838333
7258,0,33.88902414918239,30.91284813836916
967,0,32.17830662812668,30.479731990514125
8812,0,28.68001050113696,27.68559108449207
1535,0,17.86754115739276,18.708250661797063
3896,0,29.57107714939388,30.45182121263467
9194,0,26.63637832241059,26.898041986864868
6801,0,45.92458872842263,44.2419195435569
4923,0,27.768321346948476,28.969676109496596
7370,0,25.145361243548844,25.25048673334055
744,0,25.039845072970756,25.390894336369353
7,0,33.71825312367083,37.64203769789464
6620,0,26.968590156140536,26.187065057633266
8311,0,37.1411405083563,37.1704928797628
8018,0,28.758652701773094,26.138443185778552
9741,0,18.31477193286349,19.503299409758412
2170,0,23.228900281709507,22.823723037298755
5230,0,27.473627597811312,26.595088657736365
2873,0,25.728566923702875,27.30270012349593
3942,0,28.65466784646971,26.972394957368923
4698,0,17.622123817209417,17.388189430691266
8321,0,28.269816916551328,29.860303561476364
8716,0,22.18474861914406,21.915814998448965
6517,0,21.486584978684004,22.49887218851858
3706,0,30.04527011215578,30.442565204392338
2866,0,22.24780108974503,24.397974184779585
6556,0,25.314853423064,25.433022154144773
6420,0,22.49858388138858,23.22029949166051
5070,0,25.036261976979755,24.929326765628076
4518,0,28.375778431484225,28.31865676242461
9504,0,20.093415673700967,20.303278292811022
6960,0,25.630164579470048,25.017225174376055
9308,0,18.100953094242634,18.85984384589861
424,0,24.542813367997958,23.816397584080313
9282,0,39.48035991557894,37.01301081955085
9472,0,23.85444148605787,24.1676657991646
3412,0,38.288903425792725,35.646290383147914
1214,0,31.195461866262367,29.161711389923596
7882,1,26.440880220809305,26.51280301183876
9560,0,20.154016205102778,22.070548488708138
6851,0,53.27210533463846,54.17126887239306
3319,0,26.412356462544807,28.9960615543675
2018,0,23.93390950352971,26.385875501468984
6106,0,26.059077465048887,27.450072848775534
7709,0,29.473087828057288,29.46226808802695
4211,0,33.25347779571877,34.54227252519763
4601,0,29.28764211634503,29.081898973827446
1958,0,38.332952984741475,39.3609285951086
5447,1,28.15083704913741,26.84214629288692
9762,0,34.6332753078322,34.14147792534396
6365,0,30.475318730398715,30.158151542446866
239,0,22.891224311522198,25.536752418431142
1733,0,35.25020341327892,33.4814038767026
7677,0,22.188901980601305,24.749696409216085
7281,0,27.153554558999097,25.246668586311568
7184,0,23.933008684079628,25.074243413534564
5635,0,34.96266839944428,34.33680439223945
2391,0,19.10432275328226,19.651291306630746
8026,1,24.622993820507883,22.903708219612987
4046,0,21.280621778413025,23.151085731800535
576,0,37.44571381071058,39.48321543412442
579,0,29.79447413449767,29.966542191563946
1384,0,20.52568904063878,21.191697772996037
3427,0,25.210567884354937,24.73754049272393
4685,0,24.236673712217126,24.73252466789665
6044,0,43.985433962084514,41.206414837803834
4097,0,19.368731819640242,18.83751409785596
9623,0,18.89174502271662,20.129482481874742
7968,0,25.185927786003667,27.18740058169933
3374,0,24.576021555493266,24.83977102251647
1507,0,25.21789252084857,27.490339777524788
4475,0,23.295328751715214,25.423203597213824
6939,0,35.549398891726554,36.22330523883099
2600,0,24.827475000734072,24.693444371806528
5486,0,17.516103705415308,17.662965226586913
8072,0,23.696900087430055,22.493732034950078
9750,0,21.66263066677521,20.377762300772986
7885,0,20.028143454819286,21.001916754600327
1139,0,27.38730161055782,28.70224237929002
9455,0,40.658878601780664,39.85600609228336
5400,0,19.608147909537966,20.436576878633005
5792,0,20.543632457920676,22.158653996066192
9610,0,25.274997300356628,25.05081464284427
1785,0,23.146558552460043,24.266480284952735
9388,0,31.282421947454115,31.846702561915514
9241,0,20.76996663632659,22.512771601361937
225,0,21.747654747517323,22.599637018788744
7078,0,23.405221341490655,21.931007036907864
5634,0,18.569615892581933,19.45821314330907
3458,0,39.26323492799886,37.1071666418337
8867,0,18.644763086570762,19.55592796889306
4108,0,31.682528075676604,33.46148879533391
6107,0,29.72513845230036,29.37797307801873
2795,0,23.72507913159157,24.637703156989048
5937,0,18.471836700220482,19.005366229871445
7067,0,20.059360925268393,19.567250749266034
5358,0,18.872476152587307,18.564453976842504
4218,0,22.01259128713624,21.288174212570254
2382,0,23.966154090173692,23.08318487718011
9847,0,16.360616174461118,16.84584466256091
3802,0,32.79588458700546,31.451841578769564
915,0,21.157104031154983,23.930804631449696
966,0,34.96814412543175,34.16144383132611
2324,0,25.556815440412443,25.68401062712328
4637,1,19.99756702007418,21.58704486184747
5234,0,33.61788759066684,35.79173576224518
9567,0,24.653307979615306,26.844805857259217
4339,0,25.11921592791783,24.667817314325813
6742,0,34.5800617787301,33.367997325178564
4347,0,24.38436548300619,24.40226634233985
4622,0,36.69011526170602,36.89620466625359
170,0,25.141448631299355,24.71375502229974
4735,0,24.333396481628604,24.927243575681096
2114,0,27.918244109475154,27.90567611855666
3705,0,27.47350936169578,26.801359375118135
1481,0,21.324659483893317,21.830039176979692
329,0,31.16269630063989,29.437139473081302
6649,0,25.7151397825067,27.569471519429435
685,0,20.279672967673726,20.55734917087775
8127,0,21.271650851312433,22.907605286533855
3662,0,22.12080266549949,21.692634263448053
377,0,24.74877015211409,24.07216306443743
8472,0,34.50869813958914,33.83812652799725
6111,0,20.58514855968568,19.748086531531385
2767,0,37.634184663620616,37.34432021117843
5395,1,31.06783043135762,31.16006440600619
3337,0,21.648825084551053,20.613118056992697
6196,0,18.132517171541977,18.460463250307395
1199,0,29.6062956731363,31.69650984571518
5386,0,30.175357982947766,27.82652103439642
8772,0,18.929871939242577,20.865602270067207
833,0,24.084864741991694,24.558812865076074
7492,0,28.79680625183011,28.662924586560536
2019,0,20.29904217859858,19.80726425106545
5322,0,21.208847423974664,21.158408965561595
7692,0,18.58384224612009,19.418395665784903
9633,0,35.402914298488156,33.12579353794914
1961,0,20.328496641253327,19.133243795995043
5268,0,24.273996182517468,23.610351141709632
8133,0,31.69478056973021,31.707669568505306
6188,0,37.14993932826152,35.187835724252146
5015,0,38.920693757696434,37.704656798660004
4506,0,23.804392488672498,25.754343036953482
5314,0,35.307271069150886,33.916143508553795
410,0,21.25812466327111,21.339962278674136
4315,0,19.650786454857776,19.713307046809746
2037,0,39.093265415070334,36.024095703838796
2981,0,26.80684280760421,27.49485064416761
3718,0,27.039390801200295,26.491627780602332
979,0,51.39456447684876,50.9865331875438
3460,0,23.62897031395184,24.436438938024192
3162,1,24.640433176123707,23.50860114396545
9351,0,31.974956247572496,31.458461259873932
2269,0,24.751125352785582,25.93345940686976
9130,0,19.064670410703293,19.323466105050237
4092,0,20.83925962162324,19.367171902381187
2007,0,21.834232930417738,22.02619063837973
4692,0,35.95156304766732,36.92248265092635
5184,1,26.287544445468907,24.681394685120008
3606,0,27.684570415035736,27.611846872525224
9217,0,30.8030522778426,30.176409131681076
3037,0,28.36060136715808,26.726557369153404
725,0,19.361389880257807,19.569691400699135
1614,0,24.9235273045336,24.842768931816156
5026,0,25.595558370104445,28.512819771866848
8438,0,33.15637924394495,34.01120870992405
8935,0,30.267901825828822,28.312088379904353
1454,0,21.695123019598462,20.947406667435754
5878,0,36.34023257080779,37.74775565840657
3232,0,24.869754793475284,23.983809354257566
1355,1,32.0111940283697,29.662262916733923
1762,0,27.126064832946273,26.82712470877332
6448,0,24.251070205917912,24.687651055347473
9566,0,20.841863138406246,21.411192888243626
737,0,28.86459870987248,26.48242726021595
1102,0,29.76752505812955,28.657384798317043
6275,1,27.7407399325557,26.880070158880375
9564,0,33.60896472428256,33.515214302220954
8183,0,22.600850814112714,21.666509076982916
2698,0,17.284799046939238,17.311784247099112
1873,0,20.1874218975334,21.72668091331407
9896,0,24.004008324896414,23.591396570629186
3020,0,32.489957424692335,31.55792571879394
3558,0,26.922184567003175,26.5520941840138
6872,0,35.57983077404784,34.220623404917376
5885,0,29.21918911180592,28.077332180024847
7712,0,26.670789584428547,25.791139207513403
2567,0,20.86154659851504,22.161847924558643
1000,0,26.483625350117723,26.116821696883807
5071,0,25.877823651267686,25.298353018531998
5453,0,21.831037778932885,21.784647036295084
5197,0,22.10726089327507,20.35812882275264
5210,0,24.38519140090727,23.22508307702712
2182,0,33.682477372822525,36.679198999064624
8757,0,22.095266955957097,21.564533806794007
6325,0,26.18361936205325,25.691200424156428
8677,0,23.10153512993032,23.663772156334588
9557,0,55.99436702870941,49.82540230432975
594,0,22.00556939912134,21.43129406254554
1126,0,31.83452651059504,29.587935408965453
8494,0,31.676151872708314,31.34109551718879
5520,0,52.361687853768636,49.44638486200894
4440,0,22.759139529373467,23.08784271465547
6539,0,22.49347989355937,24.26081277676009
7304,0,17.465461064689215,18.40937733892416
8551,0,35.862885559818366,36.93285116465176
2585,0,21.920433201411367,23.04843568454166
6550,0,27.37648447694423,29.555468968747583
8335,0,23.15032502461624,23.082220729896754
5711,0,22.141297750368917,23.314623411885798
3891,0,28.562798362360347,24.974817907130205
9016,0,24.09967784109619,26.111437190072234
9581,0,24.59084404341573,23.7231776402325
9986,0,23.25414934412792,24.41601103256387
1354,0,23.631423113372207,22.52689599255761
4293,0,27.22058135094014,30.358569821975006
7484,0,39.43439580820331,37.24558173763287
8258,0,35.455796938776636,39.32877720294093
3824,0,21.91315707611313,20.781780600309776
95,1,32.080790342611664,34.15478326975769
199,0,22.056247855758283,20.8137087149979
9864,0,22.708415712574425,23.735209237691837
348,0,24.524148428985413,24.168275846804633
8092,0,23.543051673395055,23.568412537461036
5192,0,22.297320349638706,24.352828483798753
9389,0,29.49229403602966,28.128487880467027
7837,0,23.075898837123304,22.32404809459896
430,0,32.131630697264725,33.980774366129005
7198,0,27.405798348535214,25.309971925105902
8954,0,29.363585837410714,31.14030989747349
9869,0,22.35822811053952,22.175759791610282
7917,0,24.24147945963498,26.64224486088045
6261,1,22.184276769851074,20.419857140843327
8507,0,27.734173483990325,25.533907862501835
1700,0,28.34206285645952,26.99519493180696
5194,0,48.14818872348397,46.09412770664723
9541,0,22.434855379982984,23.299972707601622
2193,0,26.060629474479928,26.664510751659016
5670,0,30.689010664353727,28.172709206493145
6116,0,22.492622879350865,23.04287441946716
1693,0,30.52420083008418,31.15910952745293
9367,0,19.25375133317435,19.310950325864756
8694,0,21.157160064246625,21.956117182348994
3687,0,27.699864298140422,26.55760612512237
3611,0,18.629745456917355,19.488710948518857
1604,0,25.3524911893674,23.52426435929969
6213,0,19.904971192930855,21.80546184672462
3157,0,35.96084686154625,37.072764894652494
9483,0,32.09711407185767,33.12477353778101
1533,0,27.08216868429575,27.44329651713671
2850,1,24.78033427686315,26.623380494158624
1918,0,20.247503052401644,19.189140788400714
315,0,26.8574938618674,25.75037823375295
332,0,28.200777000817567,30.313627232322567
1059,0,24.149479606647006,24.592608927833872
4423,0,28.148631308591458,26.79513581127181
6057,0,21.416556495653964,21.975656007008155
3835,0,20.684782468766066,22.72366758363065
4162,1,27.30278812426023,27.220431425418358
8453,0,27.733518574311187,25.843395141057798
310,0,22.581725753453316,22.068765862511594
7155,0,18.997257247150092,18.66714045182172
6086,0,22.72569526359212,23.76493152167243
8880,0,40.023198545664634,37.23191244064914
632,0,16.805789550564135,16.405121031805912
7535,0,31.53965389052263,29.131079241946747
5821,0,23.440975336804286,23.04856242987866
2259,0,33.99276488286534,36.708451807033825
1107,0,39.91885181478765,41.69038537583619
2329,0,30.39609515044662,29.295429734322624
3359,0,23.140859813904864,23.661506009495874
1124,0,27.0283106744037,25.17941828072616
1007,0,22.407423986439866,22.73067158073077
9918,0,27.085302217787746,26.624853887088396
911,0,28.66242991959233,28.590399508365362
3666,0,23.437109154699026,23.364763532248954
4227,0,23.69336454414096,23.223669633508035
9929,1,30.01768838516717,28.972339198530054
6351,1,24.672659789154658,22.2644714409823
7862,0,21.821555137222813,22.488164570729197
3512,0,26.926879273999113,26.871273004584474
2430,0,24.320281860521487,23.271344414445174
3105,0,30.329420968645387,32.9196662168947
4967,1,31.744889639094996,28.107506849946756
5869,0,19.294331275087394,18.76859052256099
4758,0,24.56747580026603,24.93615522755417
8244,0,26.672914207249082,27.892906414192627
6263,0,24.509586433333055,25.190053819815656
6627,0,36.46321898974787,33.75119872996289
868,0,17.81254678698996,18.94796483986606
7980,0,27.775365886406572,26.966261269193364
834,0,19.328779953499698,20.54969866947745
5419,0,23.030016724765073,23.5871459763173
559,0,22.4856611337719,23.034756382436594
9844,0,35.29777241524912,31.917705946679654
9503,0,22.402148977149366,23.708808178246052
770,0,24.980689774553937,24.41988215211159
6855,0,21.84231421923923,22.404945902573388
6342,0,23.477992037693795,23.67430804260662
9324,0,22.397500494526543,23.521870671476346
7668,0,21.964433447576674,22.19868816988156
6965,0,31.14063801137619,29.106555102388924
6092,0,22.2089703325547,22.241884924009934
9297,0,35.31287569299025,34.33246775622644
5724,0,23.53256275439462,23.662980294532673
8219,0,23.41662787480595,22.59799963537499
3423,1,24.1463690796012,25.76400191423308
6428,0,29.189358780719218,27.75165284132184
957,0,37.003252797385485,36.10867545133677
4767,0,19.256004995722833,19.251543128318865
933,0,22.27776270991179,22.534878274643948
6551,0,47.16684647451006,46.256394621033394
7006,0,30.587185559463304,32.34309764439852
9148,0,25.224895773777543,28.866232166795122
3403,0,63.53580240427089,61.711095606463246
2027,0,28.999287548858135,30.259436509612073
2485,0,31.242098113379832,27.547746349632867
1181,0,27.656106833470695,28.85450611306773
3355,0,21.712925383261943,22.897295578203696
2117,0,19.79107829996716,20.719163141207865
5874,0,20.575337656134046,22.317777942078894
1398,0,21.319474880998573,21.906746792175618
4863,0,24.549118898124586,24.973725256463155
3498,0,29.078906169676614,28.4946682820465
1218,0,29.322326529200378,28.688184756536664
6003,0,38.48308916344557,37.957440629405795
9890,0,22.906830773587266,23.049944505836805
6954,0,23.679128876536673,24.115416712946256
4303,0,24.5495897446466,24.883793293916458
9064,0,29.724708009226077,30.218577009773092
3900,0,24.468986536748485,22.526799023788094
2546,0,28.991653387844224,26.922174119000005
7018,0,26.733053535310386,27.990495072256138
8891,0,37.27674214012539,34.17371600128923
5157,0,23.546189202881454,22.304773685175395
2482,0,30.26912767890279,28.228353615716216
5867,0,33.387311970294625,33.22540020263151
2827,0,34.224975309703375,33.459592830774845
1010,0,21.25265339267933,21.021564595795425
4995,0,34.73403010513251,32.748067552003285
1191,0,23.8406598005185,22.981353285466568
2376,0,43.3229010085494,43.57092964147939
4412,0,28.879173311984562,30.70332105423154
7383,0,25.69075804479099,26.448035567090102
4474,0,35.222079407708016,35.84768849007626
2590,0,24.17018496731325,22.238443780540425
552,0,23.013929809264518,22.052869899825833
2833,0,38.04291551097958,39.62594092518611
9644,0,23.05764830702848,23.090234902967694
2502,0,35.26562140369688,34.581330637435954
3287,0,17.885090338303783,19.199917609727027
7412,0,28.057294252947486,31.25624172188042
4425,0,41.3463673865093,38.243014811927246
606,0,26.233723181042876,27.939523299758314
8023,0,19.46149229988409,19.114210495798808
4740,0,22.457694792437316,24.852927844868596
6664,0,27.8035048449383,27.152449170635172
361,0,47.29115256448333,46.42295553231703
8784,0,19.590323439953597,20.805869665639918
7517,0,22.002065213114456,21.205694538104105
4825,0,21.122271412957648,22.525554210434514
3532,0,22.807371829203568,22.717879000104034
7374,0,21.048274350055273,22.029814620304723
5050,0,19.639987312751316,20.600168774779224
3581,0,32.90200384093732,31.790944834946423
7739,0,32.514300248318456,32.262448353988674
8209,0,19.928054856518745,19.939344548169718
9270,0,21.055234718968432,20.320512567693097
9486,0,25.182560598232566,26.16970580897111
3338,0,23.5817014848698,23.89880452384727
4602,0,26.107317431480563,27.209570322305794
3190,0,30.470951612727315,31.800785428858052
992,0,22.65114316870377,23.11770567370778
9192,0,28.143502163345186,29.038339241109597
6316,0,26.302065901171563,26.336555690727163
3636,0,23.19548186893288,22.8136595608329
2318,0,26.508053394897747,25.400806127035008
9204,0,20.1045870091905,18.14680523106202
3407,0,21.20096289379189,22.670394978910544
889,1,22.907396523613595,23.337918887590515
743,0,29.116646191136468,31.395995148379676
6349,0,55.67249816429293,57.98993450292954
4896,0,20.82960362654059,19.78693679468208
2857,0,21.30610888658021,21.993267492405774
6597,0,45.82231125299615,47.184799963245574
396,0,41.202233534327135,40.87793023366984
4642,0,44.55647571682111,40.82444083369376
276,0,38.61605635147488,34.06309184017243
4524,0,19.13697151784377,19.442575679866952
9254,0,27.29013059210697,28.493430903913904
903,0,28.280475132216818,26.737488407812407
8499,0,18.731540157370162,18.813016211690677
5682,0,35.03849751423615,33.6054662787485
5740,0,36.94050219416249,38.53405463673403
3842,0,27.11541264530023,28.227595100819137
4233,0,37.787357639939174,34.365078068062346
7846,0,29.101384392014918,27.918396741413943
7533,0,16.680598204557306,17.377189083836463
56,0,39.71773609689926,38.271463771118675
7094,0,25.280347535424518,22.99770661854523
1379,0,36.125797892718715,34.21753612826945
669,1,26.708159376987783,22.527654439247765
2221,0,46.454095011973,44.45972589502982
2608,0,25.25846461134001,24.927559175301848
5944,0,20.756170275582715,20.681735682640777
4673,0,21.411702177077352,22.518619781096497
173,0,26.990487239799965,24.663124388083588
6532,0,22.766267046140587,23.00377585796917
7850,0,20.496778284770702,22.331564043983434
7166,0,19.5770279735002,20.654866859997764
5675,0,21.744270011672732,24.840773130354
9423,0,22.054104596895737,23.16722489339263
3142,0,28.977662582250286,29.91875316955521
3745,1,24.5556413461729,23.35375647869882
8911,0,22.75603119907195,24.259416083726638
3547,0,38.40689611837778,38.130846489512095
8318,0,28.323284798545664,31.938896545816373
6599,0,38.90629082233748,40.282025625922394
2758,0,21.140275528897863,20.42887841724413
4127,0,26.26003595299998,23.636795524740823
8435,0,19.883614545840565,20.729609895005847
7796,0,30.2927038945672,27.98277720912902
285,0,21.060620491618916,22.202374446766264
4599,0,26.910936900697504,25.2213480616344
3948,0,24.135055823909507,22.41137078264003
1659,0,22.89264168591177,25.110478306450137
6143,0,31.335780445839305,30.57695349975372
166,0,29.682564989400785,33.04833117221713
4330,0,26.92644448454787,25.877815210836452
2880,0,27.008594249534873,27.758564149758165
3244,0,37.27304795908854,34.458988225969634
5108,0,34.001999282211,30.75785281503129
1456,0,65.36441876455231,61.62894749912276
3820,0,21.56703556649682,23.059182230598687
7936,0,38.69324684779672,37.01440542987667
9903,0,37.77814026379882,36.65387188502053
2607,0,18.942911891409985,19.190265880790427
6306,0,25.979615143865736,24.38617281756204
7112,0,21.982122949149296,21.598359251069127
9817,1,34.6129251274121,34.15511955025193
9596,0,18.520634959554563,19.309925070545745
678,0,25.847507962799853,27.171989843507465
272,0,21.61423803608612,22.499733003967716
801,0,22.33436078515666,23.148347549292428
466,0,31.70353368041294,32.034581575047746
691,0,28.347860393597553,26.47821138049799
4502,0,34.54181099164957,31.6067819355554
195,1,31.269963263414386,29.553228514699384
7196,0,35.048398659558806,32.990630638145916
7400,0,24.212819326819144,24.88212273108094
9823,0,31.958986959943445,32.0063398251326
6466,0,30.193386754312815,33.35331615741625
1410,0,23.137694257865213,21.68057644438544
5160,0,35.096963941803686,34.340397327304785
7777,0,22.909481165031707,23.219495307863504
7056,0,23.179575603470123,24.15527290741327
6719,0,51.24481803043429,48.63454144767511
9878,0,23.37957834689334,25.408564331362587
1193,0,20.320260032308177,20.861605441384285
2404,0,24.875460145874133,27.20652997097778
922,0,22.523986308982305,22.69466741772291
3453,0,26.85034997836438,24.88865097903949
1951,0,25.761582217644083,26.864233865011744
6413,0,38.64121684665773,38.37322779389824
1869,0,25.895206962586997,25.0459990783528
2747,0,26.637226606976714,29.097833135657893
4123,0,19.02503198836494,19.814342278015015
8509,1,24.180488062548967,23.257670049061332
3352,0,34.56601191110147,34.19530457973665
9505,0,28.720785508983795,29.474566412053136
7555,0,33.33659461364256,30.747721250670725
8266,0,25.98895458421551,23.349973431594165
8186,0,21.720297485618605,22.807610217045728
6579,1,21.93950100684727,23.42867310524111
7910,0,26.37412860446927,26.047357249925916
560,0,19.07125612396524,20.340486962513317
996,0,20.71160512395401,21.459100761696014
5223,0,30.464900494809907,31.06898659645749
9735,0,27.72661218876925,27.923390686538774
8508,0,22.019276454156596,24.474291616438283
4011,0,21.456622386943263,20.444986700949332
8048,0,20.26151504758561,20.21019604074723
2080,1,22.844735101793496,23.368517231831476
295,0,40.55813995612218,43.8926259864211
1158,0,30.892682455305597,28.515299387176157
4902,0,39.98622224384405,37.21650384100996
9352,0,24.09504685901791,24.697292856917528
1430,0,45.19156806042275,42.72998587226951
3314,0,23.73982554826043,23.22630378283994
6155,0,26.16401685048256,25.56575916459311
4787,0,39.94026144863926,40.726252071176084
1251,0,24.10344842396548,22.77000314353345
3929,0,21.64968421273279,20.537882883872804
1233,0,23.285447648976003,22.27257299684981
9775,0,36.90367611090099,38.93339768376686
1298,0,24.641819877197328,27.599506630319063
2111,0,32.794285304311316,31.535946321471943
11,0,21.102572381494,21.322535306127957
2085,0,27.106538116771162,26.317177761730026
8325,0,33.859755364101666,32.3435817800929
5101,0,29.308178911854462,27.138372328793935
1325,0,26.63657978063134,29.4652717416181
2783,0,35.83418074567568,33.32260043004015
9924,0,42.720600731045074,41.2738067903673
6963,0,23.608219168313894,25.938806216675182
5958,0,20.269280478411208,20.785860071750808
4403,0,26.056364913843822,26.13484127121224
7770,0,35.13014108151523,32.873561623272984
164,1,27.23541157849083,25.39176027506984
2375,0,35.52813052164347,33.4015959192623
9,0,29.436339756980633,28.792535332051578
9702,0,18.627986287503838,19.458178344384077
8639,0,21.794673263945512,21.48402094970652
5473,0,39.85454947512957,41.30801689972976
6115,0,40.3135291264063,39.3281706036854
5382,0,17.840834293643116,19.563833959330992
2716,0,34.55454002550347,32.86898643794932
1025,0,45.30424962158229,47.67709868481694
2899,0,24.77251013253446,24.53965100813802
5742,0,27.08895332282954,27.03289861182498
7672,0,28.44512618513383,28.90519456455085
6865,0,29.314759852820636,27.932769080095632
393,0,31.251621929847563,30.278282363806447
4775,0,21.030674163834657,21.648623901673755
7755,0,24.5167057019503,23.419845339647605
3371,0,34.29388176726876,32.857861696718196
6354,0,23.608197978607333,24.22963510303557
7666,0,31.313560842164097,29.781784190661686
8135,0,20.34374741575941,20.094134496850273
2954,0,20.94713264734598,22.601036513284914
6474,1,26.679337356366297,26.959392252533984
2750,0,22.04294768484474,22.367530949430712
4803,0,18.769930287775416,20.325370256573375
4878,0,19.629052285542073,19.390126261317832
1692,0,19.59370394472913,21.221573733568142
2848,0,28.35368496310155,30.422300168074372
6295,0,18.64840026599319,19.011852716801812
3806,0,24.458037703632,25.079877006236668
203,0,26.559201292704934,31.2748231828211
3964,0,25.582819141531996,26.785999304183527
7831,0,21.506819696780486,22.953133580652626
1297,0,19.434275129895543,19.830893958776603
1373,0,23.096906925957114,23.377305397271055
8437,0,22.363342751919287,22.76282921791814
8242,1,22.053763306964054,22.959186204572028
3605,0,19.220540064475866,19.52719091897316
1843,0,55.966198911850235,56.741255282514174
98,0,26.4092422223916,25.698350772649768
3414,0,27.791846399165333,25.468225887139294
4659,0,31.69486755252521,32.242839697940404
3128,0,18.82613169288008,18.356216974019482
1633,0,39.95244647436593,37.258973802770164
1626,0,19.345651451580892,18.944356897278876
6868,0,27.427583071417047,27.492324105732322
5057,0,25.979420414986265,25.376027497782093
3560,0,31.77702337726934,29.24309909113087
2232,0,32.263891656342025,33.28323970850891
5402,0,21.832219004377265,22.533683141964943
1079,0,19.461964028872966,21.57275348749465
7516,0,23.81545038927942,25.54338893054319
5018,0,22.751373501303714,22.975297217082034
2627,0,22.482712502082638,22.80703236043991
3408,0,20.757674563814497,20.19057895604316
4493,0,29.80763245739432,28.2629176758319
8374,0,26.676196984401948,25.153102682594724
496,0,22.567565498943935,22.354171876634133
4806,0,17.901192928729316,18.721864393366864
5028,0,21.037031600958706,19.791188427942117
7364,0,42.09132587866767,38.50442460987429
6373,0,27.49916470986911,31.3365795306772
4985,0,26.727346180317127,28.867201161776148
1343,0,23.88600076434987,21.878198788392623
8922,0,22.80384339704051,24.217289403383088
3910,0,22.2289045906836,22.24487498025382
1149,0,31.62416246464546,30.439281694050734
7771,0,32.601828089310686,30.706614860987948
6547,0,23.324492452524385,21.792180836881418
6654,0,20.89336599931698,19.865276596597756
7974,0,45.70619850942802,43.36278737647109
893,0,18.508496108642078,19.947751462240866
6542,0,20.147031372100166,20.20691727356691
399,1,20.829566064630704,21.551462335423388
2413,1,27.35015644522867,25.72036772830959
5618,0,23.599018106453336,24.670325946484112
6990,0,44.93793910751296,40.34991764647037
9507,0,22.10348306545451,21.423350490308316
3363,0,18.984585441554636,20.102488587656687
6612,0,29.01438388578534,29.071467494359382
6668,0,46.699972619205504,47.19083168579981
4822,0,34.97531355882673,35.753794637236936
3223,0,33.903622730708115,31.10383968250365
2525,0,21.3726892065595,21.385862981470403
6294,0,26.345174898970548,25.981517679908233
5154,0,26.54272657780704,24.66821511790993
3145,0,21.91444800776088,23.57653392475915
8596,0,17.408940625929585,18.98939309335909
3922,0,26.264468001446705,26.26418864484386
4426,0,23.20457762708554,23.1487902674932
8390,0,23.62351681152137,24.70357524904387
6908,0,30.977560233947866,30.416448715393148
6991,0,19.438231023283155,19.878820860685607
1521,0,25.09552916188344,26.02278266347124
2214,0,19.448107224561387,19.700720042647927
3874,0,34.469893195622745,32.159133846366586
674,0,32.143677951910206,33.379532692816554
3160,0,23.723678111260515,23.269165409778562
897,0,24.682424771537498,23.76000168897482
2245,0,30.982699157068794,29.730046396211595
3623,0,24.53739228069892,25.64223455452607
2740,0,29.391933910321974,29.44482410244606
7372,0,29.462716257021977,29.148980163239397
3799,0,28.862956732999763,27.73502562653071
5153,0,22.86065655373601,24.014478541956173
5524,0,33.432225318849135,33.24274747181529
8789,0,25.653601308070773,27.120983805452212
729,0,25.97534802172485,26.932344859887007
953,0,19.90613577592022,19.795561629070562
8811,0,26.445507924096436,27.115705050071373
7026,0,21.875678668495627,23.084339391997126
5726,0,23.96845570001178,24.677070108817325
2711,0,19.274456016861492,20.74473406931756
2134,0,24.879618914441295,24.59657423521773
4140,0,22.426815464340795,23.583703337707476
3542,0,21.95282214696865,24.51188688785498
7004,0,18.928874883417482,20.144717749099986
6703,0,34.779091060125175,33.87599112186099
4061,0,21.582998411706622,21.258070772532108
1117,0,26.66301128448829,27.415502370585926
2020,0,17.418693612358698,18.57318301725553
1914,0,24.045723576570904,24.47362376668531
8633,0,20.884568982827584,22.58160900189369
8110,0,44.637482332856365,42.31466368423101
8941,0,18.343736423864073,19.84140974477942
8408,0,28.964192724628056,27.766470790920792
1026,0,30.848161502273026,29.489634674796562
7937,1,31.28976126710459,31.310164242561136
1581,0,27.283882449857618,27.823236888281304
4188,0,28.186857519263945,28.950354594638977
8027,0,28.62661996827128,31.366588292990087
2108,0,18.135509724246585,17.25468514820705
8213,0,29.673789133890658,28.287288298145466
6075,0,22.562795913152957,20.957628551026684
2345,0,44.65142411039296,45.97739441956737
7174,0,28.862902660401822,28.82629193795304
3749,0,20.13821123802583,21.663234346225146
2278,0,24.660622742049657,25.991760741253113
8548,0,21.850079600900774,21.681521117996496
3080,0,26.201297306465,25.400442313760994
7528,0,17.61539636216752,17.913605271384203
1745,0,41.76908899585547,39.40900314632956
5519,0,22.41927743824445,23.17620873489788
5143,0,38.39683050893488,39.75200360305582
8966,0,31.197506886975372,31.525577635737346
2680,0,21.81077267315355,24.003269253555203
1400,0,23.30950768053528,23.34745534304899
5112,0,23.907474988704067,23.460702154731877
381,0,21.467522839737576,24.79024508078328
8217,0,28.337310598944658,27.077494097866246
9203,0,33.04595559448737,30.706075709718387
4532,0,25.252205202642568,24.827692683884255
162,0,23.170940638230284,23.361597641260552
703,0,27.935777654601118,28.531329541122833
2617,0,25.075901735769627,26.302201696718587
1186,0,24.237230860234693,23.221942824743728
707,0,21.929775364464014,22.27681409068084
5421,0,21.872215782273614,21.261355965125766
7379,0,27.817258880964257,31.808132659140167
3686,0,25.48958095929175,24.007967834443765
1056,0,21.20465283937343,21.860388718540875
1753,0,27.166841135380718,26.794573943731884
9363,0,32.09109480643768,32.85746214006763
5348,0,32.579579610145316,33.276681047066006
1244,0,18.97448924628221,19.455301950799917
2162,0,27.922808403786366,27.562299058191105
8226,0,24.639548999680535,23.797448673858035
8725,0,23.49708008585998,23.85482655953188
8932,0,39.882406474228844,37.20836262429926
1636,0,22.93657727608418,24.55052838577125
3956,0,19.703810312423517,20.509445862172782
3400,0,27.345406818513062,26.915474921701833
706,0,22.508172057615745,21.468341539972737
8369,0,20.365814460583458,20.562458166242557
6181,0,23.451932260251134,22.854127677166467
1736,0,27.21100053446656,28.06046269638476
8030,0,21.366553602391498,22.16784758129639
1105,0,26.916390130608224,26.592127079431744
3645,1,23.86885285852619,27.720204002731844
9285,0,28.59942754978178,26.213059264237145
7107,0,22.39408285889026,22.34605165660495
8145,0,26.008800586217852,24.885124084755315
8553,0,39.03826325352819,36.944374245576306
4462,1,30.494708578243603,30.601798052794305
7302,0,34.460814295584385,31.065500639012182
2704,0,17.29611594147002,17.260204781845044
8818,0,29.32787929270249,30.735332756913973
9271,0,27.45417009520831,29.149433501373245
9225,0,27.770692765167198,26.224860332371073
6830,0,24.931387615576305,23.632632264735363
9540,0,19.626880008811877,20.617347204241337
9326,0,22.446063264309302,23.23636066215579
5140,0,24.108153165430995,24.996604069183665
4576,0,24.070911954987327,22.933607851793163
8308,1,20.321167886984373,21.291355797411065
7782,0,17.77245292811884,17.64463812725612
924,0,24.461328915173684,25.77547668157013
4875,0,28.489745743143313,28.276064144271377
278,0,41.4486619688844,41.356243485664784
7696,0,32.96573886545256,32.78603854581582
993,0,23.172841610447907,23.159049999447074
8497,1,28.33646456118293,30.805492798021298
4368,0,28.24399959867669,27.09667915850743
5258,0,25.54034395679456,27.882216404915713
6987,0,22.068100751932352,23.222207266852056
2464,0,39.52982536561178,41.722065247484245
8560,0,18.314778744565697,17.824839263344778
4310,0,39.2248133065286,36.80855071161138
5905,0,26.2389843730948,27.525125277352018
3531,0,17.649078464192225,18.232417721922225
8681,0,23.363592207814605,24.076248322282737
4258,0,26.176732482082116,25.024127537154698
1811,0,21.416085010657817,21.156864011932747
4826,0,28.63509559597066,27.28153589104699
3519,0,37.564080349587904,38.72180948573188
6866,0,20.00676069253272,21.649814216175088
9538,0,46.71565938032454,46.437751888919664
3960,0,37.2385584230232,37.81320242506176
483,0,24.558784412949112,26.26409765970205
4286,0,25.605718243145688,24.752727213597296
3138,0,32.582448691012374,34.03921886246053
2129,0,31.26777289847443,33.21742260670299
7293,0,24.0894341865388,24.482295177764485
7343,0,26.09959030448736,25.784531551126552
1866,0,20.692742504696337,20.32379510538337
7080,1,29.551058538884675,30.438668290512613
926,0,31.055751339370435,32.285053330049536
735,0,38.6488760266815,41.82518110026472
3815,0,31.21151622000583,29.823466435329994
7623,0,18.65371556226663,19.3433631573344
3903,0,26.653189810492297,24.64016829450874
8544,0,25.34739039667109,23.917115460026395
6652,0,23.349910490582175,22.124605274646193
2052,0,24.06316351000382,25.948787351433115
7282,0,23.093939240821044,22.962550922879274
6583,0,34.644285542338075,33.98077099057268
618,0,28.32336144128282,29.91218809979459
6794,0,21.331393345706722,21.00606956239158
4332,0,25.630277861440703,28.968756912256772
4820,0,34.868403062376984,37.31643750234062
249,0,23.857614063754873,23.85944593198664
1719,0,29.339511767062763,31.884657651470967
4638,0,45.136152683982004,43.430237629139484
5963,0,26.423229378608315,28.28961622868606
464,0,19.204836972651194,20.881747934528985
2902,0,28.595865799756304,32.45175456051222
6187,0,30.891843892139235,34.06646625461946
3551,0,20.130245386420214,22.16963168232721
9360,0,27.36917909646946,28.240054532375176
3607,0,34.624885611512475,37.56187790385921
65,0,40.01316678112,38.60791196376221
2620,0,31.6243209271757,32.35371558322563
4436,1,31.59030008070492,29.1355180150379
2790,0,29.596391816533114,30.451459586092536
3941,0,19.90339294150438,19.838493326427145
4337,0,22.279266674520134,23.378898153107286
7499,0,26.9120146716288,27.220051760587523
9933,0,60.321260853700544,56.39422506922765
5788,0,21.825872795082876,22.797962804018727
8562,0,27.908920423770116,26.345835092809452
1500,0,19.653475031997694,21.900914498489428
8129,0,20.841517228478928,20.77324020847413
7322,0,29.266454467388005,31.549939919425903
274,0,24.04913171650506,23.87500483298284
8085,0,54.61681418141181,51.023686446836955
7732,0,22.182769442224906,21.274864784299414
6526,0,23.234362934428272,22.968612749740906
5441,0,23.045139795873386,21.156075198954635
1185,0,33.81753016246483,32.44821376725021
607,0,23.628316505183538,24.86692760939279
1647,0,22.709282384871205,22.88246730255604
1472,0,29.772250896616537,27.242062496902467
8227,1,22.566540341014136,23.282739700301544
4032,0,31.455491393647286,33.21488983153282
5997,0,30.717604170077685,30.25128093125585
8326,0,21.98321925736622,22.010057105221446
2998,0,19.977396398419014,20.942019378497495
8254,1,20.74413424230897,19.38371890005904
2760,1,27.221488177293452,28.24490199803283
3330,1,23.02050856529404,23.69915021095205
2942,0,23.968539471390073,23.936278521377925
3031,0,30.445731666832913,28.7938225310535
3971,0,39.627575754492675,39.61261238423327
9665,0,24.67659727416551,26.442684998364474
958,0,30.91849673701613,30.97152870255517
327,0,22.141192984939575,23.517942932868966
4035,0,32.66524498640143,35.67101449633268
6497,0,28.6724532120668,26.776724232794052
809,0,19.364378168586057,19.24163099310118
1608,0,18.360894015207304,19.489265447920747
8155,0,32.59400327935043,30.552924480688617
1344,0,36.56081998179884,35.429424233065646
2992,0,24.38262786018361,25.60092776698778
3656,0,21.174793781756595,20.420712351855403
2189,0,24.82191470905155,26.870816136709788
6631,0,32.175207908185236,33.05493840269503
3029,1,20.96947222931128,23.1829828367493
3342,1,25.72390807022433,27.308748898897182
2273,0,19.5456295885275,20.1022086085288
509,0,31.940665074103652,30.807046507656132
5363,0,25.81599216237629,24.33523999022058
3362,0,21.817750015035966,20.53404349615403
7715,0,22.980193924077597,22.818180433709507
1997,0,18.4881676679516,20.276828034079188
3125,0,24.31343888111068,24.692072689150567
2292,0,25.108747640005646,26.633071628054417
536,1,26.974094659657517,23.51644648977625
9291,0,21.06467829864234,22.23442659611431
9284,0,17.530634639130163,18.079996507290918
7878,0,26.897912348584903,30.616926927648905
5806,0,19.610897387664448,19.84648111092995
7019,0,30.991111601428592,31.65359916413601
9805,0,27.922808754218565,27.407833090937622
9649,0,23.1438947478388,23.499815164680705
8178,0,31.22446228319269,35.58604804330151
6455,0,34.894088332413794,32.37654127468369
1123,0,32.166099286919305,32.10753317421732
1970,1,28.972633634132574,27.8507126088436
7590,0,21.988165991138487,24.064788961775026
3095,0,21.218731240011323,21.510845107343464
6030,0,22.288435571352178,23.578191259853803
1301,0,27.63903821024604,28.749222708750636
9764,0,28.427834655559938,30.653225278560665
6133,0,28.806174916136907,30.34893630689009
8433,0,20.937149438388765,23.385855713993124
5308,0,25.90384092528143,24.190232697542225
5505,0,32.719978364328085,30.5040143262553
4760,1,25.21076366071136,24.380511997555644
9858,1,39.512584002074625,38.720227192937216
1326,0,18.5673721019748,18.267533587977486
8868,0,20.338698586851102,21.99804149570575
5277,0,18.575252121209232,19.975707379764952
9977,0,18.148564033418726,18.456532999931046
6941,0,18.722574925805965,19.999701134756325
5016,0,24.077301229184805,26.616349508033775
465,0,16.082865661125396,16.203443359618543
7403,0,29.125753566109193,29.38167580554759
3868,0,29.45115199427159,33.745821260184286
4311,0,22.820867237857502,21.569849804007212
5128,0,26.2736151759862,26.564766164298955
4734,0,25.653011353113907,23.00605414694517
1316,0,23.75246804110408,22.699842012135
2316,0,29.457624418865628,26.95580000826038
9711,0,17.50060277970793,18.21444890301879
7397,0,28.29388104141503,27.143246915905667
2083,0,31.00299505555266,28.090861376536733
7562,0,33.6569649863919,33.335789471228324
6778,0,30.521269624445903,28.752888421101563
6426,0,22.919273383437567,23.4213692913684
6648,0,32.98304799285774,32.01163846618632
4143,0,29.132370420283564,28.056980642982644
1351,0,36.82978643630621,36.49593649475055
4904,0,20.785490638526852,20.86984605914678
3481,0,30.175395767562396,28.931209078454092
875,0,35.53774732816354,34.046218915181704
6125,0,31.5582521045775,30.054443350215845
1731,0,20.387577525230387,20.8731199197736
2102,0,22.675581747166696,22.75402864517916
1880,0,31.82113190424799,28.587444551391243
9104,0,27.052749165745738,24.885797136014766
7124,0,29.669898094537217,29.065614455893826
5809,0,44.036935760085186,41.55397585408901
8980,0,28.67046257382484,28.79797597686017
4360,0,17.634280217851117,17.877612751082353
8781,0,24.352186455621915,24.63397971678993
4508,0,28.057019614456703,26.294976938481867
7544,0,22.74588135032395,23.315863480381214
7564,0,39.01135175696681,36.14592742769084
8895,0,21.848381328327466,24.309292951616357
616,0,25.5314492972798,27.090432889017375
7307,0,27.42493601956735,25.376125709722128
8942,0,26.182270253027287,26.761244002920105
7089,1,28.092334870247555,28.78623416752188
5859,0,22.18774864584536,21.994145326604645
3741,0,27.599356063515465,25.290158628064944
1376,0,26.065836928257873,24.729667228842093
5974,1,25.483075992572402,26.00486316902769
7217,0,24.17557530606766,23.97892737242739
3958,0,37.04450014717219,43.231457136030826
6812,0,35.719798610053445,39.20839990183773
7331,0,23.078619153436772,23.274255623469184
4930,0,29.010133248919065,30.1127684870219
8122,0,24.89355068377846,25.0095128238791
7226,0,17.838888538348357,17.010381650026908
2112,0,36.770842908905806,33.871981382612034
5755,0,24.315416935325207,22.55838060716891
3864,0,20.051061970826627,20.50142093994374
9543,0,30.038330506555596,28.66659346146085
8902,0,28.014746238879336,30.29094535460399
6464,0,29.152847151955953,30.362661594317416
3126,0,35.25389102967874,36.1467270003967
7700,0,27.45977415431054,26.55805314707979
2084,0,32.144655150856295,31.800361322970293
3791,0,29.797650282638834,27.435920178752475
7803,0,22.276224983834872,25.3730326398451
7126,1,22.30476450147164,22.197410621136385
5838,1,30.592545384046876,33.11071768478122
2045,0,30.567277860582486,28.526892426452363
5246,0,25.330387019979945,24.717886207103984
3259,0,32.43359680683366,33.74714828034027
7530,0,20.38764719417822,22.462044817573542
2974,0,26.2172957806904,27.574969005001897
3690,0,19.192288628546738,19.412508658093646
5706,0,27.850648954684146,26.160272647466403
597,0,32.170839862902504,32.66378520371021
4320,0,22.00781374614786,20.927233957329115
1747,0,39.63266934714951,38.515725200527164
533,0,26.902256940419896,26.971605244393498
6254,0,36.02546889513231,37.510921745773665
8999,0,31.4788306111054,33.81727917183591
6245,0,25.63712950908107,26.055070030903725
7261,0,31.68967350855172,33.40205264712249
7075,0,25.24118347021145,23.899437766309585
8152,0,30.420779712754673,29.343919156709198
8978,0,30.89384538012534,32.02530825854258
2843,0,37.819359571042284,37.91705316026305
2357,0,39.45609822515067,39.416427164211115
8878,0,31.943820310554134,31.167304863856693
8395,0,22.67403306791333,23.923755318186355
5642,0,26.806447540538127,27.82519080694894
595,0,22.103987964987414,23.13472201211986
486,1,27.24148186528183,27.767406447990997
3853,0,38.194538784824516,34.79902674509322
6558,0,22.88968272964043,22.985518674058245
8632,0,22.714761935670815,22.131424773667234
2717,0,18.18196804538047,18.834531691963587
41,0,19.714951586606993,19.486915595641673
5592,0,19.84048964643575,21.120891207426375
8888,0,32.884767896548574,31.452510068737094
280,0,23.432542932686328,23.313544424776918
4954,0,22.156619261099443,23.59597074216491
811,0,19.510622073176464,21.279501337844916
1309,0,22.73419329663,24.519259781758702
3805,0,17.735068365550866,17.918184244383927
7129,0,30.353224318697894,29.361523047793217
943,0,22.972808114184915,25.931325924183927
8715,0,25.828565697092664,24.18923750319984
5443,0,18.000964457226015,18.92140464562803
4792,0,22.537853842700578,23.56485990556404
2390,0,22.290590221699357,20.416628448008048
3182,1,31.768806308093517,29.796291077370586
7645,0,16.61114924373269,17.29618619197455
4408,0,26.645726610089458,28.699450784373948
544,0,27.270021359733395,28.568596525851962
5158,0,33.02253525848678,31.379800302521176
2573,0,30.444261339839322,29.316030160733554
7871,0,28.789452481093093,29.15647449690313
6617,1,30.297893773203345,29.940279857221697
738,0,20.567042987944994,23.239103938170185
6776,1,25.768207198726333,25.97593754593478
4414,0,51.08303520877109,51.43114607900058
6513,0,23.771933349716743,23.55801715232367
5326,0,20.99661337963595,22.608248858921396
3777,0,27.332704304945786,26.773266558765247
4319,0,20.99888485792703,19.90729164503088
972,0,19.51606147667084,21.063161897619363
1272,0,21.956790483640653,20.419981930500626
7898,0,20.376100076294062,19.9914037017646
1797,0,23.67066630518424,24.8384160436186
7661,0,19.906634283872343,21.599415896190905
8247,0,19.930036298907822,22.290115660222522
5599,0,19.273158751219672,19.757425778431905
8429,0,28.680212101306658,30.278985573776172
6360,0,22.86972325154337,23.99824296096797
3425,0,20.93251592527738,20.515204091065304
709,0,34.130510461550294,32.828940095875524
5212,0,22.635163918860375,27.047927609088504
4785,0,32.288861414534416,36.04496417896656
2470,1,29.921937081584147,27.641677770340536
1834,0,21.500124340279495,22.05719012971992
3238,0,30.498917022874938,32.69149704003183
3114,0,21.592341660267337,21.916901266853333
8881,0,23.443443931005884,22.134112711982873
4957,0,31.453321980724077,31.594978355730426
3963,0,27.127511808577967,27.31356212479198
865,0,27.315205928396832,28.13188487260289
9938,0,32.21689649564792,31.421423869161437
3278,0,23.914203158446366,24.56199498504531
6817,0,24.036652655115258,24.113258194592355
5673,0,20.88137129472711,22.329646942955875
8722,0,24.894505946409712,25.471331596928525
3257,0,33.764307949032855,32.72513923308739
790,0,19.16319578976679,20.7706881284289
2426,0,24.878364851876906,25.72871615698135
7595,0,23.50362058213243,22.983019783488327
3233,0,18.080048026914454,17.706054727745375
7609,0,35.20030590903177,36.52691066008031
1676,0,25.960201159757624,24.746913010534417
3439,0,24.265523662176125,22.875072404162662
5287,0,26.607282973862233,25.33226955322105
5715,0,29.65071739003999,26.457558246760943
8749,0,34.973049058622145,35.13148266638938
2353,0,20.096519668605595,19.946656312787972
1848,1,28.22498603777539,27.962638115256183
647,0,21.87950833339228,21.252502899483076
9453,0,29.9886001668179,27.311599500301117
8317,0,23.094930852409846,23.071516245024647
4681,0,27.279807090441956,28.286395190648037
9355,0,24.38366065436042,26.662697981655654
8380,0,26.815657166689682,27.345941850614416
6493,0,21.29274193340983,20.665532400968033
1064,0,47.35410913067946,48.571329124090575
9679,0,23.054491262257017,25.56195228722611
4014,0,26.590328904738985,25.394044851464525
2094,0,22.39502317404961,25.986358387669366
1050,0,23.543888037065823,22.668828279129784
3829,0,20.92755809156781,21.81485380231092
5033,0,25.42393046466791,26.46722898502766
2643,0,32.4892080111593,32.165376412643845
2977,0,30.796074594620823,29.987687663328142
3701,0,29.627010562206397,30.686578389880594
4242,1,25.48335058690867,26.91493792458613
5103,0,26.90857991190766,25.509319569883505
2154,0,30.31778136915127,29.79561461709108
9622,0,30.70380134463713,28.08503158333324
570,0,30.077531259132638,29.498454221009947
9658,0,16.94049374746255,17.641410974807524
8898,0,21.084099740466407,21.954995374841157
7247,0,25.932045536052115,27.467844279358935
2907,0,26.517101722465288,26.48126723839027
1397,0,21.975697498552087,22.270007975477615
5735,0,33.796237889794625,33.70173906112962
3530,0,23.190439873808735,23.371237833437576
2663,0,18.721917737891285,19.534085215839532
1642,0,25.524059539043595,26.009680325787198
1012,0,23.887865586058055,22.819226793794847
8099,0,19.27305396112715,19.65701983245273
8686,0,21.11881388996252,24.370476964526638
7630,0,21.55992967338415,21.96783447560318
3665,0,19.269113288624695,19.325564749822373
1166,0,34.24436908675891,35.11463816353139
4563,0,23.366102660398216,26.532489498853117
5747,0,22.00930792068347,23.272171147874854
6401,0,26.258866434761853,25.62107397399463
4405,0,25.498214282263632,27.841116766357683
3433,0,24.536236760944604,23.183284898215472
3192,0,18.04335609269395,16.30206987910597
1100,0,39.67487529802208,35.4901613565988
1040,0,20.66027985178285,21.452403422712997
1518,0,30.045849747716726,28.544111892124874
1120,0,17.256162063313557,18.00678932111562
413,0,23.060938878610862,24.888458771345803
3428,0,31.805932296326475,31.02637977903677
8339,0,21.502536622157166,19.853661049962373
8002,0,30.356998469439517,28.3897752332178
7848,0,32.245862279778486,29.913198870477864
8674,0,25.32929969146059,26.003746883430324
5683,0,23.54879238156827,26.46562198565481
1257,0,21.90483272061961,23.34331928777824
6329,0,26.347555142019374,27.16672483386771
8802,0,40.24146484269548,39.75622719475681
4354,0,33.15893042787591,34.29119099633035
9106,0,27.952254013198658,28.02152851200157
5367,1,24.847153525390432,24.16481664020652
7474,0,20.980656748981527,22.703972853722856
9390,0,43.07763850201242,44.940495714493245
547,0,20.977235183941335,22.143942200819968
6704,0,20.191988941003505,18.726238695335727
1615,0,30.38125617539691,30.47153837588698
1590,1,26.925200350406357,28.467581562042586
2576,1,23.100110441286837,22.485343336678106
9372,0,23.31439165174241,22.66190098536795
2817,0,21.37288595236314,21.260069922596756
1942,0,36.08213310977228,34.77915437876747
986,0,27.828242932879203,26.71981354247449
6200,0,34.484344235154815,33.73293989831323
1198,0,18.74205769765565,20.005617211656535
4497,0,28.744419253644487,29.125345643235452
2596,0,25.84823185599091,24.882505506381836
3917,0,20.578954160480077,20.22211394955442
3912,0,20.632478969649483,19.653533066144977
101,0,17.641457755334116,18.154027373904608
535,0,39.19142903652028,37.469688600887125
7097,0,19.648532682532153,20.114839683667096
727,0,22.020762169834928,24.44973588260298
9846,0,28.361717099538875,30.735042273393134
7812,0,31.96736202073454,33.32669645920765
5338,0,41.768546175359326,41.58800896276942
8673,0,36.09763416743063,35.53664092865412
8140,0,28.70683132330613,28.40708646104722
6955,1,25.350179507478778,23.573681389616443
6950,0,26.17136822933861,24.32607190870809
416,0,21.567453434611906,23.175242389359973
5490,0,23.50664572873702,22.461320236744797
4517,0,29.10963031445775,29.147483428741605
6225,0,36.3729411077714,35.74086174673237
3044,0,28.133469580874483,26.626824937149426
5359,0,34.56113326185058,35.53622279823468
3828,0,35.00502604936689,32.33579195980403
9024,0,25.84231108244048,24.399776096929823
8079,0,35.45163116429573,33.25821626962568
2093,0,20.75338661122233,21.547422262333036
7774,0,23.436144055090082,25.665667512957675
455,0,26.278270829692207,27.209750257385387
1315,0,45.41709944995468,44.516276063916386
6690,0,33.57671816229718,35.24383846949747
7611,0,19.546137404339724,19.98973256171202
1664,0,27.476509967518478,26.919219502459786
7451,0,25.154142939899103,27.77277144661318
5603,0,22.41648084493575,24.4107445154166
622,0,22.826871215215377,24.294324838255502
9968,0,27.15631970564409,26.45139096090929
7940,0,30.110296606174412,29.205962618438214
7285,0,23.01021513504347,22.306270296559177
1543,0,34.39143146803487,32.43693412445485
8543,0,23.918424982765192,22.761039870749233
9097,0,17.706294181626905,16.978253627824134
3487,0,25.617828701690506,25.74979307838689
6357,0,27.59108063123202,26.09981936252399
8838,1,27.796249357568897,29.137721862045122
3800,0,20.47041542226009,20.520847428745885
9335,0,21.781075728871393,22.041059803753953
22,0,47.39689900456123,48.828528261774245
6695,0,30.27655394184643,35.15725345861944
5182,0,22.900931738921148,22.754573861507282
3642,0,30.89592778554354,31.88093449851434
9165,0,22.687816703600188,23.465456599486693
7693,0,30.190825999992597,30.90895638645484
9969,0,21.640014488220668,22.852704083624122
7272,0,19.980063564520858,20.554827910400718
586,0,70.31849180737679,64.80527398884101
9953,0,35.23256141411789,34.86825294294752
9479,0,30.29261649034063,30.995678758384706
5822,0,23.44063747746414,24.227105802605536
5521,0,25.471937082724295,25.869105992844172
1116,0,27.1320778805976,27.26881791953282
7246,0,23.48407494691362,25.290979191336053
3954,0,20.6241385295496,22.728227349803607
6005,0,25.295389417220022,24.04151542452619
7093,0,43.83954595877438,45.6445333140683
7651,0,21.674614859314715,21.94046354804519
2614,0,24.45443032031979,22.875273254861163
128,0,31.764005348251974,30.219963430058925
9017,0,20.817448602153615,21.00522182374538
2072,0,17.50802428837902,17.893285707642736
9553,0,17.651489085471972,16.852256721080263
4176,0,30.34338603782487,29.16907566150756
479,0,18.51640021529677,17.522103626176627
23,0,20.466201896497804,19.89994954854672
8649,0,30.641202646272454,28.524333911439346
2953,0,30.165179311892885,28.078949929686235
8948,0,24.141229838848524,21.438896931122116
4382,0,38.81931609817683,39.40141433279258
936,0,33.93051116463987,34.81322477079159
3610,0,17.615981309892327,19.1485085977465
4235,0,21.25188519010118,20.057451474129067
6491,0,19.7526154421943,21.127230146689488
9056,0,18.26738020647721,17.98737251801706
7477,0,21.60517513737275,23.280566889932246
1782,0,24.784639065594813,23.07178478756177
8683,0,21.94626898404548,22.171684243477447
5996,0,17.646481104167066,18.299539136746855
5536,0,17.805363766420268,17.820543179098095
4645,0,27.24568151054915,24.62265854043903
2602,0,22.79328219011719,22.80695677546498
3002,0,19.891688864153075,19.588384867789223
4300,0,37.50433626853116,33.7681205997886
3639,0,22.943466720660112,22.660738238875147
7232,0,28.09139411946238,30.401195227424033
4811,0,17.395912388990713,18.046204389068382
2948,0,28.741300258005403,30.22022645513912
8461,0,28.10634340010333,31.038741380570688
9544,0,19.00621474412458,17.77960369589819
5341,0,24.4238810582711,26.05765813572974
6346,0,30.600477187944062,32.93115320930297
4141,0,22.02697332248492,21.295402029289672
6786,0,23.82008361324231,23.86253344316539
8599,0,24.55991043425143,23.119320109002715
7493,0,19.335100954472207,20.012934664427746
3757,0,22.473940901298942,21.76380142001726
5019,0,36.321506453986814,34.16001474925165
4373,0,18.455848427066382,18.703003687361733
7344,0,36.30941534715528,35.74113240813642
871,1,24.63153571961702,26.93157242078778
5805,0,29.152584792713927,32.92862903993576
9559,0,22.858683808712094,25.512260486887687
6861,0,19.051277225700876,20.00311548290572
4375,0,27.887498648183033,27.516436831382542
7121,0,24.862137257054965,23.77538692499695
8334,0,23.72467204748611,23.338309513761853
215,0,30.370058145480012,33.87930576050477
9766,0,39.875501365964546,36.86337894437056
7046,0,25.325713629413812,26.983944214231713
1950,1,25.30418507208777,24.331951675394397
2769,0,24.94641590226383,27.49730681188418
8088,0,19.44064241282828,22.09393485975432
7423,0,27.11784920972694,26.950626118901614
9842,0,20.50553306899392,22.003172013212183
3565,0,27.186730074574303,25.99953123525598
4736,0,37.075003431536885,38.670690583942424
7378,0,45.885306060155976,44.996618449607126
3173,0,22.37893712000948,24.65423830122385
2575,0,36.20123390087497,33.56643133727814
7604,0,26.265893969236426,25.47447599865328
4729,0,23.42523576552964,24.809623291067087
1415,0,39.70751693262849,36.95650103657983
2671,0,26.411071170843737,26.69231133628756
198,0,28.315312590191194,29.05478229515974
6747,0,17.943044707995483,19.034407710053884
7799,0,47.51591549896592,46.94868483002312
3041,0,24.59378176278217,26.789763679577465
255,0,28.283126870882395,30.333690051201703
9632,0,23.507468586062586,22.303614326195905
1286,0,18.611961105942935,19.3083924722347
7286,0,24.08387013783696,22.747889712889393
6058,0,27.71415795124584,30.94897983463764
5624,0,24.334570317594913,23.30568691051009
6953,0,23.738187708938923,25.721372126991152
8637,0,29.04712833058371,26.995130526725205
4047,0,30.815397217153293,31.21608194268577
3562,0,27.565275919847906,31.54207098448416
3575,0,19.660611083404884,20.891775450638097
7328,0,44.818844256592854,42.63113591462895
3349,0,23.627880179835376,25.030668559228733
2501,0,19.409924314098664,20.636044339516552
6783,0,23.257116776755893,22.81168935130328
3712,0,23.157528503579705,23.674275255037063
435,0,26.38401804342744,29.316706487801792
4,0,21.93846925339893,22.68653052721754
4077,0,21.916306530698677,21.581405753183322
4204,0,28.132090208213086,27.361483472012694
2722,1,24.119953293972596,21.72601536360635
8969,0,24.039778568201108,23.502887894684353
4560,1,25.263561464808443,25.115033154556333
2126,0,35.68714451765811,35.74016869110762
143,0,22.955616520968636,26.274638357070025
7440,0,21.39045925442954,20.412074426616183
2197,0,19.572249639145422,21.282685448017578
954,0,34.01669845800242,34.33753413269405
2206,0,27.88048373221912,27.143989016381592
3856,0,24.54808089200612,24.11843615702757
5860,0,34.73730674537062,33.32944587325902
1453,0,33.37739479834067,32.67065651714264
6268,0,37.28610647285387,36.96991752092118
1143,0,19.53806449036516,21.28005589689586
8938,0,22.41631831167352,21.44351433240279
9701,0,25.302702868153457,26.51343151711056
9692,0,34.03211631837649,32.707560998700146
1457,0,26.484651080117175,25.466556742477497
420,0,33.44397779592643,31.19330341127543
7487,0,18.24572842376845,18.319557745660553
439,0,17.640233274467747,18.315358861962416
5390,0,34.123299615042875,33.977640142224196
9739,0,25.870268333152914,27.897123488759323
5177,0,34.48008758693539,32.10269069656129
8158,0,36.82589918416297,35.623779937753255
4217,0,43.30428381806919,47.103890058492595
5088,0,23.01627336352835,21.747849606567524
9317,0,23.913578644449103,24.208138807918704
5890,0,23.570995493987628,24.873875414210133
4151,0,23.59996874478974,25.146210117624552
3334,0,27.530471321272977,27.89090480134761
6051,0,18.76888411141881,19.548975359890175
8974,1,22.352860476717066,23.92179935558456
7875,0,18.558009727896646,18.079322300687338
6660,0,17.932125079505003,19.144747587156235
7001,0,23.722643904661293,25.674099437264267
4616,0,25.564106915289972,27.028141562024466
9333,0,29.46754007678773,27.49801674693525
9081,0,32.88013822643875,32.09909494740769
1245,0,26.782881506794904,29.08438634406683
2414,0,26.70016335046457,26.323224806795917
3254,0,25.972096733806072,26.578583739209265
5279,0,19.073021624462385,19.388257514277818
8362,0,24.078820299961873,23.429133276095428
2004,0,21.1529790566262,21.030725867773988
1135,0,28.094626784769805,26.462066624144068
9395,0,19.31697008658556,21.926362275230222
8556,0,30.148439783123983,30.618947598462032
3005,0,27.326480197137567,28.331817214063346
7447,0,29.923933231728984,29.078614600193056
858,0,23.673769630874585,24.292392697449724
3527,0,25.828948359249488,26.063027395283868
3621,0,21.04463290022214,20.907134686275434
6815,1,28.009210021770762,28.630623814909452
4074,0,18.619256718666232,18.959188415048015
7873,0,29.735763328996413,31.832203135215693
7975,0,19.987421961014306,20.60663421805564
1388,0,24.918437050743524,24.684526194356273
7743,0,34.774159308550985,32.620523814187585
3849,0,32.786242853580696,34.427723517072224
7390,0,22.467888592748167,21.285216693224086
6098,0,25.815050990109288,27.765452166951214
7560,0,28.20457811660929,25.51155494602645
1623,0,24.19585927844456,27.63613371065871
5209,0,29.725055993578803,27.569254423031612
8859,0,20.87191402631991,22.659215780450147
7735,0,30.576772827333304,31.32017116970817
2709,0,19.14838171625424,21.467230024689226
4513,0,22.381443639534922,23.577055741196137
2956,0,44.33877020020182,45.60985517303129
8032,0,32.28143425136442,31.54183632403961
5526,0,20.464875546269415,20.436163868474612
4409,0,35.13973119860023,36.4867445267867
5056,0,19.639265090212874,19.149043317443144
8378,0,26.730294606193258,25.733830061097986
269,0,17.273751405179954,17.968426674500535
2931,0,22.798850249985115,25.123950091261882
7348,0,18.838379319763117,20.16161203075659
6460,0,31.996080106985712,31.686210651640902
8388,0,32.29114281804603,29.237213210759574
6677,0,25.578004733285404,25.284548945185954
8483,0,42.6987342793946,40.66281427889042
4025,0,33.585422499191644,34.090849810412294
7456,0,26.165016746738704,26.59771760432397
4401,0,19.64701636422617,19.784576041581523
6843,0,20.979057672882803,21.297938661025672
1547,0,33.39585020628996,33.18055984237616
9630,0,18.949859752954925,20.176831005977522
9981,0,25.432375922231856,25.75071889883963
7055,1,26.937222107748976,27.797610548936053
6259,0,47.14885852725361,49.047804986314134
7395,0,34.07555248710222,37.77485538900882
6834,0,17.55027575114364,17.814368894258827
8080,1,23.07460728783237,26.177326436418078
2558,1,27.231250536053935,27.050650096928173
3873,1,28.18364947139455,28.461502921328275
7244,0,28.01234653541606,26.900308253755142
3632,0,35.56424566612475,38.2362047751697
7042,0,36.31509930322447,37.92794362508159
9440,0,17.29543528459465,17.313853447287187
9740,0,46.5419505063948,46.032588592510024
9420,0,20.242893809106064,21.456941929274173
1593,0,24.0545810164195,23.072335779683925
7952,0,24.21823600918893,22.997269902956123
9083,0,29.22499453749146,29.056012770408884
7457,0,24.720586516450883,25.073075549350122
9287,0,34.146282076799295,31.55479573322315
5923,0,25.50826646050711,23.581689176890308
8970,0,33.376407348626955,31.11148376661867
9685,0,20.411836146971737,22.40166972604811
2631,0,22.04125651833267,21.536432872317135
7738,0,24.519462248659615,24.65904129334626
9867,1,35.14192799849666,35.14805222047878
146,0,18.213251319264426,18.73227230380206
7598,0,34.73267677905298,33.18076722346311
7476,0,21.9442308414315,21.572686378831317
8359,0,22.780309195231563,22.511308164128646
4433,0,36.23334827988239,39.24379870920495
2396,0,21.200822556319224,21.460348427809276
5478,0,19.815228964516432,20.943255216125536
4980,0,24.005698747917634,22.206752539430116
2764,0,31.075144244064827,30.023074351178646
9267,0,28.375270632021326,27.682245717188398
726,0,23.91663122646827,22.637838105483613
4553,0,33.623533353042795,33.43839214171558
1487,0,30.09907402572919,28.308661130122857
6065,0,19.033404728601024,19.47013071847708
8870,0,28.048039942933478,30.41947294264734
4883,0,20.391562779148167,19.329964064350573
2765,1,20.67846927176836,20.50067055836418
4851,0,24.703180169039,25.162235647781948
2130,0,21.027457978797067,21.564741204294023
7833,0,29.15334994494989,29.21166788553565
2216,0,35.12623622817774,32.82305083847344
1824,0,20.528958690826556,19.854361150292576
8675,0,34.67825634845425,33.15806221987043
3876,0,23.719950758845748,23.959389616481058
5307,0,45.5822364069226,43.24036245525471
6586,0,29.381298405291446,28.170166388029198
61,0,30.740176486610405,33.49394041281707
2865,0,22.78932760191759,21.921565904842968
2679,0,18.814516109412388,18.696302726331243
7391,0,29.663967341398372,30.108017222758946
3038,0,20.379437523014747,22.469484516445096
1761,0,23.72526199265681,22.198156807779934
6824,0,33.46400503561876,32.907394907782276
6394,0,16.944159703455657,17.91662490061257
4641,0,19.67138245397063,20.6719222777247
7654,0,20.293712007847454,20.29867586351742
5380,1,31.899961689481806,30.197767928680474
1119,0,24.545640545133878,24.58639422758099
8383,0,31.282152242712115,30.33602792482747
2994,0,28.74654235577305,29.35327912638517
3131,0,33.50506930789093,31.470214534930776
4594,0,19.67598293074934,19.826071636343777
8248,0,25.28806494043422,24.47610264266119
2066,0,25.259419251476018,25.367184824748314
1668,0,18.054278354787947,19.09208958112984
6782,0,18.833537988321094,20.897826751029985
573,0,22.785659126183837,25.52826850054875
5225,0,32.93699522969669,31.88429728838368
1740,0,28.082108448720824,27.80707384250717
8945,0,30.149054375833995,29.720514584848864
2169,0,29.427656792990295,27.130496094855214
1724,0,25.07719363953768,26.054764538959144
5237,0,54.85507268296556,51.83972195458837
2184,0,21.30346874586715,22.411607527264877
1859,0,25.650946015479537,23.779894410099
6687,0,22.85643694584113,26.402619719349147
3782,0,22.573371532860776,22.015195449794685
3166,0,21.498773472856637,21.64701941185742
9485,0,21.67686682636824,22.946067349857856
3996,0,26.739358136661398,25.573683113273624
8263,0,24.386357955651377,23.79712763825285
5141,0,22.791276366933793,24.464172502454716
68,0,23.92316398369619,26.253523373543995
1438,1,23.078422684021852,24.15450866110685
4653,0,24.006593186372392,23.367504053808954
5404,0,29.62857046196905,29.117514997891064
848,0,24.980050210615325,23.55395897426405
8202,0,28.554950437734753,28.43587088431645
9516,0,22.4500609612907,22.421752544868667
8655,0,36.04009423309358,40.60264656373741
4742,0,35.506698600320036,34.373671323645866
7110,0,33.51968774895339,36.913954852109384
8794,0,22.226090544378856,21.365333407419815
1814,0,31.5561861931993,35.573386550875234
3951,0,19.475497373185664,20.252268356927686
7063,0,27.166930716206256,28.092592051304113
1170,0,29.235513373489717,26.902014399517082
9048,0,34.17140007714321,33.8529266651294
554,0,24.915024699305153,25.50018643728044
3975,0,21.65252152364808,21.35110591381361
1603,0,20.805147263688106,21.97260438629374
8728,0,35.065478913859174,37.9074939057913
1563,0,24.779030247940796,24.120860620150324
6666,0,21.06493877581141,22.32567671932068
9618,0,21.73239392952907,23.230284778619737
3524,0,31.12714303645816,33.18878457953598
7811,0,20.49661118701075,21.241360376718024
8277,0,23.55287812330078,24.66832029029715
2392,0,19.675125610655233,20.754522736975183
8469,0,25.457187250168445,23.89842070806487
892,0,18.7441840397092,20.501379494910072
9032,0,27.51489404501765,29.45248863657413
8059,0,28.799690626109893,27.53958172247312
1934,1,26.468705652722875,25.852235413638713
9668,0,22.3364507774911,21.375718265207432
4224,0,23.085197988670284,23.739979657040777
3827,0,21.82935641292044,20.042958636776557
8774,0,26.298462186539787,27.33967776644536
5784,0,25.71002619596428,23.773994071530502
1275,0,26.421809111056227,29.308208531501588
1566,0,19.66867716077261,20.433368882926196
382,0,24.67336128840068,24.555982865669343
8314,0,19.14453080079218,19.16048595011805
1129,0,22.322368683519386,23.69042853403578
2131,0,31.61065135118137,34.90872167220265
6772,0,31.537134988534635,32.50015840363732
3489,0,28.27538757063076,25.686323443854054
5537,0,27.82084306779222,30.52658881441263
768,0,29.7014654302327,29.705701247086484
8162,1,28.2984358608349,26.618499595612416
3569,0,22.420541201653947,21.701886554485856
6557,0,20.320755685755657,21.298561499100412
1781,0,24.955927324971718,24.26419550980752
9745,0,23.991515680900086,24.677090651102812
4800,1,35.06982783725147,34.69975531610658
2091,1,23.542430326973808,23.532336054134095
4341,0,32.017825787683705,30.75837244266019
9834,0,19.03071822818827,19.059576208729567
1904,0,18.622940354060674,18.042636056469526
6595,0,34.3702250750213,33.14065331645738
3888,0,28.15177990656157,27.61228095760402
2744,0,20.999059195149417,22.749807057349905
7167,0,22.511005588275147,21.242422654546658
884,0,25.325994406076497,23.2471535547716
2323,0,23.92400278655678,25.039185944876234
7070,0,20.527337868915787,20.274326322749257
6416,1,30.000669873401037,30.665123587101697
838,0,24.933629714851083,24.905703105916036
4573,0,29.245157988146133,30.313665337804917
4588,0,30.4112787046623,30.845439840964058
5897,0,25.715391656681952,26.8190217668314
3199,0,18.813330245813937,20.446403640924128
246,0,27.227527284902866,24.852743747661833
6630,0,22.96672892072461,22.27201502153901
9779,0,35.26992984624991,32.10454297619493
8658,0,17.977510085878244,16.57354386608927
8582,0,22.6535852863142,21.70841249606916
7356,0,21.190284924346486,21.449623995257845
7338,0,26.477756733521286,25.777163134047324
9176,0,18.088478767771267,18.363843503562737
4975,0,24.467709298075224,23.488993679756746
7697,0,22.898187918601295,25.356845621176102
446,1,27.88221691503331,28.635490912357458
4175,0,21.391857654761537,22.820834938787463
5387,0,24.069987463910337,22.876108462028775
9334,0,19.691207893181115,18.873808172273165
4369,0,21.69798835318908,23.95655634323166
9524,0,24.241215215927845,26.118421808344053
6330,0,41.0015730676034,37.47248180170854
3768,0,21.385885610562386,22.34233488202372
8863,0,22.504663743620362,24.838610300451524
7058,0,28.402707263183018,29.609269488144555
6101,0,20.152690071620746,20.067357514375082
900,0,19.249789397413526,21.326796884124807
1654,0,30.67821746509755,32.46174494417794
7566,0,27.34488369162748,26.06053199566288
2818,0,40.875313672061075,43.74220293192562
6369,0,24.82190988186028,24.676378861920398
3995,0,30.01228202117906,28.97232607604858
7147,0,25.143096123649993,25.526065590197547
318,0,24.21453923493835,23.660683021732442
4566,0,44.54485879095777,46.14485892175301
2937,0,23.746747655200416,24.031560820504364
6080,0,23.085983491287138,22.564878193060412
580,0,17.221632314948412,18.211205162473647
3609,0,19.97783630228523,22.136090163497748
1945,0,34.86051636066225,33.04621738165329
9471,0,29.197211798389972,33.47721280097188
2591,0,23.859456398277715,25.207596613676394
9077,0,28.408755463878524,27.014746475957622
8934,0,20.406034960990304,20.744747301487845
3826,0,34.860916755219044,36.77212954035165
2402,0,28.509086837014607,31.018815506808696
5048,0,21.374979984048377,20.72381623316688
5903,0,23.587221118139247,25.062974994009075
6637,0,37.30772535134093,36.62381353296148
8720,0,25.992546043899026,25.495328777148462
5847,0,16.63475338353183,17.025877636193037
4050,0,25.345913086564963,27.282606955839707
4898,0,38.10248592201537,37.148867442445635
9816,0,17.46698068054666,17.373204220610766
6164,0,30.31045234301174,30.0596741120937
4042,0,47.04673644126191,47.40748320847757
7914,0,41.5569989898164,40.70447424182563
428,0,26.758455403733667,27.329462445927998
9604,0,38.014981839534876,40.07969248592785
1769,0,25.040972550458374,25.250999041537565
7409,0,26.382147833846226,25.74237359864795
9154,0,19.509843229981175,19.919442760532505
7498,0,27.9144949072748,29.705359807806914
7642,1,30.17016443233069,29.162774103577757
3854,0,24.756471265337836,23.45999978487034
7858,0,39.60367234302073,37.14230780577003
2562,1,24.931914826863142,23.816042841626967
5580,0,24.65940675170198,26.41474351910401
4983,0,39.71508566520907,40.25606091882701
4887,0,46.534594304133364,44.12389023486555
6397,0,20.829188903455844,22.11739539297613
1464,0,19.972462690829627,20.23256142469851
3446,0,24.492307596467537,25.397795345554805
9474,0,38.538490269670675,37.4245531103784
3295,0,29.04754423197159,30.629316406875095
7957,0,25.79609950296615,28.01714120451522
7958,0,29.367332136812937,29.784483440217567
4456,0,24.84132033134026,25.20214299687721
2972,0,19.127250626718517,19.624643600335396
2623,0,22.616051372073787,23.86174148785228
1940,0,19.72260724349494,21.387838553298263
6575,0,34.904477068484034,37.25215769432396
8660,0,33.40139489948437,34.74966478789886
9959,0,27.13582921433359,26.608478919637484
8057,0,22.61495695796376,22.383946442175258
2527,0,23.889337234591558,24.466495317484988
1689,0,19.452955420711202,20.804996829369472
1065,0,34.53207483048012,33.7911789823482
867,0,22.54397485244028,23.596286523719122
516,0,28.439310053811663,26.45568796839458
7568,0,22.443695630358764,21.341089464238404
6091,0,39.03113039676489,38.42129467124077
498,1,24.941101565182937,24.378534857182544
3270,0,26.896065346338023,26.26310473998627
18,0,24.88952175430739,25.153908183498448
8150,0,47.91662708991608,43.04281767599011
8416,0,42.963382347257124,39.33206267215135
1911,0,29.093813904178035,28.373276117033043
1730,0,16.932819071194082,18.536280647460224
1972,0,22.13492144312739,21.767411970875187
9854,0,23.33123615666011,24.033716367597616
575,0,34.493146174495244,31.95087765594406
5780,0,35.57054500148707,32.610539170504794
6602,0,23.420921379646185,24.078665275116393
9066,0,24.23155559449526,22.700787934544856
2060,0,27.137111329658698,28.085032462937725
2322,0,26.01601474847372,27.820744009662306
6287,0,36.77174322929895,34.2580045390407
485,0,42.347204905827176,38.54554062013807
7122,0,25.08974157624409,23.984801800136832
9183,0,28.081039649793127,28.579153797745015
5416,0,26.86273839423184,26.481801786463187
4309,0,32.39592353974712,31.3234295004092
5010,0,24.45666683392303,23.295250704777835
9801,0,26.088659441795393,25.3474186321446
8616,0,25.583504729457363,24.271734648885058
872,0,24.018286656528275,24.260700202699667
7686,0,18.875943725010053,19.164907160478112
7943,0,28.287575306510668,29.67171365725651
1389,1,28.231192460104218,28.7448091193351
4693,0,28.108199398218503,28.583946798797676
8761,0,22.554177276803813,22.96304147462873
553,1,27.505375514004257,26.142484143025627
8175,0,27.2264690315964,27.990339134932572
9396,0,25.613216342233446,26.273257424928033
1282,0,27.847797512259366,28.63370692263379
700,0,30.151094606457924,31.194497492854715
383,0,28.48162487097432,27.28939866175763
1362,0,31.641962653188603,32.30057079901863
6900,0,30.360824582398937,28.751639698671966
9087,0,22.007667985718502,21.7344506471122
978,0,32.73617674134284,37.04070800352494
1308,0,26.078085726345325,24.670755639756727
1337,0,23.272871836977007,23.865935642647557
9463,0,29.974587070502416,28.766363025214716
6315,0,33.34495749791771,30.879905005376976
819,0,33.90213275811909,37.90380027626878
5926,0,37.76112338736594,35.685115320606144
9249,0,21.13306350648,23.206298957946686
5534,1,26.752982691275214,25.13275923814502
8180,0,22.555991835906344,24.62996194145788
9601,0,18.81640837200103,19.372462486197836
3021,0,36.24932937751097,34.46626131070565
7323,0,26.540966994536056,27.211571336125726
8786,0,27.705869430663984,27.10585707869179
3644,0,26.666654441050973,27.17756953821044
5868,0,28.209254977293252,26.819505219232788
7570,0,24.650820825790998,23.94527545564389
460,0,21.58101302303362,20.881008458671104
5346,0,27.797577346944554,26.390211313553213
160,0,24.819789735922587,26.23272106093603
5684,0,24.152439349180657,26.05622636004419
5856,0,19.36915606103807,19.318354840611843
9093,0,42.018544579303665,41.15336377102342
7945,0,18.38839980508348,18.84503611691591
402,0,20.742091291854113,22.020636805944168
7546,0,33.878182496741395,33.36153075585794
9952,0,27.773906842238908,26.673592854036762
6087,0,46.11033929963768,44.966555311197354
2106,0,36.508581744611064,38.412956453203506
4266,0,42.497859476599515,39.08865134714524
5842,0,21.285707547859918,20.920137554919396
5770,0,34.02640587245574,34.17236403729158
3935,0,29.282069237041156,29.19261369739473
7752,0,36.54105684741918,39.26312113765488
4528,0,32.78500911642821,32.48789323414291
1375,0,30.19597224283511,28.953289708330235
1017,0,27.503817205183868,26.029689815200133
8988,0,32.86288145434665,33.98386109037138
9328,0,22.97920697171644,23.96833185060719
8904,0,27.22489039887745,26.286275110648575
686,0,20.445498635930534,20.330221454383377
8496,0,43.95699888773479,41.23460394980875
8392,0,41.186602364383894,39.83219264139852
5734,0,21.847399427991522,20.60806328220044
6875,0,27.274598419949108,26.585057218101326
4628,0,24.24330165821841,25.01848230344827
7550,0,24.75469202132846,23.63845230435608
8625,0,26.66690462231676,29.478994722476934
5561,0,22.719204980261406,23.573670776266088
1898,0,20.853471286656493,22.473181758589554
2856,0,29.880461710152154,34.42436628364212
6569,0,27.298585073961863,29.820195638890077
3283,0,23.55587713695697,24.31652366957875
1317,0,28.97405946017843,30.43750220228181
4159,0,23.290472103086973,26.32986310457642
2073,0,26.19802689139847,26.985007799821243
6585,0,25.617475639854597,24.243182716991438
5574,1,27.63183317158655,27.389093764415463
5488,0,30.2738398176193,27.113881658139647
3123,0,19.247159076859912,18.657292500571454
213,0,25.50670953396854,25.872680408443454
1122,0,20.14721647076547,22.14773472042463
4582,0,32.62888080726109,33.25975224990237
6421,0,24.342499153874062,23.75029451027507
3016,0,26.81677215907205,26.70546531622437
4466,0,31.01696352329913,29.874835043791627
8618,0,30.80545803686216,33.291189868188766
6314,0,21.60289870530241,22.945410294517217
5513,0,22.828671087743626,22.040391225417018
1334,0,21.09622036584169,20.77116622887752
2577,0,24.87114336692291,24.333058882795772
2267,0,19.952999505209405,20.353270070693082
2476,0,31.436151731031664,36.120733027525766
6312,0,23.189248723814195,24.816626725990922
4019,0,36.00184022712817,32.913484196282724
3902,0,24.828689803474827,23.459344283238906
7368,0,31.353094127394858,30.65887595961327
8156,0,25.19134569281632,25.703060343762445
8892,0,36.444790675682555,34.19540934820149
3901,0,21.132585847703023,22.347784123384887
9778,0,26.801349525127446,27.66113215478731
7236,0,28.984270571642544,29.354277974984164
1307,0,22.41201660150226,22.40330320210367
8025,0,19.420276993085018,19.410971473747377
5982,0,18.679746810990103,18.968249872438115
3881,0,33.96052083848111,34.27431755073502
5239,0,26.30669754446059,28.190707752140302
1993,0,37.07249841796549,40.14615403350789
6260,0,26.343580404036064,26.36006657598977
696,0,24.213645883972543,23.15692404348306
2699,0,30.818146920559183,28.87138717355677
6333,0,20.764011835385336,20.83168442217128
2135,0,36.43381701142464,37.90100341440536
9535,0,29.750703297701158,29.841054114922354
3261,1,25.896292634656113,25.591195766753163
6301,0,34.16091764475368,35.388414963629415
3382,0,37.18095585475378,36.87457892854334
2723,0,19.754834142145224,19.34800165378929
8765,0,22.71899732848607,23.018809157119474
2721,0,25.88157908628629,24.56255708298289
4223,0,32.347930567886706,32.00726742854181
5948,0,24.682758359628533,23.105365449693625
1675,0,19.96327067477336,21.729448435923533
5761,0,29.29784261909906,26.998259698422576
2186,0,22.597553108241403,22.428589764702856
6118,0,19.783905792635387,20.404108264375598
2144,0,24.093906390100305,26.171775094086033
5059,0,22.889131078007534,22.376517421307263
9417,0,37.734176271973624,33.908650315153345
8984,0,19.12454475137511,19.36452558787278
1812,0,33.34517926655643,31.598829042482134
3574,1,24.83121205008035,29.367045522796882
6828,0,26.297638856657137,26.297558430849445
9359,0,22.319125480246775,21.975328977134307
6032,0,17.7098855681478,16.958306267865847
7464,0,22.451057988896263,24.22397390641269
7681,0,23.732429562477293,25.238192304557263
9532,0,25.654105283296452,26.150778950858108
3711,0,28.410723676999663,26.33787284570718
1321,0,28.129456753179742,28.54420016782743
9985,0,25.504838336259994,24.20314697944965
2510,0,26.44383771450913,26.280829622638482
6766,0,22.552642864497365,24.117621628539663
6625,0,26.264362723212454,27.749537809503394
2371,0,21.30054281161497,22.949968850908906
7828,0,31.291504925866686,30.36245051062548
3421,0,27.282902193260608,26.606638023721178
934,0,25.45555663456271,23.806563658552395
9539,0,29.047958448740214,29.29628074572912
5116,0,31.476861673911262,33.54927160019952
5632,0,23.543025903736318,24.33178080311904
2708,0,23.369396230601986,23.705518287599585
4540,0,25.429884679345843,26.528768716404688
5972,0,28.416351861167694,29.541504685858136
3879,0,27.287556075205607,25.344312634874075
3952,0,30.62241188154621,32.39878140970235
3755,0,54.06112169394329,55.24149939571043
1720,0,25.351915651598347,24.775814172683713
609,0,31.427979368116674,32.18804798379877
1926,0,29.332398079484477,28.076528340648498
7195,0,29.045099834524514,26.597903012118795
9980,0,25.7670080198478,24.68336031556306
6160,0,24.896501939131113,23.523770329956015
9554,0,28.29821677891343,27.715354997768703
1865,0,23.45302430546686,24.308447110692384
8245,0,19.31948001722213,18.40523240688256
434,0,26.198632964513106,26.278890542087957
7255,0,42.684472303593246,38.68434751158677
375,0,29.97979350328957,31.89290305843186
3001,0,25.865329224787338,25.839265186763456
3091,0,22.29996460010493,22.36948696719631
8468,0,19.027531856798383,19.59145502650712
6752,0,28.501614346525415,28.71671700928723
8403,1,25.649217255536954,28.729815671996466
8735,0,27.435260711914673,27.0557047271577
5214,0,30.986890727911767,30.49470050604082
5532,0,29.366024918229343,27.329647725090176
5852,0,27.73054727192667,26.662184757778398
3906,0,26.284753153435474,29.346934426163546
7617,0,21.89506867783896,20.807554064705982
1629,0,27.72714705877592,26.411610332204017
8034,0,28.795114765586806,29.347337246137794
9456,0,26.121493788748147,26.563833612248345
4450,0,29.204464635657178,28.392534088502405
9648,1,21.628486655036845,20.57384661398997
3731,0,24.476428331494358,25.63353929092271
9569,0,21.26265882326028,21.696370120462472
6859,1,34.66150498520901,30.290905086398823
9164,0,20.02298263685974,20.81159970993534
2434,0,24.28475875785205,22.515686003706417
1265,0,25.219262696105382,24.60196900568521
6715,0,38.99632486665023,40.30477997741534
2539,0,25.855850357015257,26.240733364919883
1868,0,20.678175101968137,23.129491664188755
4627,0,25.64104478780584,27.09510930024096
7347,0,24.27366857878205,23.36778628572642
3225,0,18.401121087259533,17.78280695487715
2069,1,24.25557312201659,22.01224113369144
7780,0,22.433376163097552,20.55613302399512
3200,0,40.757927211800705,41.18509387512214
8327,0,27.575600470560783,29.08900369043942
2062,0,26.41738379760738,25.454813609550527
9377,0,24.816513028990993,24.880066069805167
5691,0,20.81098116898933,21.46563270710084
9260,0,26.939489497138098,26.168927518699956
7437,0,17.716080993228772,17.439378778842844
5899,0,30.98261609759701,29.4587678975028
6303,0,18.39304391756304,18.438066974346135
1544,0,24.769769918783172,24.979213390286688
9547,0,23.838598450926792,24.610773819763143
3266,0,20.001882785517587,21.404517456971227
7904,0,29.936953423879658,28.748088160886365
1690,0,25.84226369909971,24.508038588722183
67,0,53.287174257719215,49.15154993467384
9638,0,31.52298670782504,31.140743299232092
2388,0,17.478109818613962,17.46678307219343
7847,0,20.701685163038107,20.260946459490167
3945,0,33.436338104341054,31.452282682771287
635,0,32.53052937842665,34.5683351560124
7354,0,17.637745543945215,18.32919639009248
1971,0,27.76219196730026,27.408307909185215
9974,0,30.511794910240305,28.966315803846882
5175,0,28.213313541227425,28.343763731765986
5696,0,30.58603568948149,31.284334755862652
8473,0,24.602278387629553,23.252173827862496
4386,1,30.251982600856063,30.193141287531596
8422,0,23.70628980557397,24.433353387890378
4254,0,17.727150113984774,17.942356046420674
2564,0,33.44501924974915,30.160960915335256
7800,0,28.235424461740834,27.756760250211585
2299,0,21.119521186384553,20.464235512263432
451,0,22.374911397233397,21.589411389939357
3775,0,23.695791200716528,25.146571808823317
7382,0,43.94633935285619,44.70859642750759
7640,0,21.43171123346053,23.243414379251814
6847,0,21.155091437563737,21.130115374004234
8016,0,27.909827732984375,28.953072022952004
7289,0,31.274095801007526,32.87124130475316
102,0,38.900086030285145,36.504631276163835
5834,0,32.11348823435701,30.010742405835334
7215,0,20.25359980754002,19.9915077940335
6958,0,23.799907497352777,25.557317568820412
4083,0,39.776607127616536,37.87448729049185
2638,0,25.390214650020532,24.647705916060254
6355,0,34.1272058323556,33.232391612445575
8586,0,27.999876951108728,26.784055231774378
9111,0,20.53883717974673,22.757506288712563
1732,0,21.759790405506504,22.0714291590266
360,0,24.516452162544123,24.63738489600316
7020,0,28.69458620813972,26.72602230167503
5269,0,26.124005889328387,25.666702826929946
9714,0,22.536692040238268,21.92755901736979
7294,0,25.27093938139683,27.530198732248756
5775,0,23.30753572997045,23.409448223121448
2884,0,22.04677896116372,22.104403691894692
8699,1,20.52558320808589,20.392200493320633
9950,0,31.351923030709965,28.881879233367638
8109,0,27.405169384490552,27.748710533210264
7906,0,18.084010352781743,18.81098199741957
5657,0,17.882481586266287,16.905615902316196
592,0,39.1103511246051,36.02338961417571
5471,0,31.47529007305782,31.2232443865762
5132,0,24.685055619773912,25.827123331614864
5169,0,28.140861619401157,28.138937600609726
169,0,35.76436369912739,32.86160391064896
5438,0,21.830818687776407,21.571977628097258
821,0,32.6876671116337,36.40321003338415
1727,0,19.74267598190891,21.655376855610786
4397,0,29.708527084904233,27.036601050311337
7988,0,21.81001278773718,21.885227370274432
7716,0,24.051137302462934,25.564514215118486
9546,0,36.00427527890752,37.80465073986701
6901,0,16.814485851289156,16.774878698099457
1906,0,22.658393149285732,22.619557271220053
1465,0,28.106401136680788,31.661602918918078
9028,0,38.121009317737006,40.884671842356575
1140,0,28.161420320388093,27.666695136966435
4116,0,25.848196126378024,25.51380897912092
8120,0,35.51499897273979,35.560068843234866
6573,0,28.920324148794254,30.544482333643757
2987,0,42.20781857897688,45.416165670165086
1466,0,18.324180480615414,18.528936096276045
5503,0,27.926576401432932,29.352836939517086
6616,0,30.002875171841048,28.807689672854234
1743,0,23.85848318157889,26.14907011993717
8280,0,43.37230157181368,43.77907613877762
2645,0,17.752266496488133,17.574391848471137
1356,0,24.532698674799033,24.80100679610604
8336,0,38.98446724265903,36.505561824327316
2466,0,22.324344064450816,24.090471372717214
9158,0,19.76982326733633,21.961373259216785
4073,0,23.638244837019624,22.949780201351217
4018,0,18.076333984215978,20.47392510806591
1672,0,24.270794767873387,26.566497819737858
2016,0,21.257615281594596,21.37436273654151
6440,0,24.865524711083257,25.054369188315754
1836,0,24.451114603582116,24.306465151894404
4559,0,41.72794632726404,44.06070322773156
7250,0,34.44985081248546,32.349223643517675
5662,0,24.83596184729989,25.193433465186683
8719,0,25.424991334055253,25.84916884237272
3752,0,21.404100271928137,21.491467720940335
4942,0,22.19549940381165,21.443459681234913
6852,0,18.87649885148611,19.084949156479766
5927,0,20.54141207149872,20.996401399066023
4989,0,23.22739964215919,23.62527545878486
9627,0,24.37057465996137,24.093563730073104
4676,0,29.014717621563868,27.249112158967808
8982,0,35.609936675010275,33.875589701093844
2858,0,21.990313784373964,21.78558226544567
358,0,24.457257529192137,27.261394129234596
2732,1,26.109303022684205,24.273070271305393
3831,0,21.25372618123808,22.06294701373663
1452,0,20.419113204947465,22.91062897863504
7028,0,45.88308428196965,42.26683515713985
7315,0,19.223638278893677,19.61031454512782
1312,0,25.070672341266974,25.76530586099431
5309,0,36.603387532835974,34.08446911996993
9548,0,32.46488776900797,31.628570482928442
1966,0,20.441801182813716,20.13123684375276
6353,0,23.544570210737866,24.51925217022161
5720,0,23.141041435339535,22.854779504189167
6094,0,17.71829002180256,17.905155428962427
3181,0,24.371437130061214,25.228242322126913
2198,0,21.52471125374099,22.17628950584858
7399,0,46.240014619298066,45.18101710597578
985,0,24.621887578410387,26.18016064355575
4121,0,32.11530240812284,32.69359603815008
6989,0,32.699965495247035,32.67680707224738
656,0,25.111626816110476,26.172879011534885
1541,0,27.39098336460929,26.04218223426873
7518,0,18.148179840026355,18.481716302456384
8657,0,34.800691474284754,30.739501201017585
6282,0,17.554702626077024,18.02469591062882
217,0,29.528887680305985,28.976944002018755
8146,0,20.22393989286872,20.333267766271813
8275,0,25.53145302869762,29.59537517838934
1728,0,29.484651078190364,30.263395844551482
9951,0,24.196312905333222,22.660597502058256
4817,0,27.37336802864818,26.671141368277198
8181,0,27.417913575236845,27.878513600060323
8571,0,20.476787478330326,22.71638295221866
4520,0,29.762988240315,29.061996370966906
7111,0,29.54385114432782,29.52255976156393
1014,0,33.47771609394614,36.88232226386646
9897,0,22.96240672923353,21.40277078306737
8712,0,44.630430177867225,45.42953699808667
1250,0,24.93903372771744,24.848598283767064
8541,0,20.385195299012967,20.21751988195351
1715,0,26.1720613007313,26.082176506924615
2920,0,25.682955269886556,23.21009867730358
5491,0,21.429107085661048,21.12392056491371
1405,0,19.441275258034025,19.18398963979192
2242,0,25.929003995731136,25.10682983557264
641,0,27.814305444811048,29.386685246569414
6191,0,22.930208085799265,23.663980298824004
9528,0,31.751829269976273,30.989701088486505
7245,0,33.98629886732077,32.018753904205596
526,1,22.96789878378588,23.46564208830616
1584,0,22.605179431018364,24.30799254718714
650,0,21.862543175679185,22.714450369514505
7721,0,32.833320117655816,32.42536760576927
5285,1,28.720131156967177,29.55604045772415
4709,0,41.125857586370564,39.36941148322569
3655,0,18.491606842066282,18.48791992311532
4154,0,17.80527651564564,18.596690199642325
8697,0,25.350614742215754,24.502433556384226
3518,0,22.31781073593616,21.518335163470432
6510,0,23.67676209038036,23.12255343833268
4367,0,32.19660300400069,30.505711841176158
3255,0,26.4775265580203,25.31154450961417
6560,0,32.21806155425018,34.90688036391799
7068,0,22.03658060760689,19.868639492637087
739,0,29.106722209024436,30.76378896644982
5232,0,19.930409937244065,21.258886928079633
3966,0,24.716744539392266,23.31433836268984
3878,0,29.077786015013274,28.577188793057257
1372,0,33.68518230071073,31.69600827210853
7795,0,25.92302754181687,26.4043352703157
7886,0,35.9557840550519,34.500601579206176
322,0,28.303262651301598,25.89590009513063
9698,1,27.50306693110489,30.402932222440164
7186,1,28.131433968372672,29.281016636733142
5728,0,22.158204235804288,23.66541699412729
7805,0,26.424743801942633,23.361295245371448
1195,0,29.63093820945425,33.90016921568457
6610,0,23.91350845051144,22.286232331475127
7257,0,22.730937958329633,23.181772013953193
7725,0,38.74141005177164,36.12619416335815
4699,0,21.805755920080454,24.640716405306513
135,0,36.09105672818687,38.44775752385571
5152,0,24.637740734099452,24.801700999265034
4918,1,36.000378077798054,36.82975547534664
6110,0,43.618642494113786,43.91335090271158
4129,0,17.01572373480497,17.699858608402593
5318,0,18.08297745959653,18.01376617497697
5351,0,21.821940471700294,23.30330548257701
5220,0,21.01485954304619,22.510373279304364
863,0,30.727329703375734,31.206417065315634
6,0,40.44403528712771,37.58755129701921
5375,0,28.659084517849294,27.85005763732639
5582,0,26.70072254617093,26.727959712486353
6672,0,31.73330714970031,29.82416125540701
8546,0,21.3178294750125,21.378064192633246
4872,0,23.442213563520323,21.814310181948436
8131,0,22.11077484416951,20.551951509777385
5882,0,30.26517422818916,30.795758311387434
3939,0,23.036043023319124,24.115898037928126
9229,0,17.12559761480842,16.709688232783428
426,0,33.516341928002134,35.09278843096521
1281,0,32.29957307586176,33.02350526614342
6791,0,19.8735267115417,20.305142902304606
7427,0,22.857510572099905,20.564235702219158
812,0,24.324107178441707,26.93960882121194
9732,0,25.077870379975952,26.947582042131387
1001,0,26.206775955348498,26.973164079716273
3684,0,23.124550481199304,23.353246080211235
380,1,26.95200223515642,28.49433290964545
2915,0,32.30902799824898,30.138465540752996
7025,0,27.24658323503643,24.588182401687785
5393,0,20.11916524097993,20.212167002379395
4429,0,17.187684685408815,18.52016774131341
3660,0,28.170501604869802,32.69597841694266
2090,0,43.33746962167228,47.062648806826516
9670,0,23.727087403619933,24.39717033575552
9101,0,29.237263903964557,29.975334604266152
9673,0,28.243918865606883,29.878163578503862
2714,0,30.60179079889873,28.645478433241234
1983,0,29.89623528601828,30.52299753737818
6931,0,34.170076085343865,32.468608417848976
7173,0,18.911096373474376,19.50959291056379
6235,0,26.05869392467443,26.879765285639017
3313,0,23.894993554540154,25.309445801003175
7510,0,18.889869001690627,18.637323048680003
4318,0,19.137817959141795,18.857585289297813
1595,0,22.253315988461214,23.3048622381587
4999,0,23.262459256145117,23.938568879580863
3725,0,23.580887272058966,24.349612077749104
4226,0,20.321858346245104,22.738643430871097
1808,0,18.41137690242095,19.170496152711078
968,0,36.45391310050835,32.652064747325895
901,1,24.004152475711965,24.858894548939773
7820,0,21.208679180351538,20.722928516961566
8651,0,26.347617666496305,27.11212635672476
4282,0,33.581241856201025,32.54282679882867
1932,0,18.46459094855565,18.392244875181817
5615,0,25.832925865825107,29.147543329203224
9565,0,29.803684201339312,31.677427250405923
5777,0,32.615017204484836,29.743707770747577
6770,0,23.56005886109615,26.675611087684143
2415,0,18.43158199372629,18.226777556210866
4104,0,24.238351225887385,25.58381347963003
3837,0,21.714258836462218,20.957001287412023
2320,0,24.464042159168244,22.81443852324468
9376,0,27.275677448039325,29.722309345929784
2263,1,24.605133839532385,24.375248732756962
4766,0,33.85009316249634,32.3906007847423
8021,0,19.894942324162034,21.116170882518364
1339,0,28.844756862703065,27.502355237611
6336,0,18.765320208125363,19.97585685083152
6237,0,22.178912918780643,22.632669437296087
7275,0,29.322183238570602,28.331120453826315
2165,0,24.90962815771753,24.717519539017513
3549,0,22.18601986849001,21.764490258769598
1660,0,26.454173930767983,25.298009116320223
5737,0,34.64309696581535,32.63550565199946
1417,0,43.02678062341072,41.6863201676776
7986,0,22.649052442981944,21.64262131179306
1468,0,20.531183986566358,20.011236275083046
1448,1,25.396295356222744,24.015006600261884
7614,0,23.413955685164638,24.329685833346492
8054,0,29.954368262241147,27.976440959389343
7753,0,24.5728267527768,25.7527659035414
3013,0,25.20403779416736,27.834609520813217
2877,0,31.966579655084722,31.1467212181743
481,0,27.499399309966677,29.332686494174176
4722,0,33.08197857069669,32.349929140131835
8441,0,25.20218906606508,24.99536849849522
5001,0,20.220199543409407,19.43802128449418
8754,0,27.820175859605897,26.065006240862633
8930,0,27.07256635168686,26.083417223734795
8028,0,23.62081923030295,24.112153279612084
8115,0,20.724358878138048,19.725925535413587
121,0,21.814187374604625,20.60154104579223
7140,0,21.20414988080534,22.487128355429675
2748,0,26.385963109915057,27.437492512019364
9084,0,18.245323287407935,18.990922957700462
1147,0,23.91742348821746,23.736712088292084
6231,0,26.795957509071158,26.910528612879663
1207,0,23.7154478818987,25.168129853425295
8939,1,21.26653983027231,21.88819121042408
7955,0,26.85121562416366,26.96236636085819
9393,0,28.83024688626302,26.416092446586855
3027,0,25.10235309857644,25.575337259284765
5272,0,24.64476123172788,23.834415581295893
2713,1,23.102187757092825,22.811302407389555
2136,0,16.92421624593128,17.926189090963877
6920,0,26.39226752257711,25.06734808317335
6710,0,22.09224254994421,20.720866529668015
4261,0,22.533567976545644,22.440807003430383
2249,0,41.95424711784988,40.172537406013696
484,0,25.18911131017289,25.485745942503385
732,0,36.59062122350301,37.474859759137075
8031,0,24.322673574950127,25.753539455512843
5826,0,35.67742678338948,33.63158833969095
8046,0,30.19552955099769,29.72124486668
8513,1,21.834002470614816,23.187422977585065
989,0,23.865291250734504,23.805562784833196
510,0,37.27730876455469,34.40504373942577
5979,0,44.582146565292085,42.1585384180708
3897,0,31.536556300717052,32.44608378247238
1674,0,27.17627734406655,27.71999675055249
8432,0,20.858456485906565,21.47415229735081
9123,0,28.54467906996515,27.259420254674897
4827,0,40.05792275223896,40.10522644572524
9690,1,27.731391172406315,27.854117994842102
645,0,19.102621624524463,19.56886799919147
376,0,31.71308030878276,28.770959535277587
7806,0,29.104892315074675,30.064339910166442
9946,0,24.49507096463746,24.442090505919346
9082,0,25.903973626681026,24.546439230241948
9415,0,22.2284760266649,21.56807464094438
6636,0,21.724588391102856,23.002540064722748
5501,0,20.843262305243382,22.70187093902581
2772,0,23.651210186852698,23.080627442401617
8342,0,28.03996119468728,29.41213349296336
2875,0,27.65490417154157,29.142534070641407
5831,0,36.22177415012982,38.1593296648996
7953,0,19.757474651143838,19.256386807010003
8063,1,27.480982765505722,25.152326923392916
2483,0,18.77445829814526,19.80849459737993
2039,0,20.012092196419076,21.949982050401868
2452,0,34.77060276369201,32.52546614389348
5440,0,35.05858269248247,34.733268021922825
4846,0,25.07536798701467,24.499048246983765
7830,0,18.64083197375619,17.33458276430937
5206,0,30.109869206545326,27.859812648039295
5434,0,29.723538052568053,28.715905739990276
2738,0,23.78824529734998,23.30986185688255
2821,0,27.479956444876624,27.739357953059326
406,0,21.72495616489418,22.297237467328195
1916,0,20.788430130153234,21.423471572885596
9018,0,25.64149001535514,25.789262876083143
1889,0,23.45124848727115,22.609581264401946
4788,0,27.17243397736435,27.864545530982326
4833,0,36.371775979018516,35.32716840713511
8535,0,31.63283712973715,28.14980338947208
5266,0,43.8112902824039,40.89254043078404
9296,0,36.804394086627205,34.50669053892177
8412,0,37.262692263673664,35.58238628888359
4481,0,35.29892028057303,34.1874691359352
6233,0,28.493090753588802,26.95816736648417
1378,0,26.909268563000346,27.11520014586932
7582,0,20.008870800128065,18.937685187854832
2277,0,26.388035222563147,25.03825404283766
3003,0,17.64263259087892,17.80804728409104
9651,0,24.756905812737262,24.681215254658184
9652,0,20.32971582621651,20.5299205408867
5,0,29.24092063862777,28.21102217858822
6011,1,32.65222250191343,31.34977258455276
1901,0,28.557067159851268,27.552711427204567
36,0,22.177901522927886,23.85268948011281
4935,0,24.37653942077576,23.996026348061747
4376,0,25.69243010540893,26.12219146062503
7922,0,23.592000141915545,24.463988198888323
2784,0,22.609755903946702,24.95259500582306
5465,0,39.44531450983404,38.0453866496309
9337,0,18.2145807246879,17.961233499916773
8756,0,24.79754145482091,26.701769193325052
6234,0,20.143170488014906,22.030570170989563
3726,0,21.761263564975764,22.252064830502402
826,0,30.9801441845196,32.101916588376355
7993,0,47.45050446423033,48.97569524036371
3012,0,32.112753163248755,30.409444744953177
4634,0,26.51540814429504,25.217922245989044
2467,0,28.301498267672294,26.441414621012264
2194,0,24.726004453429805,26.688615427867056
3136,0,22.7967504150402,25.467145914056943
4879,0,29.401792155880575,30.465962529100445
2718,0,21.195248807675,20.853311345318815
9338,0,30.373830947342366,31.891344024827852
5871,0,23.29959756852176,22.91246351839737
9520,0,27.20050852906291,27.943023143347304
28,0,33.33810804692404,31.08518495745526
384,0,31.711846652798812,29.036436989537776
5680,0,20.73201507243228,22.470590887608402
2685,1,24.894714263649412,23.00284323976882
4990,0,27.978174463062565,27.36100757641795
5845,0,41.93376141306647,38.76620534491762
2728,0,19.060279662597523,18.605807285756082
2417,0,26.143128064558454,29.3113645298892
2049,0,21.718248814937258,24.35580433854335
6208,0,25.894264658446225,23.8382932423925
1167,0,34.384139961052654,32.38563702819274
3212,0,35.96657093886991,33.881458412848986
9181,0,32.94332342152709,33.56817561258931
5464,0,16.927752883193946,17.328472482698807
1922,0,25.1925729968478,24.55525759689844
9031,0,24.675438104145073,25.697323819268355
1072,0,22.125489291161262,21.98065258243927
6239,1,24.16603845928334,25.27407234672282
1697,0,19.776634027092154,19.06194930338633
5180,0,39.48469958014248,38.19471937786081
711,0,24.627284681606447,25.160549694173287
92,0,29.775631183210624,29.167304620030354
9760,0,25.995044402441348,28.320098296599657
862,0,31.9711224171015,32.87967367429645
9718,0,41.4287567341605,43.22105428787083
2882,0,22.57349161601443,24.437281676763007
3913,0,30.758066408957756,31.49061559672949
9430,0,24.156192873708793,24.071796613426468
5975,0,20.3118398524557,21.127205468172168
7718,0,22.60900636611127,21.857825749563407
4169,0,23.64413994077161,24.66645381734487
2006,0,22.24047185118604,22.90862891491104
5973,0,17.709411121895954,19.869933938010693
9121,0,25.208119406063634,27.071112024802773
2266,0,28.40902302756149,25.82296956240385
3721,0,20.5175734075246,19.8478389319821
2082,0,18.494895924017058,19.237719704283425
5342,0,27.280653432806236,24.80172737332922
4780,0,19.445140467289438,20.70034287616336
2700,0,24.560694352974007,25.819214512879046
7494,0,21.516337827980635,21.188805901605264
5912,0,20.335705735639987,19.736127870302102
764,0,24.16343579138283,24.624642578678003
3435,0,34.363458641904,31.001654174131648
1957,0,21.790670705559087,23.181910493831264
6564,0,27.719720942968717,23.62225122383487
6093,1,28.57893824925094,28.518187005673642
5121,0,25.63322331833931,26.798587517826267
7765,0,23.686048581350004,22.888221644189798
6951,0,27.4414903533619,25.440009326776956
6429,0,19.05880208238356,19.73462980974558
973,0,35.220071061203676,36.53546089854697
1851,0,26.353369344345616,24.968558523968685
5483,0,27.790860021097885,27.849951134269496
1443,0,21.919307724737177,20.567887756115
6592,0,39.342363261967165,39.70362072862631
5723,0,21.527164543054106,21.250431123832502
9222,0,45.45440940262587,47.042581911866755
8729,0,27.964045426206088,32.263314940321706
3742,0,29.597478738354955,28.752523453015705
55,0,29.098732687867038,28.743516524960157
6533,0,27.72217718201614,28.731394993937343
4237,0,19.685872187207025,19.014147470462742
9694,0,23.510776942837367,23.078673295313255
6368,0,22.292947060805343,23.282427328726428
4072,0,19.336682912135362,20.15339547408757
3883,0,21.192725595061333,22.769797988878693
8287,0,22.523710161256197,23.06741063408109
5174,0,18.299883908619993,19.710378440699188
8313,0,31.367970303118046,29.2749196363487
9191,0,17.415448242285425,18.693436758000566
1709,0,38.85505523455112,37.23789123204849
4180,0,33.72866385065737,36.69890612585207
980,0,44.02854242521455,45.462371560781584
2544,0,29.733634263343003,29.287225556622197
4185,0,23.810620314499566,24.547800230602633
4130,0,30.80969919394165,30.830080650524675
6749,0,25.02477920186699,24.88364999148247
5886,0,31.7126108118435,29.984844499708707
1183,0,23.83826999508232,22.072781403038114
5369,0,32.368261488408756,36.36700736745436
9712,0,24.861266366542704,25.569076121604635
2334,1,27.726751388456368,27.597444849913835
8195,0,27.05223349099604,27.38643469314584
1274,0,22.623070601425127,23.353558916306206
8886,0,25.451474699174064,26.288989259225012
8417,0,28.251772466696647,29.663330684631426
6886,0,28.93112228999784,31.723945492026058
1237,0,20.242632061566532,20.078792144101826
7139,0,26.60281543508121,26.33755050955058
6412,0,25.996247318460703,26.164732666434606
8328,0,21.941580002887736,23.32517099713247
7373,0,26.999610734958168,26.61324161225862
4797,0,37.54944178639104,35.43395230483578
9885,0,25.60897226255226,28.648607961766395
5459,0,38.999806777866276,35.738854698517684
6174,0,18.356225961744514,18.315307788076833
21,1,26.516491193909722,24.977320308040774
4769,0,31.55572112000519,28.746994817690236
3177,0,28.90232735845553,29.18923239210813
5584,0,21.35660870100235,22.965910296583733
8822,0,23.77228138070416,22.839981994903123
2771,0,26.820330055023106,27.471298425267257
5829,1,29.452086862845427,32.019190244872874
3682,0,28.217105825329742,30.874684977306725
5392,0,18.361635826293245,18.496157640946624
9579,1,31.688223521498223,36.31169744304026
6721,0,28.65608640231498,30.340505176887593
8423,0,24.25880813141372,23.777331547072613
7768,0,22.813592973537727,24.61259522581698
2116,0,20.44292222829812,20.564617458382706
7463,0,22.461218008557665,21.42904137639261
447,0,18.92096051941501,19.57799686095887
4194,0,19.35879877502763,19.56096014283413
4686,0,24.183975072476105,27.223235756138887
9184,0,27.03274855940995,26.657056370695713
3252,0,27.456673257815456,27.05624527245112
8005,0,28.776047184497653,30.81100109677782
1738,0,28.769909470462224,30.45534822487429
6463,0,32.22306265657826,31.057940317030486
1519,0,25.774330056717982,25.918210477241132
8843,0,31.956742979751457,32.32708833267973
5295,0,24.75491787223504,25.480666725506854
4678,0,39.13341699188079,37.795053715798744
53,0,24.773124487781455,24.62720369688574
1038,0,28.355703048569097,30.123215678809483
6732,0,23.012179546040144,25.701963970515987
3515,0,18.67595871236711,18.179999028097566
5039,0,44.956245618832895,45.49756420132303
257,0,23.02799666337047,23.41768738235757
3627,0,22.8623123649521,23.951788296275314
4516,0,25.74081637116647,27.2674948124793
5354,1,25.558978921320076,25.0042089604863
7541,0,22.79176053294023,23.30368786634673
3033,1,29.002231686935108,27.18377477713113
1968,0,23.570829610651987,22.153130447549827
769,0,36.44123836809162,37.36552488023497
9695,0,29.879135880464855,29.751255289343966
9041,0,30.42294114233744,30.222133804799164
7849,1,34.07821429633623,32.39174646799943
9584,0,28.016733522766273,29.40062864547947
1776,0,24.404026768257047,23.224259756691758
6810,0,34.16397836075387,32.75551639124177
5623,0,31.17353866709552,30.866441275956348
7113,0,25.074650558168987,25.603301989162574
8191,0,27.703558430554573,27.517527409616847
2896,0,28.491863605599583,29.90529227466811
9237,0,23.39377472966374,23.321473908168514
4986,0,36.009286657411636,32.65924000409551
9310,0,17.87097211849332,17.671212951170432
2234,1,24.791744347570752,24.895511027185805
5961,0,28.460260727240165,26.241742939287764
1929,0,22.689862363586748,23.28530021609108
2418,0,19.488756323208538,18.847457846326034
4358,0,25.121987647971316,25.481483255620688
5888,0,33.27269486223404,35.50362347055812
7436,0,21.578300313104428,23.661514791372294
5120,0,19.424744666702637,20.769237367696867
898,0,24.672931112772226,26.317502714734523
3429,0,30.33474898586941,28.743962962688464
5366,0,18.768558275572772,19.4442560753835
1974,0,21.289979527965723,22.39711625041204
5012,0,24.1362453966664,24.894618855001298
3825,0,23.130636987823507,22.161207954274023
9551,0,43.1944944436041,42.40153878186897
2509,0,20.38500339871578,21.544891884705695
119,0,30.121791818234698,29.272977165775973
2682,0,18.726277045917307,18.40722495214378
1663,0,21.56368459464267,21.041463709879718
7624,0,39.382119476554855,43.463733445811805
7496,0,17.115215830896076,17.776964877496518
3064,0,35.49141476385296,34.482898066680036
6341,0,20.59603925061503,20.081799659046922
5731,0,39.551688682392914,36.12004505234863
9451,0,39.23271674599501,37.69123028629503
4099,0,30.29565001898852,30.203250092008926
1790,0,18.546540684082775,19.55845710063284
8330,0,20.49547796716304,20.356102590485374
2507,0,36.07754254358197,33.632601625779145
1835,0,39.12362289824502,37.35158801520589
5677,0,30.194580403078056,28.708441033325048
1606,0,26.00249780227375,26.206290184750678
9883,0,30.03520418112782,29.872050256377896
2457,1,27.450578937200106,28.240263907525605
6489,0,21.139113794576016,23.174181584629004
6634,0,33.43627172417253,31.539731467603847
5841,0,33.00439562226792,29.221829254718454
1482,0,20.387354762056972,20.24330246828523
9427,0,30.44385364094886,29.373854953699112
9872,0,20.956615191604627,22.127246215076894
9815,0,34.74904413369576,32.5275385519796
3492,0,22.313797381415245,22.050297413853897
6214,0,21.13393893883598,20.331520037776013
8323,0,19.380216995811292,19.6170836259457
2229,0,21.740172982986472,21.495464286299793
5362,0,28.965725304082564,27.459475480835092
6337,0,24.704660761385107,24.359220558364072
7558,0,24.85689522503549,24.67255874154136
6909,0,27.510822473140013,26.332682184012704
8097,0,35.578191960326976,34.03860478507719
300,0,20.12403902613913,21.327636787868208
8682,0,22.72199872171553,24.556671477554797
9061,0,23.167887886233448,23.4421630186629
5793,0,30.100586938894573,33.09427539077102
3920,1,24.47240998839,25.146943072636954
6756,0,25.715100290565772,23.988562143158834
4492,0,20.42289931402918,21.062580491003818
299,0,25.28275122951396,24.000979009029155
866,0,27.507409987843726,26.610407119244783
6768,0,21.249205464743202,22.719242816642907
7367,0,21.600235221449847,20.46862781283879
4206,0,27.480725886768017,25.453285448838187
3556,0,22.020043150537564,21.115645912306167
39,0,32.97699809422034,33.18503689130703
7164,0,27.385380946462455,28.475827613970484
1115,0,37.28657314855917,38.60916793334447
1718,0,23.608112123717586,24.060830013110234
4993,0,28.15850461234359,27.088206506978544
4435,0,33.63775224960676,30.50640870313321
8365,0,25.91683662355843,26.262790624851093
5664,0,20.610018037759545,23.593274967028833
512,0,19.68950993217733,19.778560492675883
8501,0,19.60472833756814,19.124090909110137
3720,0,32.74104750061441,31.936050450807674
6608,0,21.398714589464003,21.01056358433718
6177,0,21.246326863002732,22.63376887368945
4839,0,32.877182307821634,31.603672328257446
9898,0,21.217550687159086,22.188125429846302
8457,0,29.112513851160774,28.007911406817595
5776,0,23.637505029620797,23.539109129916902
8594,1,27.732683517562183,29.13666503956818
3533,0,18.49803486868435,20.555275354253705
7098,0,18.316290206891935,17.267261303148114
4291,0,18.172306933860337,19.66585470968886
9853,0,50.49954734900335,49.74098304632494
5586,0,39.96450126413745,37.93885775521636
4106,0,30.28712094075997,29.67032052423639
3413,0,17.61208468861078,17.622395309512726
6609,1,32.696968060293294,35.45055362165193
4932,0,29.29020750497177,29.306302851150694
8309,0,24.038108341786625,24.81668248313076
7034,0,30.18875128062187,31.39779532025508
628,0,26.672609345964784,26.551416489325558
6626,0,44.632421637446775,42.20616486136078
4714,0,28.538181177174145,28.146163131151553
2572,0,18.109110763454353,18.593696607391283
3227,0,25.129804777532982,23.16971553807042
8282,1,25.286233810960738,26.05448946735685
7027,0,26.238368630324782,29.270829541556854
3647,0,23.880885264722384,25.151553666686862
6692,0,31.58708617278295,29.10026646094183
6849,0,25.144142467041174,27.085161181296854
9757,0,25.065651455705897,24.691295101188686
2288,0,24.65091658893472,27.121793695597866
4146,0,30.539387974963777,28.802605920581733
1602,0,22.875355578970645,24.560225161626523
7726,0,22.301766464154856,24.27282907265031
1380,0,21.310454430150152,21.364937343056706
1194,0,27.575750783260723,26.84373455071654
1085,0,26.29622614988723,24.915764599268677
825,0,26.53966753034552,26.532712821637602
6983,0,19.56362615687296,19.83405169896039
667,0,18.013378716680684,18.19059389136189
7840,0,28.816761301285364,28.62481200282124
4543,0,35.156754996343174,35.16759142484278
9080,0,21.08201384823234,22.918885039491162
9172,0,24.46008538915623,24.68514398932765
8590,0,28.529524675726066,28.45292015289819
1028,0,20.966381552297147,19.26662278087537
4452,0,22.960857758878575,23.86794798601459
212,0,26.37565163039219,25.386753834578787
8688,0,21.54731983290046,22.19845555795152
5714,0,20.53177902101764,20.99627936668667
1200,0,31.126074321586554,32.47814621778553
5467,0,23.5990275378512,23.05368380631923
970,0,23.206069742542553,24.758909412239202
6892,0,22.07845741067379,23.565702828057532
7711,0,24.477002789833932,26.35702331779667
563,0,24.77766304835032,24.249102062575112
5138,0,27.90064371698804,27.23760951328377
9409,0,28.214011353347168,26.682040250619984
2653,0,26.38431488088651,24.967747120085495
86,1,29.484671649023916,29.605621398385377
4270,0,32.3132984016638,31.507439384109347
5588,0,27.941269168750065,31.00361084251474
7908,0,28.76908161704994,26.65855915914771
8810,0,22.47195724997262,23.80093431521235
8841,0,20.225861306564703,20.89143213078843
8848,0,30.8083795103212,34.19125601322934
1510,0,35.055071242685315,36.162665434201166
6689,0,21.97680085703614,22.717659676237187
6061,0,21.760151922179617,21.046113810093757
5286,0,29.350237079102016,31.593024781826685
2513,0,22.915090009334588,23.732021976508726
7788,0,26.530719474118584,29.47912135671412
7925,0,21.422636026890636,22.8645437325421
9759,0,17.102936712916165,17.41276300954384
5370,0,30.4926758160897,31.229650894960187
8456,0,25.262108583705782,27.341371651963875
4895,0,23.832855020359084,26.460115133697958
1713,0,21.149235425261647,20.168972821627673
5766,0,20.839779358449167,20.97527946874263
2537,0,24.45741464016637,23.672877842279
9655,0,31.68612611615608,32.38882426230507
6292,0,46.99202466525692,46.55067639556492
546,0,35.33606370620699,39.76537359355683
4055,0,37.285539008631936,37.25060273824304
6423,0,26.750296729950428,24.769563059524167
1695,1,27.079767706494025,27.48200459010348
9585,0,20.312903925474018,22.449966927631312
8089,0,23.18810453178228,23.09404567158318
2173,0,20.261067933070606,20.012893821712968
9724,0,23.678351614969156,25.466949840623325
7035,0,23.17866487742955,21.951032791850615
196,0,19.959047658401396,18.827012063388143
1230,1,34.110859142522614,34.024645965329434
7310,0,25.918590191008747,26.803040047579152
1825,0,25.117082829100244,26.613419380019337
2168,0,41.70542899722915,41.06876687443803
5699,0,17.738340403333602,18.44847971093462
2876,0,21.321403670469167,20.31382032911359
8279,0,27.60382671180763,27.86311923584191
3113,0,26.547272634929307,24.870686404538585
7572,0,23.24453392831753,23.918672395430523
9313,0,23.42663926679492,23.888236190466042
6219,0,20.614304995138,22.414354598194535
167,0,39.825645553037916,43.424231214563996
6535,0,16.88053829483098,17.92480251871601
7308,0,24.013123967576387,26.863685788961277
4446,0,40.03987250119023,38.55190240209733
8414,0,27.45832487790597,27.447406623441978
7501,0,22.98634993007063,23.11228082139532
5043,0,21.43614824269176,20.33978352572464
2046,0,21.942626022924152,21.17215804445193
7808,0,29.98513848696459,29.49982405638249
8486,0,30.5462846273053,30.259815839778494
861,0,25.351328913965332,23.993454901908166
3509,0,28.393038485432086,28.48189500453089
3172,0,23.856282759291062,23.436618202579893
6935,0,35.563913656528726,33.37605368872563
1442,0,25.698439493795604,26.960902192015535
5294,0,25.176094201139254,26.76561275275641
930,0,27.741479026621654,30.402429572108876
5946,0,26.27822949300525,31.432516591253293
701,0,38.93327965917094,35.65908957703287
9382,0,21.241714140068297,21.0700253339982
9699,0,26.252514134884493,28.969125347206308
3474,0,18.83256914239868,18.636101517512934
7675,0,30.84101270254754,29.65943573468288
3604,0,17.8777070526473,18.71047813625718
6566,0,36.30842849468712,35.33627131371066
4733,0,18.852714947188332,19.157073285475605
2518,0,40.61676022902002,38.276274594133746
7790,0,25.318905041768254,26.48475220030562
78,0,19.37482915666041,19.882881807722615
2859,0,41.70678014641541,42.91989784791616
2497,0,27.367653243046973,28.73549043919149
3760,0,38.99831288585037,36.99435865741343
9386,0,24.184438101392253,25.436168723769722
1273,0,26.2255026136636,29.718792932582268
9457,0,20.4567362347989,21.65981671517751
3409,0,32.060751754748374,34.83968035846766
9015,1,25.146752423647968,22.717882524185598
6928,0,24.15285858435231,27.1159125734894
7306,0,22.577153844842687,22.22819772042354
9001,1,25.534955973405665,26.564309604133257
9754,0,27.328063185576546,26.63988290217305
8805,0,29.93580096943153,28.104854662945634
5789,0,20.409535378427098,20.116765939093728
3858,0,23.602273581742484,24.919540839797833
6238,0,28.496589588065646,27.736196820900275
3156,0,26.535413191106386,26.551219434375444
1526,0,25.717083420706523,26.76159202461838
264,0,35.185245288147954,33.797612027466435
1947,0,21.705471298740758,22.76696170738747
5357,0,38.217218420414014,37.07959069893293
7014,0,33.099216329772474,33.61281073887603
5412,0,16.822493620021486,17.64165562141951
8464,0,39.32378610533579,35.667621527813665
2031,1,29.661871896197308,32.63112487185916
6775,0,53.3829146408502,48.54506556924262
4239,0,20.355210104804446,20.127010034620195
5698,0,40.08627606274186,43.704588501765606
8123,0,32.87699119161541,35.97278111627249
5335,0,24.170166194709587,25.40526285969019
296,0,31.797371440168718,31.445402317122266
4085,0,27.193892147009056,27.286431593368086
9426,0,18.083389874824977,18.57534735902364
4353,0,26.999510007694273,28.259591676302552
2819,0,31.070540332255987,30.012294326372174
1399,0,29.708619981714346,27.520521485736058
7901,0,40.27619367847635,39.92470764129863
3898,0,32.90742133642143,33.803861918867604
4393,0,34.79190521955748,31.645847068383897
9650,0,21.833238392139034,20.237258688063715
1224,0,29.651355080281014,29.12436380849374
6501,1,24.67151719174132,25.71851466490561
4738,0,29.15691193939582,31.145129212824976
9232,0,23.196756863044136,24.394708949144825
2622,0,23.877205436861093,22.080994195005886
1277,1,27.31780934306213,29.444458302594615
9916,0,26.22539203517698,27.64492081324399
3885,1,24.193286724560732,23.379363653449456
8842,0,27.621477382584754,28.728261363944334
5987,0,40.99065963455905,38.82439498647014
6384,0,27.030602723509844,30.128789078951176
4737,0,24.56393912716077,24.69527680560987
8139,0,28.718891745178905,26.016843970452893
7405,0,22.571372651295267,23.750104027593824
6189,0,25.13802673533934,25.138738611503467
345,0,24.5402674213985,24.475871032115265
8604,0,28.863835558902426,28.170791847505438
2405,0,23.07077737767821,23.857623156079583
2400,0,19.57656507600764,19.94470064945957
3312,0,27.29454179580961,31.01664183706006
2115,0,20.20997486645839,19.49617265046795
6877,0,18.582579828292772,18.959958266462483
2554,0,31.419258521316294,29.4238699406376
5081,0,23.084075572435694,23.04615074526202
4265,0,24.255496927225458,26.108729914800325
4981,0,21.711552343940276,21.218660301671324
6417,0,28.470996271923557,25.591718875337918
7161,0,29.3920682966527,32.03710938643589
4914,0,25.713710410131366,24.97682679568264
2694,0,43.53112278928755,42.49197031826068
6624,0,41.19323496814861,38.180837583422544
6647,0,21.477672644734,22.82155146432885
4069,0,24.619104115300836,26.805074239993637
9488,0,21.565817649100588,22.602128716056175
6563,0,30.625606369946034,29.213885678763898
7622,1,26.357287665077713,26.198079623901542
1773,0,42.08834761706465,44.102011194669096
2871,0,38.9964807240689,37.31062244240485
1111,0,20.3618445784761,22.759499125570354
3780,0,21.959428786837382,21.875116535953076
3087,0,23.875790773463045,23.59122673382633
7610,0,36.90721738152293,37.52832552468223
7430,0,22.387155015500774,23.883476356873356
5325,0,21.410801448446094,24.06725711109575
4671,0,28.693426668098507,26.53147268335046
1995,0,18.8493972820506,19.8602268255153
9865,0,26.83593372220675,27.512679990078773
3317,1,21.636656892962417,21.85485088560803
3762,0,29.640424036422928,27.140449726165205
9075,0,24.25423364363779,23.834227341494703
8098,0,24.693441392814393,24.519525600494283
8142,0,34.044857009535505,30.988039431299278
2837,0,22.73313224302399,25.18778437934972
7888,0,20.955545554735643,21.45959604859781
3832,0,31.30943541657107,31.628742959213344
8896,0,29.50342253265646,28.825927468041538
5072,0,23.454804457949184,23.801715509113674
4243,0,27.262271601841018,29.418921166898684
6405,0,36.54469993845508,36.37033347270735
4711,0,25.099954726613326,25.26122531664912
8478,0,26.05115808637049,24.930924577400738
5196,0,33.335798236880926,32.306879439192286
4842,0,34.173388781274824,32.62278341363353
626,0,30.08103059983025,30.093692268595618
2494,0,34.67817674521658,33.699664541951094
43,0,24.14028183944177,24.77817556323383
8491,0,23.97739362590303,26.79606520891962
1019,0,23.060546316719165,22.55492420792576
8973,0,21.775093165250013,21.36651602083034
4850,0,21.512224461210753,23.913847121598085
4789,0,31.528172786886984,28.992372116973065
8100,0,37.748245617209804,35.471425578823364
8929,0,16.097808238311504,17.013748970635625
950,0,36.59438830719227,36.530116882681604
270,0,30.46235691754547,33.01404741132014
3584,0,31.829241737234412,31.640981955622394
4835,0,30.68673124242851,32.42755440525481
7665,0,21.335111573171638,22.979003594106707
7791,1,26.83148872598207,25.53877481025431
1758,0,24.241971230462678,25.1283562141082
8713,0,42.78296484148159,40.66417747959655
8406,1,29.022072558676143,29.146254625434445
1094,0,22.256662903694675,23.830618972174857
3784,0,18.528531939982713,20.287085890652154
2074,0,29.21927620974723,29.411510818490353
3120,0,47.56092467663139,43.327935767370995
503,0,22.66716707716069,24.74357693170119
3184,0,32.68676953602209,37.02433285535772
9949,0,29.051373367962494,29.322622266866592
1924,0,21.48194424176623,20.808381763876994
7773,0,28.997132488576916,30.75338971918969
6889,0,21.473630075149174,21.427719365982743
5743,0,20.67188650858597,20.33546874723127
6038,0,28.467901219141854,26.057413543548318
9586,0,22.637718402566644,23.731721031161342
5207,0,31.70342002201644,29.169913199653177
4662,0,50.25353923798911,49.88287198910964
5470,0,65.29167818024979,60.21091888378918
2460,1,23.573424437889035,24.615781870435285
6904,0,18.768043784744552,19.25033771354844
4639,0,22.976098718305053,22.909800454255453
1063,0,42.9896275427327,42.42879491615167
8044,0,19.36589123847823,19.591542190771435
3478,0,28.338094218739787,28.385756647858948
6056,0,20.65132254525401,20.388740266189565
7579,0,23.416188628088012,21.78836739094495
4029,0,21.59262902393493,23.13878296472509
5820,0,26.318564875096015,24.067017987024027
6197,0,31.42224756889064,31.799831758238817
8782,0,33.03708403324567,32.18737051681046
7330,0,24.02535575747845,23.78789861954395
1368,0,19.56753112386139,20.218754987664923
4216,0,29.959279431953057,28.696702182703966
9625,0,24.357864203509855,23.223568837791795
6757,0,28.049215437878733,29.704752626290773
7982,0,18.62582569964074,17.265171095934686
5745,0,21.062699649698175,22.279747162113914
147,0,26.748533243937892,24.73247815650875
1097,0,34.61472267419464,35.60768026908607
5385,0,24.31008805779719,24.801554549987138
9141,0,26.195763478114216,25.386751513685805
9129,0,47.556813171128674,45.3453796661444
4696,0,19.062746172212417,20.997297228050616
2118,0,34.81378977236608,33.48970701973281
1894,0,25.384945253401174,28.132662210769173
4240,0,21.582418678076948,21.59873294143521
5840,0,18.840705455514126,20.33081862215506
7333,0,23.428827520191543,26.00615842804914
2477,0,33.71962469154329,33.33813080350903
2897,0,22.982788509888906,23.839222029168727
2014,1,25.68114809043118,24.165394491268383
5707,0,16.48061153321007,16.972350951752084
8576,0,30.796723952712696,32.01723401311045
2901,0,18.511543214408686,19.625609127302553
2056,0,30.655822375163503,32.38642618325006
9937,0,26.535191689876434,23.025735382523937
3395,0,24.670743574417443,24.504959233518665
6456,0,23.137134839947326,22.819222940972875
6819,0,27.45815217580742,28.190906549663723
9851,0,27.603241258745395,29.270075905414256
5774,0,33.365506972945994,36.809261612693014
2503,0,34.96684006201077,35.39647799993136
4491,0,30.0403323159934,28.28188035508426
9009,0,44.43541670625039,45.05922277640423
3851,0,20.35766559446044,21.1211356959354
9587,0,25.391197408223675,23.45869000605628
5199,0,33.02351639038656,31.348992748400253
3981,0,33.518190585335745,31.97945862623891
3758,0,26.049855172087792,26.577964018816584
9726,0,23.53644162940185,25.47558154061425
2178,0,21.663655288351872,22.212692662128433
4009,0,17.98987124294697,18.963469244494398
4958,0,19.550212893748938,19.56281681172437
6793,1,30.40395542978781,31.747146932606647
2640,0,21.52374284446359,21.22586076606302
2536,0,36.76910327548712,36.11181863751328
3573,0,37.078372754454136,36.27422535626182
5446,0,40.96214583264815,43.80728109521821
3373,0,31.33524826819385,29.38825129855789
4190,0,30.57163550313668,30.625324299866833
2264,0,36.29040932302037,36.30593234723108
2647,0,44.304884077374815,41.53635271644934
5484,0,19.611685435616174,20.379987374404102
3416,0,18.45297176839982,19.276089117914097
8550,0,51.87283872575504,53.02308388405132
388,0,37.65334746886614,38.46929019994882
5235,0,34.08422396979572,31.034085442807164
25,0,24.466118406317534,24.575237531629018
7618,0,26.552036739854465,25.539904398705882
9149,0,32.387592537326164,33.20946450773326
822,0,28.423007129032,26.556175401869698
7143,0,30.46925402142947,31.955867711916735
4732,0,28.98806865980239,26.775221963016882
9850,0,23.36880763027741,23.465482686396108
1473,0,18.90689633542457,19.160459616086715
6458,0,28.839130187403583,27.522576428113616
7491,0,22.226746857625567,23.091295352820136
8077,0,18.944862687811753,20.322411815566042
2834,0,20.31510592446265,20.3186122265389
1827,0,21.97450997768798,21.907284273353326
3914,0,41.43786145698214,42.531800184905244
881,0,22.997204833955053,21.72132601463084
2836,0,31.50028466850722,34.691457378815166
2063,0,33.00686831471552,30.1244161339049
8214,0,22.288756553547326,23.479573843328687
5977,0,23.840812183924047,23.667381905781607
5060,0,30.11167666780473,30.485505876969707
6019,0,33.28880902889079,30.7949490877838
9381,0,26.82856825516468,24.87706355567363
1381,0,23.741839268670322,22.139702430093553
404,0,21.009369884249665,23.230682266366777
2551,0,27.3824241118578,26.243352479249076
1347,0,22.16543467013213,23.991045756027933
7150,0,38.683546915229215,36.964057872871265
4717,0,23.280227943762366,23.28841963630297
379,0,25.41425531683448,24.65607076597963
9408,0,24.879955222674543,24.448342972061237
2616,0,43.1238719606889,42.68187602519494
4461,0,20.53302292977196,19.942380212177152
9895,0,23.89835911612618,23.45169106052705
1003,0,22.74156214181399,21.302754430409145
1815,0,22.289430707521934,22.16965459273311
9010,0,23.435013954744164,25.2431348713133
8343,0,28.82002892085942,29.813404879753698
1203,0,21.977959976356065,23.404333236111828
8592,0,18.03535623743145,19.00392220579243
6679,0,28.14224926578092,28.533325053394726
16,0,23.74452865817425,26.77290737613803
7826,0,20.728053094863746,22.419800366884047
3210,0,21.197658805671168,23.38664977696027
6490,0,40.779225700536664,38.955033165942034
6913,0,16.184432186298302,16.59294932091106
2051,0,26.162533295771187,27.437651481919985
4454,0,29.173828243514215,26.937421835748804
9758,0,39.169282394745366,37.191972290987074
9078,0,21.93956841489638,21.649739610877884
8093,0,25.043478885158954,26.292205364545918
1439,0,29.59578663098699,28.586548148861915
9812,0,25.96432700470274,24.212012558652997
7213,0,18.092152126994467,20.102440852935807
961,0,18.17024580659594,19.672622770566495
3240,0,23.76801675060392,27.38643832176343
5611,0,28.201866784975778,29.834723472088218
9268,0,24.53839636092881,23.203123618740598
7655,0,17.02140743238996,17.340916064001092
7349,0,26.421049309356146,26.97279318054885
2808,0,21.31294982201578,19.864700781237595
9305,0,39.53495662357228,36.7822793225912
9190,0,26.371863912834208,24.198893290033233
6112,0,19.856333326275205,19.546348914596468
4340,0,23.679268518435162,23.15693149248782
6606,0,20.739669951863764,19.912870690711955
7125,0,21.0948821929541,20.010186753334622
9198,0,27.092186938630988,30.00447144456756
181,0,29.998885656451378,31.676373799355087
6809,0,17.52368127134194,17.402086412639918
7514,0,22.268358165531907,22.092407889343157
9219,0,21.86363781844715,21.385479768306933
9742,0,28.322139094035077,27.623174944600628
8428,0,29.767678174659093,28.082423376708174
5976,1,20.357777994485673,20.987563230351135
5211,0,18.082475710965863,18.926170851630573
1421,0,31.9331245839923,30.198095367542486
8171,0,20.2873105400036,19.845227520693076
591,0,33.61049579497505,34.83503081373147
7616,0,19.05483719741573,19.36773226159631
8519,0,22.12258413425284,21.580991633117016
263,0,23.584237912651762,25.0033504572634
1819,0,20.347381890096663,21.345839427680808
5201,0,24.133897502101412,23.10371179816997
2581,0,20.917226837483405,21.159627493854707
3143,0,21.558705969836147,22.090225660386977
902,0,20.66757628168639,20.907045770145825
8832,0,22.175088125322958,23.717712330183765
290,0,33.35590269042091,30.896661076917805
1852,0,32.9016426860945,33.4241482396292
8130,0,18.81092517161944,18.577579480522402
8850,1,32.818322749898236,36.24485007053286
7106,0,39.03977880261811,37.37108054866018
9570,0,35.01986057456662,35.54812065522697
4598,0,37.45916015807139,35.24072825335914
1296,0,19.555114146091128,20.29420879444786
6588,0,23.37568575595478,23.96509832633765
1783,0,22.25652217355794,21.18862731359537
7050,0,26.02473037588341,23.82291893830323
5364,0,21.978666748264455,21.741983402130128
9667,0,25.76172135599542,25.15978201855804
9994,0,39.223811482360176,34.96371782914094
3322,0,48.547610925557585,50.85541345162295
492,0,31.64096841911773,32.93566268505458
758,0,19.355512843544787,20.997234538497594
4489,0,33.359006504147445,37.684606404769404
8419,0,27.125398803519616,25.848685915751602
2013,0,19.28495613287441,19.6480868741627
1960,0,20.595873688658028,19.64498260958149
8746,0,19.34287759482977,20.038552616363766
1041,0,35.22562289839313,31.989872671323603
1579,0,29.52014323800536,29.90970749137993
755,0,27.20551535801838,26.38401739676852
8232,0,21.86549080085216,20.798708076889646
9480,0,24.54097026907798,24.373330084829288
73,0,24.48064857751033,25.097851157090908
2658,0,27.02324002626633,25.12652370076784
2945,0,26.485029020407506,28.135170193703168
5360,0,35.967974538012605,36.68166763753536
4052,0,31.72901344193198,30.435007545544018
8577,0,17.957687534041334,17.847121961828005
9743,0,22.873971741661006,24.907922169318184
5377,0,30.59978515104027,30.00405055805293
4111,0,19.680572743011044,19.866602148310637
154,0,27.21796594539861,27.88437708568965
7695,0,37.74152343117349,38.30163321063876
1578,0,31.39108084194646,29.273646034643463
5771,0,44.157044208705656,42.89573719621004
6040,0,26.877275618145173,26.1618204189265
9155,0,19.72812224570475,20.157061065465463
3369,0,21.8407660361057,22.877638059722344
7296,1,27.406496707640848,30.83596990985576
2943,0,32.63108336567643,31.210526646878648
1576,1,36.365589588192066,34.603058624284095
9982,0,22.586918014863862,22.468225365675355
3840,0,24.62310536158196,26.18332317044141
1609,0,30.27152993646891,29.674753537889465
9379,0,22.262634481872986,20.816024424018558
7240,0,20.893019029147236,22.912512810003697
8366,0,21.503594753557007,20.09727135113501
9751,0,20.4274358858419,20.2984152880999
4547,0,32.404725743151225,31.470674356250537
7821,0,31.600606992853397,28.93931357753541
831,1,23.669051921799188,22.181634383365623
8636,0,33.628281001646975,32.36492559538479
9330,0,24.891147722783128,26.794610424095517
4994,0,25.840719258672088,26.66482518053208
5533,0,21.032307142695057,21.84444094123329
7256,0,20.752512503727278,19.98119011697266
2886,0,35.098986453942075,33.99691160866287
1091,1,20.891409621797408,21.56099681036577
9761,0,27.80733686338307,28.666264862980896
7169,0,29.69671977604973,29.848574826973785
2432,0,23.950534619435018,24.98860486950357
7005,0,23.2610677047162,23.706926473993466
4007,0,25.692356282825777,25.69356960417832
2949,0,23.053317464473388,22.81213720061887
5566,0,37.31965687691308,36.783863288447634
6085,0,38.182249517293606,38.466163482509224
2475,1,22.87074966052922,21.497216277785018
139,0,24.807883771729372,28.28658205619976
2648,0,26.96307634822968,26.48072706042046
6088,0,23.626970042372292,23.75389943640397
7962,0,23.45679514318316,23.558825482645904
767,0,26.844494696403274,29.691906371897158
3869,0,22.25949993636955,23.047175914139412
3694,0,21.6423021343042,23.069518770845903
4969,0,27.681449759040742,26.233269035180893
6701,0,25.246037877546605,24.7947550177855
4113,1,31.180843720044393,30.23820972397963
3273,0,21.225761721999294,21.570922855003282
8613,0,29.142440750325072,33.50449193068634
6082,0,23.33146993781827,25.518442140798626
8638,0,19.993091659191812,21.353685997871565
1202,0,28.195538231365784,30.223732790324675
1716,0,23.57761062459376,24.36187705500089
6475,0,25.339052447134716,25.40252237398014
6190,0,21.096711183606605,19.752910572550892
7131,0,18.02392625649015,18.5340734304191
5741,0,23.74593705513842,25.398433353228352
9458,0,20.041233617340747,20.432196641193144
7959,0,22.96196012909884,21.594279265983175
3732,0,18.162322560226652,19.220912428048326
2103,0,20.864815304949495,21.73341092882507
9683,0,17.097385077968465,18.196057720251705
3300,0,25.366377160144243,25.664904456832527
9840,0,25.20619154452815,25.881017760805385
6227,0,26.979810564050005,26.35081886434728
4359,0,32.77179429773492,31.41878021786006
9433,0,38.73808182718863,39.941031140621845
3915,0,19.915845152516514,19.899757627209688
8994,0,30.157104115440113,29.873000497733344
3792,0,28.947098280087005,29.161481676774848
109,0,35.43522915584744,33.91617587057953
9126,0,22.56999664033654,22.446955583493317
3117,0,22.302196736637026,23.01116217833961
1458,1,26.075997026689944,26.269499844565875
1931,0,34.69923572426462,35.77173933338195
207,0,28.267336639965375,30.48252570345477
5323,0,32.814220186871964,33.900962675635974
9120,0,28.15930378298586,28.840252646802107
8597,0,27.484546779761065,28.8243509241955
3761,0,23.249774724188363,24.51890911280012
6406,0,44.48916765631805,44.023688469182794
5619,0,25.989134184949712,24.12683225243002
1486,0,30.39025920556032,29.734315644057553
5515,0,26.86380470850747,27.894334425623544
6604,0,21.889474520200988,22.275343173207286
8188,0,21.626700128934385,22.11957730891283
2791,0,24.456039161955736,24.296847564557005
5945,0,26.311285791376456,26.288278172457733
4413,0,23.94209069761246,24.361004430912423
6737,0,28.258546280524307,29.1311565448444
9824,0,18.630383487549324,18.770860786075055
9063,0,40.84692186065462,39.81554817242956
5111,0,34.14170927334251,33.74700881640015
7179,0,20.56141122841353,24.43078938423008
1682,0,26.941418007145217,26.461255846036547
2986,0,45.21238612396904,47.07479548322679
3930,0,25.982891654075956,25.898414144124214
2233,0,28.050272877292635,30.83093380385282
8726,0,21.39476618382324,22.75182399304075
4585,0,32.182833269000994,30.01865224772918
7892,0,31.109246993176107,28.54381341853018
3927,0,18.330636929225566,19.53558560344699
6885,0,28.553708934567904,28.68293582443642
425,0,23.650431037644328,24.613405261808076
6050,0,39.867721573521074,43.10824521233512
9277,0,22.08824767287251,22.69818600667929
1146,0,17.72214517002542,18.22235110291036
1467,0,28.14229592524095,29.511482745848248
5970,0,20.626318841051884,20.950621629172787
666,1,27.80589487524315,25.569216135083085
2024,0,26.770534958310535,26.12168234824871
3968,0,25.70861875793701,24.90769090686306
6229,0,33.72071170500698,31.172918090646238
8798,0,27.954560299617288,28.929719215260256
9978,0,17.173258716767574,19.040000215829668
756,0,28.589738297140002,26.874311109088186
237,0,22.184504144823965,22.554479605217733
4257,0,40.22938975666329,42.38444291478314
4666,0,35.826286925745464,32.73371989761037
8731,0,19.1769189618229,19.717001706333143
6487,0,21.177543334241896,20.09219688340357
7309,0,21.048763890620236,20.882358969592946
7276,0,22.16689324664357,21.381667216475023
877,0,37.48813810129075,35.544959102489415
4674,0,23.762181937142845,22.3831093624338
4813,0,22.655373719520245,25.273742642587596
136,0,22.751219208065343,24.57176880582429
3787,0,19.157252141825005,19.1955141411764
6997,0,18.022301923717922,18.78376118787437
7342,0,33.02841576479986,31.798812886315545
2825,0,47.33966549020264,45.76468855185379
2155,0,19.488683481963317,18.233557840233072
6496,0,24.596167616798592,24.548582599999865
9614,0,30.12127595379617,28.185421116138016
2159,0,17.45589301109067,16.803715977911345
7540,0,27.454534214976267,27.192778170452137
2349,0,19.813731627906776,18.80136548393557
7973,0,30.80696384100384,27.952616522857213
3552,0,32.01186963946358,32.70318532112883
9892,0,22.986289808026058,21.42050737065424
9051,1,32.61203038668382,32.59116996850605
6362,0,29.700719479168242,29.707923776605938
8238,0,35.434448084163876,32.967989490743875
7813,0,24.858492048172987,24.326988001022638
7087,0,18.432429050007784,18.018419515541193
4068,1,22.867782525188655,24.202513068837096
7192,0,24.494244220174224,22.253631653912297
5864,0,34.3668264121897,35.79056982686331
1726,0,27.429253574281848,28.30703197745368
4862,0,25.925732720618797,24.524300555150322
4926,0,27.136649360701096,27.116010417144782
9911,0,31.253030343210217,32.76223085588302
5638,0,27.052201423256847,29.09632459303379
5228,0,27.966830602178938,29.5292812663949
1076,0,21.842080195313056,22.320111571598456
5815,0,28.36783701643777,26.43225322865322
2762,0,23.048932566721845,25.755957151388014
3697,0,19.285774896039566,18.45632775836158
4917,0,23.085452092303782,24.563289527260842
5253,0,21.87209900278334,24.093370585917
4192,0,29.574490877227298,28.408148821955624
8665,0,18.997866887144774,18.578392395955458
6883,0,36.66592647682653,36.596359811911924
333,0,24.410237232545608,24.135774015535738
6320,0,25.504157520875783,24.159396770387573
9997,0,24.597024906889274,24.950685781370694
6067,0,33.78055806697901,31.33885118055934
3499,0,38.91657695342951,40.21259152440449
8424,0,25.985307242796196,25.819969963188957
6391,1,26.853306092002217,26.47849775845855
5925,0,34.75290782835252,37.41390289945782
7520,0,23.502610484176998,23.811283071737005
5957,0,22.022155051127775,22.341704253774026
5837,0,22.7952810841632,22.256925116090283
9230,0,37.37599030682035,33.74286145956221
3640,0,32.98315716634465,34.6564405769464
3526,0,20.091997080391117,21.280057231695377
5801,0,38.94514951418494,37.098060287516724
4439,0,22.016910243012227,22.287462539653554
161,0,48.286932869378525,45.989374690513735
5705,1,23.840138442445323,24.92522768055744
1861,0,36.653353463354094,38.344117337796334
9438,0,21.404603446368487,21.122279212911078
2491,0,35.85117667802871,35.520492599891305
7583,0,25.90132023357324,27.033600512831697
850,0,41.10179948133888,38.856619337142
13,0,23.23857151741301,22.15133525128209
9680,0,32.32256573793149,30.169633098867354
5254,0,25.215424333439383,23.698746364183947
1036,0,21.70386546689591,22.68163560580476
8631,0,24.22132886271827,25.767222223216347
9987,0,19.138749469856506,19.29745722523344
5139,0,38.07266605757468,36.21972250670481
8615,0,27.242043939957657,29.243654336862427
3375,0,22.564160195201648,25.442131084251535
7326,0,52.73176349843415,49.38040180153328
1529,0,21.359467807732777,21.525614718735113
7335,1,19.60603305598157,20.467798613991114
8956,0,20.853474782120497,21.876855239961408
8823,0,35.35505898823754,38.66818374659238
3107,0,29.269796050884104,28.3358561590235
8489,0,24.333319506773147,24.634414971535573
2523,0,45.22032366924108,47.180721565665316
4133,1,26.857542470344892,25.73118944601714
1876,0,31.208398041978256,31.520272740485673
4170,0,22.17576073058506,22.476536606922995
5932,0,40.52642695710605,36.49197242311634
1959,0,31.984133116606124,34.18021888481997
3588,0,23.629445706303493,21.754078498988015
8959,0,28.76670862772158,31.423400702862068
3834,0,24.312414243507536,22.400037896917187
5242,0,24.480656543204034,23.00609715850596
2484,0,18.27419703463876,19.76378575244377
6277,0,24.367379506268144,25.000452460256906
1679,0,29.979559609931172,29.809349594957794
359,0,21.884676587236076,23.616761975964756
551,0,42.389210910845726,40.59121928559191
5044,0,29.5596759794535,26.761840106297665
1243,0,17.979989001520117,17.469018163680904
7682,0,25.485048306236465,26.615203045996132
1066,0,23.194406401993824,23.968417823113917
3764,0,26.914279505360557,25.09818060953706
3356,0,21.22395945720093,19.61543369001961
2524,0,32.740462910283824,33.05184339392612
3790,0,28.837898713109837,29.44509774368271
2344,0,21.780001171004983,21.338897121628676
1930,0,31.179527985174317,29.031452058980214
7438,0,19.121033335483634,19.670730153461008
6561,0,31.17401957382852,29.88545342009633
2796,0,21.23982045415858,21.98057826895993
3344,0,28.228114656070076,26.15140634483445
6675,0,17.64320270341034,18.15867472129738
3895,0,24.66989520116862,24.843190376184573
7363,0,25.18112540238657,24.903256179815518
5477,0,24.175551865664065,22.31287543371322
3544,0,31.403831153307546,30.77073028497632
9887,0,21.785945537422617,22.73205530092296
9983,1,23.424682194325342,23.324623599073163
8208,1,23.097629216848524,24.60783076426704
7527,0,32.14773156421446,30.722817074412987
275,0,18.524658828023163,20.051820898021063
7371,0,18.325566422810663,19.770862340554455
389,0,19.26660391336964,18.938842801264396
6293,0,21.071336326062255,20.884012221177308
2209,0,23.327505323578222,24.332090508260425
6120,0,25.2708934264472,27.340881523829633
9993,1,26.211512258365815,24.227474051145254
4546,0,16.78559521598116,17.055342921066106
2003,0,23.26762103384626,24.162338837442796
2592,0,19.09854418667391,19.73819238560449
908,0,20.776278425369,22.00302056192532
1757,0,25.2845464818726,24.031048167260135
5422,0,22.43570461231786,20.99538041196712
5460,0,33.91632923490404,31.58445422580919
3753,0,29.526599091286254,29.415641952175527
5990,0,31.53186117505109,28.832622227273365
6099,0,27.061744640809458,27.561276911873858
1416,0,27.35889033008417,27.704869184280213
3331,0,42.32778639193839,46.10885802785124
2804,0,31.08960465975375,31.634852307285836
3090,0,33.77567403456909,32.8777912932464
9640,0,39.25502800534799,38.05921648537508
4690,0,32.61299743244169,32.444037937352505
5414,0,24.043409117642852,22.477397014140063
530,0,20.63581990011793,20.980873814887644
1540,0,29.29585062636287,28.094245746978835
9124,0,44.60466526767922,45.752336939690565
1037,0,22.42241975358813,22.724040356635115
1052,0,39.730966636563615,37.17071978430508
3794,0,22.377597580386592,23.478461373202446
7949,0,18.907290076064783,19.295335100891684
869,0,20.909740033727854,21.737974363400227
2302,0,17.959226904744654,20.098978930617182
3098,0,26.995313146821047,25.8555143406508
2794,0,40.54500646029295,39.12505654188104
8398,0,30.4859815984657,29.058096925248265
9449,0,30.807884275413368,32.443060551308406
6884,0,26.198410076027102,28.57857735518055
7987,0,34.91621635960578,34.16901438019476
8164,0,19.063871272174865,20.15905115262641
6121,0,32.36446061687598,30.937755184844878
2655,0,19.095659185033487,19.71082337145354
3847,0,22.39856462740757,22.392799488325505
5994,0,24.399309180278777,23.28715216482052
6982,0,22.48206112215551,23.488765583246447
7136,0,22.160925681420082,21.996959794973414
4706,0,22.159848847738857,21.316139183818347
4665,0,42.855569477011414,43.18308837390364
8815,0,34.60524020726187,35.07806419504049
5299,0,24.335559234073862,23.490246883109045
2427,0,40.37175488044931,37.89187764475301
7757,0,18.07069395121881,19.31443879438061
2874,0,21.598118138949054,23.62488871971377
9467,0,17.317350715197236,19.20799389133696
6978,0,17.528738276442112,18.421334843085567
4726,0,25.30548417621208,25.958576085332943
3830,0,33.20013408002386,31.664666133442
4595,0,19.223622388952887,20.811683514268758
5270,0,20.465273478025097,20.897947337888223
6380,0,23.308799739992573,22.24161973917785
9391,0,27.42695356352233,27.16566499559901
9624,0,25.62403926607965,28.214736163475685
79,0,21.50730528395458,23.413934611368873
1363,0,24.480232651757227,25.865693265941584
8060,0,18.001539490853762,19.146963356855238
1427,0,35.2817342850057,35.13762558345856
9036,0,25.814660172018602,24.962155627833013
8695,0,26.867691099265155,28.187500387307107
5573,0,24.664013414650388,26.123561645044568
8121,0,32.9888714869112,33.23087807138656
445,0,27.144174504803697,24.090182401541878
8526,0,23.17635823866811,24.9876659694717
9385,0,25.040097380335524,26.99440507850101
3418,0,44.42446313206599,42.4686560444072
4174,0,31.059275244928877,31.84595014437394
3008,0,33.257805224632556,32.975975943791774
5350,0,28.218199841012147,28.875884399798643
8965,0,22.199176605575605,22.951151548728582
7159,0,20.289004514632275,20.798130028141404
2674,1,24.27566540240791,23.654770287172695
8801,0,27.001490196854686,29.131707163318286
3580,0,27.99182969442149,26.491654778538514
974,0,39.247309019224396,36.286853674503085
9167,0,21.124843663880874,21.859246371423108
5065,0,35.880582645800864,33.39493127701519
3650,0,23.243323925408582,21.776294873265982
1256,0,23.133897486029554,23.840881547045882
835,0,32.92288392273921,31.412709181321645
2841,0,25.718847034242607,24.40838522180985
6468,0,21.546953146176996,23.558861837204518
5430,0,29.396985116778957,32.678900953220555
9224,0,22.21359769638232,21.04003958474716
3523,0,24.49609392860261,24.410824094837437
9228,0,23.759310217539355,26.483573002960036
8504,0,24.001395857486294,25.192411996932712
3384,0,23.328978789687884,23.484695214762347
673,0,25.002015969405665,23.59087294373427
4388,0,24.71401782992862,25.626297586594454
9323,0,21.901236848305995,22.714275581455308
1082,0,22.435613864821942,22.546826866912085
3318,0,17.141680097173598,18.974222869420977
8593,0,27.423930967492925,26.07296992125205
1610,0,30.950751977170192,31.24020899493362
2798,0,24.341226866870606,25.8840588694952
6731,0,28.768178584772432,27.415059395055028
2906,0,32.58409932650432,29.926477080652905
4442,0,31.47768768578235,31.142019331427928
7551,0,44.050326823529645,39.792202423114745
7781,0,35.52942669624099,36.009716310201334
2352,0,16.478822206413962,17.509889143748122
2652,0,17.908425025377117,18.201108434553287
2532,0,22.668736852671852,23.35402921906838
6869,0,23.12276612049287,22.618848859324
1777,1,24.461397830131958,25.689803156890573
2187,0,40.84886134430031,39.85530903383268
7938,0,23.957644383615985,23.11908957043711
2963,0,25.809067432071014,26.096895537794353
1069,1,27.033739945011312,28.4395379104857
6711,1,22.06507049005509,23.34542325143897
1803,0,30.300583442126044,30.983158791766062
7631,0,21.774828962566502,21.204162945202874
2820,0,23.05497529537763,23.919087113259714
3134,0,19.806909353002098,20.27090082264403
6735,0,25.149243444754838,27.406137200306237
6511,0,36.82811133493113,38.46484584557291
8641,0,20.079678144016363,21.131244612998465
6370,0,37.411957360409346,36.28653197785671
3579,0,37.93926616299483,34.809133600519566
5703,0,21.89004843283795,21.39369679634645
1090,0,19.55965793526294,19.648124300556834
2331,0,25.717484732123335,26.719027402954627
4927,0,29.50221024965358,28.640475005770053
9144,0,25.947761527291235,29.119617990147937
287,0,26.92248435888008,26.204390936349125
8515,0,32.24898054404324,32.458902101190624
7778,0,18.678953728100378,18.738236168902652
8996,0,23.033054262296865,24.761104457175644
813,0,23.780020472147463,24.269120332634802
5149,0,27.421893449619837,26.559575041833348
6739,0,26.031392210553616,24.351402356867457
8300,0,22.160705097131366,23.154610650966433
9445,0,27.437798999181055,29.464692398778364
297,0,30.430253259325802,30.870730380309332
391,0,18.935064173167234,18.228952849005342
1617,0,22.79036810983848,24.503576280190213
7865,0,26.390072634786254,28.38861064582822
5067,0,23.469060562194905,22.880995421761142
7016,0,32.746898520632264,31.113788807116322
4205,0,34.14895247649891,36.231799702559854
5006,0,24.863438096643854,26.050592337994015
2171,0,35.914979470966145,33.64053334826085
6993,1,24.519734353764186,23.46003850451192
9221,0,31.722956976228023,31.583152478977823
3683,0,27.093569169704214,26.236626332964768
5353,0,24.368039138854733,26.379481929056027
8858,0,32.88289427652349,31.07107096393379
2538,0,22.759316735100786,24.06239381465498
490,0,28.206357664911454,28.562835836334862
4404,0,33.73454673251699,37.28310552998634
7954,0,32.7622906026752,29.453076690294814
3055,0,27.953791432726398,26.661066910257578
3744,0,23.787705084534256,24.97778512860964
3844,1,23.990785195985694,23.59937674989777
728,0,31.219422925347803,28.996766056212294
7489,0,22.84639630521764,23.94542955596218
6615,0,20.13694305343094,21.69885204337444
2478,0,20.98050840360891,21.10635214008298
5119,0,23.086219978129435,22.838819136502202
8946,0,17.239296506700796,17.931693841769015
9723,0,30.508833075840425,28.452745588007428
2970,0,25.106113125374772,23.082644100720163
4004,0,18.7570578608283,20.289243546780977
8738,0,28.914701697335204,26.89149188508153
3217,0,19.755030444312556,21.078842421170965
9306,0,40.18232421970992,37.28595017905698
6081,0,26.889915126632342,27.249493488670158
356,0,37.70534078152072,39.75127095680322
816,0,31.39641559338442,29.697652940901875
5589,0,20.18345676632665,19.99536228235582
671,0,26.163621282531178,25.526297484509207
9825,0,21.377520414915978,21.01143328225617
2271,0,29.16625457664138,31.565597906329764
1310,0,39.058024239541886,39.50521650935206
8426,0,24.03704713432515,24.91679622935258
6138,0,26.21154319611838,25.632718363694863
3932,0,22.492929484165682,21.80367368781351
8783,0,21.583883853455266,21.16861043464385
776,0,19.15638619693653,20.457350614589902
3219,0,36.152589050450906,32.62798099458653
5645,0,21.040490638792956,22.39765967560491
1004,0,53.45257864690964,50.69892930937469
9979,0,24.200269998790176,25.077851889444613
473,0,24.629952082102697,25.423193769337573
6611,0,21.795894212862432,22.466212765873866
1231,0,43.74389083246048,44.22770558555625
8927,0,35.39579346457014,32.368196628825764
8629,0,16.439310522416093,17.196612629542553
5115,0,47.50681856274497,49.90195146801959
699,0,21.8533951905233,22.72639639808484
1132,1,22.23639150291681,22.847707499297705
1068,0,19.000755187582456,20.39519612662031
8566,0,42.45529959393207,40.06972834907359
9368,0,28.883669103645698,27.618361618211093
260,0,20.47504969184849,19.600757349406948
8755,0,18.985182678236004,18.772266820184417
7013,0,22.029600393200486,21.98352293278265
3833,0,36.93887689774899,35.478335628258904
6618,0,36.522621484539584,35.47840447456178
3281,1,22.26006190011878,21.412863628718583
2142,0,16.69458101096219,18.5014775554349
419,0,22.662623678301813,22.79968169560568
218,0,27.445478272121928,29.247583622022773
2163,0,27.224914349572742,25.96362848642784
7641,0,29.651190308915794,31.029394568911442
3361,0,33.79684754260186,36.604263433857575
7311,0,20.45643584545518,20.872253453246042
5700,0,26.30471069098288,25.374235199867073
1899,0,43.22948238243722,40.09220829484781
3062,0,31.130747656438064,30.98308757318987
8989,0,51.88250594629923,46.534660546174166
2044,0,24.257960216436423,23.475939590794034
8703,0,36.28454193184747,33.13824400404017
4447,0,28.8023222147962,28.99517293218386
7548,0,26.144501701026737,25.004430193555258
6202,0,28.915280986889805,29.56861886385521
1422,0,32.465985447188025,32.686826297915374
3638,1,29.918076288104384,27.616424834194664
8570,0,27.90066137523628,28.151020815568053
9255,0,33.60281564774253,33.06999459609611
3325,0,24.898328091823362,27.92479496835188
7933,0,28.220295429129028,26.291346612790566
4036,0,24.249724709689907,26.287853479926255
6709,0,31.560287100091326,32.1336108424972
8698,0,19.857462913897805,20.86014168363185
2335,0,30.628298418545686,32.221067164280996
3618,0,17.361936187457992,18.399950742753006
5037,0,42.462478076332545,42.398198163794824
3933,0,25.36281702729075,26.458501793659106
3075,0,24.48063829782557,27.008714240842068
9278,0,24.689677498441508,28.124875384016832
3211,0,20.29412470052013,21.008752557126257
134,0,39.454944471633695,37.26928394133241
1789,0,28.678285977890425,27.74741762873864
9798,0,24.945204354701612,24.055060404227472
8470,1,24.374612416430857,23.78695061630623
1737,0,28.00564463024293,26.366225794894252
5076,0,28.751621913304234,29.877726763987457
6591,1,22.461035098607343,22.257060205067187
7332,1,23.86873852553776,22.070192675530468
613,0,41.390987915040085,44.24130377526731
8306,0,25.570305235800312,25.607479609322162
2107,0,24.401618290835152,24.75600386665453
3161,0,25.04319545687135,23.884943256260456
7172,0,26.400958543683867,24.7484906100233
4407,0,22.90134841385011,24.149231150919753
6635,0,28.335729864188462,29.14077570883108
6992,0,46.621871623418784,47.06543031032236
1678,1,30.060174220059228,28.433322270105357
3198,0,28.3720246290482,28.34767265328034
9813,0,25.102589687235806,27.387829781197635
5506,0,23.952332488955555,23.2396861911974
6265,0,20.376032486380215,20.061471116710933
8399,0,16.584771603400434,16.766851521628976
5095,0,21.846872950626395,23.284930850134817
3539,0,23.190663790904022,23.984085183072597
1013,0,22.899935674406386,21.274205163677987
9857,0,18.130585623969907,18.631805624804976
7388,0,22.771362698120004,21.762047363534478
1643,0,31.426719755605255,30.897242854176678
3067,0,19.734439341340035,18.544230795461893
7785,0,28.81512365126756,30.246491537485113
6985,0,21.04887169220303,21.79788994464658
2566,0,29.265339121674398,29.152505267227582
6008,0,21.849853365621208,22.45105050669691
8460,0,33.06779443986984,35.45673921053271
6846,0,24.01783478306273,21.912960959022282
2465,0,24.088032952466136,23.598785936124337
3103,0,22.476136229380174,22.0692331482566
7415,0,19.46268867141156,21.355608829244115
983,0,31.29433545725039,28.5880133505934
3772,0,22.393945707573003,22.889270892217816
9263,0,48.01724326494122,46.453163759235615
6878,0,20.691199105431444,21.701295195331216
1358,0,38.9416540722811,37.792392957859
4866,0,44.32295319257359,42.66752824852305
7706,1,23.089995725442297,24.084870435396624
5405,0,21.934666022848884,23.15232926949343
2337,0,23.535006948421792,22.06383251992575
7030,0,28.096275594381403,26.456466918887237
7461,0,37.66532257910059,38.83604738324064
9593,0,20.080142794024187,22.953154741095226
7649,0,26.392514279389673,25.581725392995228
1556,0,34.06700629754151,34.65338138972691
1949,0,17.682106588700883,19.6585144133566
2930,0,20.074274402248726,19.193299268544475
3243,0,28.73831688519271,30.491250567609566
370,0,27.384187424609614,26.221812161698086
3872,0,27.38708101914217,29.764792387731728
4003,0,28.052289180185888,25.324886427106204
3399,0,19.487955366255978,19.626668808312218
2409,0,27.473222889810984,27.741226390502074
5891,0,23.14130170543759,26.6611899010804
6165,0,20.57478957703138,20.796333100835394
3561,0,25.127164249180993,24.474640858955453
2444,0,21.06631934920415,22.274434254552986
9007,0,24.22678281466383,23.475227128370374
238,0,27.50571533468595,28.152580029464723
2023,0,23.952412748533657,22.815509287468434
3310,0,30.815062091690372,31.837447956829067
2910,0,32.65460996669641,32.795653708511416
2009,0,37.94919491159608,37.29278671106048
1350,0,31.102998544369605,31.919857699109315
363,0,28.48140513077809,26.418191575763768
3940,1,31.555640266498806,29.390238361575868
7327,0,25.013952097642044,23.84565935985864
3628,0,30.055143047779687,32.88344729521512
8274,0,26.478994107542345,27.15709677151286
3617,0,48.89689874610656,48.40895360167742
4952,0,24.11982132879027,23.356968132411527
8645,0,24.957556517870135,23.93674315121296
2495,0,25.91705207887611,25.224110661851626
9839,0,28.17045679643228,26.065389000071736
4596,0,22.617977217672056,23.65495307529238
9607,0,16.691719138225626,17.450542150438643
8643,0,22.027986709297213,22.477403972831944
7927,0,24.178759387617642,27.726990988280203
9343,0,27.526984980315657,26.205028718962907
8053,0,20.32590915516184,20.510426001367243
317,0,21.771700549490618,21.245959005722614
8196,0,29.683200154803124,28.395899703146785
4603,0,20.008148665081844,22.57526440051327
292,0,19.06738180481335,18.90636708078584
8905,0,45.2949491409942,44.0788759361958
9647,0,39.7265767718514,36.75485684551203
5429,0,31.621011501660735,32.70862139318766
4021,0,21.941373565626375,23.99314304732279
1371,0,27.822796371852224,29.824378487815945
1335,0,29.09086766363978,26.281909962039823
131,0,18.86364446385074,20.30023872432316
8839,0,26.413976867487126,28.383659637347193
7881,0,23.301444309506657,21.88409022136641
4790,0,20.9478405001523,21.17720421734841
7269,0,21.66447930960014,22.623180877534217
1314,0,27.977730149514862,27.63624820654789
2290,0,21.025994784347812,22.613761268200683
1520,0,22.141985685856415,21.834352701490268
5663,0,37.12016354428738,37.422866531174996
2692,0,17.075560250684525,17.930991763058568
4929,0,26.66117427891504,26.163197583067976
9481,0,29.81720689543844,35.33319931596018
6972,0,32.04902933354331,33.31392479220623
4828,0,17.10893834038496,17.833784560068068
2684,0,21.53927105546991,22.623678118193084
2574,0,26.78287074826045,29.198847230437515
2935,0,33.00980950808936,32.215979483596435
7253,0,20.035242963050248,19.911629477427557
3796,0,32.583144794299855,34.11037756608109
8758,0,28.893231506594454,26.61745435026884
6344,0,30.704212621331862,28.519707402957923
4156,0,27.620900973799543,29.493484384173012
9562,0,41.45088840894127,40.979491130330146
6713,0,30.791302430105972,29.06292500364871
3563,0,37.831937861696304,37.85930692442166
9062,0,21.438124426679227,22.458877801353616
8671,0,19.160320581361447,20.652195974188064
1306,0,44.65016531411124,47.705301002712886
144,0,20.087938071378748,21.157788639491798
8285,0,27.86983052813584,26.013279839335723
2657,0,17.757146442938808,18.016049666366413
8462,0,25.129422829294473,23.18998282409418
9487,0,26.760577705859607,28.026942185475495
441,0,17.160212115816236,17.64499058898811
3118,0,33.167358286127644,29.989789160041173
5922,0,34.6536896230405,31.158618577181677
6808,0,38.42462436849927,35.88381339543464
8144,0,25.636347520047316,26.163476618157183
7317,0,27.333638783471468,25.16098243942948
5097,0,29.66552654493105,30.97421807614724
248,0,25.74654170357179,24.847910197656567
4201,0,21.90026254330683,22.372867140775185
20,0,48.46081550243505,55.555138827432735
8427,0,20.00599663596453,20.0204505482895
5892,0,29.659660422001682,28.94366332751882
7657,0,22.65831477366381,22.209756187046782
6247,0,26.50816136407487,26.124010171793945
2793,0,19.572562302368148,19.11086932734499
9945,0,22.420972173198386,24.31253612197736
6073,0,18.313578510128192,19.564787346952674
7789,0,27.394349794898886,27.77459389898506
8333,1,25.77592524504405,25.830846165505815
1336,0,24.056940172713738,23.620784971057688
6137,0,37.56252837380527,38.821488883203635
3670,0,24.140801829724705,22.88589213461527
6946,0,19.189280840003565,20.60218928902627
1459,0,19.07782775896881,20.70173885830132
3798,0,26.127187519979376,24.840486740513942
757,0,22.63718835480269,22.725719786656153
8607,0,52.56678677740334,51.502250504268545
1902,0,20.32868456035863,19.83362699287245
9919,0,31.217503507597282,29.44781047948734
2472,0,18.682165528523033,19.544445397879567
7414,0,24.114129155263818,22.043184253534918
6795,0,27.147941397849422,29.652280392638048
6524,0,24.343667251031718,23.041918321464905
6835,0,26.205102316561575,25.690434340536996
9442,0,22.611156438736426,23.236002379765807
9509,0,20.433323919175063,19.098416480166524
3984,0,29.689447207339803,30.034922923525837
8474,0,24.104422260320526,23.391570065618122
1138,0,19.668466381355426,22.487609562643435
7798,0,23.161659375515185,22.7505585494105
7758,0,26.63255159197683,25.502728747935606
4720,0,20.184603608219337,20.286118299686233
3077,0,31.349728028697225,30.640771979636753
7011,0,24.900989630380614,25.792509705437823
4900,0,20.047587617733715,20.086736612474553
5456,0,21.896588059659795,23.21521692063528
6614,0,25.425035755228116,26.74986731287501
808,0,35.91683487953041,34.67675148534122
9965,0,27.023507421850418,29.84142945328582
5527,0,32.4698045538493,33.14462845830084
2988,0,26.788150520152243,25.246444282460207
2149,0,21.45190800914527,24.008656351873693
2326,0,28.482299003240964,27.096236531775304
2061,0,33.57416722909749,32.52687011206453
5630,0,36.778137289480426,37.37899274049985
5908,0,26.91383314011898,28.801400091374166
2983,0,23.165548851324967,22.360799874867812
4037,0,33.70482483282474,31.50551807139509
923,0,36.258958280749944,34.914496006456766
4888,0,32.18327280052944,30.260124092560716
689,0,34.819446507829234,36.5341083151289
3146,0,20.91399615076109,20.166762809320353
2996,0,20.425107348385687,20.188207921245013
9274,1,20.222302249631966,20.851273776426577
4476,0,21.702041994544096,22.958511309467372
9309,0,19.55170420595722,22.23064634013921
