row_index,split
0,train
1,test
2,train
3,train
4,test
5,test
6,test
7,test
8,train
9,test
10,train
11,test
12,train
13,test
14,train
15,test
16,train
17,train
18,test
19,train
20,test
21,train
22,test
23,test
24,test
25,train
26,test
27,train
28,train
29,test
30,test
31,train
32,train
33,train
34,train
35,train
36,train
37,test
38,train
39,train
40,test
41,train
42,test
43,train
44,test
45,train
46,train
47,test
48,train
49,train
50,train
51,train
52,train
53,train
54,train
55,test
56,train
57,test
58,test
59,train
60,train
61,train
62,train
63,test
64,train
65,train
66,train
67,test
68,train
69,test
70,test
71,train
72,train
73,train
74,train
75,test
76,train
77,test
78,train
79,train
80,test
81,test
82,train
83,train
84,train
85,train
86,train
87,train
88,train
89,train
90,train
91,train
92,test
93,train
94,train
95,train
96,train
97,test
98,train
99,train
100,test
101,test
102,train
103,train
104,train
105,train
106,train
107,train
108,test
109,train
110,train
111,train
112,train
113,train
114,train
115,train
116,train
117,train
118,test
119,test
120,test
121,train
122,train
123,train
124,train
125,train
126,test
127,train
128,test
129,test
130,train
131,test
132,test
133,test
134,train
135,train
136,test
137,test
138,train
139,train
140,train
141,test
142,test
143,train
144,test
145,test
146,train
147,train
148,train
149,train
150,test
151,train
152,train
153,test
154,test
155,train
156,train
157,train
158,train
159,test
160,test
161,test
162,train
163,train
164,test
165,test
166,train
167,test
168,test
169,test
170,train
171,test
172,train
173,train
174,train
175,train
176,train
177,train
178,train
179,test
180,train
181,train
182,train
183,train
184,train
185,train
186,train
187,train
188,test
189,train
190,train
191,train
192,train
193,test
194,train
195,test
196,test
197,train
198,train
199,test
200,train
201,train
202,train
203,test
204,train
205,train
206,test
207,test
208,test
209,train
210,test
211,train
212,test
213,test
214,train
215,train
216,train
217,train
218,train
219,train
220,test
221,train
222,train
223,train
224,train
225,train
226,train
227,train
228,train
229,train
230,train
231,test
232,test
233,test
234,train
235,train
236,train
237,test
238,train
239,train
240,test
241,train
242,test
243,test
244,test
245,test
246,test
247,train
248,train
249,train
250,test
251,train
252,test
253,train
254,train
255,test
256,train
257,train
258,train
259,test
260,test
261,train
262,train
263,train
264,train
265,train
266,train
267,test
268,test
269,train
270,test
271,train
272,test
273,test
274,test
275,test
276,train
277,train
278,test
279,train
280,test
281,train
282,test
283,train
284,test
285,train
286,test
287,train
288,test
289,train
290,test
291,test
292,test
293,train
294,train
295,test
296,test
297,test
298,train
299,train
300,train
301,test
302,train
303,test
304,test
305,train
306,train
307,train
308,test
309,train
310,train
311,train
312,train
313,train
314,train
315,test
316,train
317,train
318,train
319,train
320,test
321,train
322,test
323,test
324,train
325,train
326,train
327,test
328,train
329,train
330,train
331,train
332,train
333,test
334,train
335,test
336,train
337,train
338,test
339,test
340,train
341,train
342,train
343,test
344,train
345,train
346,train
347,train
348,train
349,train
350,train
351,train
352,test
353,train
354,test
355,train
356,train
357,train
358,train
359,train
360,train
361,test
362,train
363,test
364,test
365,test
366,test
367,train
368,test
369,train
370,train
371,train
372,train
373,train
374,train
375,test
376,train
377,train
378,train
379,train
380,test
381,test
382,test
383,train
384,test
385,test
386,test
387,test
388,test
389,train
390,train
391,train
392,test
393,test
394,train
395,test
396,train
397,test
398,train
399,train
400,test
401,train
402,train
403,train
404,train
405,test
406,train
407,test
408,train
409,test
410,train
411,train
412,train
413,test
414,test
415,test
416,train
417,train
418,test
419,test
420,train
421,train
422,test
423,test
424,train
425,train
426,train
427,test
428,test
429,test
430,test
431,test
432,train
433,train
434,test
435,train
436,train
437,test
438,test
439,train
440,train
441,train
442,test
443,train
444,test
445,train
446,train
447,train
448,test
449,test
450,train
451,train
452,test
453,test
454,train
455,train
456,train
457,test
458,train
459,train
460,train
461,train
462,test
463,train
464,train
465,train
466,test
467,test
468,test
469,train
470,test
471,train
472,train
473,train
474,test
475,train
476,train
477,train
478,train
479,train
480,test
481,train
482,train
483,test
484,train
485,test
486,test
487,test
488,train
489,train
490,train
491,test
492,train
493,test
494,train
495,train
496,train
497,test
498,train
499,train
500,train
501,train
502,test
503,test
504,train
505,train
506,train
507,train
508,train
509,test
510,test
511,train
512,train
513,test
514,train
515,train
516,train
517,train
518,test
519,train
520,train
521,train
522,train
523,train
524,train
525,train
526,train
527,train
528,train
529,test
530,train
531,train
532,test
533,test
534,train
535,test
536,train
537,train
538,train
539,train
540,train
541,train
542,train
543,test
544,train
545,test
546,test
547,train
548,train
549,train
550,test
551,test
552,test
553,test
554,test
555,train
556,test
557,test
558,test
559,test
560,train
561,train
562,test
563,train
564,train
565,train
566,train
567,train
568,train
569,train
570,test
571,test
572,train
573,test
574,train
575,test
576,test
577,train
578,train
579,test
580,test
581,train
582,train
583,train
584,train
585,train
586,test
587,train
588,train
589,train
590,test
591,test
592,train
593,test
594,test
595,train
596,test
597,train
598,train
599,train
600,train
601,train
602,train
603,train
604,train
605,test
606,train
607,test
608,test
609,train
610,test
611,test
612,train
613,train
614,test
615,train
616,test
617,test
618,train
619,test
620,train
621,train
622,train
623,train
624,test
625,train
626,train
627,test
628,test
629,train
630,test
631,train
632,test
633,train
634,test
635,train
636,train
637,test
638,train
639,train
640,train
641,train
642,train
643,test
644,train
645,test
646,train
647,test
648,test
649,test
650,train
651,test
652,train
653,test
654,train
655,train
656,train
657,train
658,train
659,train
660,test
661,train
662,train
663,train
664,train
665,train
666,train
667,train
668,train
669,train
670,test
671,test
672,test
673,test
674,train
675,test
676,test
677,train
678,train
679,test
680,test
681,train
682,train
683,train
684,train
685,train
686,test
687,test
688,train
689,train
690,test
691,train
692,test
693,train
694,train
695,train
696,train
697,test
698,train
699,train
700,test
701,test
702,test
703,train
704,test
705,train
706,train
707,test
708,test
709,test
710,train
711,test
712,train
713,test
714,train
715,train
716,train
717,train
718,train
719,train
720,train
721,train
722,train
723,train
724,train
725,train
726,train
727,test
728,test
729,test
730,test
731,test
732,train
733,train
734,test
735,train
736,train
737,train
738,test
739,train
740,test
741,test
742,test
743,train
744,train
745,test
746,test
747,train
748,train
749,train
750,test
751,train
752,train
753,train
754,test
755,train
756,train
757,train
758,test
759,test
760,test
761,test
762,test
763,train
764,train
765,train
766,train
767,train
768,test
769,train
770,train
771,test
772,test
773,test
774,test
775,test
776,train
777,test
778,train
779,train
780,train
781,train
782,test
783,train
784,train
785,train
786,train
787,train
788,train
789,train
790,train
791,train
792,train
793,train
794,train
795,test
796,train
797,test
798,train
799,train
800,train
801,train
802,test
803,train
804,train
805,train
806,train
807,train
808,test
809,train
810,test
811,train
812,train
813,train
814,train
815,test
816,test
817,test
818,test
819,test
820,test
821,train
822,train
823,test
824,train
825,train
826,test
827,train
828,test
829,test
830,train
831,train
832,test
833,test
834,train
835,train
836,test
837,train
838,train
839,train
840,test
841,test
842,test
843,train
844,train
845,train
846,test
847,train
848,train
849,train
850,train
851,train
852,train
853,train
854,test
855,train
856,test
857,train
858,train
859,train
860,train
861,train
862,train
863,train
864,train
865,test
866,train
867,train
868,test
869,test
870,test
871,train
872,train
873,test
874,test
875,test
876,test
877,test
878,test
879,train
880,test
881,train
882,train
883,test
884,train
885,test
886,train
887,train
888,train
889,test
890,train
891,train
892,test
893,test
894,train
895,train
896,train
897,train
898,test
899,test
900,train
901,train
902,train
903,test
904,test
905,train
906,test
907,test
908,test
909,train
910,train
911,train
912,train
913,test
914,train
915,train
916,train
917,test
918,train
919,train
920,train
921,test
922,train
923,train
924,train
925,train
926,train
927,test
928,train
929,train
930,test
931,test
932,test
933,train
934,test
935,train
936,train
937,train
938,test
939,train
940,train
941,test
942,test
943,train
944,test
945,train
946,train
947,test
948,test
949,train
950,test
951,test
952,train
953,train
954,train
955,test
956,test
957,train
958,test
959,train
960,train
961,test
962,test
963,train
964,train
965,test
966,test
967,train
968,train
969,test
970,train
971,train
972,train
973,test
974,test
975,test
976,test
977,train
978,test
979,train
980,test
981,test
982,test
983,train
984,train
985,train
986,test
987,test
988,test
989,train
990,train
991,test
992,train
993,train
994,test
995,test
996,train
997,train
998,test
999,train
1000,train
1001,train
1002,test
1003,test
1004,train
1005,train
1006,test
1007,train
1008,test
1009,train
1010,test
1011,test
1012,train
1013,test
1014,train
1015,test
1016,test
1017,test
1018,train
1019,train
1020,test
1021,train
1022,test
1023,test
1024,test
1025,train
1026,train
1027,test
1028,train
1029,train
1030,test
1031,train
1032,train
1033,train
1034,train
1035,train
1036,train
1037,test
1038,test
1039,train
1040,test
1041,train
1042,train
1043,train
1044,test
1045,train
1046,train
1047,train
1048,test
1049,test
1050,test
1051,test
1052,test
1053,test
1054,train
1055,train
1056,train
1057,train
1058,train
1059,train
1060,test
1061,train
1062,train
1063,test
1064,train
1065,test
1066,test
1067,train
1068,test
1069,train
1070,train
1071,train
1072,test
1073,train
1074,train
1075,train
1076,train
1077,test
1078,test
1079,train
1080,train
1081,test
1082,train
1083,test
1084,test
1085,test
1086,test
1087,test
1088,train
1089,train
1090,test
1091,train
1092,test
1093,train
1094,test
1095,train
1096,train
1097,test
1098,train
1099,test
1100,train
1101,train
1102,test
1103,train
1104,train
1105,train
1106,test
1107,train
1108,test
1109,train
1110,train
1111,test
1112,train
1113,train
1114,test
1115,train
1116,test
1117,train
1118,train
1119,test
1120,test
1121,train
1122,test
1123,train
1124,train
1125,train
1126,test
1127,train
1128,train
1129,train
1130,test
1131,test
1132,test
1133,train
1134,test
1135,test
1136,train
1137,test
1138,test
1139,test
1140,test
1141,train
1142,test
1143,test
1144,train
1145,test
1146,train
1147,train
1148,train
1149,train
1150,test
1151,train
1152,train
1153,test
1154,test
1155,test
1156,train
1157,train
1158,train
1159,test
1160,train
1161,train
1162,test
1163,test
1164,train
1165,test
1166,train
1167,train
1168,train
1169,train
1170,train
1171,train
1172,test
1173,test
1174,train
1175,test
1176,train
1177,train
1178,train
1179,train
1180,train
1181,test
1182,test
1183,test
1184,train
1185,train
1186,test
1187,train
1188,train
1189,train
1190,train
1191,train
1192,train
1193,train
1194,train
1195,train
1196,test
1197,train
1198,test
1199,train
1200,test
1201,test
1202,train
1203,train
1204,train
1205,train
1206,test
1207,train
1208,test
1209,test
1210,test
1211,train
1212,test
1213,test
1214,test
1215,test
1216,train
1217,test
1218,test
1219,train
1220,test
1221,train
1222,train
1223,train
1224,train
1225,train
1226,test
1227,train
1228,train
1229,test
1230,train
1231,train
1232,train
1233,train
1234,test
1235,train
1236,train
1237,train
1238,train
1239,test
1240,train
1241,train
1242,train
1243,train
1244,train
1245,train
1246,test
1247,train
1248,test
1249,train
1250,test
1251,train
1252,test
1253,train
1254,train
1255,train
1256,train
1257,train
1258,test
1259,test
1260,test
1261,train
1262,train
1263,train
1264,train
1265,test
1266,test
1267,train
1268,train
1269,train
1270,train
1271,test
1272,test
1273,train
1274,train
1275,train
1276,train
1277,train
1278,train
1279,test
1280,train
1281,train
1282,train
1283,test
1284,train
1285,train
1286,test
1287,test
1288,test
1289,test
1290,train
1291,train
1292,train
1293,train
1294,test
1295,test
1296,train
1297,train
1298,train
1299,test
1300,train
1301,train
1302,train
1303,train
1304,train
1305,train
1306,train
1307,train
1308,test
1309,test
1310,test
1311,train
1312,train
1313,test
1314,train
1315,train
1316,train
1317,train
1318,test
1319,test
1320,test
1321,test
1322,test
1323,test
1324,train
1325,test
1326,train
1327,test
1328,test
1329,test
1330,test
1331,test
1332,train
1333,train
1334,test
1335,train
1336,train
1337,train
1338,test
1339,test
1340,train
1341,train
1342,train
1343,train
1344,train
1345,train
1346,test
1347,test
1348,test
1349,test
1350,train
1351,test
1352,train
1353,train
1354,train
1355,train
1356,test
1357,test
1358,train
1359,test
1360,train
1361,train
1362,test
1363,test
1364,train
1365,train
1366,test
1367,test
1368,train
1369,test
1370,train
1371,train
1372,train
1373,test
1374,test
1375,train
1376,train
1377,train
1378,train
1379,test
1380,train
1381,train
1382,test
1383,test
1384,test
1385,train
1386,test
1387,test
1388,train
1389,test
1390,test
1391,test
1392,test
1393,train
1394,test
1395,test
1396,train
1397,train
1398,train
1399,test
1400,train
1401,train
1402,train
1403,train
1404,train
1405,train
1406,train
1407,test
1408,test
1409,test
1410,test
1411,train
1412,train
1413,train
1414,test
1415,train
1416,test
1417,train
1418,train
1419,test
1420,train
1421,train
1422,train
1423,train
1424,test
1425,test
1426,test
1427,train
1428,train
1429,train
1430,test
1431,test
1432,test
1433,train
1434,train
1435,train
1436,train
1437,test
1438,train
1439,train
1440,test
1441,train
1442,train
1443,train
1444,train
1445,train
1446,train
1447,train
1448,test
1449,test
1450,train
1451,test
1452,test
1453,train
1454,test
1455,train
1456,train
1457,train
1458,train
1459,train
1460,train
1461,train
1462,test
1463,test
1464,test
1465,train
1466,test
1467,test
1468,test
1469,train
1470,train
1471,train
1472,test
1473,test
1474,test
1475,test
1476,test
1477,train
1478,train
1479,train
1480,test
1481,test
1482,train
1483,train
1484,train
1485,test
1486,train
1487,train
1488,train
1489,train
1490,test
1491,test
1492,train
1493,train
1494,train
1495,test
1496,test
1497,train
1498,train
1499,train
1500,train
1501,train
1502,train
1503,train
1504,train
1505,train
1506,train
1507,train
1508,train
1509,test
1510,train
1511,train
1512,train
1513,train
1514,train
1515,test
1516,train
1517,train
1518,test
1519,train
1520,train
1521,train
1522,test
1523,train
1524,train
1525,train
1526,test
1527,test
1528,test
1529,test
1530,train
1531,train
1532,test
1533,train
1534,train
1535,test
1536,train
1537,test
1538,train
1539,train
1540,train
1541,train
1542,test
1543,train
1544,test
1545,train
1546,test
1547,train
1548,test
1549,test
1550,train
1551,test
1552,test
1553,train
1554,train
1555,test
1556,train
1557,train
1558,train
1559,train
1560,train
1561,train
1562,train
1563,test
1564,test
1565,train
1566,train
1567,test
1568,train
1569,train
1570,test
1571,train
1572,train
1573,test
1574,train
1575,test
1576,train
1577,train
1578,train
1579,train
1580,test
1581,train
1582,test
1583,train
1584,test
1585,test
1586,train
1587,test
1588,train
1589,train
1590,test
1591,train
1592,train
1593,train
1594,train
1595,train
1596,train
1597,train
1598,test
1599,train
1600,test
1601,train
1602,train
1603,train
1604,train
1605,train
1606,train
1607,test
1608,test
1609,test
1610,train
1611,test
1612,test
1613,test
1614,test
1615,test
1616,train
1617,train
1618,test
1619,test
1620,train
1621,test
1622,train
1623,train
1624,train
1625,train
1626,train
1627,test
1628,train
1629,train
1630,test
1631,train
1632,test
1633,train
1634,train
1635,train
1636,test
1637,train
1638,train
1639,test
1640,train
1641,train
1642,train
1643,train
1644,train
1645,train
1646,test
1647,test
1648,train
1649,train
1650,train
1651,train
1652,test
1653,train
1654,train
1655,train
1656,train
1657,train
1658,train
1659,test
1660,train
1661,train
1662,train
1663,test
1664,test
1665,test
1666,train
1667,train
1668,test
1669,test
1670,train
1671,test
1672,train
1673,test
1674,train
1675,train
1676,train
1677,test
1678,test
1679,train
1680,test
1681,test
1682,test
1683,train
1684,test
1685,train
1686,train
1687,test
1688,train
1689,train
1690,train
1691,train
1692,train
1693,train
1694,test
1695,test
1696,train
1697,test
1698,test
1699,train
1700,test
1701,train
1702,train
1703,test
1704,train
1705,train
1706,test
1707,train
1708,train
1709,train
1710,train
1711,train
1712,test
1713,train
1714,train
1715,test
1716,train
1717,test
1718,test
1719,train
1720,test
1721,test
1722,test
1723,train
1724,test
1725,train
1726,train
1727,test
1728,train
1729,test
1730,test
1731,test
1732,test
1733,test
1734,test
1735,test
1736,train
1737,train
1738,test
1739,test
1740,test
1741,train
1742,train
1743,test
1744,train
1745,train
1746,test
1747,train
1748,test
1749,train
1750,test
1751,train
1752,train
1753,train
1754,train
1755,test
1756,train
1757,train
1758,test
1759,test
1760,train
1761,train
1762,test
1763,test
1764,train
1765,train
1766,train
1767,train
1768,train
1769,test
1770,train
1771,train
1772,train
1773,test
1774,test
1775,train
1776,test
1777,test
1778,train
1779,train
1780,test
1781,test
1782,test
1783,train
1784,test
1785,train
1786,train
1787,test
1788,test
1789,train
1790,train
1791,train
1792,train
1793,test
1794,train
1795,train
1796,train
1797,test
1798,train
1799,train
1800,test
1801,train
1802,train
1803,test
1804,train
1805,test
1806,test
1807,train
1808,train
1809,test
1810,test
1811,train
1812,test
1813,test
1814,train
1815,train
1816,train
1817,train
1818,test
1819,train
1820,train
1821,train
1822,train
1823,test
1824,test
1825,train
1826,train
1827,train
1828,test
1829,train
1830,train
1831,test
1832,train
1833,train
1834,train
1835,test
1836,test
1837,test
1838,train
1839,train
1840,train
1841,train
1842,train
1843,train
1844,test
1845,train
1846,train
1847,train
1848,train
1849,train
1850,train
1851,test
1852,test
1853,train
1854,train
1855,test
1856,train
1857,train
1858,train
1859,test
1860,train
1861,test
1862,train
1863,test
1864,test
1865,test
1866,test
1867,train
1868,test
1869,test
1870,train
1871,train
1872,train
1873,test
1874,train
1875,train
1876,test
1877,train
1878,train
1879,train
1880,test
1881,train
1882,train
1883,train
1884,test
1885,train
1886,train
1887,train
1888,train
1889,train
1890,test
1891,train
1892,train
1893,train
1894,train
1895,test
1896,test
1897,train
1898,train
1899,train
1900,test
1901,test
1902,test
1903,test
1904,test
1905,test
1906,train
1907,test
1908,train
1909,test
1910,train
1911,train
1912,train
1913,train
1914,test
1915,test
1916,train
1917,test
1918,train
1919,test
1920,train
1921,test
1922,train
1923,train
1924,test
1925,train
1926,test
1927,train
1928,test
1929,train
1930,train
1931,test
1932,test
1933,test
1934,test
1935,train
1936,train
1937,train
1938,train
1939,train
1940,train
1941,test
1942,train
1943,test
1944,train
1945,train
1946,test
1947,test
1948,test
1949,train
1950,test
1951,test
1952,train
1953,train
1954,train
1955,train
1956,train
1957,test
1958,test
1959,test
1960,test
1961,test
1962,train
1963,train
1964,train
1965,train
1966,test
1967,train
1968,test
1969,train
1970,test
1971,test
1972,train
1973,test
1974,train
1975,train
1976,train
1977,train
1978,train
1979,train
1980,test
1981,train
1982,train
1983,train
1984,train
1985,train
1986,train
1987,train
1988,train
1989,test
1990,test
1991,train
1992,test
1993,train
1994,test
1995,train
1996,train
1997,train
1998,train
1999,train
2000,test
2001,test
2002,train
2003,test
2004,test
2005,test
2006,train
2007,train
2008,train
2009,test
2010,test
2011,train
2012,test
2013,train
2014,test
2015,test
2016,test
2017,train
2018,train
2019,test
2020,train
2021,test
2022,train
2023,train
2024,test
2025,train
2026,train
2027,train
2028,train
2029,train
2030,train
2031,train
2032,test
2033,train
2034,test
2035,train
2036,train
2037,test
2038,test
2039,test
2040,test
2041,test
2042,train
2043,train
2044,test
2045,train
2046,test
2047,test
2048,train
2049,train
2050,train
2051,train
2052,test
2053,train
2054,train
2055,test
2056,test
2057,test
2058,test
2059,test
2060,train
2061,train
2062,test
2063,train
2064,train
2065,test
2066,train
2067,train
2068,test
2069,test
2070,test
2071,train
2072,train
2073,train
2074,train
2075,train
2076,train
2077,test
2078,test
2079,test
2080,test
2081,train
2082,train
2083,train
2084,test
2085,train
2086,test
2087,test
2088,test
2089,train
2090,train
2091,test
2092,train
2093,train
2094,train
2095,train
2096,test
2097,test
2098,train
2099,train
2100,test
2101,test
2102,test
2103,train
2104,test
2105,test
2106,train
2107,test
2108,test
2109,test
2110,test
2111,test
2112,test
2113,train
2114,train
2115,test
2116,train
2117,train
2118,train
2119,test
2120,train
2121,test
2122,test
2123,test
2124,train
2125,test
2126,test
2127,test
2128,train
2129,train
2130,train
2131,train
2132,train
2133,test
2134,train
2135,train
2136,test
2137,train
2138,train
2139,test
2140,test
2141,train
2142,train
2143,train
2144,train
2145,test
2146,test
2147,train
2148,train
2149,train
2150,test
2151,train
2152,train
2153,test
2154,test
2155,train
2156,test
2157,test
2158,train
2159,test
2160,test
2161,test
2162,test
2163,test
2164,test
2165,train
2166,train
2167,test
2168,train
2169,test
2170,train
2171,train
2172,train
2173,test
2174,train
2175,test
2176,train
2177,test
2178,test
2179,test
2180,test
2181,train
2182,train
2183,train
2184,test
2185,test
2186,train
2187,test
2188,test
2189,train
2190,train
2191,train
2192,train
2193,test
2194,train
2195,train
2196,test
2197,train
2198,test
2199,test
2200,train
2201,test
2202,train
2203,train
2204,train
2205,test
2206,train
2207,test
2208,train
2209,train
2210,train
2211,test
2212,test
2213,train
2214,train
2215,train
2216,train
2217,test
2218,train
2219,train
2220,test
2221,test
2222,train
2223,train
2224,train
2225,train
2226,train
2227,train
2228,test
2229,train
2230,train
2231,test
2232,train
2233,train
2234,train
2235,train
2236,test
2237,train
2238,train
2239,train
2240,train
2241,test
2242,test
2243,train
2244,train
2245,train
2246,train
2247,train
2248,test
2249,train
2250,train
2251,train
2252,test
2253,train
2254,test
2255,test
2256,train
2257,test
2258,train
2259,test
2260,test
2261,train
2262,test
2263,train
2264,train
2265,train
2266,test
2267,test
2268,train
2269,train
2270,train
2271,test
2272,train
2273,train
2274,train
2275,train
2276,test
2277,train
2278,test
2279,test
2280,test
2281,train
2282,test
2283,train
2284,train
2285,train
2286,train
2287,train
2288,train
2289,train
2290,train
2291,test
2292,train
2293,test
2294,test
2295,train
2296,test
2297,train
2298,train
2299,train
2300,train
2301,test
2302,test
2303,train
2304,train
2305,train
2306,train
2307,train
2308,train
2309,test
2310,train
2311,test
2312,train
2313,test
2314,train
2315,test
2316,test
2317,test
2318,train
2319,test
2320,train
2321,train
2322,test
2323,train
2324,test
2325,train
2326,train
2327,test
2328,test
2329,test
2330,train
2331,train
2332,train
2333,train
2334,train
2335,test
2336,test
2337,train
2338,train
2339,train
2340,test
2341,train
2342,train
2343,test
2344,test
2345,train
2346,train
2347,train
2348,train
2349,test
2350,train
2351,train
2352,train
2353,train
2354,train
2355,test
2356,train
2357,train
2358,train
2359,train
2360,test
2361,train
2362,train
2363,train
2364,test
2365,train
2366,train
2367,test
2368,test
2369,test
2370,train
2371,train
2372,train
2373,train
2374,test
2375,train
2376,train
2377,train
2378,train
2379,train
2380,test
2381,train
2382,test
2383,test
2384,test
2385,train
2386,train
2387,train
2388,test
2389,train
2390,train
2391,train
2392,test
2393,train
2394,test
2395,train
2396,test
2397,test
2398,train
2399,train
2400,train
2401,test
2402,train
2403,train
2404,train
2405,test
2406,test
2407,test
2408,train
2409,test
2410,test
2411,train
2412,train
2413,test
2414,train
2415,train
2416,train
2417,test
2418,test
2419,train
2420,train
2421,test
2422,train
2423,test
2424,train
2425,test
2426,train
2427,train
2428,train
2429,train
2430,train
2431,train
2432,train
2433,train
2434,train
2435,test
2436,train
2437,test
2438,train
2439,test
2440,train
2441,train
2442,train
2443,test
2444,train
2445,train
2446,train
2447,train
2448,test
2449,train
2450,train
2451,test
2452,train
2453,test
2454,test
2455,test
2456,test
2457,train
2458,train
2459,train
2460,test
2461,train
2462,train
2463,test
2464,test
2465,test
2466,train
2467,train
2468,train
2469,test
2470,test
2471,test
2472,test
2473,train
2474,train
2475,train
2476,train
2477,train
2478,test
2479,train
2480,train
2481,test
2482,test
2483,train
2484,test
2485,test
2486,train
2487,train
2488,test
2489,test
2490,test
2491,train
2492,train
2493,train
2494,test
2495,test
2496,train
2497,test
2498,test
2499,train
2500,train
2501,train
2502,test
2503,train
2504,train
2505,train
2506,train
2507,test
2508,train
2509,train
2510,test
2511,train
2512,test
2513,test
2514,test
2515,test
2516,test
2517,test
2518,train
2519,train
2520,train
2521,train
2522,test
2523,train
2524,train
2525,train
2526,test
2527,test
2528,test
2529,test
2530,train
2531,train
2532,train
2533,test
2534,test
2535,train
2536,test
2537,train
2538,train
2539,train
2540,train
2541,test
2542,train
2543,train
2544,test
2545,train
2546,train
2547,train
2548,train
2549,test
2550,train
2551,train
2552,test
2553,train
2554,test
2555,test
2556,train
2557,train
2558,test
2559,test
2560,test
2561,test
2562,test
2563,test
2564,train
2565,train
2566,test
2567,train
2568,train
2569,train
2570,test
2571,train
2572,train
2573,train
2574,train
2575,test
2576,test
2577,test
2578,train
2579,train
2580,train
2581,train
2582,test
2583,train
2584,train
2585,train
2586,test
2587,train
2588,test
2589,train
2590,train
2591,train
2592,train
2593,test
2594,test
2595,test
2596,train
2597,train
2598,train
2599,train
2600,test
2601,train
2602,test
2603,test
2604,train
2605,train
2606,test
2607,train
2608,train
2609,test
2610,test
2611,train
2612,test
2613,train
2614,train
2615,test
2616,train
2617,train
2618,test
2619,train
2620,train
2621,train
2622,train
2623,train
2624,train
2625,train
2626,test
2627,test
2628,test
2629,test
2630,train
2631,test
2632,test
2633,train
2634,test
2635,test
2636,train
2637,train
2638,train
2639,test
2640,test
2641,train
2642,test
2643,train
2644,test
2645,test
2646,train
2647,train
2648,train
2649,test
2650,test
2651,train
2652,test
2653,train
2654,test
2655,train
2656,train
2657,train
2658,train
2659,test
2660,train
2661,train
2662,train
2663,test
2664,train
2665,train
2666,test
2667,test
2668,test
2669,test
2670,train
2671,test
2672,train
2673,train
2674,train
2675,train
2676,train
2677,test
2678,test
2679,train
2680,test
2681,train
2682,train
2683,test
2684,test
2685,test
2686,test
2687,train
2688,train
2689,train
2690,test
2691,train
2692,train
2693,train
2694,test
2695,test
2696,test
2697,test
2698,train
2699,test
2700,train
2701,test
2702,test
2703,test
2704,train
2705,train
2706,test
2707,test
2708,train
2709,train
2710,train
2711,train
2712,test
2713,train
2714,train
2715,train
2716,train
2717,test
2718,train
2719,train
2720,train
2721,train
2722,test
2723,train
2724,test
2725,train
2726,train
2727,train
2728,test
2729,train
2730,train
2731,test
2732,test
2733,train
2734,test
2735,train
2736,train
2737,train
2738,test
2739,train
2740,test
2741,train
2742,test
2743,train
2744,train
2745,test
2746,train
2747,test
2748,train
2749,test
2750,test
2751,train
2752,test
2753,train
2754,test
2755,test
2756,train
2757,train
2758,train
2759,train
2760,train
2761,train
2762,train
2763,train
2764,train
2765,train
2766,test
2767,test
2768,train
2769,train
2770,train
2771,train
2772,test
2773,test
2774,test
2775,train
2776,test
2777,test
2778,test
2779,test
2780,train
2781,test
2782,train
2783,test
2784,train
2785,train
2786,test
2787,train
2788,test
2789,train
2790,train
2791,train
2792,test
2793,train
2794,train
2795,train
2796,train
2797,train
2798,train
2799,train
2800,test
2801,test
2802,test
2803,test
2804,test
2805,train
2806,train
2807,train
2808,test
2809,train
2810,test
2811,train
2812,train
2813,train
2814,test
2815,test
2816,train
2817,test
2818,test
2819,train
2820,train
2821,train
2822,test
2823,test
2824,train
2825,test
2826,train
2827,train
2828,train
2829,train
2830,test
2831,test
2832,train
2833,train
2834,train
2835,train
2836,train
2837,train
2838,test
2839,test
2840,test
2841,test
2842,train
2843,train
2844,train
2845,train
2846,train
2847,test
2848,test
2849,train
2850,train
2851,train
2852,train
2853,test
2854,train
2855,test
2856,train
2857,test
2858,test
2859,test
2860,test
2861,train
2862,train
2863,test
2864,train
2865,test
2866,test
2867,test
2868,train
2869,test
2870,train
2871,test
2872,train
2873,train
2874,train
2875,train
2876,train
2877,test
2878,train
2879,test
2880,test
2881,train
2882,test
2883,train
2884,test
2885,test
2886,test
2887,train
2888,train
2889,test
2890,test
2891,test
2892,train
2893,test
2894,train
2895,test
2896,train
2897,train
2898,train
2899,test
2900,train
2901,train
2902,train
2903,train
2904,test
2905,train
2906,train
2907,train
2908,train
2909,train
2910,train
2911,train
2912,train
2913,train
2914,test
2915,test
2916,train
2917,train
2918,train
2919,test
2920,train
2921,test
2922,train
2923,train
2924,train
2925,train
2926,test
2927,test
2928,train
2929,test
2930,train
2931,train
2932,test
2933,test
2934,train
2935,train
2936,train
2937,test
2938,test
2939,train
2940,test
2941,train
2942,train
2943,train
2944,test
2945,train
2946,train
2947,test
2948,train
2949,train
2950,train
2951,train
2952,train
2953,test
2954,train
2955,test
2956,train
2957,test
2958,test
2959,train
2960,test
2961,train
2962,test
2963,train
2964,train
2965,test
2966,train
2967,test
2968,train
2969,train
2970,test
2971,train
2972,test
2973,test
2974,train
2975,train
2976,train
2977,test
2978,train
2979,test
2980,test
2981,test
2982,train
2983,test
2984,train
2985,train
2986,test
2987,test
2988,test
2989,train
2990,test
2991,train
2992,train
2993,test
2994,train
2995,train
2996,train
2997,test
2998,test
2999,train
3000,train
3001,test
3002,train
3003,train
3004,train
3005,test
3006,test
3007,train
3008,train
3009,train
3010,train
3011,train
3012,test
3013,train
3014,train
3015,test
3016,train
3017,train
3018,test
3019,train
3020,test
3021,test
3022,train
3023,train
3024,test
3025,train
3026,train
3027,test
3028,train
3029,train
3030,train
3031,train
3032,train
3033,train
3034,train
3035,train
3036,train
3037,train
3038,train
3039,test
3040,train
3041,test
3042,train
3043,train
3044,train
3045,train
3046,train
3047,test
3048,train
3049,test
3050,train
3051,train
3052,test
3053,train
3054,test
3055,train
3056,train
3057,train
3058,train
3059,train
3060,train
3061,test
3062,train
3063,test
3064,train
3065,train
3066,test
3067,train
3068,train
3069,train
3070,train
3071,train
3072,test
3073,test
3074,train
3075,train
3076,test
3077,test
3078,test
3079,train
3080,train
3081,train
3082,test
3083,train
3084,train
3085,test
3086,train
3087,train
3088,train
3089,train
3090,test
3091,train
3092,test
3093,train
3094,test
3095,train
3096,train
3097,train
3098,train
3099,train
3100,test
3101,test
3102,train
3103,train
3104,test
3105,test
3106,train
3107,test
3108,train
3109,train
3110,test
3111,test
3112,train
3113,test
3114,test
3115,train
3116,test
3117,test
3118,train
3119,test
3120,train
3121,train
3122,test
3123,train
3124,test
3125,train
3126,test
3127,test
3128,train
3129,train
3130,test
3131,test
3132,test
3133,train
3134,test
3135,test
3136,test
3137,train
3138,train
3139,test
3140,train
3141,train
3142,train
3143,train
3144,train
3145,test
3146,test
3147,train
3148,train
3149,test
3150,test
3151,train
3152,train
3153,train
3154,train
3155,test
3156,train
3157,train
3158,train
3159,train
3160,train
3161,test
3162,test
3163,train
3164,train
3165,train
3166,test
3167,train
3168,train
3169,train
3170,test
3171,train
3172,test
3173,train
3174,train
3175,train
3176,train
3177,test
3178,test
3179,train
3180,test
3181,train
3182,train
3183,train
3184,train
3185,train
3186,test
3187,test
3188,test
3189,test
3190,train
3191,train
3192,train
3193,train
3194,train
3195,test
3196,train
3197,train
3198,train
3199,train
3200,test
3201,test
3202,test
3203,train
3204,train
3205,train
3206,test
3207,train
3208,test
3209,train
3210,train
3211,train
3212,test
3213,test
3214,train
3215,test
3216,train
3217,test
3218,train
3219,train
3220,train
3221,train
3222,test
3223,train
3224,test
3225,train
3226,train
3227,train
3228,train
3229,test
3230,train
3231,test
3232,train
3233,train
3234,test
3235,test
3236,train
3237,train
3238,train
3239,train
3240,train
3241,train
3242,train
3243,test
3244,train
3245,test
3246,test
3247,train
3248,test
3249,train
3250,test
3251,train
3252,train
3253,train
3254,train
3255,test
3256,train
3257,train
3258,train
3259,test
3260,train
3261,test
3262,train
3263,train
3264,train
3265,train
3266,test
3267,train
3268,train
3269,train
3270,test
3271,train
3272,train
3273,train
3274,test
3275,train
3276,train
3277,test
3278,train
3279,train
3280,test
3281,train
3282,test
3283,train
3284,train
3285,train
3286,train
3287,test
3288,train
3289,train
3290,train
3291,train
3292,train
3293,train
3294,train
3295,train
3296,train
3297,test
3298,train
3299,test
3300,test
3301,test
3302,train
3303,test
3304,train
3305,test
3306,train
3307,train
3308,test
3309,train
3310,train
3311,test
3312,train
3313,train
3314,train
3315,train
3316,test
3317,train
3318,train
3319,test
3320,train
3321,test
3322,test
3323,train
3324,train
3325,train
3326,test
3327,train
3328,train
3329,train
3330,train
3331,test
3332,train
3333,train
3334,test
3335,test
3336,train
3337,train
3338,test
3339,test
3340,test
3341,train
3342,test
3343,test
3344,test
3345,test
3346,train
3347,train
3348,train
3349,train
3350,train
3351,test
3352,train
3353,test
3354,test
3355,test
3356,test
3357,test
3358,train
3359,train
3360,train
3361,train
3362,train
3363,test
3364,train
3365,test
3366,test
3367,train
3368,train
3369,train
3370,train
3371,train
3372,test
3373,train
3374,train
3375,train
3376,train
3377,train
3378,test
3379,train
3380,train
3381,train
3382,test
3383,test
3384,train
3385,train
3386,test
3387,train
3388,train
3389,test
3390,train
3391,test
3392,test
3393,test
3394,test
3395,train
3396,train
3397,test
3398,test
3399,test
3400,test
3401,train
3402,test
3403,test
3404,test
3405,train
3406,test
3407,train
3408,train
3409,test
3410,train
3411,test
3412,test
3413,test
3414,train
3415,train
3416,train
3417,test
3418,train
3419,test
3420,train
3421,train
3422,train
3423,test
3424,train
3425,train
3426,train
3427,train
3428,train
3429,test
3430,train
3431,train
3432,train
3433,train
3434,test
3435,train
3436,test
3437,test
3438,train
3439,train
3440,train
3441,test
3442,train
3443,test
3444,train
3445,test
3446,train
3447,train
3448,train
3449,train
3450,train
3451,train
3452,train
3453,train
3454,train
3455,train
3456,train
3457,test
3458,train
3459,train
3460,train
3461,test
3462,test
3463,train
3464,train
3465,test
3466,train
3467,train
3468,train
3469,train
3470,train
3471,test
3472,train
3473,test
3474,test
3475,train
3476,train
3477,test
3478,train
3479,train
3480,train
3481,train
3482,train
3483,test
3484,test
3485,train
3486,train
3487,train
3488,train
3489,train
3490,train
3491,train
3492,train
3493,train
3494,train
3495,test
3496,train
3497,train
3498,test
3499,train
3500,train
3501,test
3502,train
3503,train
3504,test
3505,test
3506,train
3507,train
3508,train
3509,test
3510,test
3511,train
3512,test
3513,test
3514,train
3515,train
3516,test
3517,test
3518,test
3519,test
3520,train
3521,train
3522,test
3523,train
3524,train
3525,test
3526,train
3527,train
3528,test
3529,train
3530,test
3531,train
3532,train
3533,test
3534,train
3535,test
3536,test
3537,train
3538,test
3539,test
3540,train
3541,train
3542,train
3543,train
3544,train
3545,test
3546,test
3547,train
3548,test
3549,test
3550,test
3551,test
3552,train
3553,test
3554,train
3555,train
3556,train
3557,test
3558,train
3559,train
3560,train
3561,test
3562,test
3563,train
3564,train
3565,train
3566,test
3567,test
3568,test
3569,train
3570,train
3571,test
3572,train
3573,train
3574,train
3575,test
3576,train
3577,train
3578,train
3579,train
3580,test
3581,train
3582,train
3583,train
3584,train
3585,train
3586,train
3587,train
3588,train
3589,train
3590,train
3591,test
3592,test
3593,test
3594,test
3595,test
3596,train
3597,test
3598,test
3599,test
3600,train
3601,test
3602,train
3603,train
3604,test
3605,test
3606,train
3607,test
3608,train
3609,test
3610,train
3611,test
3612,train
3613,train
3614,test
3615,test
3616,train
3617,train
3618,train
3619,test
3620,train
3621,train
3622,train
3623,train
3624,test
3625,train
3626,test
3627,test
3628,train
3629,test
3630,train
3631,test
3632,test
3633,test
3634,train
3635,train
3636,test
3637,train
3638,train
3639,train
3640,train
3641,test
3642,test
3643,train
3644,train
3645,train
3646,test
3647,train
3648,test
3649,train
3650,train
3651,test
3652,test
3653,train
3654,train
3655,train
3656,test
3657,train
3658,train
3659,train
3660,train
3661,train
3662,train
3663,train
3664,train
3665,test
3666,test
3667,train
3668,test
3669,test
3670,test
3671,train
3672,test
3673,train
3674,test
3675,train
3676,train
3677,test
3678,train
3679,train
3680,train
3681,test
3682,train
3683,train
3684,test
3685,train
3686,train
3687,test
3688,test
3689,train
3690,train
3691,test
3692,test
3693,train
3694,train
3695,train
3696,train
3697,test
3698,test
3699,train
3700,train
3701,train
3702,train
3703,train
3704,test
3705,test
3706,train
3707,test
3708,test
3709,train
3710,train
3711,train
3712,test
3713,test
3714,train
3715,train
3716,train
3717,train
3718,test
3719,test
3720,train
3721,train
3722,train
3723,train
3724,train
3725,train
3726,train
3727,train
3728,test
3729,test
3730,train
3731,test
3732,train
3733,train
3734,train
3735,test
3736,train
3737,train
3738,test
3739,test
3740,train
3741,test
3742,train
3743,test
3744,test
3745,train
3746,test
3747,test
3748,test
3749,train
3750,test
3751,train
3752,train
3753,train
3754,train
3755,train
3756,test
3757,train
3758,train
3759,train
3760,train
3761,test
3762,train
3763,train
3764,test
3765,train
3766,test
3767,train
3768,train
3769,test
3770,test
3771,test
3772,train
3773,test
3774,train
3775,train
3776,test
3777,train
3778,train
3779,test
3780,test
3781,test
3782,train
3783,test
3784,train
3785,test
3786,train
3787,test
3788,train
3789,test
3790,test
3791,test
3792,train
3793,test
3794,test
3795,train
3796,test
3797,test
3798,train
3799,train
3800,train
3801,train
3802,train
3803,train
3804,train
3805,test
3806,test
3807,train
3808,train
3809,train
3810,train
3811,train
3812,test
3813,train
3814,train
3815,train
3816,test
3817,test
3818,test
3819,test
3820,test
3821,test
3822,test
3823,test
3824,test
3825,test
3826,test
3827,test
3828,test
3829,train
3830,test
3831,train
3832,test
3833,train
3834,test
3835,train
3836,train
3837,train
3838,train
3839,test
3840,train
3841,test
3842,train
3843,test
3844,train
3845,test
3846,test
3847,train
3848,test
3849,train
3850,test
3851,train
3852,train
3853,train
3854,train
3855,train
3856,train
3857,test
3858,train
3859,train
3860,train
3861,test
3862,test
3863,train
3864,test
3865,test
3866,test
3867,test
3868,test
3869,train
3870,test
3871,test
3872,train
3873,test
3874,train
3875,test
3876,train
3877,train
3878,train
3879,test
3880,train
3881,train
3882,test
3883,test
3884,train
3885,train
3886,test
3887,test
3888,test
3889,test
3890,train
3891,test
3892,test
3893,test
3894,test
3895,test
3896,test
3897,train
3898,train
3899,test
3900,train
3901,train
3902,train
3903,test
3904,train
3905,test
3906,test
3907,test
3908,test
3909,train
3910,test
3911,train
3912,train
3913,test
3914,train
3915,train
3916,train
3917,train
3918,test
3919,test
3920,test
3921,test
3922,train
3923,test
3924,test
3925,train
3926,test
3927,train
3928,train
3929,test
3930,test
3931,test
3932,test
3933,train
3934,test
3935,test
3936,train
3937,train
3938,train
3939,test
3940,train
3941,train
3942,test
3943,test
3944,test
3945,train
3946,test
3947,train
3948,test
3949,train
3950,test
3951,train
3952,test
3953,train
3954,train
3955,train
3956,test
3957,test
3958,train
3959,test
3960,test
3961,train
3962,train
3963,test
3964,train
3965,train
3966,test
3967,train
3968,train
3969,train
3970,train
3971,test
3972,train
3973,train
3974,test
3975,train
3976,train
3977,test
3978,train
3979,train
3980,train
3981,train
3982,train
3983,train
3984,train
3985,train
3986,train
3987,test
3988,test
3989,train
3990,train
3991,test
3992,train
3993,test
3994,train
3995,train
3996,test
3997,test
3998,train
3999,train
4000,test
4001,train
4002,test
4003,train
4004,test
4005,train
4006,test
4007,train
4008,test
4009,test
4010,train
4011,test
4012,test
4013,test
4014,train
4015,test
4016,train
4017,train
4018,train
4019,test
4020,train
4021,train
4022,train
4023,test
4024,train
4025,train
4026,test
4027,train
4028,train
4029,train
4030,test
4031,test
4032,test
4033,test
4034,train
4035,train
4036,test
4037,train
4038,test
4039,train
4040,train
4041,train
4042,test
4043,test
4044,train
4045,train
4046,test
4047,train
4048,test
4049,train
4050,train
4051,test
4052,train
4053,test
4054,train
4055,train
4056,test
4057,test
4058,train
4059,test
4060,train
4061,train
4062,train
4063,test
4064,train
4065,test
4066,train
4067,train
4068,test
4069,test
4070,test
4071,train
4072,test
4073,test
4074,train
4075,train
4076,train
4077,train
4078,test
4079,test
4080,train
4081,test
4082,train
4083,train
4084,test
4085,train
4086,train
4087,train
4088,train
4089,test
4090,train
4091,train
4092,train
4093,train
4094,test
4095,train
4096,test
4097,train
4098,train
4099,train
4100,train
4101,test
4102,train
4103,test
4104,train
4105,test
4106,test
4107,train
4108,test
4109,train
4110,train
4111,train
4112,test
4113,train
4114,train
4115,train
4116,train
4117,test
4118,train
4119,test
4120,train
4121,train
4122,train
4123,test
4124,train
4125,test
4126,test
4127,train
4128,train
4129,test
4130,train
4131,test
4132,test
4133,train
4134,test
4135,train
4136,test
4137,train
4138,train
4139,train
4140,train
4141,train
4142,test
4143,train
4144,train
4145,test
4146,train
4147,test
4148,train
4149,train
4150,test
4151,train
4152,train
4153,train
4154,train
4155,train
4156,train
4157,train
4158,train
4159,test
4160,test
4161,train
4162,train
4163,train
4164,test
4165,test
4166,test
4167,train
4168,train
4169,train
4170,train
4171,test
4172,train
4173,test
4174,train
4175,test
4176,train
4177,train
4178,test
4179,train
4180,test
4181,train
4182,test
4183,train
4184,test
4185,train
4186,train
4187,train
4188,train
4189,train
4190,train
4191,test
4192,train
4193,train
4194,test
4195,test
4196,test
4197,train
4198,train
4199,train
4200,test
4201,train
4202,test
4203,train
4204,train
4205,train
4206,train
4207,test
4208,test
4209,test
4210,train
4211,train
4212,train
4213,train
4214,test
4215,test
4216,test
4217,train
4218,test
4219,test
4220,train
4221,train
4222,train
4223,train
4224,test
4225,train
4226,test
4227,train
4228,test
4229,train
4230,test
4231,test
4232,train
4233,test
4234,train
4235,train
4236,test
4237,train
4238,train
4239,train
4240,train
4241,train
4242,train
4243,test
4244,train
4245,train
4246,test
4247,test
4248,train
4249,train
4250,test
4251,train
4252,train
4253,train
4254,test
4255,test
4256,train
4257,train
4258,train
4259,test
4260,test
4261,train
4262,train
4263,train
4264,train
4265,train
4266,train
4267,train
4268,train
4269,train
4270,train
4271,train
4272,test
4273,train
4274,train
4275,train
4276,train
4277,test
4278,test
4279,test
4280,train
4281,train
4282,train
4283,test
4284,train
4285,test
4286,test
4287,train
4288,train
4289,train
4290,train
4291,train
4292,test
4293,train
4294,train
4295,test
4296,test
4297,train
4298,train
4299,train
4300,train
4301,test
4302,test
4303,test
4304,train
4305,train
4306,test
4307,train
4308,test
4309,test
4310,test
4311,train
4312,train
4313,train
4314,train
4315,train
4316,train
4317,train
4318,train
4319,train
4320,test
4321,train
4322,test
4323,train
4324,train
4325,train
4326,train
4327,test
4328,train
4329,test
4330,test
4331,test
4332,train
4333,train
4334,train
4335,train
4336,train
4337,train
4338,test
4339,train
4340,train
4341,train
4342,train
4343,train
4344,test
4345,test
4346,train
4347,test
4348,train
4349,train
4350,train
4351,test
4352,test
4353,test
4354,test
4355,train
4356,train
4357,train
4358,test
4359,test
4360,test
4361,test
4362,test
4363,test
4364,train
4365,train
4366,train
4367,test
4368,train
4369,test
4370,test
4371,test
4372,test
4373,train
4374,train
4375,test
4376,train
4377,train
4378,train
4379,train
4380,test
4381,test
4382,train
4383,train
4384,test
4385,train
4386,train
4387,train
4388,test
4389,test
4390,train
4391,train
4392,test
4393,train
4394,test
4395,test
4396,test
4397,train
4398,test
4399,test
4400,test
4401,train
4402,train
4403,test
4404,test
4405,test
4406,train
4407,train
4408,train
4409,train
4410,train
4411,train
4412,train
4413,train
4414,test
4415,train
4416,test
4417,test
4418,train
4419,train
4420,test
4421,train
4422,train
4423,test
4424,train
4425,test
4426,train
4427,train
4428,test
4429,test
4430,train
4431,test
4432,train
4433,train
4434,train
4435,test
4436,test
4437,train
4438,test
4439,train
4440,test
4441,train
4442,test
4443,train
4444,test
4445,train
4446,train
4447,train
4448,train
4449,test
4450,train
4451,test
4452,train
4453,test
4454,train
4455,test
4456,train
4457,train
4458,train
4459,test
4460,test
4461,test
4462,train
4463,train
4464,train
4465,train
4466,test
4467,train
4468,train
4469,train
4470,train
4471,train
4472,test
4473,test
4474,test
4475,test
4476,test
4477,test
4478,test
4479,train
4480,test
4481,train
4482,train
4483,train
4484,train
4485,test
4486,train
4487,train
4488,train
4489,test
4490,train
4491,test
4492,train
4493,train
4494,train
4495,test
4496,train
4497,train
4498,test
4499,test
4500,test
4501,train
4502,test
4503,train
4504,test
4505,train
4506,train
4507,test
4508,train
4509,train
4510,train
4511,test
4512,train
4513,train
4514,train
4515,test
4516,train
4517,train
4518,test
4519,train
4520,train
4521,train
4522,train
4523,test
4524,train
4525,train
4526,test
4527,train
4528,train
4529,test
4530,test
4531,train
4532,train
4533,train
4534,train
4535,train
4536,test
4537,train
4538,train
4539,train
4540,train
4541,train
4542,train
4543,test
4544,train
4545,train
4546,test
4547,train
4548,train
4549,test
4550,train
4551,train
4552,train
4553,train
4554,train
4555,train
4556,test
4557,train
4558,train
4559,test
4560,train
4561,train
4562,train
4563,train
4564,train
4565,test
4566,train
4567,train
4568,test
4569,train
4570,test
4571,train
4572,train
4573,train
4574,train
4575,test
4576,test
4577,test
4578,train
4579,test
4580,test
4581,train
4582,test
4583,test
4584,test
4585,test
4586,train
4587,train
4588,train
4589,train
4590,train
4591,train
4592,train
4593,train
4594,train
4595,train
4596,train
4597,train
4598,train
4599,test
4600,train
4601,test
4602,train
4603,train
4604,train
4605,test
4606,train
4607,train
4608,train
4609,test
4610,test
4611,test
4612,train
4613,train
4614,train
4615,train
4616,train
4617,train
4618,test
4619,train
4620,train
4621,test
4622,test
4623,train
4624,test
4625,test
4626,train
4627,train
4628,test
4629,train
4630,train
4631,train
4632,train
4633,train
4634,train
4635,test
4636,train
4637,train
4638,train
4639,train
4640,test
4641,train
4642,test
4643,train
4644,train
4645,test
4646,train
4647,train
4648,test
4649,train
4650,test
4651,test
4652,train
4653,train
4654,train
4655,test
4656,test
4657,test
4658,test
4659,train
4660,test
4661,train
4662,test
4663,train
4664,train
4665,test
4666,train
4667,train
4668,test
4669,test
4670,test
4671,train
4672,train
4673,train
4674,train
4675,test
4676,test
4677,train
4678,test
4679,test
4680,train
4681,train
4682,test
4683,train
4684,test
4685,test
4686,train
4687,train
4688,train
4689,train
4690,test
4691,train
4692,train
4693,test
4694,train
4695,train
4696,test
4697,train
4698,test
4699,train
4700,train
4701,test
4702,train
4703,train
4704,test
4705,train
4706,train
4707,test
4708,train
4709,test
4710,train
4711,train
4712,train
4713,test
4714,train
4715,train
4716,test
4717,train
4718,train
4719,test
4720,test
4721,test
4722,test
4723,test
4724,test
4725,test
4726,train
4727,test
4728,train
4729,test
4730,train
4731,train
4732,train
4733,train
4734,train
4735,train
4736,train
4737,train
4738,train
4739,train
4740,train
4741,train
4742,train
4743,train
4744,train
4745,train
4746,test
4747,test
4748,train
4749,train
4750,train
4751,train
4752,train
4753,test
4754,test
4755,train
4756,test
4757,train
4758,train
4759,train
4760,test
4761,test
4762,train
4763,train
4764,train
4765,train
4766,test
4767,train
4768,train
4769,train
4770,test
4771,train
4772,test
4773,test
4774,test
4775,test
4776,train
4777,test
4778,test
4779,train
4780,train
4781,test
4782,train
4783,train
4784,train
4785,test
4786,train
4787,train
4788,test
4789,train
4790,train
4791,train
4792,train
4793,test
4794,train
4795,test
4796,test
4797,train
4798,train
4799,test
4800,train
4801,test
4802,train
4803,test
4804,train
4805,train
4806,test
4807,test
4808,test
4809,test
4810,train
4811,train
4812,train
4813,test
4814,train
4815,test
4816,train
4817,train
4818,train
4819,test
4820,train
4821,train
4822,test
4823,train
4824,train
4825,train
4826,train
4827,test
4828,train
4829,train
4830,test
4831,test
4832,train
4833,train
4834,train
4835,train
4836,test
4837,train
4838,train
4839,train
4840,train
4841,train
4842,test
4843,test
4844,train
4845,train
4846,test
4847,test
4848,train
4849,train
4850,train
4851,train
4852,test
4853,train
4854,train
4855,train
4856,test
4857,train
4858,train
4859,train
4860,train
4861,test
4862,test
4863,train
4864,train
4865,train
4866,test
4867,train
4868,train
4869,train
4870,test
4871,test
4872,train
4873,train
4874,train
4875,train
4876,test
4877,test
4878,test
4879,train
4880,test
4881,train
4882,test
4883,train
4884,train
4885,test
4886,train
4887,test
4888,train
4889,test
4890,train
4891,train
4892,train
4893,test
4894,train
4895,train
4896,train
4897,test
4898,train
4899,train
4900,test
4901,test
4902,train
4903,train
4904,test
4905,test
4906,train
4907,train
4908,test
4909,test
4910,test
4911,test
4912,test
4913,train
4914,test
4915,test
4916,train
4917,test
4918,train
4919,test
4920,train
4921,train
4922,train
4923,train
4924,test
4925,train
4926,train
4927,train
4928,train
4929,train
4930,train
4931,train
4932,train
4933,train
4934,train
4935,test
4936,train
4937,test
4938,train
4939,train
4940,test
4941,test
4942,train
4943,train
4944,train
4945,train
4946,train
4947,train
4948,train
4949,train
4950,train
4951,test
4952,train
4953,train
4954,train
4955,train
4956,train
4957,test
4958,train
4959,train
4960,train
4961,train
4962,test
4963,test
4964,train
4965,test
4966,test
4967,test
4968,train
4969,train
4970,test
4971,test
4972,train
4973,test
4974,test
4975,test
4976,train
4977,train
4978,train
4979,test
4980,train
4981,test
4982,train
4983,train
4984,train
4985,train
4986,test
4987,test
4988,train
4989,train
4990,test
4991,train
4992,test
4993,train
4994,test
4995,test
4996,train
4997,train
4998,test
4999,test
5000,train
5001,test
5002,test
5003,train
5004,train
5005,test
5006,train
5007,train
5008,train
5009,train
5010,test
5011,train
5012,test
5013,train
5014,train
5015,train
5016,train
5017,test
5018,train
5019,train
5020,test
5021,test
5022,train
5023,train
5024,test
5025,test
5026,train
5027,train
5028,test
5029,train
5030,test
5031,train
5032,train
5033,train
5034,test
5035,train
5036,test
5037,train
5038,train
5039,train
5040,train
5041,test
5042,test
5043,train
5044,test
5045,test
5046,test
5047,train
5048,train
5049,train
5050,train
5051,test
5052,test
5053,test
5054,train
5055,train
5056,test
5057,test
5058,test
5059,train
5060,train
5061,train
5062,test
5063,train
5064,train
5065,train
5066,train
5067,train
5068,test
5069,train
5070,train
5071,train
5072,train
5073,train
5074,train
5075,train
5076,test
5077,train
5078,train
5079,train
5080,train
5081,test
5082,train
5083,test
5084,train
5085,test
5086,train
5087,test
5088,train
5089,test
5090,train
5091,test
5092,train
5093,train
5094,train
5095,train
5096,test
5097,train
5098,train
5099,test
5100,test
5101,train
5102,test
5103,train
5104,test
5105,test
5106,train
5107,train
5108,train
5109,test
5110,test
5111,test
5112,train
5113,train
5114,train
5115,train
5116,train
5117,test
5118,train
5119,train
5120,train
5121,test
5122,test
5123,train
5124,train
5125,train
5126,test
5127,test
5128,test
5129,test
5130,train
5131,test
5132,train
5133,train
5134,train
5135,test
5136,train
5137,test
5138,train
5139,train
5140,test
5141,test
5142,test
5143,train
5144,train
5145,test
5146,test
5147,train
5148,test
5149,train
5150,train
5151,test
5152,train
5153,train
5154,train
5155,train
5156,train
5157,train
5158,train
5159,test
5160,train
5161,train
5162,train
5163,test
5164,train
5165,test
5166,test
5167,test
5168,test
5169,train
5170,train
5171,test
5172,train
5173,test
5174,test
5175,train
5176,train
5177,train
5178,train
5179,train
5180,train
5181,train
5182,train
5183,test
5184,train
5185,train
5186,test
5187,train
5188,test
5189,test
5190,train
5191,test
5192,train
5193,test
5194,train
5195,train
5196,train
5197,train
5198,test
5199,test
5200,train
5201,test
5202,test
5203,test
5204,test
5205,train
5206,test
5207,train
5208,train
5209,train
5210,train
5211,train
5212,test
5213,train
5214,train
5215,test
5216,train
5217,test
5218,train
5219,train
5220,test
5221,train
5222,test
5223,train
5224,test
5225,train
5226,train
5227,test
5228,test
5229,train
5230,test
5231,train
5232,test
5233,train
5234,train
5235,test
5236,train
5237,train
5238,test
5239,train
5240,test
5241,train
5242,train
5243,train
5244,train
5245,train
5246,train
5247,test
5248,test
5249,train
5250,train
5251,train
5252,test
5253,train
5254,train
5255,train
5256,train
5257,train
5258,train
5259,test
5260,train
5261,test
5262,test
5263,test
5264,train
5265,test
5266,test
5267,train
5268,train
5269,test
5270,train
5271,test
5272,train
5273,train
5274,train
5275,train
5276,train
5277,test
5278,test
5279,train
5280,train
5281,train
5282,train
5283,train
5284,train
5285,train
5286,test
5287,test
5288,train
5289,train
5290,train
5291,test
5292,train
5293,test
5294,train
5295,train
5296,train
5297,train
5298,test
5299,test
5300,test
5301,train
5302,train
5303,train
5304,train
5305,test
5306,train
5307,train
5308,train
5309,test
5310,train
5311,train
5312,train
5313,test
5314,test
5315,train
5316,train
5317,test
5318,test
5319,test
5320,train
5321,train
5322,train
5323,train
5324,test
5325,train
5326,test
5327,train
5328,train
5329,test
5330,train
5331,test
5332,test
5333,train
5334,train
5335,train
5336,test
5337,train
5338,test
5339,train
5340,test
5341,test
5342,test
5343,train
5344,test
5345,train
5346,train
5347,test
5348,test
5349,test
5350,test
5351,test
5352,test
5353,train
5354,test
5355,train
5356,test
5357,train
5358,test
5359,test
5360,train
5361,train
5362,train
5363,train
5364,test
5365,train
5366,test
5367,train
5368,train
5369,test
5370,test
5371,train
5372,train
5373,test
5374,test
5375,test
5376,train
5377,train
5378,test
5379,train
5380,test
5381,test
5382,train
5383,train
5384,train
5385,train
5386,train
5387,test
5388,train
5389,test
5390,train
5391,test
5392,test
5393,train
5394,train
5395,test
5396,train
5397,train
5398,test
5399,train
5400,test
5401,train
5402,test
5403,train
5404,train
5405,test
5406,train
5407,test
5408,test
5409,train
5410,train
5411,train
5412,train
5413,train
5414,train
5415,test
5416,test
5417,train
5418,train
5419,train
5420,test
5421,train
5422,train
5423,train
5424,test
5425,train
5426,test
5427,test
5428,train
5429,test
5430,train
5431,train
5432,test
5433,train
5434,train
5435,train
5436,train
5437,train
5438,test
5439,train
5440,test
5441,train
5442,test
5443,test
5444,test
5445,test
5446,test
5447,train
5448,train
5449,test
5450,test
5451,train
5452,test
5453,train
5454,train
5455,test
5456,test
5457,train
5458,test
5459,train
5460,train
5461,test
5462,test
5463,train
5464,train
5465,train
5466,train
5467,test
5468,test
5469,train
5470,test
5471,train
5472,test
5473,train
5474,test
5475,test
5476,train
5477,train
5478,train
5479,train
5480,train
5481,train
5482,train
5483,train
5484,train
5485,test
5486,train
5487,test
5488,train
5489,test
5490,test
5491,train
5492,train
5493,train
5494,train
5495,train
5496,train
5497,test
5498,train
5499,test
5500,test
5501,train
5502,train
5503,test
5504,test
5505,test
5506,train
5507,train
5508,test
5509,train
5510,test
5511,test
5512,train
5513,train
5514,train
5515,train
5516,train
5517,test
5518,test
5519,test
5520,train
5521,test
5522,test
5523,train
5524,train
5525,train
5526,train
5527,test
5528,train
5529,train
5530,test
5531,train
5532,train
5533,train
5534,train
5535,train
5536,train
5537,train
5538,train
5539,train
5540,train
5541,train
5542,train
5543,train
5544,train
5545,train
5546,train
5547,test
5548,test
5549,train
5550,train
5551,train
5552,train
5553,test
5554,train
5555,train
5556,train
5557,train
5558,train
5559,train
5560,test
5561,train
5562,train
5563,train
5564,test
5565,train
5566,test
5567,train
5568,test
5569,train
5570,test
5571,train
5572,test
5573,train
5574,test
5575,test
5576,train
5577,train
5578,test
5579,test
5580,train
5581,train
5582,train
5583,train
5584,train
5585,test
5586,train
5587,train
5588,train
5589,test
5590,train
5591,train
5592,train
5593,test
5594,test
5595,train
5596,test
5597,train
5598,train
5599,train
5600,test
5601,train
5602,train
5603,test
5604,test
5605,train
5606,train
5607,train
5608,test
5609,test
5610,train
5611,train
5612,train
5613,train
5614,train
5615,test
5616,test
5617,test
5618,train
5619,test
5620,test
5621,test
5622,test
5623,train
5624,train
5625,test
5626,train
5627,test
5628,train
5629,train
5630,test
5631,train
5632,train
5633,train
5634,train
5635,train
5636,train
5637,train
5638,train
5639,train
5640,train
5641,train
5642,test
5643,train
5644,train
5645,test
5646,train
5647,test
5648,test
5649,test
5650,train
5651,train
5652,train
5653,train
5654,train
5655,test
5656,train
5657,train
5658,test
5659,train
5660,test
5661,train
5662,test
5663,train
5664,train
5665,test
5666,train
5667,test
5668,test
5669,test
5670,test
5671,train
5672,train
5673,train
5674,train
5675,train
5676,train
5677,test
5678,train
5679,train
5680,train
5681,train
5682,test
5683,train
5684,test
5685,test
5686,test
5687,train
5688,train
5689,test
5690,train
5691,test
5692,test
5693,train
5694,train
5695,train
5696,test
5697,train
5698,train
5699,test
5700,test
5701,train
5702,train
5703,train
5704,train
5705,test
5706,test
5707,train
5708,train
5709,test
5710,test
5711,train
5712,test
5713,train
5714,test
5715,train
5716,test
5717,train
5718,train
5719,test
5720,test
5721,train
5722,test
5723,train
5724,train
5725,test
5726,test
5727,test
5728,test
5729,train
5730,test
5731,train
5732,test
5733,train
5734,test
5735,train
5736,train
5737,train
5738,train
5739,train
5740,test
5741,train
5742,test
5743,train
5744,train
5745,train
5746,train
5747,test
5748,test
5749,train
5750,train
5751,test
5752,train
5753,train
5754,test
5755,test
5756,test
5757,train
5758,train
5759,test
5760,test
5761,test
5762,test
5763,train
5764,train
5765,test
5766,train
5767,train
5768,train
5769,test
5770,train
5771,train
5772,train
5773,test
5774,test
5775,train
5776,train
5777,test
5778,test
5779,train
5780,train
5781,train
5782,train
5783,train
5784,train
5785,test
5786,train
5787,train
5788,train
5789,test
5790,test
5791,test
5792,train
5793,test
5794,train
5795,train
5796,train
5797,train
5798,test
5799,train
5800,train
5801,train
5802,train
5803,test
5804,test
5805,test
5806,train
5807,train
5808,train
5809,train
5810,test
5811,train
5812,train
5813,train
5814,test
5815,test
5816,test
5817,train
5818,train
5819,test
5820,train
5821,test
5822,test
5823,test
5824,test
5825,train
5826,train
5827,test
5828,train
5829,test
5830,train
5831,train
5832,train
5833,train
5834,test
5835,train
5836,train
5837,train
5838,train
5839,test
5840,train
5841,train
5842,test
5843,test
5844,train
5845,train
5846,train
5847,train
5848,test
5849,train
5850,test
5851,train
5852,test
5853,test
5854,train
5855,test
5856,train
5857,train
5858,test
5859,test
5860,train
5861,train
5862,test
5863,train
5864,train
5865,train
5866,test
5867,train
5868,train
5869,test
5870,test
5871,train
5872,test
5873,train
5874,test
5875,test
5876,test
5877,train
5878,train
5879,train
5880,test
5881,train
5882,test
5883,train
5884,test
5885,train
5886,test
5887,train
5888,test
5889,train
5890,train
5891,test
5892,test
5893,train
5894,train
5895,train
5896,test
5897,train
5898,train
5899,train
5900,train
5901,train
5902,train
5903,train
5904,test
5905,test
5906,train
5907,test
5908,test
5909,test
5910,train
5911,test
5912,test
5913,test
5914,train
5915,train
5916,train
5917,train
5918,test
5919,train
5920,train
5921,train
5922,train
5923,train
5924,test
5925,train
5926,train
5927,train
5928,train
5929,train
5930,train
5931,test
5932,test
5933,test
5934,train
5935,test
5936,train
5937,train
5938,train
5939,train
5940,train
5941,train
5942,train
5943,train
5944,test
5945,test
5946,train
5947,test
5948,test
5949,train
5950,test
5951,train
5952,train
5953,train
5954,train
5955,train
5956,train
5957,test
5958,train
5959,test
5960,test
5961,test
5962,test
5963,train
5964,test
5965,train
5966,train
5967,test
5968,train
5969,train
5970,train
5971,train
5972,train
5973,test
5974,train
5975,train
5976,test
5977,train
5978,train
5979,train
5980,test
5981,test
5982,test
5983,test
5984,train
5985,train
5986,train
5987,train
5988,train
5989,test
5990,train
5991,test
5992,train
5993,train
5994,test
5995,train
5996,train
5997,test
5998,train
5999,train
6000,train
6001,train
6002,train
6003,train
6004,test
6005,train
6006,train
6007,train
6008,test
6009,test
6010,train
6011,train
6012,train
6013,train
6014,train
6015,test
6016,train
6017,train
6018,test
6019,train
6020,train
6021,train
6022,train
6023,train
6024,train
6025,test
6026,train
6027,test
6028,train
6029,train
6030,train
6031,train
6032,test
6033,train
6034,train
6035,train
6036,train
6037,test
6038,train
6039,test
6040,test
6041,train
6042,train
6043,train
6044,train
6045,test
6046,test
6047,test
6048,train
6049,train
6050,test
6051,train
6052,train
6053,test
6054,train
6055,test
6056,test
6057,train
6058,train
6059,train
6060,train
6061,test
6062,train
6063,test
6064,train
6065,train
6066,train
6067,test
6068,train
6069,test
6070,test
6071,test
6072,train
6073,test
6074,test
6075,test
6076,test
6077,train
6078,train
6079,train
6080,test
6081,test
6082,test
6083,test
6084,train
6085,train
6086,train
6087,test
6088,test
6089,train
6090,test
6091,train
6092,train
6093,train
6094,train
6095,test
6096,test
6097,train
6098,train
6099,test
6100,test
6101,test
6102,train
6103,train
6104,test
6105,test
6106,train
6107,test
6108,train
6109,test
6110,test
6111,train
6112,train
6113,train
6114,test
6115,train
6116,train
6117,train
6118,train
6119,train
6120,train
6121,train
6122,test
6123,train
6124,train
6125,train
6126,test
6127,test
6128,train
6129,train
6130,train
6131,train
6132,test
6133,train
6134,train
6135,train
6136,train
6137,train
6138,train
6139,train
6140,train
6141,train
6142,train
6143,train
6144,test
6145,test
6146,train
6147,train
6148,train
6149,train
6150,test
6151,train
6152,train
6153,train
6154,test
6155,test
6156,train
6157,train
6158,train
6159,test
6160,test
6161,train
6162,train
6163,train
6164,test
6165,train
6166,train
6167,test
6168,train
6169,train
6170,test
6171,test
6172,train
6173,train
6174,train
6175,train
6176,train
6177,test
6178,test
6179,train
6180,test
6181,test
6182,test
6183,train
6184,train
6185,train
6186,train
6187,test
6188,test
6189,train
6190,test
6191,test
6192,test
6193,test
6194,train
6195,test
6196,test
6197,train
6198,test
6199,train
6200,train
6201,test
6202,test
6203,test
6204,train
6205,train
6206,train
6207,test
6208,test
6209,train
6210,train
6211,train
6212,train
6213,train
6214,train
6215,test
6216,train
6217,test
6218,train
6219,test
6220,train
6221,test
6222,train
6223,test
6224,test
6225,test
6226,test
6227,train
6228,test
6229,test
6230,train
6231,train
6232,train
6233,train
6234,train
6235,test
6236,train
6237,test
6238,train
6239,train
6240,train
6241,train
6242,train
6243,train
6244,test
6245,train
6246,test
6247,train
6248,train
6249,test
6250,test
6251,test
6252,test
6253,train
6254,test
6255,train
6256,train
6257,test
6258,train
6259,train
6260,train
6261,train
6262,test
6263,train
6264,train
6265,test
6266,train
6267,train
6268,train
6269,test
6270,train
6271,train
6272,train
6273,train
6274,test
6275,train
6276,train
6277,train
6278,test
6279,test
6280,test
6281,test
6282,test
6283,train
6284,train
6285,train
6286,train
6287,test
6288,train
6289,test
6290,train
6291,test
6292,test
6293,train
6294,train
6295,train
6296,train
6297,train
6298,test
6299,train
6300,test
6301,test
6302,test
6303,train
6304,train
6305,test
6306,train
6307,train
6308,train
6309,train
6310,test
6311,train
6312,train
6313,train
6314,test
6315,test
6316,train
6317,train
6318,test
6319,test
6320,train
6321,test
6322,test
6323,train
6324,train
6325,train
6326,test
6327,test
6328,train
6329,test
6330,train
6331,test
6332,train
6333,train
6334,test
6335,train
6336,train
6337,test
6338,test
6339,test
6340,train
6341,test
6342,test
6343,train
6344,test
6345,train
6346,test
6347,train
6348,test
6349,train
6350,train
6351,test
6352,test
6353,test
6354,train
6355,train
6356,test
6357,train
6358,train
6359,train
6360,train
6361,train
6362,train
6363,test
6364,train
6365,train
6366,train
6367,test
6368,train
6369,test
6370,train
6371,train
6372,train
6373,train
6374,train
6375,train
6376,test
6377,train
6378,train
6379,test
6380,train
6381,train
6382,test
6383,train
6384,train
6385,train
6386,test
6387,test
6388,train
6389,train
6390,train
6391,train
6392,train
6393,test
6394,train
6395,test
6396,train
6397,train
6398,test
6399,train
6400,test
6401,test
6402,test
6403,test
6404,train
6405,test
6406,train
6407,train
6408,test
6409,train
6410,train
6411,test
6412,test
6413,test
6414,train
6415,train
6416,train
6417,train
6418,train
6419,train
6420,train
6421,train
6422,test
6423,test
6424,train
6425,train
6426,train
6427,train
6428,train
6429,test
6430,train
6431,test
6432,train
6433,train
6434,train
6435,train
6436,train
6437,train
6438,test
6439,test
6440,train
6441,test
6442,train
6443,test
6444,train
6445,train
6446,test
6447,test
6448,train
6449,test
6450,train
6451,test
6452,train
6453,train
6454,train
6455,train
6456,train
6457,test
6458,train
6459,train
6460,train
6461,test
6462,train
6463,train
6464,train
6465,train
6466,train
6467,train
6468,train
6469,test
6470,train
6471,test
6472,test
6473,test
6474,train
6475,test
6476,train
6477,train
6478,train
6479,test
6480,test
6481,train
6482,train
6483,train
6484,train
6485,train
6486,train
6487,train
6488,train
6489,train
6490,train
6491,train
6492,test
6493,test
6494,test
6495,test
6496,train
6497,train
6498,train
6499,test
6500,train
6501,train
6502,train
6503,train
6504,train
6505,train
6506,test
6507,train
6508,test
6509,train
6510,train
6511,train
6512,train
6513,train
6514,test
6515,test
6516,train
6517,test
6518,train
6519,train
6520,train
6521,test
6522,train
6523,train
6524,test
6525,train
6526,train
6527,train
6528,test
6529,train
6530,train
6531,test
6532,test
6533,train
6534,train
6535,train
6536,train
6537,test
6538,test
6539,test
6540,train
6541,test
6542,test
6543,train
6544,test
6545,test
6546,train
6547,test
6548,train
6549,train
6550,test
6551,test
6552,train
6553,train
6554,train
6555,train
6556,test
6557,train
6558,test
6559,train
6560,train
6561,train
6562,test
6563,train
6564,train
6565,train
6566,test
6567,train
6568,test
6569,test
6570,train
6571,test
6572,train
6573,train
6574,test
6575,train
6576,test
6577,train
6578,test
6579,test
6580,train
6581,test
6582,test
6583,train
6584,test
6585,train
6586,train
6587,test
6588,train
6589,test
6590,train
6591,train
6592,test
6593,train
6594,test
6595,test
6596,test
6597,test
6598,train
6599,train
6600,test
6601,test
6602,test
6603,test
6604,test
6605,test
6606,train
6607,test
6608,train
6609,test
6610,train
6611,test
6612,test
6613,test
6614,train
6615,train
6616,test
6617,test
6618,train
6619,train
6620,test
6621,test
6622,test
6623,test
6624,train
6625,train
6626,train
6627,train
6628,train
6629,train
6630,train
6631,test
6632,train
6633,test
6634,test
6635,test
6636,test
6637,train
6638,train
6639,test
6640,train
6641,test
6642,train
6643,train
6644,train
6645,train
6646,test
6647,test
6648,train
6649,train
6650,test
6651,train
6652,test
6653,train
6654,test
6655,train
6656,train
6657,train
6658,test
6659,train
6660,train
6661,test
6662,train
6663,test
6664,test
6665,test
6666,train
6667,train
6668,train
6669,train
6670,train
6671,train
6672,train
6673,test
6674,test
6675,train
6676,train
6677,test
6678,test
6679,train
6680,test
6681,train
6682,train
6683,test
6684,train
6685,test
6686,train
6687,train
6688,train
6689,train
6690,test
6691,train
6692,test
6693,test
6694,train
6695,train
6696,test
6697,train
6698,test
6699,test
6700,train
6701,test
6702,train
6703,test
6704,test
6705,train
6706,train
6707,test
6708,train
6709,test
6710,train
6711,train
6712,train
6713,train
6714,train
6715,train
6716,train
6717,train
6718,train
6719,test
6720,test
6721,train
6722,train
6723,test
6724,train
6725,test
6726,train
6727,test
6728,train
6729,test
6730,train
6731,train
6732,train
6733,train
6734,test
6735,train
6736,test
6737,train
6738,test
6739,test
6740,train
6741,train
6742,train
6743,test
6744,test
6745,train
6746,train
6747,train
6748,train
6749,train
6750,train
6751,train
6752,train
6753,test
6754,test
6755,test
6756,train
6757,test
6758,train
6759,test
6760,train
6761,train
6762,test
6763,train
6764,test
6765,train
6766,train
6767,train
6768,test
6769,test
6770,test
6771,train
6772,train
6773,test
6774,train
6775,train
6776,train
6777,train
6778,test
6779,train
6780,test
6781,test
6782,test
6783,train
6784,train
6785,test
6786,train
6787,train
6788,train
6789,test
6790,train
6791,train
6792,train
6793,test
6794,train
6795,test
6796,test
6797,test
6798,train
6799,test
6800,train
6801,train
6802,train
6803,test
6804,train
6805,test
6806,train
6807,train
6808,train
6809,train
6810,train
6811,test
6812,train
6813,train
6814,train
6815,test
6816,train
6817,test
6818,train
6819,train
6820,test
6821,train
6822,test
6823,test
6824,train
6825,train
6826,train
6827,train
6828,test
6829,train
6830,train
6831,train
6832,test
6833,train
6834,train
6835,test
6836,test
6837,train
6838,test
6839,train
6840,test
6841,test
6842,train
6843,train
6844,test
6845,train
6846,train
6847,train
6848,train
6849,test
6850,train
6851,train
6852,train
6853,test
6854,test
6855,test
6856,test
6857,test
6858,test
6859,test
6860,train
6861,test
6862,train
6863,train
6864,test
6865,test
6866,test
6867,test
6868,train
6869,train
6870,train
6871,test
6872,test
6873,test
6874,test
6875,test
6876,train
6877,test
6878,test
6879,train
6880,train
6881,test
6882,test
6883,train
6884,train
6885,train
6886,train
6887,test
6888,train
6889,train
6890,train
6891,test
6892,test
6893,train
6894,train
6895,test
6896,train
6897,train
6898,test
6899,train
6900,test
6901,test
6902,train
6903,train
6904,train
6905,test
6906,train
6907,train
6908,test
6909,train
6910,train
6911,train
6912,train
6913,test
6914,train
6915,test
6916,train
6917,train
6918,train
6919,train
6920,train
6921,test
6922,test
6923,train
6924,train
6925,test
6926,train
6927,train
6928,train
6929,test
6930,train
6931,train
6932,train
6933,test
6934,train
6935,test
6936,train
6937,test
6938,train
6939,test
6940,train
6941,train
6942,train
6943,test
6944,test
6945,train
6946,test
6947,test
6948,train
6949,test
6950,train
6951,test
6952,train
6953,test
6954,test
6955,train
6956,test
6957,train
6958,train
6959,train
6960,train
6961,train
6962,test
6963,test
6964,train
6965,train
6966,train
6967,train
6968,test
6969,train
6970,test
6971,train
6972,train
6973,test
6974,test
6975,train
6976,test
6977,train
6978,test
6979,train
6980,test
6981,test
6982,train
6983,test
6984,test
6985,train
6986,train
6987,train
6988,test
6989,train
6990,train
6991,test
6992,train
6993,test
6994,test
6995,test
6996,train
6997,train
6998,train
6999,test
7000,train
7001,test
7002,test
7003,train
7004,test
7005,train
7006,test
7007,test
7008,test
7009,train
7010,train
7011,train
7012,train
7013,test
7014,test
7015,test
7016,test
7017,test
7018,train
7019,test
7020,train
7021,train
7022,train
7023,test
7024,test
7025,train
7026,train
7027,train
7028,train
7029,train
7030,train
7031,test
7032,train
7033,train
7034,test
7035,train
7036,train
7037,test
7038,train
7039,train
7040,train
7041,train
7042,test
7043,train
7044,test
7045,train
7046,train
7047,train
7048,train
7049,test
7050,train
7051,test
7052,train
7053,train
7054,train
7055,test
7056,test
7057,train
7058,test
7059,train
7060,train
7061,train
7062,train
7063,test
7064,test
7065,train
7066,test
7067,train
7068,train
7069,train
7070,train
7071,train
7072,train
7073,train
7074,train
7075,test
7076,test
7077,train
7078,train
7079,train
7080,test
7081,test
7082,test
7083,train
7084,test
7085,test
7086,train
7087,train
7088,train
7089,train
7090,train
7091,train
7092,test
7093,test
7094,test
7095,train
7096,train
7097,test
7098,test
7099,test
7100,test
7101,train
7102,train
7103,train
7104,train
7105,train
7106,train
7107,train
7108,test
7109,test
7110,test
7111,train
7112,test
7113,test
7114,train
7115,train
7116,test
7117,train
7118,train
7119,test
7120,train
7121,train
7122,train
7123,test
7124,test
7125,train
7126,train
7127,test
7128,test
7129,test
7130,test
7131,test
7132,train
7133,train
7134,test
7135,test
7136,train
7137,train
7138,test
7139,train
7140,test
7141,train
7142,train
7143,test
7144,train
7145,train
7146,test
7147,test
7148,test
7149,train
7150,train
7151,test
7152,test
7153,train
7154,test
7155,test
7156,train
7157,test
7158,train
7159,train
7160,test
7161,test
7162,test
7163,train
7164,train
7165,train
7166,train
7167,test
7168,train
7169,train
7170,train
7171,train
7172,train
7173,test
7174,test
7175,train
7176,train
7177,train
7178,train
7179,test
7180,train
7181,train
7182,test
7183,test
7184,train
7185,test
7186,train
7187,train
7188,train
7189,train
7190,train
7191,train
7192,train
7193,train
7194,train
7195,train
7196,train
7197,test
7198,train
7199,train
7200,test
7201,train
7202,test
7203,train
7204,test
7205,train
7206,test
7207,train
7208,train
7209,train
7210,train
7211,train
7212,train
7213,test
7214,train
7215,train
7216,train
7217,train
7218,train
7219,test
7220,train
7221,train
7222,train
7223,test
7224,train
7225,train
7226,train
7227,train
7228,test
7229,train
7230,train
7231,train
7232,test
7233,test
7234,test
7235,test
7236,train
7237,train
7238,test
7239,train
7240,train
7241,train
7242,test
7243,test
7244,test
7245,test
7246,test
7247,test
7248,train
7249,train
7250,test
7251,train
7252,train
7253,train
7254,train
7255,train
7256,test
7257,test
7258,train
7259,test
7260,train
7261,train
7262,test
7263,test
7264,train
7265,train
7266,train
7267,train
7268,test
7269,test
7270,test
7271,train
7272,test
7273,test
7274,train
7275,train
7276,train
7277,test
7278,train
7279,train
7280,train
7281,test
7282,test
7283,train
7284,test
7285,train
7286,train
7287,train
7288,train
7289,test
7290,test
7291,test
7292,train
7293,test
7294,test
7295,test
7296,test
7297,test
7298,test
7299,train
7300,train
7301,test
7302,test
7303,train
7304,test
7305,train
7306,train
7307,train
7308,train
7309,test
7310,test
7311,train
7312,train
7313,test
7314,test
7315,test
7316,train
7317,test
7318,test
7319,test
7320,train
7321,train
7322,train
7323,test
7324,test
7325,train
7326,train
7327,test
7328,test
7329,test
7330,train
7331,train
7332,test
7333,test
7334,test
7335,train
7336,train
7337,train
7338,train
7339,test
7340,train
7341,test
7342,train
7343,train
7344,train
7345,train
7346,train
7347,train
7348,test
7349,test
7350,train
7351,train
7352,test
7353,test
7354,train
7355,test
7356,test
7357,test
7358,test
7359,test
7360,train
7361,test
7362,train
7363,test
7364,test
7365,train
7366,train
7367,test
7368,test
7369,train
7370,train
7371,train
7372,train
7373,test
7374,train
7375,test
7376,test
7377,train
7378,train
7379,train
7380,test
7381,test
7382,train
7383,test
7384,test
7385,test
7386,train
7387,train
7388,test
7389,train
7390,test
7391,test
7392,train
7393,train
7394,train
7395,test
7396,train
7397,train
7398,test
7399,train
7400,test
7401,train
7402,test
7403,test
7404,test
7405,train
7406,train
7407,train
7408,train
7409,test
7410,train
7411,test
7412,train
7413,train
7414,train
7415,test
7416,test
7417,train
7418,test
7419,train
7420,train
7421,test
7422,train
7423,train
7424,train
7425,test
7426,test
7427,test
7428,train
7429,test
7430,train
7431,test
7432,train
7433,train
7434,train
7435,test
7436,train
7437,train
7438,train
7439,test
7440,train
7441,train
7442,train
7443,test
7444,test
7445,train
7446,train
7447,train
7448,test
7449,train
7450,test
7451,test
7452,train
7453,train
7454,train
7455,train
7456,train
7457,train
7458,test
7459,test
7460,test
7461,train
7462,train
7463,test
7464,test
7465,train
7466,train
7467,train
7468,train
7469,test
7470,train
7471,test
7472,train
7473,train
7474,test
7475,train
7476,test
7477,test
7478,test
7479,test
7480,test
7481,test
7482,train
7483,test
7484,train
7485,test
7486,test
7487,test
7488,test
7489,train
7490,train
7491,train
7492,train
7493,train
7494,train
7495,train
7496,train
7497,train
7498,test
7499,train
7500,test
7501,test
7502,train
7503,test
7504,test
7505,test
7506,train
7507,train
7508,test
7509,test
7510,train
7511,train
7512,test
7513,test
7514,train
7515,train
7516,test
7517,test
7518,train
7519,test
7520,train
7521,train
7522,test
7523,test
7524,test
7525,train
7526,train
7527,train
7528,train
7529,test
7530,test
7531,train
7532,train
7533,test
7534,train
7535,test
7536,train
7537,test
7538,train
7539,test
7540,test
7541,train
7542,test
7543,train
7544,train
7545,test
7546,train
7547,train
7548,test
7549,train
7550,test
7551,train
7552,test
7553,train
7554,test
7555,test
7556,train
7557,test
7558,train
7559,test
7560,train
7561,test
7562,train
7563,test
7564,train
7565,train
7566,train
7567,train
7568,train
7569,train
7570,test
7571,train
7572,train
7573,test
7574,test
7575,test
7576,train
7577,train
7578,train
7579,train
7580,test
7581,test
7582,test
7583,train
7584,train
7585,test
7586,train
7587,train
7588,test
7589,train
7590,train
7591,train
7592,train
7593,test
7594,train
7595,train
7596,test
7597,train
7598,train
7599,train
7600,train
7601,test
7602,test
7603,test
7604,train
7605,train
7606,test
7607,train
7608,test
7609,test
7610,test
7611,train
7612,train
7613,train
7614,test
7615,test
7616,train
7617,train
7618,train
7619,train
7620,train
7621,train
7622,train
7623,test
7624,test
7625,train
7626,train
7627,train
7628,train
7629,train
7630,train
7631,train
7632,train
7633,train
7634,test
7635,test
7636,train
7637,train
7638,test
7639,train
7640,train
7641,train
7642,test
7643,test
7644,train
7645,train
7646,test
7647,test
7648,train
7649,test
7650,train
7651,train
7652,test
7653,train
7654,train
7655,train
7656,test
7657,test
7658,train
7659,test
7660,train
7661,train
7662,train
7663,test
7664,train
7665,train
7666,train
7667,test
7668,train
7669,test
7670,train
7671,test
7672,train
7673,test
7674,test
7675,train
7676,train
7677,train
7678,test
7679,train
7680,train
7681,train
7682,train
7683,train
7684,test
7685,test
7686,train
7687,test
7688,test
7689,test
7690,train
7691,train
7692,test
7693,train
7694,train
7695,train
7696,train
7697,train
7698,train
7699,test
7700,test
7701,train
7702,test
7703,test
7704,train
7705,train
7706,test
7707,test
7708,train
7709,test
7710,train
7711,train
7712,test
7713,train
7714,train
7715,train
7716,train
7717,test
7718,test
7719,train
7720,train
7721,train
7722,train
7723,train
7724,test
7725,test
7726,train
7727,test
7728,train
7729,train
7730,train
7731,test
7732,test
7733,train
7734,train
7735,test
7736,train
7737,train
7738,train
7739,train
7740,train
7741,train
7742,train
7743,test
7744,test
7745,train
7746,train
7747,test
7748,train
7749,test
7750,test
7751,train
7752,train
7753,test
7754,train
7755,train
7756,train
7757,test
7758,train
7759,train
7760,test
7761,test
7762,test
7763,test
7764,train
7765,test
7766,test
7767,test
7768,train
7769,test
7770,test
7771,train
7772,test
7773,test
7774,test
7775,test
7776,train
7777,train
7778,test
7779,train
7780,test
7781,test
7782,test
7783,train
7784,train
7785,train
7786,test
7787,test
7788,test
7789,train
7790,test
7791,test
7792,test
7793,train
7794,train
7795,train
7796,train
7797,test
7798,train
7799,test
7800,test
7801,train
7802,test
7803,test
7804,train
7805,train
7806,test
7807,test
7808,test
7809,train
7810,train
7811,train
7812,train
7813,train
7814,test
7815,test
7816,train
7817,train
7818,train
7819,test
7820,train
7821,test
7822,test
7823,test
7824,train
7825,test
7826,train
7827,train
7828,test
7829,train
7830,train
7831,test
7832,train
7833,train
7834,train
7835,train
7836,train
7837,test
7838,test
7839,test
7840,test
7841,train
7842,train
7843,train
7844,train
7845,train
7846,train
7847,train
7848,test
7849,train
7850,test
7851,train
7852,test
7853,train
7854,test
7855,train
7856,train
7857,train
7858,test
7859,test
7860,train
7861,train
7862,train
7863,train
7864,train
7865,test
7866,train
7867,test
7868,train
7869,test
7870,train
7871,train
7872,test
7873,train
7874,train
7875,test
7876,test
7877,test
7878,test
7879,train
7880,test
7881,train
7882,train
7883,test
7884,train
7885,train
7886,train
7887,train
7888,train
7889,test
7890,train
7891,train
7892,test
7893,train
7894,train
7895,test
7896,train
7897,test
7898,train
7899,test
7900,train
7901,test
7902,train
7903,train
7904,train
7905,test
7906,train
7907,train
7908,test
7909,train
7910,train
7911,train
7912,test
7913,train
7914,train
7915,test
7916,train
7917,test
7918,test
7919,train
7920,train
7921,train
7922,train
7923,train
7924,test
7925,train
7926,train
7927,test
7928,test
7929,train
7930,train
7931,test
7932,train
7933,train
7934,test
7935,train
7936,train
7937,test
7938,train
7939,train
7940,train
7941,test
7942,train
7943,test
7944,test
7945,test
7946,test
7947,train
7948,test
7949,train
7950,test
7951,test
7952,train
7953,train
7954,test
7955,train
7956,train
7957,train
7958,train
7959,train
7960,test
7961,train
7962,train
7963,train
7964,test
7965,test
7966,test
7967,test
7968,train
7969,train
7970,train
7971,train
7972,test
7973,train
7974,train
7975,test
7976,test
7977,train
7978,train
7979,test
7980,test
7981,test
7982,test
7983,test
7984,train
7985,train
7986,train
7987,train
7988,test
7989,train
7990,train
7991,train
7992,train
7993,train
7994,train
7995,train
7996,test
7997,train
7998,train
7999,test
8000,train
8001,train
8002,train
8003,train
8004,train
8005,train
8006,train
8007,train
8008,train
8009,test
8010,train
8011,test
8012,train
8013,train
8014,test
8015,train
8016,test
8017,test
8018,test
8019,test
8020,test
8021,train
8022,test
8023,test
8024,test
8025,train
8026,test
8027,train
8028,train
8029,train
8030,train
8031,train
8032,train
8033,train
8034,train
8035,test
8036,train
8037,test
8038,train
8039,test
8040,train
8041,test
8042,test
8043,train
8044,test
8045,test
8046,train
8047,train
8048,test
8049,train
8050,test
8051,test
8052,train
8053,train
8054,train
8055,train
8056,train
8057,train
8058,train
8059,train
8060,train
8061,train
8062,test
8063,test
8064,train
8065,train
8066,train
8067,train
8068,train
8069,test
8070,test
8071,test
8072,train
8073,train
8074,train
8075,train
8076,test
8077,train
8078,train
8079,test
8080,test
8081,train
8082,train
8083,test
8084,test
8085,train
8086,train
8087,train
8088,test
8089,test
8090,test
8091,test
8092,train
8093,train
8094,train
8095,train
8096,train
8097,train
8098,train
8099,test
8100,test
8101,train
8102,train
8103,train
8104,train
8105,test
8106,train
8107,train
8108,test
8109,train
8110,test
8111,test
8112,test
8113,test
8114,train
8115,train
8116,test
8117,test
8118,train
8119,test
8120,test
8121,test
8122,train
8123,test
8124,test
8125,train
8126,train
8127,train
8128,test
8129,test
8130,train
8131,test
8132,test
8133,train
8134,test
8135,train
8136,test
8137,test
8138,train
8139,train
8140,test
8141,train
8142,test
8143,train
8144,train
8145,test
8146,test
8147,train
8148,test
8149,train
8150,test
8151,train
8152,test
8153,train
8154,test
8155,train
8156,train
8157,train
8158,train
8159,train
8160,train
8161,test
8162,train
8163,train
8164,train
8165,test
8166,train
8167,train
8168,train
8169,test
8170,train
8171,test
8172,test
8173,train
8174,test
8175,train
8176,train
8177,test
8178,train
8179,test
8180,test
8181,train
8182,test
8183,test
8184,train
8185,train
8186,test
8187,test
8188,train
8189,train
8190,train
8191,train
8192,test
8193,test
8194,test
8195,train
8196,train
8197,train
8198,train
8199,train
8200,test
8201,train
8202,train
8203,test
8204,test
8205,test
8206,test
8207,train
8208,test
8209,test
8210,test
8211,train
8212,train
8213,train
8214,test
8215,train
8216,train
8217,test
8218,train
8219,train
8220,train
8221,test
8222,test
8223,train
8224,train
8225,train
8226,train
8227,train
8228,test
8229,train
8230,train
8231,train
8232,test
8233,train
8234,test
8235,test
8236,train
8237,test
8238,test
8239,train
8240,train
8241,train
8242,train
8243,train
8244,train
8245,train
8246,train
8247,test
8248,train
8249,test
8250,train
8251,train
8252,test
8253,train
8254,test
8255,train
8256,train
8257,train
8258,train
8259,train
8260,train
8261,train
8262,test
8263,test
8264,train
8265,test
8266,train
8267,test
8268,test
8269,test
8270,train
8271,train
8272,test
8273,train
8274,test
8275,train
8276,train
8277,train
8278,train
8279,train
8280,train
8281,train
8282,train
8283,test
8284,test
8285,train
8286,test
8287,train
8288,train
8289,train
8290,train
8291,train
8292,test
8293,train
8294,test
8295,test
8296,train
8297,test
8298,test
8299,train
8300,train
8301,test
8302,test
8303,train
8304,train
8305,test
8306,train
8307,test
8308,train
8309,train
8310,train
8311,test
8312,test
8313,test
8314,test
8315,train
8316,test
8317,train
8318,train
8319,test
8320,test
8321,test
8322,train
8323,train
8324,test
8325,train
8326,train
8327,test
8328,test
8329,train
8330,train
8331,train
8332,train
8333,train
8334,train
8335,train
8336,train
8337,train
8338,train
8339,train
8340,train
8341,train
8342,train
8343,train
8344,train
8345,test
8346,train
8347,train
8348,test
8349,train
8350,test
8351,train
8352,test
8353,test
8354,train
8355,train
8356,train
8357,test
8358,train
8359,train
8360,train
8361,train
8362,test
8363,train
8364,train
8365,test
8366,train
8367,test
8368,test
8369,train
8370,test
8371,train
8372,test
8373,train
8374,train
8375,train
8376,train
8377,test
8378,train
8379,test
8380,test
8381,train
8382,train
8383,test
8384,train
8385,train
8386,test
8387,test
8388,train
8389,test
8390,train
8391,train
8392,train
8393,test
8394,train
8395,test
8396,train
8397,test
8398,train
8399,test
8400,train
8401,test
8402,train
8403,test
8404,test
8405,train
8406,test
8407,train
8408,train
8409,test
8410,test
8411,test
8412,train
8413,test
8414,test
8415,test
8416,test
8417,train
8418,test
8419,test
8420,train
8421,test
8422,train
8423,test
8424,test
8425,train
8426,train
8427,test
8428,train
8429,train
8430,train
8431,train
8432,train
8433,train
8434,test
8435,train
8436,train
8437,train
8438,train
8439,test
8440,test
8441,train
8442,train
8443,test
8444,train
8445,test
8446,train
8447,train
8448,train
8449,test
8450,test
8451,test
8452,test
8453,train
8454,test
8455,train
8456,train
8457,train
8458,test
8459,test
8460,test
8461,test
8462,test
8463,test
8464,train
8465,test
8466,test
8467,train
8468,train
8469,train
8470,test
8471,test
8472,train
8473,train
8474,test
8475,train
8476,train
8477,train
8478,test
8479,train
8480,test
8481,train
8482,train
8483,test
8484,train
8485,test
8486,train
8487,test
8488,train
8489,test
8490,test
8491,train
8492,train
8493,test
8494,train
8495,test
8496,test
8497,train
8498,train
8499,train
8500,test
8501,train
8502,train
8503,train
8504,test
8505,test
8506,train
8507,train
8508,train
8509,train
8510,train
8511,train
8512,test
8513,train
8514,train
8515,train
8516,train
8517,train
8518,train
8519,train
8520,test
8521,train
8522,test
8523,train
8524,test
8525,train
8526,test
8527,train
8528,test
8529,test
8530,test
8531,train
8532,test
8533,train
8534,test
8535,test
8536,train
8537,test
8538,train
8539,test
8540,test
8541,train
8542,train
8543,train
8544,test
8545,train
8546,test
8547,train
8548,train
8549,train
8550,test
8551,train
8552,train
8553,train
8554,test
8555,test
8556,train
8557,train
8558,train
8559,train
8560,test
8561,test
8562,test
8563,test
8564,test
8565,train
8566,train
8567,test
8568,train
8569,train
8570,train
8571,test
8572,train
8573,train
8574,train
8575,test
8576,test
8577,test
8578,test
8579,train
8580,train
8581,test
8582,test
8583,test
8584,test
8585,test
8586,train
8587,test
8588,train
8589,train
8590,train
8591,test
8592,train
8593,train
8594,test
8595,test
8596,train
8597,train
8598,train
8599,train
8600,train
8601,test
8602,test
8603,test
8604,train
8605,test
8606,train
8607,train
8608,train
8609,train
8610,train
8611,train
8612,test
8613,train
8614,train
8615,train
8616,test
8617,train
8618,test
8619,test
8620,test
8621,train
8622,train
8623,test
8624,test
8625,test
8626,test
8627,train
8628,test
8629,train
8630,test
8631,train
8632,test
8633,test
8634,train
8635,train
8636,test
8637,train
8638,test
8639,train
8640,train
8641,train
8642,test
8643,train
8644,test
8645,test
8646,train
8647,test
8648,train
8649,train
8650,train
8651,train
8652,test
8653,train
8654,train
8655,train
8656,test
8657,train
8658,test
8659,train
8660,test
8661,test
8662,test
8663,train
8664,test
8665,train
8666,train
8667,train
8668,test
8669,test
8670,train
8671,test
8672,train
8673,train
8674,test
8675,train
8676,test
8677,train
8678,train
8679,train
8680,train
8681,train
8682,test
8683,test
8684,test
8685,test
8686,train
8687,train
8688,train
8689,test
8690,train
8691,train
8692,train
8693,train
8694,train
8695,train
8696,train
8697,train
8698,test
8699,test
8700,test
8701,train
8702,test
8703,test
8704,train
8705,test
8706,test
8707,train
8708,test
8709,train
8710,train
8711,test
8712,test
8713,train
8714,test
8715,test
8716,train
8717,test
8718,train
8719,test
8720,train
8721,test
8722,train
8723,train
8724,train
8725,test
8726,train
8727,train
8728,train
8729,train
8730,train
8731,test
8732,train
8733,test
8734,train
8735,train
8736,test
8737,train
8738,train
8739,test
8740,train
8741,test
8742,test
8743,test
8744,test
8745,test
8746,train
8747,test
8748,train
8749,test
8750,train
8751,train
8752,train
8753,train
8754,test
8755,test
8756,train
8757,train
8758,test
8759,train
8760,train
8761,train
8762,test
8763,train
8764,test
8765,train
8766,train
8767,train
8768,test
8769,train
8770,train
8771,train
8772,test
8773,test
8774,test
8775,test
8776,train
8777,test
8778,train
8779,train
8780,test
8781,train
8782,train
8783,train
8784,train
8785,test
8786,train
8787,train
8788,train
8789,test
8790,train
8791,test
8792,test
8793,train
8794,test
8795,train
8796,train
8797,test
8798,train
8799,train
8800,train
8801,test
8802,test
8803,test
8804,train
8805,train
8806,train
8807,test
8808,test
8809,test
8810,train
8811,train
8812,train
8813,test
8814,test
8815,train
8816,train
8817,train
8818,test
8819,train
8820,train
8821,train
8822,test
8823,train
8824,test
8825,train
8826,train
8827,train
8828,train
8829,train
8830,test
8831,train
8832,test
8833,test
8834,test
8835,train
8836,train
8837,train
8838,test
8839,train
8840,train
8841,test
8842,train
8843,train
8844,train
8845,train
8846,train
8847,test
8848,test
8849,train
8850,train
8851,train
8852,test
8853,train
8854,train
8855,train
8856,train
8857,test
8858,test
8859,train
8860,test
8861,train
8862,train
8863,train
8864,train
8865,train
8866,test
8867,test
8868,train
8869,test
8870,train
8871,test
8872,test
8873,train
8874,test
8875,train
8876,train
8877,train
8878,train
8879,test
8880,test
8881,train
8882,train
8883,test
8884,test
8885,train
8886,train
8887,test
8888,test
8889,test
8890,train
8891,test
8892,train
8893,train
8894,test
8895,train
8896,test
8897,train
8898,test
8899,train
8900,train
8901,test
8902,test
8903,train
8904,test
8905,train
8906,train
8907,train
8908,train
8909,train
8910,train
8911,train
8912,train
8913,train
8914,train
8915,test
8916,train
8917,train
8918,train
8919,train
8920,test
8921,train
8922,test
8923,test
8924,train
8925,test
8926,train
8927,test
8928,test
8929,train
8930,train
8931,test
8932,train
8933,test
8934,test
8935,train
8936,test
8937,test
8938,train
8939,train
8940,test
8941,train
8942,train
8943,train
8944,train
8945,train
8946,test
8947,test
8948,train
8949,test
8950,train
8951,train
8952,test
8953,train
8954,train
8955,train
8956,train
8957,test
8958,test
8959,train
8960,train
8961,test
8962,test
8963,train
8964,train
8965,train
8966,test
8967,train
8968,train
8969,train
8970,test
8971,train
8972,test
8973,train
8974,test
8975,train
8976,test
8977,train
8978,test
8979,train
8980,test
8981,test
8982,test
8983,train
8984,train
8985,train
8986,test
8987,train
8988,test
8989,train
8990,test
8991,train
8992,train
8993,test
8994,train
8995,train
8996,train
8997,train
8998,train
8999,train
9000,test
9001,train
9002,test
9003,test
9004,test
9005,train
9006,train
9007,test
9008,test
9009,test
9010,test
9011,train
9012,train
9013,train
9014,train
9015,test
9016,test
9017,train
9018,train
9019,train
9020,test
9021,train
9022,train
9023,test
9024,test
9025,train
9026,train
9027,test
9028,test
9029,test
9030,train
9031,train
9032,train
9033,test
9034,train
9035,train
9036,train
9037,train
9038,train
9039,train
9040,test
9041,train
9042,train
9043,train
9044,train
9045,train
9046,train
9047,test
9048,train
9049,train
9050,train
9051,train
9052,test
9053,test
9054,test
9055,test
9056,train
9057,test
9058,train
9059,train
9060,train
9061,train
9062,train
9063,train
9064,train
9065,train
9066,test
9067,test
9068,test
9069,test
9070,test
9071,train
9072,test
9073,test
9074,test
9075,test
9076,test
9077,test
9078,train
9079,train
9080,test
9081,train
9082,train
9083,train
9084,train
9085,train
9086,test
9087,train
9088,train
9089,train
9090,test
9091,train
9092,train
9093,train
9094,train
9095,train
9096,test
9097,train
9098,train
9099,test
9100,test
9101,train
9102,test
9103,train
9104,train
9105,train
9106,test
9107,test
9108,train
9109,train
9110,train
9111,train
9112,train
9113,train
9114,train
9115,test
9116,test
9117,train
9118,test
9119,test
9120,train
9121,test
9122,train
9123,train
9124,test
9125,test
9126,train
9127,train
9128,train
9129,train
9130,train
9131,train
9132,train
9133,train
9134,train
9135,train
9136,test
9137,train
9138,train
9139,test
9140,train
9141,train
9142,train
9143,test
9144,test
9145,train
9146,train
9147,train
9148,train
9149,test
9150,test
9151,train
9152,train
9153,test
9154,train
9155,train
9156,train
9157,train
9158,train
9159,test
9160,test
9161,test
9162,test
9163,train
9164,train
9165,train
9166,train
9167,test
9168,train
9169,train
9170,train
9171,test
9172,test
9173,train
9174,train
9175,test
9176,test
9177,train
9178,test
9179,test
9180,train
9181,train
9182,train
9183,train
9184,train
9185,test
9186,test
9187,test
9188,train
9189,test
9190,test
9191,train
9192,test
9193,test
9194,train
9195,train
9196,train
9197,train
9198,test
9199,test
9200,train
9201,train
9202,train
9203,train
9204,train
9205,train
9206,train
9207,train
9208,train
9209,train
9210,test
9211,test
9212,train
9213,test
9214,test
9215,test
9216,test
9217,train
9218,test
9219,test
9220,train
9221,test
9222,test
9223,test
9224,test
9225,test
9226,train
9227,train
9228,train
9229,train
9230,test
9231,train
9232,train
9233,train
9234,test
9235,train
9236,train
9237,test
9238,train
9239,train
9240,train
9241,train
9242,test
9243,train
9244,test
9245,train
9246,train
9247,test
9248,test
9249,train
9250,train
9251,train
9252,test
9253,train
9254,test
9255,train
9256,train
9257,test
9258,train
9259,train
9260,train
9261,test
9262,test
9263,train
9264,test
9265,test
9266,train
9267,train
9268,train
9269,train
9270,test
9271,test
9272,train
9273,train
9274,train
9275,test
9276,test
9277,test
9278,test
9279,train
9280,test
9281,train
9282,test
9283,train
9284,train
9285,test
9286,train
9287,train
9288,train
9289,train
9290,test
9291,test
9292,test
9293,train
9294,train
9295,train
9296,train
9297,test
9298,test
9299,test
9300,train
9301,test
9302,test
9303,test
9304,train
9305,train
9306,test
9307,test
9308,train
9309,test
9310,test
9311,train
9312,train
9313,train
9314,train
9315,train
9316,test
9317,test
9318,train
9319,test
9320,train
9321,train
9322,test
9323,train
9324,test
9325,train
9326,train
9327,train
9328,test
9329,test
9330,test
9331,train
9332,test
9333,test
9334,train
9335,train
9336,train
9337,train
9338,test
9339,train
9340,train
9341,train
9342,train
9343,train
9344,train
9345,train
9346,train
9347,test
9348,test
9349,test
9350,train
9351,test
9352,train
9353,train
9354,train
9355,test
9356,test
9357,train
9358,train
9359,test
9360,train
9361,train
9362,train
9363,test
9364,test
9365,train
9366,train
9367,train
9368,test
9369,train
9370,train
9371,train
9372,train
9373,test
9374,test
9375,train
9376,test
9377,train
9378,test
9379,train
9380,test
9381,test
9382,train
9383,train
9384,train
9385,test
9386,test
9387,train
9388,test
9389,test
9390,test
9391,test
9392,train
9393,test
9394,train
9395,test
9396,test
9397,train
9398,test
9399,train
9400,train
9401,train
9402,train
9403,test
9404,train
9405,train
9406,train
9407,train
9408,test
9409,test
9410,train
9411,train
9412,train
9413,train
9414,test
9415,train
9416,test
9417,test
9418,test
9419,train
9420,test
9421,train
9422,train
9423,test
9424,train
9425,train
9426,test
9427,test
9428,train
9429,train
9430,train
9431,test
9432,train
9433,train
9434,test
9435,train
9436,train
9437,train
9438,test
9439,train
9440,train
9441,test
9442,train
9443,test
9444,train
9445,test
9446,train
9447,test
9448,train
9449,test
9450,train
9451,train
9452,test
9453,train
9454,test
9455,test
9456,test
9457,test
9458,test
9459,train
9460,train
9461,train
9462,train
9463,train
9464,test
9465,train
9466,train
9467,test
9468,train
9469,train
9470,train
9471,test
9472,test
9473,train
9474,test
9475,train
9476,train
9477,train
9478,train
9479,test
9480,test
9481,test
9482,train
9483,test
9484,train
9485,test
9486,test
9487,test
9488,test
9489,train
9490,train
9491,test
9492,train
9493,train
9494,train
9495,train
9496,train
9497,train
9498,train
9499,train
9500,train
9501,train
9502,train
9503,test
9504,train
9505,test
9506,test
9507,test
9508,train
9509,test
9510,test
9511,test
9512,train
9513,train
9514,train
9515,train
9516,train
9517,test
9518,train
9519,train
9520,train
9521,test
9522,train
9523,train
9524,train
9525,test
9526,train
9527,train
9528,train
9529,test
9530,train
9531,train
9532,train
9533,test
9534,train
9535,train
9536,test
9537,test
9538,train
9539,train
9540,test
9541,test
9542,test
9543,test
9544,train
9545,test
9546,test
9547,train
9548,test
9549,test
9550,test
9551,train
9552,train
9553,test
9554,train
9555,test
9556,test
9557,train
9558,train
9559,test
9560,train
9561,test
9562,test
9563,train
9564,test
9565,train
9566,test
9567,test
9568,test
9569,test
9570,train
9571,test
9572,test
9573,train
9574,train
9575,train
9576,train
9577,train
9578,train
9579,test
9580,train
9581,train
9582,test
9583,train
9584,train
9585,test
9586,test
9587,test
9588,train
9589,test
9590,train
9591,train
9592,train
9593,train
9594,train
9595,test
9596,train
9597,train
9598,test
9599,train
9600,train
9601,train
9602,train
9603,test
9604,train
9605,test
9606,train
9607,train
9608,test
9609,test
9610,train
9611,test
9612,test
9613,test
9614,test
9615,train
9616,train
9617,train
9618,test
9619,train
9620,train
9621,train
9622,test
9623,test
9624,test
9625,test
9626,test
9627,train
9628,test
9629,train
9630,train
9631,test
9632,train
9633,test
9634,test
9635,train
9636,train
9637,train
9638,train
9639,test
9640,train
9641,test
9642,train
9643,train
9644,train
9645,test
9646,train
9647,train
9648,test
9649,test
9650,test
9651,test
9652,test
9653,train
9654,train
9655,test
9656,train
9657,test
9658,test
9659,train
9660,train
9661,train
9662,train
9663,test
9664,train
9665,test
9666,test
9667,train
9668,test
9669,train
9670,train
9671,test
9672,train
9673,train
9674,train
9675,train
9676,train
9677,test
9678,test
9679,train
9680,train
9681,test
9682,train
9683,test
9684,train
9685,train
9686,train
9687,test
9688,train
9689,train
9690,test
9691,test
9692,train
9693,train
9694,test
9695,train
9696,test
9697,test
9698,train
9699,train
9700,train
9701,train
9702,train
9703,train
9704,train
9705,test
9706,test
9707,train
9708,test
9709,train
9710,train
9711,train
9712,test
9713,test
9714,train
9715,train
9716,train
9717,train
9718,test
9719,test
9720,train
9721,test
9722,test
9723,train
9724,train
9725,train
9726,train
9727,test
9728,test
9729,train
9730,train
9731,test
9732,train
9733,train
9734,train
9735,test
9736,test
9737,test
9738,test
9739,test
9740,train
9741,train
9742,test
9743,train
9744,train
9745,train
9746,test
9747,train
9748,test
9749,test
9750,train
9751,train
9752,test
9753,train
9754,train
9755,test
9756,test
9757,test
9758,test
9759,test
9760,test
9761,train
9762,test
9763,train
9764,test
9765,train
9766,train
9767,train
9768,test
9769,train
9770,train
9771,train
9772,train
9773,test
9774,train
9775,train
9776,test
9777,train
9778,test
9779,train
9780,train
9781,train
9782,train
9783,test
9784,train
9785,train
9786,train
9787,train
9788,train
9789,test
9790,train
9791,train
9792,train
9793,test
9794,train
9795,train
9796,train
9797,test
9798,train
9799,train
9800,train
9801,test
9802,test
9803,train
9804,train
9805,train
9806,train
9807,test
9808,train
9809,train
9810,train
9811,train
9812,train
9813,test
9814,test
9815,test
9816,test
9817,train
9818,test
9819,test
9820,train
9821,train
9822,train
9823,test
9824,train
9825,test
9826,test
9827,test
9828,test
9829,train
9830,train
9831,train
9832,train
9833,train
9834,train
9835,train
9836,test
9837,train
9838,train
9839,train
9840,train
9841,test
9842,test
9843,train
9844,test
9845,train
9846,test
9847,train
9848,test
9849,test
9850,train
9851,train
9852,test
9853,test
9854,train
9855,test
9856,train
9857,test
9858,train
9859,train
9860,test
9861,train
9862,train
9863,train
9864,train
9865,train
9866,test
9867,test
9868,test
9869,train
9870,train
9871,test
9872,train
9873,train
9874,test
9875,train
9876,train
9877,train
9878,train
9879,train
9880,test
9881,test
9882,train
9883,train
9884,train
9885,test
9886,train
9887,test
9888,train
9889,test
9890,train
9891,train
9892,test
9893,train
9894,test
9895,train
9896,test
9897,test
9898,test
9899,test
9900,test
9901,train
9902,train
9903,test
9904,train
9905,train
9906,test
9907,train
9908,train
9909,train
9910,train
9911,train
9912,train
9913,train
9914,test
9915,train
9916,test
9917,train
9918,train
9919,test
9920,train
9921,test
9922,test
9923,train
9924,train
9925,train
9926,test
9927,train
9928,train
9929,train
9930,train
9931,train
9932,train
9933,train
9934,test
9935,train
9936,train
9937,train
9938,test
9939,test
9940,train
9941,test
9942,train
9943,train
9944,train
9945,train
9946,test
9947,test
9948,train
9949,train
9950,test
9951,test
9952,test
9953,test
9954,test
9955,train
9956,train
9957,train
9958,train
9959,train
9960,test
9961,train
9962,train
9963,train
9964,train
9965,train
9966,test
9967,test
9968,train
9969,test
9970,test
9971,train
9972,train
9973,train
9974,train
9975,test
9976,train
9977,train
9978,test
9979,test
9980,test
9981,test
9982,test
9983,test
9984,train
9985,test
9986,test
9987,test
9988,test
9989,train
9990,train
9991,train
9992,train
9993,train
9994,test
9995,train
9996,train
9997,test
9998,train
9999,train
