row_index,split
0,train
1,test
2,train
3,train
4,test
5,test
6,test
7,test
8,train
9,test
10,train
11,test
12,train
13,test
14,train
15,train
16,test
17,train
18,test
19,train
20,test
21,test
22,test
23,test
24,train
25,test
26,train
27,train
28,test
29,test
30,train
31,train
32,train
33,train
34,train
35,train
36,test
37,train
38,train
39,test
40,train
41,test
42,train
43,test
44,train
45,train
46,train
47,train
48,train
49,train
50,train
51,train
52,train
53,train
54,test
55,test
56,train
57,test
58,test
59,train
60,train
61,train
62,train
63,test
64,train
65,train
66,train
67,test
68,train
69,test
70,test
71,train
72,train
73,test
74,train
75,train
76,train
77,test
78,train
79,test
80,train
81,train
82,test
83,test
84,train
85,train
86,train
87,train
88,train
89,train
90,train
91,train
92,train
93,train
94,train
95,train
96,test
97,train
98,train
99,train
100,train
101,test
102,train
103,train
104,test
105,test
106,train
107,train
108,test
109,train
110,train
111,train
112,train
113,test
114,train
115,train
116,train
117,train
118,train
119,train
120,train
121,train
122,train
123,test
124,test
125,test
126,train
127,train
128,train
129,train
130,train
131,test
132,train
133,test
134,test
135,test
136,train
137,test
138,test
139,test
140,train
141,train
142,test
143,train
144,train
145,train
146,test
147,test
148,train
149,test
150,test
151,train
152,train
153,train
154,test
155,train
156,test
157,test
158,train
159,train
160,train
161,train
162,test
163,test
164,test
165,train
166,train
167,train
168,test
169,test
170,train
171,test
172,test
173,test
174,train
175,train
176,test
177,train
178,train
179,train
180,train
181,train
182,train
183,train
184,test
185,train
186,train
187,test
188,train
189,train
190,train
191,train
192,train
193,train
194,train
195,train
196,test
197,train
198,train
199,test
200,train
201,train
202,test
203,train
204,test
205,test
206,train
207,train
208,test
209,train
210,train
211,train
212,test
213,train
214,train
215,test
216,test
217,test
218,train
219,test
220,train
221,test
222,test
223,train
224,train
225,train
226,train
227,train
228,test
229,train
230,train
231,train
232,train
233,train
234,train
235,train
236,train
237,train
238,train
239,test
240,test
241,train
242,test
243,train
244,train
245,train
246,train
247,train
248,train
249,test
250,train
251,test
252,test
253,test
254,test
255,train
256,train
257,train
258,test
259,train
260,test
261,train
262,train
263,test
264,train
265,train
266,test
267,test
268,train
269,train
270,train
271,train
272,test
273,test
274,train
275,test
276,train
277,train
278,test
279,test
280,test
281,train
282,test
283,train
284,test
285,train
286,train
287,test
288,train
289,test
290,train
291,test
292,train
293,test
294,test
295,test
296,train
297,train
298,test
299,test
300,test
301,train
302,test
303,test
304,test
305,train
306,train
307,train
308,train
309,train
310,train
311,train
312,train
313,test
314,train
315,train
316,train
317,train
318,test
319,train
320,test
321,test
322,train
323,train
324,train
325,test
326,train
327,train
328,train
329,train
330,test
331,train
332,test
333,train
334,test
335,train
336,test
337,train
338,test
339,train
340,train
341,train
342,train
343,train
344,train
345,train
346,train
347,train
348,train
349,train
350,test
351,train
352,test
353,train
354,train
355,train
356,train
357,train
358,train
359,test
360,train
361,test
362,test
363,test
364,test
365,train
366,test
367,train
368,train
369,train
370,train
371,train
372,train
373,test
374,train
375,train
376,train
377,train
378,test
379,test
380,train
381,test
382,train
383,test
384,test
385,test
386,test
387,test
388,train
389,train
390,train
391,test
392,test
393,train
394,test
395,train
396,test
397,test
398,train
399,train
400,test
401,train
402,train
403,train
404,train
405,train
406,test
407,train
408,train
409,test
410,train
411,test
412,train
413,train
414,test
415,train
416,test
417,test
418,test
419,train
420,test
421,test
422,train
423,train
424,test
425,test
426,train
427,train
428,train
429,test
430,test
431,test
432,test
433,test
434,train
435,test
436,train
437,train
438,test
439,test
440,train
441,train
442,train
443,test
444,train
445,test
446,train
447,train
448,train
449,test
450,test
451,train
452,train
453,train
454,test
455,train
456,train
457,train
458,test
459,train
460,train
461,train
462,train
463,test
464,train
465,train
466,train
467,test
468,test
469,test
470,train
471,test
472,train
473,train
474,train
475,test
476,train
477,train
478,train
479,train
480,train
481,test
482,test
483,train
484,test
485,train
486,train
487,test
488,test
489,test
490,train
491,train
492,train
493,test
494,train
495,test
496,train
497,train
498,train
499,test
500,train
501,train
502,train
503,train
504,test
505,train
506,train
507,train
508,train
509,train
510,test
511,test
512,train
513,test
514,train
515,train
516,train
517,test
518,train
519,train
520,train
521,train
522,train
523,train
524,train
525,train
526,train
527,train
528,train
529,test
530,test
531,train
532,train
533,test
534,train
535,test
536,train
537,train
538,train
539,train
540,train
541,train
542,train
543,test
544,train
545,test
546,test
547,train
548,train
549,train
550,test
551,test
552,test
553,test
554,test
555,train
556,test
557,test
558,train
559,train
560,test
561,train
562,train
563,train
564,train
565,train
566,train
567,test
568,test
569,test
570,train
571,test
572,train
573,test
574,test
575,train
576,train
577,test
578,test
579,train
580,train
581,train
582,train
583,train
584,test
585,train
586,train
587,train
588,test
589,test
590,train
591,test
592,test
593,train
594,test
595,train
596,train
597,train
598,train
599,train
600,train
601,test
602,test
603,train
604,test
605,test
606,train
607,test
608,test
609,train
610,train
611,test
612,train
613,test
614,test
615,train
616,test
617,train
618,train
619,train
620,test
621,train
622,train
623,train
624,test
625,test
626,train
627,test
628,train
629,test
630,train
631,test
632,train
633,train
634,test
635,train
636,train
637,train
638,train
639,train
640,test
641,train
642,test
643,train
644,test
645,train
646,train
647,test
648,train
649,test
650,train
651,train
652,train
653,train
654,test
655,train
656,train
657,train
658,train
659,train
660,train
661,train
662,train
663,train
664,test
665,test
666,test
667,test
668,train
669,test
670,test
671,train
672,train
673,test
674,test
675,train
676,train
677,train
678,train
679,train
680,test
681,test
682,train
683,train
684,train
685,test
686,train
687,train
688,test
689,train
690,train
691,train
692,train
693,test
694,train
695,train
696,test
697,test
698,test
699,train
700,test
701,train
702,train
703,test
704,test
705,train
706,test
707,train
708,test
709,train
710,train
711,train
712,train
713,train
714,train
715,train
716,train
717,train
718,train
719,train
720,train
721,train
722,test
723,test
724,test
725,test
726,test
727,train
728,train
729,test
730,train
731,train
732,test
733,train
734,test
735,test
736,test
737,test
738,train
739,train
740,test
741,test
742,train
743,train
744,train
745,test
746,train
747,train
748,test
749,train
750,train
751,train
752,test
753,test
754,test
755,test
756,test
757,train
758,train
759,train
760,train
761,train
762,train
763,test
764,train
765,train
766,test
767,test
768,test
769,test
770,train
771,train
772,train
773,train
774,train
775,train
776,test
777,train
778,train
779,train
780,train
781,train
782,test
783,train
784,train
785,train
786,train
787,train
788,train
789,train
790,train
791,train
792,test
793,train
794,train
795,train
796,train
797,test
798,train
799,train
800,train
801,train
802,train
803,test
804,train
805,test
806,train
807,train
808,train
809,train
810,test
811,test
812,test
813,test
814,test
815,test
816,train
817,train
818,test
819,train
820,train
821,test
822,train
823,train
824,test
825,test
826,train
827,train
828,test
829,test
830,train
831,train
832,test
833,test
834,train
835,train
836,test
837,test
838,test
839,train
840,train
841,test
842,train
843,train
844,train
845,train
846,train
847,train
848,train
849,test
850,train
851,test
852,train
853,train
854,train
855,train
856,train
857,train
858,train
859,test
860,train
861,train
862,test
863,test
864,test
865,train
866,test
867,test
868,test
869,test
870,test
871,train
872,test
873,train
874,train
875,test
876,test
877,train
878,test
879,train
880,train
881,train
882,test
883,train
884,train
885,test
886,test
887,train
888,train
889,train
890,train
891,test
892,test
893,train
894,train
895,train
896,test
897,test
898,train
899,test
900,test
901,test
902,train
903,train
904,train
905,train
906,test
907,train
908,train
909,test
910,train
911,train
912,test
913,train
914,test
915,train
916,train
917,train
918,train
919,train
920,train
921,test
922,test
923,test
924,train
925,test
926,train
927,train
928,train
929,test
930,train
931,train
932,test
933,test
934,train
935,test
936,test
937,train
938,train
939,test
940,test
941,train
942,test
943,test
944,train
945,train
946,train
947,test
948,test
949,train
950,test
951,train
952,train
953,test
954,test
955,train
956,train
957,test
958,test
959,train
960,train
961,test
962,train
963,train
964,test
965,train
966,test
967,test
968,train
969,test
970,train
971,test
972,train
973,test
974,test
975,train
976,train
977,train
978,test
979,test
980,test
981,train
982,train
983,test
984,train
985,test
986,test
987,train
988,train
989,test
990,train
991,train
992,train
993,test
994,test
995,train
996,train
997,test
998,train
999,test
1000,train
1001,test
1002,test
1003,train
1004,train
1005,test
1006,test
1007,train
1008,test
1009,test
1010,test
1011,train
1012,train
1013,test
1014,train
1015,test
1016,test
1017,test
1018,train
1019,train
1020,test
1021,train
1022,test
1023,train
1024,train
1025,test
1026,train
1027,train
1028,train
1029,test
1030,test
1031,train
1032,test
1033,train
1034,train
1035,train
1036,test
1037,train
1038,train
1039,train
1040,test
1041,test
1042,test
1043,test
1044,test
1045,test
1046,train
1047,train
1048,train
1049,train
1050,train
1051,test
1052,train
1053,train
1054,test
1055,train
1056,test
1057,train
1058,train
1059,train
1060,test
1061,train
1062,train
1063,test
1064,test
1065,train
1066,train
1067,test
1068,test
1069,test
1070,test
1071,test
1072,test
1073,train
1074,train
1075,test
1076,train
1077,test
1078,train
1079,test
1080,train
1081,train
1082,test
1083,train
1084,test
1085,train
1086,train
1087,train
1088,test
1089,train
1090,train
1091,train
1092,test
1093,test
1094,train
1095,test
1096,train
1097,train
1098,test
1099,train
1100,train
1101,test
1102,train
1103,train
1104,test
1105,train
1106,train
1107,test
1108,train
1109,test
1110,train
1111,train
1112,train
1113,test
1114,train
1115,train
1116,train
1117,train
1118,test
1119,test
1120,test
1121,train
1122,test
1123,test
1124,train
1125,test
1126,test
1127,test
1128,train
1129,test
1130,test
1131,train
1132,test
1133,train
1134,train
1135,train
1136,train
1137,train
1138,train
1139,test
1140,train
1141,train
1142,test
1143,train
1144,test
1145,test
1146,train
1147,train
1148,test
1149,train
1150,train
1151,test
1152,test
1153,train
1154,train
1155,test
1156,train
1157,train
1158,train
1159,train
1160,train
1161,train
1162,train
1163,test
1164,train
1165,test
1166,train
1167,train
1168,train
1169,train
1170,train
1171,test
1172,test
1173,test
1174,train
1175,train
1176,test
1177,train
1178,train
1179,train
1180,train
1181,train
1182,train
1183,test
1184,train
1185,train
1186,train
1187,train
1188,test
1189,train
1190,test
1191,train
1192,test
1193,test
1194,train
1195,train
1196,train
1197,train
1198,test
1199,train
1200,test
1201,test
1202,test
1203,train
1204,test
1205,test
1206,test
1207,train
1208,test
1209,test
1210,train
1211,test
1212,train
1213,train
1214,train
1215,train
1216,test
1217,train
1218,test
1219,train
1220,train
1221,train
1222,test
1223,train
1224,train
1225,train
1226,train
1227,test
1228,train
1229,train
1230,train
1231,train
1232,train
1233,train
1234,test
1235,train
1236,test
1237,train
1238,test
1239,train
1240,test
1241,train
1242,train
1243,train
1244,train
1245,train
1246,train
1247,test
1248,test
1249,test
1250,train
1251,train
1252,train
1253,train
1254,train
1255,test
1256,test
1257,train
1258,train
1259,train
1260,train
1261,test
1262,test
1263,train
1264,train
1265,train
1266,train
1267,train
1268,train
1269,test
1270,train
1271,train
1272,train
1273,test
1274,train
1275,train
1276,test
1277,test
1278,test
1279,test
1280,test
1281,train
1282,train
1283,train
1284,train
1285,test
1286,test
1287,train
1288,train
1289,train
1290,test
1291,train
1292,train
1293,train
1294,train
1295,train
1296,train
1297,train
1298,train
1299,test
1300,test
1301,test
1302,train
1303,test
1304,train
1305,train
1306,test
1307,train
1308,train
1309,train
1310,test
1311,test
1312,test
1313,test
1314,test
1315,test
1316,train
1317,test
1318,train
1319,test
1320,test
1321,test
1322,test
1323,test
1324,train
1325,test
1326,train
1327,test
1328,train
1329,train
1330,train
1331,test
1332,test
1333,train
1334,train
1335,train
1336,train
1337,train
1338,train
1339,test
1340,test
1341,test
1342,test
1343,train
1344,test
1345,train
1346,train
1347,train
1348,test
1349,test
1350,train
1351,test
1352,train
1353,train
1354,test
1355,test
1356,train
1357,train
1358,test
1359,test
1360,train
1361,test
1362,train
1363,train
1364,train
1365,test
1366,test
1367,train
1368,train
1369,train
1370,train
1371,test
1372,train
1373,train
1374,test
1375,test
1376,test
1377,train
1378,test
1379,test
1380,train
1381,test
1382,test
1383,test
1384,test
1385,train
1386,test
1387,test
1388,train
1389,train
1390,train
1391,test
1392,train
1393,train
1394,train
1395,train
1396,train
1397,train
1398,train
1399,test
1400,test
1401,test
1402,test
1403,train
1404,train
1405,train
1406,test
1407,train
1408,test
1409,train
1410,train
1411,test
1412,train
1413,train
1414,train
1415,train
1416,test
1417,test
1418,test
1419,train
1420,train
1421,train
1422,test
1423,test
1424,train
1425,train
1426,test
1427,train
1428,train
1429,test
1430,test
1431,train
1432,train
1433,test
1434,train
1435,train
1436,train
1437,train
1438,train
1439,train
1440,train
1441,test
1442,test
1443,train
1444,test
1445,test
1446,train
1447,train
1448,train
1449,train
1450,train
1451,train
1452,train
1453,test
1454,test
1455,test
1456,train
1457,test
1458,test
1459,test
1460,train
1461,train
1462,train
1463,test
1464,test
1465,test
1466,test
1467,test
1468,train
1469,train
1470,train
1471,test
1472,test
1473,train
1474,train
1475,train
1476,train
1477,test
1478,train
1479,train
1480,train
1481,test
1482,test
1483,train
1484,train
1485,train
1486,train
1487,test
1488,test
1489,train
1490,train
1491,train
1492,train
1493,train
1494,train
1495,train
1496,train
1497,train
1498,train
1499,train
1500,train
1501,test
1502,train
1503,train
1504,train
1505,train
1506,train
1507,train
1508,test
1509,train
1510,train
1511,test
1512,train
1513,train
1514,train
1515,test
1516,train
1517,train
1518,train
1519,test
1520,test
1521,test
1522,test
1523,train
1524,train
1525,train
1526,train
1527,test
1528,train
1529,test
1530,train
1531,train
1532,train
1533,test
1534,train
1535,test
1536,train
1537,test
1538,train
1539,train
1540,test
1541,test
1542,train
1543,test
1544,test
1545,train
1546,train
1547,test
1548,train
1549,train
1550,train
1551,train
1552,train
1553,train
1554,train
1555,train
1556,test
1557,test
1558,train
1559,train
1560,test
1561,train
1562,train
1563,test
1564,train
1565,train
1566,test
1567,train
1568,test
1569,train
1570,train
1571,train
1572,train
1573,train
1574,test
1575,train
1576,test
1577,test
1578,train
1579,test
1580,train
1581,train
1582,test
1583,train
1584,train
1585,train
1586,train
1587,train
1588,train
1589,train
1590,train
1591,test
1592,train
1593,test
1594,train
1595,train
1596,train
1597,train
1598,train
1599,train
1600,test
1601,test
1602,test
1603,train
1604,test
1605,test
1606,test
1607,test
1608,test
1609,train
1610,train
1611,test
1612,test
1613,train
1614,test
1615,train
1616,train
1617,train
1618,train
1619,train
1620,test
1621,train
1622,train
1623,test
1624,train
1625,test
1626,train
1627,train
1628,train
1629,test
1630,train
1631,train
1632,test
1633,train
1634,train
1635,train
1636,train
1637,train
1638,test
1639,test
1640,train
1641,train
1642,train
1643,test
1644,train
1645,train
1646,train
1647,train
1648,train
1649,train
1650,test
1651,train
1652,train
1653,train
1654,test
1655,test
1656,test
1657,train
1658,train
1659,test
1660,test
1661,test
1662,train
1663,test
1664,test
1665,train
1666,test
1667,train
1668,train
1669,test
1670,test
1671,train
1672,test
1673,test
1674,test
1675,train
1676,test
1677,train
1678,train
1679,test
1680,train
1681,train
1682,train
1683,train
1684,train
1685,train
1686,test
1687,test
1688,train
1689,test
1690,test
1691,train
1692,test
1693,train
1694,train
1695,test
1696,train
1697,train
1698,test
1699,train
1700,train
1701,train
1702,train
1703,train
1704,test
1705,train
1706,train
1707,train
1708,train
1709,test
1710,test
1711,train
1712,test
1713,test
1714,train
1715,test
1716,test
1717,test
1718,train
1719,train
1720,train
1721,test
1722,train
1723,test
1724,test
1725,test
1726,test
1727,train
1728,test
1729,test
1730,test
1731,train
1732,train
1733,test
1734,test
1735,test
1736,test
1737,train
1738,test
1739,train
1740,train
1741,test
1742,train
1743,test
1744,train
1745,test
1746,train
1747,train
1748,train
1749,train
1750,test
1751,train
1752,train
1753,test
1754,test
1755,train
1756,train
1757,test
1758,test
1759,train
1760,train
1761,train
1762,train
1763,train
1764,test
1765,train
1766,train
1767,train
1768,test
1769,test
1770,train
1771,test
1772,test
1773,train
1774,train
1775,test
1776,test
1777,test
1778,train
1779,train
1780,test
1781,train
1782,train
1783,test
1784,test
1785,train
1786,train
1787,train
1788,train
1789,train
1790,test
1791,train
1792,train
1793,train
1794,train
1795,train
1796,test
1797,train
1798,train
1799,test
1800,test
1801,test
1802,train
1803,train
1804,test
1805,test
1806,train
1807,test
1808,train
1809,test
1810,train
1811,train
1812,test
1813,train
1814,train
1815,train
1816,train
1817,test
1818,test
1819,test
1820,train
1821,test
1822,train
1823,train
1824,train
1825,train
1826,train
1827,test
1828,test
1829,test
1830,train
1831,train
1832,train
1833,train
1834,train
1835,train
1836,test
1837,train
1838,train
1839,train
1840,train
1841,train
1842,train
1843,test
1844,test
1845,train
1846,train
1847,test
1848,train
1849,train
1850,train
1851,test
1852,train
1853,test
1854,train
1855,test
1856,test
1857,train
1858,test
1859,test
1860,train
1861,test
1862,test
1863,test
1864,train
1865,train
1866,train
1867,test
1868,train
1869,train
1870,test
1871,train
1872,train
1873,train
1874,test
1875,train
1876,train
1877,test
1878,train
1879,train
1880,train
1881,train
1882,train
1883,train
1884,test
1885,train
1886,train
1887,train
1888,train
1889,test
1890,train
1891,train
1892,train
1893,test
1894,test
1895,train
1896,test
1897,test
1898,train
1899,test
1900,train
1901,test
1902,train
1903,test
1904,train
1905,train
1906,train
1907,train
1908,test
1909,test
1910,train
1911,test
1912,train
1913,test
1914,train
1915,test
1916,train
1917,train
1918,test
1919,train
1920,test
1921,train
1922,train
1923,test
1924,train
1925,train
1926,test
1927,test
1928,test
1929,test
1930,train
1931,train
1932,train
1933,train
1934,train
1935,train
1936,test
1937,train
1938,test
1939,train
1940,train
1941,train
1942,test
1943,test
1944,test
1945,train
1946,test
1947,test
1948,train
1949,train
1950,train
1951,train
1952,train
1953,test
1954,test
1955,test
1956,test
1957,test
1958,train
1959,train
1960,train
1961,train
1962,test
1963,test
1964,train
1965,test
1966,train
1967,test
1968,test
1969,train
1970,test
1971,train
1972,train
1973,train
1974,train
1975,train
1976,train
1977,test
1978,train
1979,train
1980,train
1981,train
1982,train
1983,train
1984,train
1985,train
1986,train
1987,test
1988,test
1989,train
1990,test
1991,train
1992,test
1993,train
1994,train
1995,train
1996,train
1997,train
1998,test
1999,test
2000,train
2001,test
2002,test
2003,test
2004,train
2005,train
2006,train
2007,test
2008,train
2009,test
2010,train
2011,test
2012,test
2013,test
2014,train
2015,train
2016,test
2017,test
2018,train
2019,train
2020,test
2021,train
2022,train
2023,train
2024,train
2025,train
2026,train
2027,train
2028,test
2029,train
2030,test
2031,train
2032,test
2033,test
2034,test
2035,test
2036,test
2037,train
2038,train
2039,test
2040,train
2041,test
2042,test
2043,train
2044,train
2045,train
2046,test
2047,train
2048,train
2049,test
2050,test
2051,test
2052,test
2053,test
2054,test
2055,test
2056,train
2057,train
2058,test
2059,train
2060,train
2061,train
2062,train
2063,test
2064,test
2065,test
2066,train
2067,train
2068,train
2069,train
2070,train
2071,train
2072,test
2073,test
2074,test
2075,test
2076,train
2077,test
2078,train
2079,train
2080,train
2081,test
2082,train
2083,test
2084,test
2085,train
2086,train
2087,test
2088,train
2089,train
2090,train
2091,train
2092,test
2093,test
2094,train
2095,train
2096,test
2097,test
2098,test
2099,train
2100,test
2101,test
2102,train
2103,test
2104,test
2105,test
2106,test
2107,test
2108,train
2109,train
2110,test
2111,train
2112,train
2113,train
2114,test
2115,train
2116,test
2117,test
2118,test
2119,train
2120,test
2121,test
2122,test
2123,train
2124,train
2125,train
2126,train
2127,train
2128,train
2129,test
2130,train
2131,test
2132,train
2133,train
2134,test
2135,test
2136,train
2137,train
2138,train
2139,train
2140,test
2141,train
2142,test
2143,train
2144,test
2145,train
2146,train
2147,test
2148,train
2149,train
2150,test
2151,test
2152,train
2153,test
2154,test
2155,train
2156,test
2157,test
2158,test
2159,test
2160,test
2161,test
2162,train
2163,train
2164,test
2165,train
2166,test
2167,train
2168,train
2169,train
2170,test
2171,train
2172,test
2173,train
2174,test
2175,test
2176,test
2177,train
2178,train
2179,train
2180,test
2181,test
2182,train
2183,test
2184,test
2185,train
2186,train
2187,train
2188,train
2189,test
2190,train
2191,train
2192,test
2193,test
2194,train
2195,test
2196,test
2197,train
2198,train
2199,train
2200,train
2201,test
2202,train
2203,test
2204,train
2205,train
2206,train
2207,test
2208,test
2209,test
2210,train
2211,train
2212,train
2213,train
2214,test
2215,train
2216,train
2217,test
2218,test
2219,train
2220,train
2221,train
2222,train
2223,train
2224,train
2225,train
2226,test
2227,train
2228,train
2229,test
2230,test
2231,train
2232,train
2233,train
2234,test
2235,train
2236,train
2237,train
2238,train
2239,test
2240,train
2241,train
2242,train
2243,train
2244,test
2245,train
2246,train
2247,train
2248,test
2249,train
2250,test
2251,test
2252,train
2253,test
2254,test
2255,test
2256,test
2257,train
2258,test
2259,train
2260,train
2261,train
2262,test
2263,test
2264,train
2265,train
2266,test
2267,train
2268,train
2269,train
2270,train
2271,test
2272,train
2273,test
2274,test
2275,test
2276,train
2277,test
2278,train
2279,train
2280,train
2281,train
2282,train
2283,train
2284,train
2285,test
2286,train
2287,test
2288,test
2289,train
2290,test
2291,train
2292,train
2293,train
2294,train
2295,test
2296,test
2297,test
2298,train
2299,train
2300,train
2301,train
2302,train
2303,train
2304,test
2305,train
2306,test
2307,train
2308,test
2309,train
2310,test
2311,test
2312,test
2313,train
2314,test
2315,train
2316,test
2317,train
2318,test
2319,train
2320,train
2321,test
2322,test
2323,test
2324,train
2325,train
2326,train
2327,train
2328,train
2329,train
2330,test
2331,test
2332,train
2333,train
2334,train
2335,train
2336,test
2337,train
2338,train
2339,test
2340,test
2341,train
2342,train
2343,train
2344,test
2345,train
2346,train
2347,train
2348,train
2349,train
2350,test
2351,train
2352,train
2353,train
2354,train
2355,test
2356,train
2357,train
2358,test
2359,train
2360,train
2361,test
2362,test
2363,test
2364,train
2365,train
2366,train
2367,test
2368,train
2369,train
2370,train
2371,train
2372,train
2373,test
2374,train
2375,test
2376,test
2377,test
2378,train
2379,train
2380,train
2381,test
2382,train
2383,train
2384,train
2385,test
2386,train
2387,test
2388,train
2389,test
2390,test
2391,train
2392,train
2393,train
2394,test
2395,train
2396,train
2397,train
2398,test
2399,test
2400,train
2401,test
2402,test
2403,train
2404,train
2405,test
2406,train
2407,train
2408,train
2409,test
2410,test
2411,train
2412,train
2413,test
2414,train
2415,test
2416,train
2417,test
2418,train
2419,train
2420,train
2421,train
2422,train
2423,train
2424,train
2425,train
2426,train
2427,test
2428,train
2429,test
2430,train
2431,train
2432,test
2433,train
2434,train
2435,train
2436,train
2437,test
2438,train
2439,train
2440,train
2441,train
2442,test
2443,train
2444,test
2445,train
2446,test
2447,test
2448,test
2449,train
2450,test
2451,train
2452,train
2453,train
2454,test
2455,train
2456,train
2457,test
2458,test
2459,test
2460,train
2461,train
2462,train
2463,train
2464,test
2465,test
2466,test
2467,test
2468,train
2469,train
2470,train
2471,train
2472,train
2473,train
2474,train
2475,test
2476,train
2477,train
2478,train
2479,test
2480,test
2481,train
2482,test
2483,test
2484,train
2485,train
2486,test
2487,test
2488,test
2489,train
2490,train
2491,train
2492,test
2493,train
2494,test
2495,test
2496,train
2497,train
2498,test
2499,train
2500,train
2501,train
2502,train
2503,test
2504,train
2505,train
2506,test
2507,train
2508,test
2509,test
2510,test
2511,test
2512,test
2513,train
2514,test
2515,train
2516,train
2517,train
2518,train
2519,test
2520,train
2521,train
2522,test
2523,test
2524,test
2525,test
2526,train
2527,train
2528,train
2529,test
2530,test
2531,train
2532,test
2533,train
2534,train
2535,train
2536,train
2537,test
2538,train
2539,train
2540,test
2541,train
2542,train
2543,train
2544,train
2545,test
2546,train
2547,train
2548,test
2549,train
2550,test
2551,test
2552,train
2553,train
2554,test
2555,test
2556,test
2557,test
2558,test
2559,test
2560,train
2561,train
2562,test
2563,train
2564,train
2565,train
2566,test
2567,train
2568,train
2569,train
2570,train
2571,test
2572,test
2573,test
2574,train
2575,train
2576,train
2577,test
2578,train
2579,train
2580,train
2581,test
2582,train
2583,test
2584,train
2585,train
2586,train
2587,train
2588,test
2589,test
2590,test
2591,train
2592,train
2593,train
2594,train
2595,test
2596,train
2597,test
2598,test
2599,train
2600,train
2601,test
2602,train
2603,test
2604,test
2605,train
2606,train
2607,train
2608,test
2609,train
2610,train
2611,test
2612,train
2613,train
2614,train
2615,train
2616,train
2617,train
2618,test
2619,test
2620,test
2621,train
2622,test
2623,test
2624,train
2625,test
2626,test
2627,test
2628,train
2629,train
2630,train
2631,test
2632,test
2633,train
2634,test
2635,train
2636,test
2637,test
2638,train
2639,train
2640,train
2641,test
2642,test
2643,train
2644,test
2645,train
2646,train
2647,train
2648,train
2649,train
2650,train
2651,test
2652,train
2653,train
2654,train
2655,test
2656,train
2657,train
2658,test
2659,test
2660,test
2661,test
2662,train
2663,test
2664,train
2665,train
2666,train
2667,train
2668,train
2669,test
2670,test
2671,train
2672,test
2673,train
2674,train
2675,test
2676,test
2677,test
2678,test
2679,test
2680,train
2681,train
2682,train
2683,test
2684,train
2685,train
2686,train
2687,test
2688,test
2689,test
2690,test
2691,train
2692,test
2693,train
2694,test
2695,test
2696,test
2697,train
2698,train
2699,train
2700,test
2701,test
2702,train
2703,train
2704,train
2705,train
2706,test
2707,train
2708,train
2709,train
2710,train
2711,train
2712,train
2713,train
2714,test
2715,train
2716,test
2717,train
2718,train
2719,train
2720,test
2721,train
2722,train
2723,test
2724,test
2725,train
2726,test
2727,train
2728,train
2729,train
2730,train
2731,test
2732,train
2733,test
2734,train
2735,test
2736,train
2737,train
2738,test
2739,train
2740,test
2741,train
2742,test
2743,train
2744,test
2745,train
2746,test
2747,test
2748,train
2749,train
2750,train
2751,train
2752,train
2753,train
2754,train
2755,train
2756,train
2757,train
2758,test
2759,test
2760,train
2761,train
2762,train
2763,train
2764,train
2765,test
2766,test
2767,test
2768,test
2769,train
2770,test
2771,test
2772,test
2773,test
2774,train
2775,train
2776,test
2777,train
2778,train
2779,train
2780,test
2781,train
2782,test
2783,train
2784,train
2785,train
2786,test
2787,train
2788,train
2789,train
2790,train
2791,train
2792,train
2793,train
2794,test
2795,test
2796,test
2797,test
2798,test
2799,train
2800,train
2801,train
2802,test
2803,train
2804,test
2805,train
2806,train
2807,train
2808,test
2809,test
2810,train
2811,test
2812,test
2813,train
2814,train
2815,train
2816,test
2817,train
2818,test
2819,train
2820,train
2821,train
2822,train
2823,test
2824,train
2825,train
2826,train
2827,train
2828,train
2829,train
2830,test
2831,test
2832,test
2833,test
2834,train
2835,train
2836,train
2837,train
2838,train
2839,test
2840,test
2841,train
2842,test
2843,train
2844,train
2845,train
2846,test
2847,train
2848,test
2849,test
2850,test
2851,test
2852,test
2853,test
2854,train
2855,train
2856,test
2857,train
2858,test
2859,test
2860,test
2861,train
2862,test
2863,train
2864,test
2865,train
2866,train
2867,train
2868,train
2869,train
2870,test
2871,train
2872,train
2873,test
2874,test
2875,train
2876,test
2877,train
2878,test
2879,test
2880,test
2881,test
2882,train
2883,train
2884,test
2885,test
2886,test
2887,test
2888,test
2889,train
2890,test
2891,train
2892,train
2893,train
2894,train
2895,test
2896,train
2897,train
2898,train
2899,train
2900,test
2901,test
2902,train
2903,train
2904,train
2905,train
2906,train
2907,train
2908,train
2909,train
2910,test
2911,train
2912,test
2913,test
2914,train
2915,train
2916,train
2917,test
2918,train
2919,test
2920,train
2921,train
2922,train
2923,train
2924,test
2925,test
2926,train
2927,test
2928,train
2929,train
2930,train
2931,test
2932,test
2933,train
2934,train
2935,train
2936,test
2937,test
2938,train
2939,test
2940,train
2941,train
2942,train
2943,test
2944,train
2945,train
2946,test
2947,train
2948,train
2949,train
2950,train
2951,test
2952,train
2953,test
2954,train
2955,test
2956,train
2957,test
2958,test
2959,train
2960,test
2961,test
2962,train
2963,train
2964,test
2965,train
2966,test
2967,train
2968,train
2969,test
2970,test
2971,test
2972,train
2973,train
2974,train
2975,train
2976,train
2977,test
2978,train
2979,test
2980,test
2981,test
2982,train
2983,test
2984,train
2985,train
2986,test
2987,test
2988,test
2989,train
2990,test
2991,train
2992,train
2993,train
2994,test
2995,train
2996,train
2997,train
2998,test
2999,test
3000,train
3001,train
3002,test
3003,train
3004,train
3005,train
3006,test
3007,test
3008,train
3009,train
3010,train
3011,train
3012,train
3013,test
3014,train
3015,train
3016,test
3017,train
3018,train
3019,test
3020,train
3021,test
3022,test
3023,train
3024,train
3025,test
3026,train
3027,train
3028,test
3029,train
3030,train
3031,train
3032,train
3033,train
3034,train
3035,train
3036,train
3037,train
3038,train
3039,test
3040,train
3041,test
3042,train
3043,train
3044,train
3045,train
3046,test
3047,train
3048,test
3049,train
3050,train
3051,train
3052,test
3053,train
3054,train
3055,train
3056,train
3057,train
3058,train
3059,train
3060,test
3061,train
3062,test
3063,train
3064,train
3065,test
3066,train
3067,train
3068,train
3069,train
3070,train
3071,test
3072,train
3073,train
3074,test
3075,test
3076,test
3077,test
3078,train
3079,train
3080,train
3081,test
3082,test
3083,train
3084,train
3085,test
3086,train
3087,train
3088,train
3089,train
3090,test
3091,train
3092,test
3093,train
3094,test
3095,train
3096,train
3097,train
3098,train
3099,train
3100,test
3101,test
3102,train
3103,train
3104,test
3105,test
3106,test
3107,test
3108,train
3109,test
3110,train
3111,train
3112,train
3113,test
3114,train
3115,test
3116,test
3117,train
3118,test
3119,test
3120,train
3121,test
3122,train
3123,train
3124,test
3125,train
3126,test
3127,train
3128,test
3129,train
3130,train
3131,test
3132,test
3133,test
3134,test
3135,train
3136,test
3137,test
3138,test
3139,train
3140,train
3141,test
3142,train
3143,test
3144,train
3145,train
3146,train
3147,train
3148,train
3149,test
3150,test
3151,train
3152,train
3153,test
3154,test
3155,train
3156,train
3157,train
3158,test
3159,train
3160,train
3161,train
3162,train
3163,train
3164,test
3165,test
3166,train
3167,train
3168,train
3169,test
3170,train
3171,train
3172,train
3173,test
3174,train
3175,test
3176,train
3177,train
3178,train
3179,train
3180,train
3181,train
3182,test
3183,train
3184,test
3185,train
3186,train
3187,train
3188,train
3189,test
3190,train
3191,test
3192,test
3193,test
3194,train
3195,train
3196,train
3197,train
3198,train
3199,test
3200,train
3201,train
3202,train
3203,train
3204,test
3205,test
3206,test
3207,test
3208,train
3209,train
3210,train
3211,test
3212,train
3213,test
3214,train
3215,train
3216,test
3217,test
3218,train
3219,test
3220,train
3221,test
3222,train
3223,train
3224,train
3225,train
3226,test
3227,test
3228,train
3229,train
3230,train
3231,train
3232,test
3233,train
3234,test
3235,test
3236,train
3237,train
3238,test
3239,test
3240,train
3241,train
3242,train
3243,train
3244,train
3245,train
3246,train
3247,train
3248,test
3249,train
3250,test
3251,test
3252,train
3253,test
3254,train
3255,test
3256,train
3257,test
3258,train
3259,train
3260,train
3261,test
3262,train
3263,train
3264,train
3265,test
3266,train
3267,test
3268,train
3269,train
3270,train
3271,train
3272,test
3273,train
3274,train
3275,train
3276,test
3277,train
3278,train
3279,train
3280,test
3281,test
3282,train
3283,train
3284,test
3285,train
3286,train
3287,test
3288,train
3289,test
3290,train
3291,train
3292,train
3293,train
3294,test
3295,train
3296,train
3297,train
3298,train
3299,train
3300,train
3301,train
3302,train
3303,train
3304,test
3305,train
3306,test
3307,test
3308,test
3309,train
3310,test
3311,test
3312,train
3313,train
3314,train
3315,test
3316,train
3317,train
3318,test
3319,train
3320,train
3321,train
3322,train
3323,test
3324,train
3325,train
3326,test
3327,test
3328,train
3329,test
3330,test
3331,train
3332,train
3333,train
3334,test
3335,train
3336,train
3337,train
3338,train
3339,test
3340,train
3341,train
3342,test
3343,train
3344,train
3345,test
3346,test
3347,test
3348,train
3349,test
3350,test
3351,test
3352,test
3353,train
3354,train
3355,train
3356,train
3357,train
3358,test
3359,train
3360,test
3361,test
3362,test
3363,test
3364,test
3365,train
3366,train
3367,train
3368,train
3369,train
3370,test
3371,train
3372,test
3373,test
3374,train
3375,train
3376,train
3377,train
3378,train
3379,train
3380,train
3381,train
3382,train
3383,train
3384,train
3385,test
3386,train
3387,train
3388,train
3389,test
3390,test
3391,train
3392,train
3393,test
3394,train
3395,train
3396,train
3397,test
3398,test
3399,test
3400,train
3401,test
3402,train
3403,test
3404,test
3405,test
3406,train
3407,test
3408,test
3409,test
3410,train
3411,train
3412,test
3413,train
3414,train
3415,test
3416,train
3417,test
3418,test
3419,test
3420,train
3421,train
3422,train
3423,test
3424,train
3425,test
3426,train
3427,train
3428,train
3429,test
3430,train
3431,train
3432,train
3433,train
3434,train
3435,test
3436,train
3437,train
3438,train
3439,train
3440,test
3441,train
3442,test
3443,test
3444,train
3445,train
3446,train
3447,test
3448,train
3449,test
3450,train
3451,test
3452,train
3453,train
3454,train
3455,train
3456,train
3457,train
3458,train
3459,train
3460,train
3461,train
3462,train
3463,test
3464,train
3465,train
3466,train
3467,test
3468,test
3469,train
3470,test
3471,train
3472,train
3473,train
3474,train
3475,train
3476,train
3477,test
3478,train
3479,test
3480,train
3481,test
3482,train
3483,train
3484,train
3485,train
3486,train
3487,test
3488,test
3489,train
3490,train
3491,train
3492,train
3493,train
3494,train
3495,train
3496,train
3497,train
3498,test
3499,train
3500,train
3501,test
3502,train
3503,train
3504,test
3505,train
3506,train
3507,test
3508,test
3509,train
3510,train
3511,train
3512,test
3513,test
3514,train
3515,test
3516,test
3517,train
3518,train
3519,test
3520,test
3521,test
3522,test
3523,train
3524,train
3525,test
3526,train
3527,train
3528,test
3529,test
3530,train
3531,test
3532,train
3533,test
3534,train
3535,test
3536,train
3537,train
3538,test
3539,train
3540,test
3541,train
3542,test
3543,test
3544,train
3545,train
3546,train
3547,test
3548,test
3549,train
3550,test
3551,test
3552,test
3553,test
3554,train
3555,test
3556,train
3557,train
3558,train
3559,train
3560,test
3561,train
3562,train
3563,train
3564,train
3565,test
3566,test
3567,train
3568,train
3569,train
3570,test
3571,test
3572,test
3573,train
3574,train
3575,test
3576,train
3577,train
3578,train
3579,test
3580,test
3581,train
3582,train
3583,train
3584,train
3585,test
3586,train
3587,train
3588,train
3589,train
3590,train
3591,train
3592,train
3593,train
3594,train
3595,train
3596,train
3597,train
3598,test
3599,test
3600,test
3601,test
3602,train
3603,test
3604,test
3605,test
3606,train
3607,train
3608,test
3609,train
3610,train
3611,test
3612,test
3613,train
3614,train
3615,test
3616,test
3617,train
3618,test
3619,train
3620,train
3621,test
3622,test
3623,train
3624,train
3625,train
3626,train
3627,test
3628,train
3629,train
3630,train
3631,test
3632,train
3633,test
3634,test
3635,train
3636,test
3637,train
3638,test
3639,test
3640,test
3641,train
3642,train
3643,test
3644,train
3645,train
3646,train
3647,train
3648,test
3649,test
3650,train
3651,train
3652,train
3653,test
3654,train
3655,test
3656,train
3657,train
3658,test
3659,test
3660,train
3661,train
3662,train
3663,test
3664,train
3665,train
3666,train
3667,train
3668,train
3669,train
3670,train
3671,train
3672,test
3673,test
3674,train
3675,test
3676,test
3677,test
3678,train
3679,test
3680,test
3681,train
3682,train
3683,test
3684,train
3685,train
3686,train
3687,test
3688,train
3689,train
3690,test
3691,train
3692,train
3693,train
3694,test
3695,test
3696,train
3697,train
3698,test
3699,test
3700,train
3701,train
3702,train
3703,train
3704,test
3705,test
3706,train
3707,train
3708,train
3709,train
3710,train
3711,test
3712,train
3713,test
3714,test
3715,train
3716,train
3717,train
3718,test
3719,test
3720,train
3721,train
3722,train
3723,train
3724,train
3725,test
3726,test
3727,train
3728,train
3729,train
3730,train
3731,train
3732,train
3733,train
3734,train
3735,test
3736,test
3737,test
3738,train
3739,test
3740,train
3741,train
3742,train
3743,test
3744,train
3745,train
3746,test
3747,test
3748,train
3749,test
3750,train
3751,test
3752,test
3753,train
3754,train
3755,test
3756,test
3757,test
3758,train
3759,test
3760,train
3761,train
3762,train
3763,test
3764,train
3765,train
3766,train
3767,train
3768,test
3769,test
3770,train
3771,train
3772,test
3773,train
3774,test
3775,train
3776,train
3777,test
3778,test
3779,test
3780,train
3781,test
3782,train
3783,train
3784,test
3785,train
3786,train
3787,test
3788,test
3789,test
3790,train
3791,test
3792,test
3793,train
3794,test
3795,train
3796,test
3797,test
3798,test
3799,train
3800,test
3801,test
3802,train
3803,test
3804,test
3805,train
3806,train
3807,train
3808,train
3809,train
3810,train
3811,train
3812,train
3813,test
3814,test
3815,train
3816,train
3817,train
3818,test
3819,train
3820,train
3821,train
3822,test
3823,test
3824,test
3825,test
3826,test
3827,test
3828,test
3829,test
3830,test
3831,test
3832,test
3833,test
3834,train
3835,test
3836,test
3837,train
3838,test
3839,train
3840,test
3841,train
3842,train
3843,train
3844,train
3845,test
3846,train
3847,test
3848,train
3849,test
3850,train
3851,test
3852,test
3853,train
3854,test
3855,train
3856,test
3857,train
3858,train
3859,train
3860,train
3861,train
3862,test
3863,train
3864,train
3865,train
3866,test
3867,test
3868,train
3869,test
3870,test
3871,test
3872,test
3873,test
3874,train
3875,test
3876,test
3877,train
3878,test
3879,train
3880,train
3881,test
3882,train
3883,train
3884,train
3885,test
3886,train
3887,train
3888,test
3889,test
3890,train
3891,train
3892,test
3893,test
3894,test
3895,test
3896,train
3897,test
3898,test
3899,test
3900,test
3901,train
3902,train
3903,test
3904,train
3905,train
3906,train
3907,test
3908,train
3909,test
3910,test
3911,test
3912,test
3913,test
3914,test
3915,train
3916,test
3917,train
3918,train
3919,test
3920,train
3921,test
3922,train
3923,train
3924,train
3925,test
3926,test
3927,test
3928,test
3929,train
3930,test
3931,test
3932,train
3933,test
3934,train
3935,train
3936,test
3937,test
3938,test
3939,test
3940,train
3941,test
3942,test
3943,train
3944,train
3945,test
3946,train
3947,train
3948,test
3949,test
3950,train
3951,test
3952,train
3953,test
3954,train
3955,test
3956,train
3957,train
3958,test
3959,train
3960,train
3961,test
3962,test
3963,train
3964,test
3965,test
3966,train
3967,test
3968,train
3969,test
3970,train
3971,train
3972,test
3973,train
3974,train
3975,train
3976,train
3977,train
3978,test
3979,train
3980,train
3981,test
3982,test
3983,train
3984,train
3985,train
3986,train
3987,train
3988,train
3989,test
3990,train
3991,train
3992,train
3993,test
3994,test
3995,train
3996,train
3997,train
3998,test
3999,train
4000,train
4001,test
4002,test
4003,train
4004,train
4005,test
4006,train
4007,test
4008,train
4009,test
4010,train
4011,train
4012,test
4013,test
4014,train
4015,test
4016,test
4017,test
4018,train
4019,test
4020,train
4021,train
4022,train
4023,test
4024,train
4025,train
4026,train
4027,test
4028,train
4029,train
4030,test
4031,train
4032,train
4033,test
4034,test
4035,test
4036,test
4037,train
4038,train
4039,train
4040,test
4041,train
4042,train
4043,train
4044,train
4045,test
4046,test
4047,train
4048,train
4049,test
4050,train
4051,train
4052,test
4053,train
4054,train
4055,test
4056,train
4057,test
4058,train
4059,train
4060,train
4061,test
4062,train
4063,train
4064,train
4065,test
4066,train
4067,test
4068,train
4069,test
4070,train
4071,train
4072,test
4073,test
4074,test
4075,train
4076,test
4077,test
4078,test
4079,train
4080,train
4081,train
4082,train
4083,test
4084,test
4085,train
4086,test
4087,train
4088,test
4089,train
4090,train
4091,train
4092,train
4093,test
4094,train
4095,train
4096,test
4097,train
4098,train
4099,test
4100,train
4101,test
4102,train
4103,train
4104,train
4105,train
4106,test
4107,train
4108,test
4109,train
4110,test
4111,train
4112,test
4113,train
4114,test
4115,train
4116,train
4117,train
4118,test
4119,train
4120,train
4121,train
4122,train
4123,test
4124,train
4125,test
4126,train
4127,train
4128,train
4129,test
4130,train
4131,test
4132,test
4133,train
4134,train
4135,test
4136,train
4137,test
4138,test
4139,train
4140,test
4141,train
4142,test
4143,train
4144,train
4145,train
4146,train
4147,test
4148,train
4149,train
4150,test
4151,train
4152,test
4153,train
4154,train
4155,test
4156,train
4157,train
4158,test
4159,train
4160,train
4161,train
4162,train
4163,train
4164,train
4165,train
4166,test
4167,test
4168,train
4169,train
4170,train
4171,test
4172,test
4173,test
4174,train
4175,train
4176,train
4177,test
4178,train
4179,test
4180,train
4181,train
4182,test
4183,train
4184,train
4185,test
4186,train
4187,test
4188,train
4189,test
4190,train
4191,test
4192,train
4193,train
4194,train
4195,train
4196,train
4197,train
4198,test
4199,train
4200,train
4201,test
4202,test
4203,test
4204,train
4205,train
4206,train
4207,train
4208,test
4209,train
4210,train
4211,train
4212,train
4213,test
4214,test
4215,test
4216,train
4217,train
4218,train
4219,train
4220,test
4221,test
4222,train
4223,test
4224,test
4225,train
4226,train
4227,train
4228,train
4229,test
4230,train
4231,test
4232,train
4233,test
4234,train
4235,test
4236,test
4237,train
4238,test
4239,train
4240,train
4241,test
4242,train
4243,train
4244,train
4245,train
4246,train
4247,train
4248,test
4249,train
4250,train
4251,test
4252,train
4253,test
4254,train
4255,train
4256,test
4257,train
4258,train
4259,train
4260,test
4261,test
4262,train
4263,train
4264,train
4265,test
4266,train
4267,test
4268,train
4269,train
4270,train
4271,train
4272,train
4273,train
4274,train
4275,train
4276,train
4277,train
4278,train
4279,test
4280,train
4281,train
4282,train
4283,test
4284,test
4285,train
4286,train
4287,train
4288,test
4289,train
4290,test
4291,train
4292,test
4293,test
4294,train
4295,train
4296,train
4297,train
4298,train
4299,test
4300,train
4301,train
4302,train
4303,test
4304,test
4305,train
4306,train
4307,train
4308,train
4309,test
4310,test
4311,test
4312,train
4313,train
4314,test
4315,train
4316,train
4317,test
4318,test
4319,test
4320,train
4321,train
4322,train
4323,train
4324,train
4325,train
4326,train
4327,train
4328,train
4329,test
4330,train
4331,test
4332,train
4333,train
4334,train
4335,train
4336,test
4337,train
4338,test
4339,test
4340,test
4341,test
4342,train
4343,train
4344,train
4345,train
4346,train
4347,test
4348,train
4349,train
4350,train
4351,train
4352,train
4353,test
4354,test
4355,train
4356,test
4357,train
4358,test
4359,test
4360,test
4361,test
4362,train
4363,train
4364,train
4365,test
4366,test
4367,test
4368,test
4369,test
4370,train
4371,train
4372,train
4373,test
4374,train
4375,test
4376,test
4377,test
4378,test
4379,train
4380,train
4381,train
4382,test
4383,train
4384,train
4385,train
4386,train
4387,test
4388,test
4389,train
4390,train
4391,test
4392,train
4393,train
4394,train
4395,test
4396,test
4397,test
4398,train
4399,train
4400,test
4401,train
4402,train
4403,test
4404,test
4405,test
4406,train
4407,test
4408,test
4409,test
4410,train
4411,train
4412,test
4413,test
4414,test
4415,train
4416,train
4417,train
4418,train
4419,train
4420,train
4421,train
4422,train
4423,test
4424,train
4425,test
4426,test
4427,train
4428,train
4429,test
4430,train
4431,train
4432,test
4433,train
4434,test
4435,train
4436,train
4437,test
4438,test
4439,train
4440,test
4441,train
4442,train
4443,train
4444,test
4445,test
4446,train
4447,test
4448,train
4449,test
4450,train
4451,test
4452,train
4453,test
4454,train
4455,train
4456,train
4457,train
4458,test
4459,train
4460,test
4461,train
4462,test
4463,train
4464,test
4465,train
4466,train
4467,train
4468,test
4469,test
4470,test
4471,train
4472,train
4473,train
4474,train
4475,train
4476,test
4477,train
4478,train
4479,train
4480,train
4481,train
4482,test
4483,test
4484,test
4485,test
4486,test
4487,test
4488,test
4489,test
4490,train
4491,test
4492,train
4493,train
4494,train
4495,train
4496,train
4497,test
4498,train
4499,train
4500,train
4501,test
4502,train
4503,test
4504,test
4505,train
4506,train
4507,train
4508,test
4509,train
4510,train
4511,train
4512,test
4513,test
4514,test
4515,train
4516,test
4517,test
4518,train
4519,train
4520,test
4521,train
4522,train
4523,train
4524,test
4525,train
4526,train
4527,train
4528,test
4529,train
4530,train
4531,test
4532,train
4533,train
4534,train
4535,train
4536,train
4537,train
4538,test
4539,train
4540,train
4541,test
4542,train
4543,train
4544,train
4545,test
4546,test
4547,train
4548,train
4549,train
4550,train
4551,train
4552,test
4553,train
4554,train
4555,train
4556,train
4557,train
4558,test
4559,train
4560,train
4561,train
4562,test
4563,train
4564,train
4565,test
4566,train
4567,train
4568,train
4569,train
4570,train
4571,train
4572,test
4573,train
4574,train
4575,test
4576,train
4577,train
4578,train
4579,train
4580,train
4581,test
4582,train
4583,train
4584,test
4585,train
4586,test
4587,train
4588,test
4589,train
4590,train
4591,train
4592,test
4593,test
4594,test
4595,train
4596,test
4597,test
4598,train
4599,test
4600,test
4601,test
4602,train
4603,train
4604,train
4605,train
4606,train
4607,train
4608,train
4609,train
4610,train
4611,train
4612,train
4613,train
4614,test
4615,train
4616,train
4617,test
4618,train
4619,train
4620,train
4621,train
4622,test
4623,train
4624,train
4625,train
4626,test
4627,test
4628,test
4629,train
4630,train
4631,train
4632,train
4633,train
4634,test
4635,train
4636,train
4637,test
4638,test
4639,train
4640,test
4641,test
4642,train
4643,train
4644,test
4645,train
4646,train
4647,train
4648,train
4649,test
4650,train
4651,train
4652,test
4653,train
4654,train
4655,test
4656,train
4657,train
4658,train
4659,test
4660,train
4661,train
4662,test
4663,train
4664,train
4665,test
4666,test
4667,train
4668,train
4669,train
4670,test
4671,test
4672,test
4673,test
4674,train
4675,test
4676,train
4677,test
4678,train
4679,train
4680,test
4681,train
4682,train
4683,test
4684,test
4685,test
4686,test
4687,train
4688,train
4689,test
4690,test
4691,train
4692,test
4693,test
4694,train
4695,train
4696,test
4697,test
4698,train
4699,test
4700,test
4701,train
4702,train
4703,train
4704,train
4705,train
4706,train
4707,train
4708,test
4709,train
4710,train
4711,test
4712,train
4713,test
4714,train
4715,train
4716,test
4717,train
4718,train
4719,test
4720,train
4721,train
4722,test
4723,train
4724,train
4725,test
4726,train
4727,train
4728,test
4729,train
4730,test
4731,train
4732,train
4733,train
4734,test
4735,train
4736,train
4737,test
4738,test
4739,test
4740,test
4741,test
4742,test
4743,test
4744,test
4745,train
4746,test
4747,train
4748,test
4749,train
4750,train
4751,train
4752,train
4753,train
4754,train
4755,train
4756,train
4757,train
4758,train
4759,train
4760,train
4761,train
4762,train
4763,train
4764,train
4765,test
4766,train
4767,train
4768,train
4769,train
4770,train
4771,test
4772,test
4773,train
4774,test
4775,train
4776,train
4777,train
4778,test
4779,test
4780,train
4781,train
4782,train
4783,train
4784,test
4785,train
4786,train
4787,train
4788,test
4789,train
4790,test
4791,test
4792,test
4793,test
4794,train
4795,test
4796,test
4797,train
4798,train
4799,test
4800,train
4801,train
4802,train
4803,train
4804,test
4805,train
4806,train
4807,test
4808,train
4809,train
4810,train
4811,train
4812,test
4813,train
4814,test
4815,test
4816,train
4817,train
4818,test
4819,train
4820,test
4821,train
4822,train
4823,test
4824,test
4825,train
4826,train
4827,train
4828,test
4829,test
4830,test
4831,test
4832,train
4833,test
4834,train
4835,train
4836,test
4837,train
4838,test
4839,train
4840,train
4841,train
4842,test
4843,train
4844,train
4845,test
4846,train
4847,train
4848,train
4849,test
4850,train
4851,train
4852,test
4853,test
4854,train
4855,train
4856,train
4857,train
4858,test
4859,train
4860,train
4861,train
4862,train
4863,train
4864,test
4865,train
4866,test
4867,train
4868,train
4869,test
4870,test
4871,train
4872,train
4873,train
4874,train
4875,test
4876,train
4877,train
4878,test
4879,train
4880,train
4881,test
4882,test
4883,train
4884,train
4885,train
4886,train
4887,test
4888,train
4889,train
4890,train
4891,test
4892,test
4893,train
4894,train
4895,train
4896,train
4897,test
4898,test
4899,test
4900,train
4901,test
4902,train
4903,test
4904,train
4905,test
4906,train
4907,test
4908,test
4909,train
4910,test
4911,train
4912,train
4913,train
4914,test
4915,train
4916,train
4917,train
4918,test
4919,train
4920,train
4921,test
4922,test
4923,train
4924,train
4925,test
4926,test
4927,train
4928,train
4929,test
4930,test
4931,test
4932,test
4933,test
4934,train
4935,test
4936,train
4937,test
4938,train
4939,test
4940,train
4941,train
4942,train
4943,train
4944,train
4945,test
4946,train
4947,train
4948,train
4949,train
4950,train
4951,train
4952,train
4953,train
4954,test
4955,train
4956,test
4957,train
4958,train
4959,test
4960,test
4961,train
4962,train
4963,train
4964,train
4965,train
4966,train
4967,train
4968,train
4969,train
4970,train
4971,test
4972,train
4973,train
4974,train
4975,train
4976,train
4977,train
4978,test
4979,train
4980,train
4981,train
4982,train
4983,test
4984,test
4985,train
4986,test
4987,test
4988,test
4989,train
4990,train
4991,test
4992,test
4993,train
4994,test
4995,test
4996,test
4997,train
4998,train
4999,train
5000,train
5001,test
5002,train
5003,test
5004,train
5005,train
5006,train
5007,train
5008,test
5009,train
5010,train
5011,train
5012,test
5013,train
5014,test
5015,train
5016,train
5017,test
5018,test
5019,train
5020,test
5021,test
5022,train
5023,train
5024,train
5025,train
5026,train
5027,train
5028,train
5029,train
5030,test
5031,train
5032,test
5033,train
5034,train
5035,train
5036,test
5037,train
5038,train
5039,test
5040,test
5041,train
5042,test
5043,train
5044,train
5045,test
5046,test
5047,train
5048,train
5049,train
5050,test
5051,train
5052,test
5053,train
5054,train
5055,train
5056,train
5057,train
5058,train
5059,test
5060,test
5061,train
5062,test
5063,test
5064,train
5065,train
5066,train
5067,train
5068,test
5069,test
5070,test
5071,train
5072,train
5073,test
5074,test
5075,test
5076,train
5077,train
5078,train
5079,test
5080,train
5081,train
5082,train
5083,train
5084,train
5085,test
5086,train
5087,train
5088,train
5089,train
5090,train
5091,test
5092,train
5093,train
5094,train
5095,train
5096,test
5097,train
5098,test
5099,train
5100,test
5101,train
5102,test
5103,train
5104,test
5105,train
5106,test
5107,train
5108,train
5109,train
5110,train
5111,test
5112,train
5113,train
5114,test
5115,test
5116,train
5117,train
5118,test
5119,test
5120,test
5121,train
5122,train
5123,test
5124,test
5125,test
5126,train
5127,train
5128,train
5129,train
5130,train
5131,test
5132,train
5133,train
5134,train
5135,test
5136,train
5137,train
5138,train
5139,train
5140,test
5141,test
5142,test
5143,test
5144,train
5145,test
5146,train
5147,train
5148,train
5149,test
5150,train
5151,test
5152,train
5153,train
5154,test
5155,test
5156,test
5157,train
5158,train
5159,test
5160,test
5161,train
5162,test
5163,train
5164,test
5165,train
5166,train
5167,train
5168,train
5169,train
5170,train
5171,test
5172,train
5173,train
5174,train
5175,train
5176,test
5177,test
5178,test
5179,test
5180,train
5181,train
5182,train
5183,test
5184,test
5185,test
5186,train
5187,train
5188,train
5189,train
5190,train
5191,train
5192,train
5193,train
5194,train
5195,test
5196,train
5197,test
5198,train
5199,test
5200,test
5201,train
5202,test
5203,train
5204,test
5205,test
5206,train
5207,train
5208,train
5209,train
5210,test
5211,test
5212,train
5213,test
5214,test
5215,test
5216,test
5217,train
5218,test
5219,train
5220,train
5221,train
5222,train
5223,train
5224,test
5225,train
5226,train
5227,test
5228,train
5229,test
5230,train
5231,train
5232,test
5233,train
5234,test
5235,train
5236,test
5237,train
5238,test
5239,test
5240,train
5241,test
5242,train
5243,test
5244,train
5245,train
5246,test
5247,train
5248,train
5249,test
5250,test
5251,train
5252,train
5253,train
5254,train
5255,train
5256,train
5257,test
5258,test
5259,train
5260,train
5261,train
5262,test
5263,train
5264,train
5265,train
5266,train
5267,train
5268,train
5269,test
5270,train
5271,test
5272,test
5273,test
5274,train
5275,test
5276,test
5277,train
5278,train
5279,test
5280,train
5281,test
5282,train
5283,train
5284,train
5285,train
5286,train
5287,test
5288,test
5289,train
5290,train
5291,train
5292,train
5293,train
5294,train
5295,test
5296,test
5297,train
5298,train
5299,train
5300,train
5301,test
5302,train
5303,test
5304,train
5305,train
5306,train
5307,train
5308,test
5309,test
5310,test
5311,train
5312,train
5313,train
5314,train
5315,test
5316,train
5317,train
5318,train
5319,test
5320,train
5321,train
5322,train
5323,test
5324,train
5325,test
5326,train
5327,test
5328,test
5329,test
5330,train
5331,train
5332,train
5333,train
5334,test
5335,train
5336,test
5337,train
5338,train
5339,test
5340,train
5341,test
5342,test
5343,train
5344,train
5345,train
5346,test
5347,train
5348,test
5349,train
5350,test
5351,test
5352,test
5353,test
5354,train
5355,test
5356,train
5357,test
5358,test
5359,test
5360,test
5361,test
5362,test
5363,test
5364,train
5365,test
5366,train
5367,test
5368,test
5369,train
5370,train
5371,train
5372,train
5373,test
5374,train
5375,test
5376,train
5377,test
5378,train
5379,test
5380,test
5381,train
5382,train
5383,test
5384,test
5385,test
5386,train
5387,train
5388,test
5389,train
5390,test
5391,test
5392,train
5393,train
5394,train
5395,train
5396,train
5397,test
5398,train
5399,test
5400,train
5401,test
5402,test
5403,train
5404,train
5405,train
5406,train
5407,test
5408,train
5409,test
5410,train
5411,test
5412,train
5413,train
5414,test
5415,train
5416,test
5417,test
5418,train
5419,train
5420,train
5421,train
5422,train
5423,train
5424,test
5425,test
5426,train
5427,train
5428,train
5429,test
5430,train
5431,train
5432,train
5433,test
5434,train
5435,test
5436,test
5437,train
5438,test
5439,test
5440,train
5441,train
5442,test
5443,train
5444,train
5445,train
5446,train
5447,train
5448,test
5449,train
5450,test
5451,test
5452,test
5453,test
5454,test
5455,test
5456,train
5457,train
5458,test
5459,test
5460,train
5461,test
5462,train
5463,train
5464,test
5465,test
5466,train
5467,test
5468,train
5469,train
5470,test
5471,test
5472,train
5473,test
5474,test
5475,train
5476,train
5477,train
5478,test
5479,test
5480,train
5481,test
5482,train
5483,train
5484,test
5485,train
5486,test
5487,test
5488,train
5489,train
5490,train
5491,train
5492,train
5493,train
5494,train
5495,train
5496,train
5497,test
5498,train
5499,test
5500,train
5501,test
5502,test
5503,train
5504,train
5505,train
5506,train
5507,train
5508,train
5509,train
5510,test
5511,train
5512,test
5513,test
5514,train
5515,train
5516,test
5517,test
5518,test
5519,test
5520,train
5521,train
5522,test
5523,train
5524,train
5525,test
5526,test
5527,train
5528,train
5529,train
5530,train
5531,test
5532,test
5533,train
5534,train
5535,test
5536,test
5537,train
5538,train
5539,train
5540,test
5541,train
5542,test
5543,train
5544,train
5545,train
5546,train
5547,test
5548,train
5549,train
5550,train
5551,train
5552,train
5553,train
5554,train
5555,train
5556,train
5557,train
5558,train
5559,train
5560,train
5561,test
5562,test
5563,train
5564,train
5565,train
5566,test
5567,train
5568,train
5569,train
5570,train
5571,train
5572,train
5573,test
5574,test
5575,train
5576,train
5577,train
5578,test
5579,train
5580,test
5581,train
5582,test
5583,train
5584,test
5585,train
5586,test
5587,train
5588,test
5589,test
5590,train
5591,train
5592,test
5593,train
5594,train
5595,train
5596,train
5597,train
5598,test
5599,train
5600,train
5601,train
5602,test
5603,train
5604,train
5605,train
5606,train
5607,test
5608,test
5609,train
5610,test
5611,train
5612,train
5613,train
5614,test
5615,train
5616,train
5617,test
5618,test
5619,train
5620,train
5621,train
5622,test
5623,test
5624,train
5625,train
5626,train
5627,train
5628,train
5629,train
5630,test
5631,test
5632,test
5633,train
5634,test
5635,test
5636,test
5637,test
5638,train
5639,train
5640,train
5641,test
5642,train
5643,train
5644,train
5645,test
5646,train
5647,train
5648,train
5649,train
5650,train
5651,train
5652,train
5653,train
5654,train
5655,train
5656,train
5657,test
5658,train
5659,train
5660,test
5661,train
5662,test
5663,test
5664,test
5665,train
5666,train
5667,train
5668,train
5669,train
5670,test
5671,train
5672,train
5673,test
5674,train
5675,test
5676,train
5677,test
5678,train
5679,train
5680,test
5681,train
5682,test
5683,test
5684,test
5685,train
5686,train
5687,train
5688,train
5689,train
5690,train
5691,test
5692,train
5693,train
5694,train
5695,train
5696,test
5697,train
5698,test
5699,test
5700,test
5701,train
5702,train
5703,test
5704,test
5705,train
5706,test
5707,test
5708,train
5709,train
5710,train
5711,test
5712,train
5713,train
5714,test
5715,test
5716,train
5717,train
5718,train
5719,train
5720,test
5721,train
5722,train
5723,test
5724,test
5725,train
5726,test
5727,train
5728,test
5729,train
5730,test
5731,train
5732,train
5733,test
5734,test
5735,train
5736,test
5737,train
5738,train
5739,test
5740,test
5741,test
5742,test
5743,train
5744,test
5745,train
5746,test
5747,train
5748,train
5749,train
5750,train
5751,train
5752,train
5753,train
5754,test
5755,train
5756,test
5757,train
5758,train
5759,train
5760,train
5761,test
5762,test
5763,train
5764,train
5765,train
5766,test
5767,train
5768,train
5769,test
5770,test
5771,test
5772,train
5773,train
5774,test
5775,test
5776,train
5777,test
5778,train
5779,test
5780,test
5781,train
5782,train
5783,test
5784,train
5785,train
5786,train
5787,test
5788,train
5789,train
5790,train
5791,test
5792,test
5793,train
5794,train
5795,test
5796,test
5797,train
5798,train
5799,train
5800,train
5801,train
5802,train
5803,test
5804,train
5805,train
5806,train
5807,test
5808,test
5809,test
5810,train
5811,test
5812,train
5813,train
5814,train
5815,train
5816,test
5817,train
5818,train
5819,train
5820,train
5821,train
5822,test
5823,test
5824,test
5825,train
5826,train
5827,train
5828,test
5829,train
5830,train
5831,train
5832,test
5833,test
5834,test
5835,train
5836,train
5837,test
5838,train
5839,test
5840,test
5841,test
5842,train
5843,train
5844,test
5845,test
5846,train
5847,test
5848,train
5849,train
5850,train
5851,train
5852,test
5853,train
5854,train
5855,train
5856,train
5857,test
5858,train
5859,train
5860,test
5861,test
5862,train
5863,train
5864,train
5865,test
5866,train
5867,train
5868,test
5869,test
5870,test
5871,train
5872,test
5873,train
5874,train
5875,test
5876,test
5877,train
5878,train
5879,test
5880,train
5881,train
5882,train
5883,train
5884,test
5885,train
5886,train
5887,test
5888,test
5889,train
5890,test
5891,train
5892,test
5893,test
5894,test
5895,train
5896,train
5897,train
5898,test
5899,train
5900,test
5901,train
5902,test
5903,train
5904,test
5905,train
5906,test
5907,train
5908,train
5909,test
5910,train
5911,train
5912,train
5913,test
5914,train
5915,train
5916,train
5917,train
5918,train
5919,train
5920,test
5921,test
5922,train
5923,test
5924,test
5925,train
5926,test
5927,test
5928,test
5929,train
5930,train
5931,train
5932,train
5933,test
5934,train
5935,test
5936,train
5937,train
5938,train
5939,test
5940,train
5941,train
5942,train
5943,train
5944,train
5945,train
5946,test
5947,test
5948,test
5949,train
5950,test
5951,train
5952,train
5953,train
5954,train
5955,train
5956,train
5957,train
5958,test
5959,test
5960,train
5961,test
5962,test
5963,train
5964,test
5965,train
5966,train
5967,train
5968,train
5969,train
5970,train
5971,test
5972,train
5973,test
5974,test
5975,test
5976,test
5977,train
5978,test
5979,train
5980,test
5981,train
5982,test
5983,train
5984,train
5985,train
5986,train
5987,test
5988,train
5989,train
5990,test
5991,train
5992,train
5993,train
5994,test
5995,test
5996,test
5997,test
5998,train
5999,train
6000,train
6001,train
6002,train
6003,test
6004,train
6005,test
6006,train
6007,train
6008,test
6009,train
6010,train
6011,train
6012,train
6013,train
6014,train
6015,train
6016,train
6017,test
6018,train
6019,train
6020,train
6021,test
6022,test
6023,train
6024,train
6025,train
6026,train
6027,train
6028,test
6029,train
6030,train
6031,test
6032,train
6033,train
6034,train
6035,test
6036,train
6037,train
6038,test
6039,train
6040,test
6041,train
6042,train
6043,train
6044,test
6045,train
6046,train
6047,train
6048,test
6049,train
6050,test
6051,test
6052,train
6053,train
6054,train
6055,train
6056,train
6057,test
6058,test
6059,test
6060,train
6061,train
6062,test
6063,train
6064,test
6065,train
6066,test
6067,test
6068,train
6069,train
6070,train
6071,train
6072,test
6073,train
6074,test
6075,train
6076,train
6077,train
6078,train
6079,test
6080,test
6081,test
6082,train
6083,test
6084,test
6085,test
6086,test
6087,train
6088,train
6089,test
6090,test
6091,test
6092,train
6093,train
6094,train
6095,test
6096,test
6097,train
6098,test
6099,train
6100,train
6101,train
6102,train
6103,train
6104,test
6105,test
6106,train
6107,train
6108,test
6109,test
6110,test
6111,train
6112,train
6113,test
6114,test
6115,train
6116,test
6117,train
6118,test
6119,test
6120,train
6121,train
6122,train
6123,train
6124,test
6125,train
6126,train
6127,train
6128,train
6129,train
6130,train
6131,train
6132,test
6133,train
6134,train
6135,train
6136,test
6137,test
6138,train
6139,train
6140,train
6141,train
6142,test
6143,test
6144,train
6145,train
6146,train
6147,train
6148,train
6149,train
6150,train
6151,train
6152,train
6153,train
6154,test
6155,test
6156,train
6157,train
6158,train
6159,train
6160,test
6161,train
6162,train
6163,train
6164,test
6165,train
6166,test
6167,train
6168,train
6169,train
6170,train
6171,test
6172,test
6173,train
6174,train
6175,train
6176,test
6177,train
6178,train
6179,test
6180,train
6181,train
6182,test
6183,test
6184,train
6185,train
6186,train
6187,train
6188,train
6189,test
6190,test
6191,test
6192,test
6193,test
6194,train
6195,train
6196,train
6197,train
6198,test
6199,test
6200,train
6201,test
6202,test
6203,test
6204,test
6205,train
6206,test
6207,test
6208,train
6209,test
6210,train
6211,train
6212,test
6213,test
6214,test
6215,train
6216,train
6217,train
6218,test
6219,test
6220,train
6221,train
6222,train
6223,train
6224,train
6225,test
6226,train
6227,test
6228,train
6229,test
6230,test
6231,train
6232,test
6233,train
6234,test
6235,test
6236,test
6237,train
6238,test
6239,test
6240,train
6241,train
6242,train
6243,train
6244,train
6245,test
6246,train
6247,test
6248,train
6249,train
6250,train
6251,train
6252,train
6253,train
6254,test
6255,train
6256,test
6257,train
6258,test
6259,train
6260,test
6261,test
6262,test
6263,test
6264,train
6265,test
6266,train
6267,train
6268,test
6269,train
6270,train
6271,train
6272,train
6273,test
6274,train
6275,train
6276,test
6277,train
6278,train
6279,train
6280,test
6281,train
6282,train
6283,train
6284,train
6285,test
6286,train
6287,train
6288,train
6289,test
6290,test
6291,test
6292,test
6293,test
6294,train
6295,train
6296,train
6297,train
6298,test
6299,train
6300,test
6301,test
6302,train
6303,test
6304,test
6305,train
6306,train
6307,train
6308,train
6309,train
6310,test
6311,train
6312,test
6313,test
6314,test
6315,train
6316,train
6317,test
6318,train
6319,train
6320,train
6321,train
6322,train
6323,test
6324,train
6325,train
6326,train
6327,train
6328,test
6329,test
6330,train
6331,train
6332,test
6333,test
6334,train
6335,test
6336,test
6337,train
6338,train
6339,train
6340,test
6341,test
6342,train
6343,test
6344,train
6345,test
6346,train
6347,train
6348,test
6349,train
6350,train
6351,test
6352,test
6353,test
6354,train
6355,test
6356,train
6357,test
6358,train
6359,train
6360,test
6361,train
6362,test
6363,train
6364,test
6365,train
6366,test
6367,test
6368,test
6369,train
6370,train
6371,train
6372,test
6373,train
6374,train
6375,train
6376,train
6377,train
6378,train
6379,test
6380,train
6381,train
6382,test
6383,train
6384,train
6385,test
6386,train
6387,test
6388,train
6389,train
6390,train
6391,train
6392,train
6393,train
6394,test
6395,train
6396,train
6397,test
6398,train
6399,train
6400,train
6401,test
6402,train
6403,train
6404,train
6405,test
6406,test
6407,train
6408,train
6409,train
6410,train
6411,train
6412,test
6413,test
6414,train
6415,train
6416,test
6417,train
6418,test
6419,test
6420,test
6421,train
6422,test
6423,train
6424,train
6425,test
6426,train
6427,test
6428,test
6429,test
6430,train
6431,train
6432,train
6433,train
6434,train
6435,train
6436,train
6437,train
6438,test
6439,test
6440,train
6441,train
6442,train
6443,test
6444,train
6445,train
6446,test
6447,train
6448,test
6449,train
6450,train
6451,train
6452,train
6453,train
6454,train
6455,test
6456,test
6457,train
6458,test
6459,test
6460,train
6461,test
6462,train
6463,train
6464,test
6465,test
6466,train
6467,test
6468,train
6469,test
6470,test
6471,train
6472,train
6473,train
6474,train
6475,train
6476,test
6477,train
6478,train
6479,train
6480,test
6481,train
6482,train
6483,train
6484,train
6485,train
6486,train
6487,train
6488,test
6489,train
6490,test
6491,test
6492,test
6493,train
6494,train
6495,test
6496,train
6497,train
6498,test
6499,test
6500,train
6501,train
6502,train
6503,train
6504,train
6505,train
6506,train
6507,train
6508,train
6509,train
6510,test
6511,test
6512,test
6513,test
6514,train
6515,train
6516,train
6517,train
6518,test
6519,train
6520,train
6521,train
6522,train
6523,train
6524,train
6525,test
6526,train
6527,test
6528,test
6529,train
6530,train
6531,train
6532,train
6533,train
6534,test
6535,test
6536,train
6537,test
6538,train
6539,train
6540,train
6541,test
6542,train
6543,train
6544,test
6545,train
6546,test
6547,train
6548,train
6549,test
6550,train
6551,train
6552,test
6553,test
6554,train
6555,train
6556,train
6557,train
6558,test
6559,test
6560,test
6561,train
6562,test
6563,test
6564,train
6565,test
6566,test
6567,train
6568,test
6569,train
6570,train
6571,test
6572,train
6573,train
6574,train
6575,test
6576,train
6577,test
6578,train
6579,train
6580,train
6581,test
6582,train
6583,train
6584,test
6585,train
6586,test
6587,test
6588,train
6589,test
6590,train
6591,train
6592,test
6593,train
6594,train
6595,test
6596,train
6597,test
6598,train
6599,test
6600,train
6601,train
6602,test
6603,train
6604,test
6605,train
6606,test
6607,test
6608,test
6609,train
6610,test
6611,test
6612,test
6613,test
6614,train
6615,test
6616,test
6617,test
6618,test
6619,train
6620,test
6621,test
6622,train
6623,test
6624,test
6625,train
6626,test
6627,train
6628,test
6629,test
6630,test
6631,train
6632,train
6633,test
6634,test
6635,train
6636,train
6637,test
6638,test
6639,test
6640,test
6641,train
6642,train
6643,train
6644,train
6645,train
6646,train
6647,train
6648,test
6649,train
6650,test
6651,test
6652,train
6653,test
6654,train
6655,train
6656,test
6657,train
6658,test
6659,train
6660,train
6661,train
6662,train
6663,test
6664,test
6665,test
6666,train
6667,train
6668,test
6669,train
6670,test
6671,train
6672,test
6673,test
6674,train
6675,train
6676,train
6677,test
6678,train
6679,train
6680,test
6681,train
6682,test
6683,test
6684,test
6685,train
6686,train
6687,train
6688,train
6689,train
6690,train
6691,test
6692,test
6693,train
6694,test
6695,test
6696,train
6697,test
6698,train
6699,train
6700,test
6701,train
6702,train
6703,train
6704,train
6705,train
6706,train
6707,test
6708,train
6709,test
6710,test
6711,train
6712,test
6713,train
6714,test
6715,train
6716,test
6717,test
6718,train
6719,train
6720,test
6721,train
6722,test
6723,test
6724,train
6725,train
6726,test
6727,train
6728,test
6729,test
6730,train
6731,train
6732,train
6733,train
6734,train
6735,train
6736,train
6737,train
6738,test
6739,train
6740,test
6741,train
6742,train
6743,test
6744,train
6745,test
6746,train
6747,test
6748,train
6749,test
6750,train
6751,train
6752,train
6753,train
6754,test
6755,train
6756,test
6757,train
6758,test
6759,test
6760,train
6761,train
6762,train
6763,test
6764,test
6765,train
6766,train
6767,train
6768,train
6769,train
6770,train
6771,train
6772,train
6773,test
6774,test
6775,test
6776,train
6777,test
6778,train
6779,test
6780,train
6781,train
6782,test
6783,train
6784,test
6785,train
6786,train
6787,train
6788,train
6789,test
6790,test
6791,train
6792,train
6793,test
6794,test
6795,train
6796,train
6797,train
6798,train
6799,train
6800,test
6801,train
6802,test
6803,test
6804,train
6805,train
6806,train
6807,train
6808,train
6809,train
6810,test
6811,train
6812,train
6813,train
6814,test
6815,test
6816,train
6817,test
6818,test
6819,test
6820,train
6821,train
6822,test
6823,train
6824,train
6825,train
6826,test
6827,test
6828,train
6829,test
6830,train
6831,train
6832,train
6833,train
6834,test
6835,train
6836,train
6837,train
6838,test
6839,train
6840,test
6841,train
6842,train
6843,test
6844,test
6845,train
6846,train
6847,train
6848,train
6849,train
6850,train
6851,train
6852,train
6853,test
6854,train
6855,train
6856,test
6857,test
6858,train
6859,test
6860,train
6861,test
6862,test
6863,train
6864,train
6865,test
6866,train
6867,train
6868,train
6869,train
6870,test
6871,train
6872,train
6873,train
6874,test
6875,test
6876,test
6877,test
6878,test
6879,test
6880,train
6881,test
6882,train
6883,train
6884,train
6885,test
6886,test
6887,test
6888,test
6889,train
6890,train
6891,train
6892,test
6893,test
6894,train
6895,test
6896,test
6897,test
6898,train
6899,test
6900,train
6901,test
6902,test
6903,train
6904,train
6905,train
6906,train
6907,train
6908,test
6909,test
6910,train
6911,train
6912,test
6913,test
6914,train
6915,train
6916,test
6917,test
6918,train
6919,train
6920,test
6921,train
6922,test
6923,test
6924,train
6925,train
6926,train
6927,train
6928,test
6929,train
6930,test
6931,train
6932,test
6933,train
6934,train
6935,train
6936,test
6937,train
6938,train
6939,test
6940,test
6941,train
6942,train
6943,train
6944,train
6945,train
6946,test
6947,train
6948,train
6949,train
6950,test
6951,train
6952,train
6953,train
6954,test
6955,train
6956,train
6957,train
6958,test
6959,train
6960,test
6961,train
6962,test
6963,train
6964,test
6965,train
6966,train
6967,train
6968,test
6969,test
6970,train
6971,test
6972,test
6973,train
6974,train
6975,train
6976,test
6977,train
6978,test
6979,train
6980,test
6981,test
6982,train
6983,test
6984,train
6985,train
6986,train
6987,train
6988,train
6989,test
6990,test
6991,train
6992,train
6993,train
6994,train
6995,test
6996,train
6997,train
6998,train
6999,test
7000,test
7001,train
7002,test
7003,train
7004,test
7005,train
7006,test
7007,test
7008,train
7009,test
7010,test
7011,train
7012,train
7013,train
7014,test
7015,train
7016,train
7017,test
7018,train
7019,test
7020,test
7021,test
7022,train
7023,train
7024,train
7025,test
7026,train
7027,test
7028,test
7029,train
7030,test
7031,train
7032,test
7033,test
7034,test
7035,train
7036,train
7037,train
7038,train
7039,test
7040,test
7041,test
7042,test
7043,train
7044,test
7045,train
7046,train
7047,train
7048,test
7049,test
7050,train
7051,train
7052,train
7053,train
7054,train
7055,train
7056,test
7057,train
7058,train
7059,test
7060,train
7061,train
7062,test
7063,train
7064,train
7065,train
7066,train
7067,test
7068,train
7069,test
7070,train
7071,train
7072,train
7073,train
7074,test
7075,train
7076,train
7077,train
7078,test
7079,test
7080,train
7081,test
7082,train
7083,train
7084,train
7085,train
7086,test
7087,test
7088,train
7089,test
7090,train
7091,train
7092,train
7093,train
7094,train
7095,train
7096,test
7097,test
7098,train
7099,train
7100,train
7101,test
7102,test
7103,test
7104,test
7105,test
7106,train
7107,test
7108,test
7109,train
7110,train
7111,train
7112,train
7113,train
7114,train
7115,test
7116,test
7117,train
7118,train
7119,test
7120,test
7121,test
7122,test
7123,train
7124,train
7125,train
7126,train
7127,train
7128,train
7129,test
7130,test
7131,test
7132,train
7133,test
7134,test
7135,train
7136,train
7137,test
7138,train
7139,test
7140,train
7141,train
7142,train
7143,test
7144,test
7145,train
7146,train
7147,test
7148,test
7149,test
7150,test
7151,test
7152,train
7153,train
7154,test
7155,test
7156,train
7157,train
7158,test
7159,test
7160,train
7161,test
7162,train
7163,train
7164,test
7165,train
7166,train
7167,test
7168,test
7169,test
7170,train
7171,train
7172,test
7173,train
7174,test
7175,test
7176,train
7177,test
7178,train
7179,train
7180,test
7181,test
7182,test
7183,train
7184,train
7185,train
7186,train
7187,test
7188,train
7189,train
7190,train
7191,train
7192,train
7193,test
7194,test
7195,train
7196,train
7197,train
7198,train
7199,test
7200,train
7201,train
7202,test
7203,test
7204,train
7205,test
7206,train
7207,train
7208,train
7209,train
7210,train
7211,train
7212,train
7213,train
7214,train
7215,train
7216,train
7217,train
7218,train
7219,train
7220,test
7221,train
7222,test
7223,train
7224,test
7225,train
7226,test
7227,train
7228,train
7229,train
7230,train
7231,train
7232,train
7233,test
7234,train
7235,train
7236,train
7237,train
7238,train
7239,test
7240,train
7241,train
7242,train
7243,train
7244,test
7245,train
7246,train
7247,train
7248,test
7249,train
7250,train
7251,train
7252,test
7253,test
7254,test
7255,test
7256,train
7257,train
7258,test
7259,train
7260,train
7261,test
7262,test
7263,test
7264,test
7265,test
7266,test
7267,train
7268,train
7269,train
7270,test
7271,train
7272,train
7273,train
7274,train
7275,train
7276,train
7277,train
7278,test
7279,test
7280,train
7281,train
7282,test
7283,train
7284,train
7285,train
7286,test
7287,test
7288,train
7289,train
7290,train
7291,train
7292,test
7293,test
7294,test
7295,train
7296,test
7297,test
7298,train
7299,train
7300,test
7301,train
7302,train
7303,train
7304,train
7305,test
7306,test
7307,train
7308,test
7309,test
7310,train
7311,train
7312,train
7313,test
7314,train
7315,test
7316,test
7317,test
7318,train
7319,test
7320,test
7321,test
7322,test
7323,test
7324,test
7325,train
7326,train
7327,test
7328,test
7329,train
7330,test
7331,train
7332,train
7333,train
7334,train
7335,train
7336,test
7337,test
7338,train
7339,train
7340,test
7341,test
7342,test
7343,train
7344,test
7345,test
7346,test
7347,train
7348,train
7349,train
7350,test
7351,test
7352,train
7353,train
7354,test
7355,test
7356,test
7357,train
7358,train
7359,test
7360,test
7361,test
7362,train
7363,train
7364,train
7365,train
7366,test
7367,train
7368,test
7369,train
7370,train
7371,train
7372,train
7373,train
7374,train
7375,test
7376,test
7377,train
7378,train
7379,test
7380,test
7381,train
7382,test
7383,test
7384,test
7385,train
7386,test
7387,test
7388,train
7389,train
7390,test
7391,test
7392,train
7393,train
7394,test
7395,test
7396,test
7397,train
7398,train
7399,train
7400,train
7401,test
7402,train
7403,test
7404,test
7405,train
7406,train
7407,train
7408,test
7409,test
7410,train
7411,test
7412,test
7413,train
7414,train
7415,test
7416,train
7417,test
7418,train
7419,train
7420,test
7421,train
7422,train
7423,test
7424,train
7425,train
7426,test
7427,test
7428,test
7429,test
7430,train
7431,train
7432,train
7433,train
7434,train
7435,test
7436,train
7437,train
7438,train
7439,test
7440,test
7441,train
7442,test
7443,train
7444,train
7445,test
7446,train
7447,train
7448,test
7449,test
7450,test
7451,train
7452,test
7453,train
7454,test
7455,train
7456,train
7457,train
7458,test
7459,train
7460,train
7461,train
7462,test
7463,train
7464,train
7465,train
7466,test
7467,test
7468,train
7469,train
7470,train
7471,test
7472,train
7473,test
7474,test
7475,train
7476,train
7477,train
7478,train
7479,train
7480,train
7481,train
7482,test
7483,test
7484,train
7485,test
7486,test
7487,train
7488,train
7489,train
7490,train
7491,test
7492,train
7493,test
7494,train
7495,train
7496,test
7497,train
7498,test
7499,test
7500,test
7501,test
7502,test
7503,test
7504,train
7505,test
7506,train
7507,train
7508,test
7509,test
7510,test
7511,test
7512,train
7513,train
7514,train
7515,train
7516,train
7517,train
7518,train
7519,train
7520,test
7521,train
7522,test
7523,test
7524,train
7525,test
7526,test
7527,test
7528,train
7529,test
7530,test
7531,train
7532,test
7533,test
7534,train
7535,train
7536,test
7537,test
7538,train
7539,test
7540,train
7541,train
7542,test
7543,test
7544,test
7545,train
7546,train
7547,train
7548,train
7549,test
7550,test
7551,train
7552,train
7553,test
7554,train
7555,test
7556,train
7557,test
7558,train
7559,test
7560,train
7561,test
7562,test
7563,train
7564,train
7565,train
7566,test
7567,train
7568,train
7569,test
7570,train
7571,test
7572,train
7573,test
7574,train
7575,test
7576,train
7577,test
7578,train
7579,test
7580,train
7581,test
7582,train
7583,test
7584,train
7585,train
7586,train
7587,train
7588,train
7589,train
7590,test
7591,train
7592,train
7593,test
7594,test
7595,test
7596,train
7597,train
7598,train
7599,train
7600,test
7601,test
7602,test
7603,train
7604,train
7605,test
7606,train
7607,train
7608,train
7609,test
7610,train
7611,train
7612,train
7613,train
7614,train
7615,test
7616,train
7617,train
7618,train
7619,train
7620,test
7621,test
7622,test
7623,train
7624,train
7625,test
7626,train
7627,test
7628,test
7629,test
7630,train
7631,train
7632,train
7633,test
7634,test
7635,train
7636,train
7637,train
7638,train
7639,train
7640,test
7641,test
7642,train
7643,train
7644,train
7645,train
7646,train
7647,train
7648,train
7649,train
7650,test
7651,test
7652,train
7653,train
7654,test
7655,train
7656,train
7657,train
7658,test
7659,test
7660,train
7661,train
7662,test
7663,test
7664,train
7665,test
7666,train
7667,train
7668,test
7669,train
7670,train
7671,train
7672,test
7673,test
7674,train
7675,test
7676,train
7677,train
7678,train
7679,test
7680,train
7681,train
7682,test
7683,train
7684,test
7685,train
7686,test
7687,train
7688,test
7689,test
7690,train
7691,train
7692,train
7693,test
7694,train
7695,train
7696,train
7697,train
7698,train
7699,train
7700,test
7701,test
7702,train
7703,test
7704,test
7705,test
7706,train
7707,train
7708,train
7709,test
7710,train
7711,train
7712,train
7713,train
7714,train
7715,train
7716,test
7717,test
7718,train
7719,test
7720,test
7721,train
7722,train
7723,train
7724,test
7725,test
7726,train
7727,test
7728,train
7729,train
7730,test
7731,train
7732,train
7733,train
7734,test
7735,test
7736,train
7737,train
7738,train
7739,train
7740,train
7741,test
7742,test
7743,train
7744,test
7745,train
7746,train
7747,test
7748,test
7749,test
7750,train
7751,train
7752,test
7753,test
7754,train
7755,train
7756,train
7757,train
7758,train
7759,train
7760,train
7761,test
7762,test
7763,train
7764,train
7765,test
7766,train
7767,test
7768,test
7769,train
7770,train
7771,train
7772,test
7773,train
7774,train
7775,test
7776,train
7777,train
7778,test
7779,test
7780,test
7781,test
7782,train
7783,test
7784,test
7785,test
7786,train
7787,test
7788,test
7789,train
7790,test
7791,test
7792,test
7793,train
7794,train
7795,test
7796,train
7797,test
7798,test
7799,test
7800,train
7801,train
7802,train
7803,train
7804,test
7805,test
7806,train
7807,test
7808,test
7809,test
7810,train
7811,train
7812,test
7813,train
7814,test
7815,test
7816,train
7817,test
7818,train
7819,train
7820,test
7821,test
7822,test
7823,train
7824,train
7825,train
7826,train
7827,train
7828,test
7829,test
7830,test
7831,train
7832,train
7833,train
7834,test
7835,train
7836,train
7837,test
7838,test
7839,test
7840,train
7841,test
7842,train
7843,train
7844,test
7845,train
7846,train
7847,test
7848,train
7849,train
7850,train
7851,train
7852,train
7853,train
7854,test
7855,test
7856,test
7857,test
7858,test
7859,train
7860,train
7861,train
7862,train
7863,train
7864,test
7865,train
7866,train
7867,test
7868,train
7869,test
7870,train
7871,test
7872,train
7873,train
7874,test
7875,test
7876,test
7877,train
7878,train
7879,train
7880,train
7881,test
7882,train
7883,test
7884,train
7885,train
7886,test
7887,test
7888,train
7889,train
7890,test
7891,train
7892,train
7893,test
7894,test
7895,test
7896,train
7897,test
7898,train
7899,test
7900,train
7901,train
7902,test
7903,test
7904,train
7905,train
7906,train
7907,train
7908,train
7909,test
7910,train
7911,train
7912,test
7913,train
7914,train
7915,test
7916,train
7917,test
7918,train
7919,test
7920,train
7921,test
7922,train
7923,train
7924,train
7925,test
7926,train
7927,train
7928,test
7929,train
7930,train
7931,train
7932,test
7933,train
7934,train
7935,test
7936,train
7937,test
7938,train
7939,train
7940,train
7941,train
7942,train
7943,test
7944,train
7945,train
7946,test
7947,train
7948,test
7949,train
7950,test
7951,train
7952,train
7953,test
7954,train
7955,test
7956,train
7957,train
7958,train
7959,test
7960,train
7961,train
7962,test
7963,test
7964,test
7965,test
7966,train
7967,test
7968,test
7969,test
7970,train
7971,train
7972,test
7973,train
7974,train
7975,train
7976,train
7977,train
7978,test
7979,train
7980,train
7981,train
7982,test
7983,test
7984,test
7985,test
7986,train
7987,train
7988,train
7989,train
7990,train
7991,test
7992,train
7993,test
7994,train
7995,train
7996,train
7997,test
7998,test
7999,test
8000,test
8001,train
8002,train
8003,train
8004,train
8005,test
8006,train
8007,train
8008,train
8009,train
8010,train
8011,train
8012,train
8013,test
8014,train
8015,train
8016,test
8017,train
8018,train
8019,train
8020,train
8021,train
8022,train
8023,train
8024,train
8025,test
8026,train
8027,test
8028,train
8029,train
8030,test
8031,train
8032,test
8033,test
8034,test
8035,test
8036,test
8037,train
8038,test
8039,test
8040,test
8041,train
8042,test
8043,train
8044,train
8045,train
8046,train
8047,train
8048,train
8049,train
8050,train
8051,train
8052,test
8053,train
8054,test
8055,test
8056,train
8057,test
8058,train
8059,test
8060,test
8061,train
8062,test
8063,test
8064,train
8065,train
8066,test
8067,train
8068,test
8069,test
8070,train
8071,train
8072,train
8073,train
8074,train
8075,train
8076,train
8077,train
8078,train
8079,test
8080,test
8081,train
8082,train
8083,train
8084,train
8085,test
8086,test
8087,test
8088,train
8089,train
8090,train
8091,train
8092,test
8093,test
8094,train
8095,train
8096,test
8097,test
8098,train
8099,train
8100,test
8101,test
8102,train
8103,train
8104,train
8105,test
8106,test
8107,test
8108,test
8109,train
8110,train
8111,train
8112,train
8113,train
8114,train
8115,train
8116,test
8117,test
8118,train
8119,train
8120,train
8121,test
8122,train
8123,train
8124,test
8125,train
8126,test
8127,test
8128,test
8129,test
8130,train
8131,test
8132,train
8133,test
8134,test
8135,train
8136,test
8137,test
8138,test
8139,test
8140,test
8141,train
8142,train
8143,train
8144,test
8145,test
8146,train
8147,test
8148,train
8149,test
8150,test
8151,test
8152,train
8153,train
8154,test
8155,train
8156,test
8157,train
8158,test
8159,train
8160,test
8161,test
8162,train
8163,test
8164,train
8165,train
8166,train
8167,test
8168,train
8169,test
8170,train
8171,train
8172,train
8173,train
8174,test
8175,train
8176,train
8177,test
8178,train
8179,train
8180,train
8181,test
8182,train
8183,train
8184,test
8185,train
8186,test
8187,test
8188,train
8189,test
8190,train
8191,train
8192,test
8193,train
8194,test
8195,test
8196,train
8197,test
8198,test
8199,train
8200,train
8201,test
8202,test
8203,train
8204,train
8205,train
8206,train
8207,test
8208,test
8209,train
8210,train
8211,train
8212,train
8213,train
8214,test
8215,train
8216,train
8217,test
8218,test
8219,test
8220,test
8221,train
8222,test
8223,test
8224,test
8225,train
8226,train
8227,train
8228,train
8229,test
8230,train
8231,train
8232,test
8233,train
8234,train
8235,train
8236,test
8237,test
8238,train
8239,train
8240,train
8241,train
8242,train
8243,test
8244,train
8245,train
8246,test
8247,train
8248,test
8249,test
8250,train
8251,test
8252,test
8253,train
8254,train
8255,train
8256,train
8257,train
8258,train
8259,train
8260,train
8261,test
8262,train
8263,train
8264,test
8265,train
8266,train
8267,test
8268,train
8269,test
8270,train
8271,train
8272,train
8273,train
8274,train
8275,train
8276,train
8277,test
8278,test
8279,train
8280,test
8281,train
8282,test
8283,test
8284,test
8285,train
8286,train
8287,test
8288,train
8289,test
8290,train
8291,train
8292,train
8293,train
8294,train
8295,train
8296,train
8297,train
8298,test
8299,train
8300,test
8301,test
8302,train
8303,train
8304,train
8305,test
8306,train
8307,train
8308,train
8309,test
8310,train
8311,test
8312,train
8313,train
8314,test
8315,train
8316,test
8317,test
8318,train
8319,train
8320,test
8321,test
8322,train
8323,train
8324,test
8325,train
8326,test
8327,train
8328,test
8329,test
8330,test
8331,test
8332,train
8333,test
8334,train
8335,train
8336,test
8337,test
8338,test
8339,train
8340,train
8341,test
8342,train
8343,train
8344,test
8345,test
8346,train
8347,train
8348,train
8349,train
8350,train
8351,train
8352,train
8353,train
8354,train
8355,train
8356,train
8357,train
8358,train
8359,train
8360,train
8361,test
8362,train
8363,train
8364,test
8365,train
8366,test
8367,test
8368,test
8369,test
8370,train
8371,train
8372,train
8373,test
8374,train
8375,train
8376,train
8377,train
8378,test
8379,train
8380,train
8381,test
8382,train
8383,test
8384,train
8385,train
8386,test
8387,test
8388,train
8389,train
8390,train
8391,train
8392,test
8393,train
8394,test
8395,test
8396,train
8397,train
8398,test
8399,train
8400,train
8401,test
8402,test
8403,train
8404,train
8405,train
8406,train
8407,train
8408,test
8409,train
8410,test
8411,train
8412,test
8413,train
8414,test
8415,test
8416,train
8417,test
8418,train
8419,train
8420,test
8421,test
8422,train
8423,test
8424,train
8425,test
8426,test
8427,test
8428,test
8429,train
8430,test
8431,test
8432,train
8433,test
8434,train
8435,test
8436,test
8437,train
8438,train
8439,test
8440,train
8441,train
8442,train
8443,train
8444,train
8445,train
8446,train
8447,train
8448,test
8449,train
8450,test
8451,train
8452,train
8453,test
8454,train
8455,train
8456,test
8457,train
8458,train
8459,test
8460,test
8461,train
8462,train
8463,test
8464,test
8465,test
8466,train
8467,test
8468,train
8469,train
8470,train
8471,train
8472,test
8473,test
8474,test
8475,test
8476,test
8477,test
8478,train
8479,test
8480,test
8481,train
8482,train
8483,train
8484,test
8485,test
8486,train
8487,train
8488,test
8489,train
8490,train
8491,test
8492,train
8493,test
8494,train
8495,train
8496,test
8497,train
8498,test
8499,test
8500,test
8501,train
8502,test
8503,train
8504,test
8505,train
8506,train
8507,train
8508,test
8509,train
8510,test
8511,test
8512,train
8513,train
8514,train
8515,train
8516,test
8517,train
8518,train
8519,train
8520,test
8521,test
8522,train
8523,train
8524,train
8525,train
8526,train
8527,test
8528,train
8529,train
8530,train
8531,train
8532,train
8533,train
8534,train
8535,test
8536,train
8537,test
8538,train
8539,test
8540,train
8541,test
8542,train
8543,test
8544,test
8545,train
8546,test
8547,train
8548,test
8549,train
8550,test
8551,test
8552,train
8553,test
8554,train
8555,test
8556,test
8557,train
8558,train
8559,train
8560,test
8561,train
8562,test
8563,train
8564,train
8565,test
8566,train
8567,train
8568,train
8569,test
8570,test
8571,train
8572,train
8573,train
8574,train
8575,test
8576,test
8577,test
8578,test
8579,train
8580,train
8581,test
8582,train
8583,train
8584,train
8585,test
8586,train
8587,train
8588,train
8589,test
8590,test
8591,test
8592,test
8593,train
8594,test
8595,test
8596,test
8597,train
8598,test
8599,train
8600,test
8601,train
8602,train
8603,test
8604,test
8605,train
8606,test
8607,test
8608,train
8609,train
8610,train
8611,train
8612,train
8613,test
8614,test
8615,test
8616,train
8617,test
8618,train
8619,train
8620,train
8621,train
8622,train
8623,train
8624,test
8625,train
8626,train
8627,train
8628,test
8629,train
8630,test
8631,test
8632,test
8633,train
8634,train
8635,test
8636,test
8637,test
8638,test
8639,train
8640,test
8641,train
8642,test
8643,train
8644,test
8645,test
8646,train
8647,train
8648,test
8649,train
8650,test
8651,train
8652,train
8653,train
8654,test
8655,train
8656,test
8657,test
8658,train
8659,test
8660,train
8661,train
8662,train
8663,train
8664,test
8665,train
8666,train
8667,train
8668,test
8669,train
8670,test
8671,train
8672,test
8673,test
8674,test
8675,train
8676,test
8677,train
8678,train
8679,train
8680,test
8681,test
8682,test
8683,train
8684,train
8685,test
8686,train
8687,test
8688,train
8689,train
8690,train
8691,train
8692,train
8693,test
8694,test
8695,test
8696,test
8697,train
8698,train
8699,train
8700,test
8701,train
8702,train
8703,train
8704,train
8705,train
8706,train
8707,train
8708,train
8709,train
8710,test
8711,test
8712,train
8713,test
8714,test
8715,train
8716,test
8717,test
8718,train
8719,test
8720,train
8721,train
8722,test
8723,test
8724,train
8725,test
8726,test
8727,train
8728,train
8729,test
8730,train
8731,test
8732,train
8733,test
8734,train
8735,train
8736,test
8737,train
8738,train
8739,test
8740,train
8741,train
8742,train
8743,test
8744,train
8745,test
8746,train
8747,train
8748,test
8749,train
8750,train
8751,test
8752,train
8753,test
8754,test
8755,test
8756,test
8757,test
8758,train
8759,train
8760,test
8761,train
8762,train
8763,train
8764,test
8765,train
8766,train
8767,test
8768,train
8769,train
8770,train
8771,test
8772,train
8773,test
8774,train
8775,train
8776,train
8777,train
8778,train
8779,train
8780,test
8781,test
8782,train
8783,test
8784,test
8785,train
8786,test
8787,train
8788,train
8789,test
8790,train
8791,train
8792,train
8793,train
8794,test
8795,train
8796,train
8797,train
8798,test
8799,train
8800,train
8801,train
8802,test
8803,test
8804,test
8805,train
8806,train
8807,test
8808,train
8809,train
8810,train
8811,test
8812,test
8813,test
8814,train
8815,train
8816,test
8817,test
8818,test
8819,train
8820,train
8821,train
8822,test
8823,test
8824,train
8825,train
8826,train
8827,test
8828,train
8829,train
8830,test
8831,train
8832,test
8833,train
8834,train
8835,train
8836,train
8837,train
8838,test
8839,train
8840,test
8841,test
8842,test
8843,train
8844,train
8845,train
8846,test
8847,train
8848,train
8849,test
8850,train
8851,train
8852,train
8853,train
8854,train
8855,test
8856,test
8857,train
8858,train
8859,train
8860,test
8861,train
8862,train
8863,train
8864,test
8865,test
8866,train
8867,test
8868,train
8869,train
8870,train
8871,train
8872,test
8873,test
8874,train
8875,test
8876,train
8877,test
8878,test
8879,train
8880,train
8881,train
8882,train
8883,test
8884,test
8885,train
8886,train
8887,train
8888,test
8889,test
8890,train
8891,train
8892,test
8893,test
8894,test
8895,train
8896,test
8897,train
8898,test
8899,train
8900,test
8901,test
8902,train
8903,train
8904,test
8905,test
8906,train
8907,test
8908,train
8909,train
8910,train
8911,train
8912,train
8913,train
8914,train
8915,train
8916,train
8917,train
8918,test
8919,train
8920,train
8921,train
8922,train
8923,test
8924,train
8925,test
8926,test
8927,train
8928,test
8929,train
8930,test
8931,test
8932,train
8933,train
8934,test
8935,train
8936,test
8937,test
8938,train
8939,test
8940,test
8941,train
8942,test
8943,train
8944,train
8945,train
8946,train
8947,train
8948,test
8949,train
8950,test
8951,test
8952,train
8953,train
8954,test
8955,train
8956,train
8957,train
8958,train
8959,test
8960,test
8961,train
8962,train
8963,test
8964,test
8965,train
8966,train
8967,test
8968,train
8969,train
8970,train
8971,test
8972,train
8973,test
8974,train
8975,test
8976,train
8977,test
8978,train
8979,test
8980,train
8981,test
8982,test
8983,train
8984,train
8985,test
8986,train
8987,test
8988,train
8989,test
8990,train
8991,train
8992,train
8993,test
8994,train
8995,train
8996,train
8997,train
8998,train
8999,train
9000,test
9001,train
9002,test
9003,test
9004,test
9005,train
9006,train
9007,test
9008,test
9009,test
9010,test
9011,train
9012,train
9013,train
9014,train
9015,test
9016,test
9017,train
9018,train
9019,train
9020,test
9021,train
9022,train
9023,test
9024,test
9025,train
9026,train
9027,test
9028,train
9029,test
9030,test
9031,train
9032,train
9033,train
9034,test
9035,train
9036,train
9037,train
9038,train
9039,train
9040,test
9041,train
9042,train
9043,train
9044,train
9045,train
9046,train
9047,test
9048,train
9049,train
9050,train
9051,train
9052,train
9053,test
9054,test
9055,test
9056,test
9057,train
9058,test
9059,test
9060,train
9061,train
9062,train
9063,train
9064,train
9065,train
9066,train
9067,test
9068,test
9069,test
9070,test
9071,test
9072,train
9073,test
9074,test
9075,test
9076,test
9077,test
9078,train
9079,train
9080,test
9081,train
9082,train
9083,train
9084,train
9085,train
9086,test
9087,train
9088,train
9089,train
9090,test
9091,train
9092,train
9093,train
9094,train
9095,test
9096,train
9097,train
9098,test
9099,train
9100,test
9101,train
9102,train
9103,train
9104,test
9105,test
9106,train
9107,train
9108,train
9109,train
9110,train
9111,train
9112,train
9113,test
9114,test
9115,train
9116,test
9117,test
9118,train
9119,train
9120,test
9121,train
9122,train
9123,test
9124,test
9125,train
9126,train
9127,train
9128,train
9129,train
9130,train
9131,train
9132,train
9133,train
9134,train
9135,test
9136,train
9137,train
9138,test
9139,train
9140,train
9141,train
9142,test
9143,test
9144,test
9145,train
9146,train
9147,test
9148,train
9149,train
9150,test
9151,test
9152,train
9153,train
9154,test
9155,train
9156,train
9157,train
9158,train
9159,train
9160,test
9161,test
9162,test
9163,test
9164,train
9165,train
9166,train
9167,train
9168,test
9169,train
9170,train
9171,train
9172,test
9173,test
9174,train
9175,train
9176,test
9177,test
9178,train
9179,test
9180,test
9181,train
9182,train
9183,train
9184,train
9185,test
9186,train
9187,test
9188,test
9189,test
9190,train
9191,test
9192,test
9193,train
9194,test
9195,test
9196,train
9197,train
9198,train
9199,train
9200,test
9201,test
9202,train
9203,train
9204,train
9205,train
9206,train
9207,train
9208,train
9209,train
9210,train
9211,train
9212,test
9213,train
9214,test
9215,test
9216,test
9217,test
9218,train
9219,test
9220,test
9221,train
9222,test
9223,test
9224,test
9225,train
9226,test
9227,test
9228,train
9229,train
9230,train
9231,train
9232,test
9233,train
9234,test
9235,train
9236,train
9237,test
9238,train
9239,train
9240,test
9241,train
9242,train
9243,train
9244,train
9245,train
9246,test
9247,train
9248,train
9249,train
9250,test
9251,test
9252,train
9253,train
9254,test
9255,train
9256,test
9257,train
9258,train
9259,train
9260,test
9261,train
9262,train
9263,train
9264,test
9265,test
9266,train
9267,test
9268,test
9269,train
9270,train
9271,train
9272,train
9273,test
9274,test
9275,train
9276,train
9277,train
9278,test
9279,test
9280,test
9281,test
9282,train
9283,test
9284,train
9285,train
9286,train
9287,test
9288,train
9289,train
9290,train
9291,train
9292,test
9293,test
9294,test
9295,train
9296,train
9297,train
9298,train
9299,train
9300,test
9301,test
9302,train
9303,test
9304,train
9305,test
9306,test
9307,test
9308,train
9309,train
9310,test
9311,test
9312,train
9313,test
9314,test
9315,train
9316,train
9317,train
9318,train
9319,train
9320,test
9321,test
9322,train
9323,test
9324,train
9325,train
9326,test
9327,train
9328,test
9329,train
9330,train
9331,test
9332,test
9333,test
9334,train
9335,test
9336,test
9337,train
9338,train
9339,train
9340,train
9341,test
9342,train
9343,train
9344,train
9345,train
9346,train
9347,train
9348,test
9349,test
9350,test
9351,train
9352,test
9353,test
9354,train
9355,train
9356,train
9357,test
9358,test
9359,train
9360,train
9361,test
9362,train
9363,train
9364,train
9365,test
9366,test
9367,train
9368,train
9369,train
9370,test
9371,train
9372,train
9373,train
9374,test
9375,test
9376,train
9377,test
9378,train
9379,test
9380,test
9381,train
9382,train
9383,test
9384,test
9385,train
9386,test
9387,test
9388,test
9389,test
9390,train
9391,test
9392,train
9393,test
9394,test
9395,train
9396,test
9397,train
9398,train
9399,train
9400,train
9401,test
9402,train
9403,train
9404,train
9405,train
9406,test
9407,test
9408,train
9409,train
9410,train
9411,train
9412,train
9413,test
9414,train
9415,test
9416,test
9417,train
9418,test
9419,train
9420,train
9421,test
9422,train
9423,train
9424,test
9425,test
9426,train
9427,train
9428,test
9429,train
9430,train
9431,train
9432,test
9433,train
9434,train
9435,train
9436,test
9437,train
9438,test
9439,train
9440,test
9441,test
9442,train
9443,test
9444,train
9445,train
9446,test
9447,train
9448,test
9449,train
9450,test
9451,train
9452,test
9453,test
9454,test
9455,test
9456,train
9457,test
9458,train
9459,train
9460,train
9461,train
9462,train
9463,test
9464,train
9465,train
9466,test
9467,train
9468,train
9469,train
9470,test
9471,test
9472,train
9473,test
9474,train
9475,train
9476,train
9477,train
9478,test
9479,test
9480,test
9481,train
9482,train
9483,test
9484,train
9485,test
9486,test
9487,test
9488,test
9489,train
9490,test
9491,train
9492,train
9493,train
9494,train
9495,train
9496,train
9497,train
9498,train
9499,train
9500,train
9501,train
9502,train
9503,test
9504,train
9505,test
9506,test
9507,test
9508,train
9509,test
9510,test
9511,test
9512,test
9513,train
9514,train
9515,train
9516,train
9517,train
9518,test
9519,train
9520,train
9521,train
9522,train
9523,test
9524,train
9525,train
9526,train
9527,test
9528,train
9529,train
9530,train
9531,test
9532,train
9533,train
9534,train
9535,test
9536,train
9537,train
9538,test
9539,train
9540,train
9541,test
9542,test
9543,test
9544,test
9545,train
9546,test
9547,test
9548,train
9549,test
9550,test
9551,test
9552,train
9553,train
9554,test
9555,train
9556,test
9557,test
9558,train
9559,train
9560,test
9561,train
9562,test
9563,test
9564,train
9565,test
9566,train
9567,train
9568,test
9569,test
9570,test
9571,test
9572,train
9573,test
9574,test
9575,train
9576,test
9577,train
9578,train
9579,train
9580,train
9581,test
9582,train
9583,train
9584,test
9585,train
9586,train
9587,test
9588,test
9589,test
9590,test
9591,train
9592,train
9593,train
9594,train
9595,train
9596,test
9597,train
9598,train
9599,train
9600,test
9601,train
9602,train
9603,train
9604,train
9605,test
9606,train
9607,test
9608,train
9609,train
9610,train
9611,test
9612,test
9613,train
9614,test
9615,test
9616,test
9617,test
9618,train
9619,train
9620,train
9621,test
9622,train
9623,train
9624,train
9625,test
9626,test
9627,test
9628,test
9629,train
9630,train
9631,test
9632,train
9633,train
9634,test
9635,train
9636,test
9637,test
9638,train
9639,train
9640,train
9641,train
9642,test
9643,train
9644,test
9645,train
9646,train
9647,train
9648,test
9649,train
9650,train
9651,test
9652,test
9653,test
9654,test
9655,test
9656,train
9657,train
9658,test
9659,train
9660,test
9661,test
9662,train
9663,train
9664,train
9665,train
9666,test
9667,train
9668,test
9669,test
9670,train
9671,test
9672,train
9673,train
9674,test
9675,train
9676,train
9677,train
9678,train
9679,test
9680,train
9681,test
9682,test
9683,train
9684,train
9685,test
9686,train
9687,test
9688,train
9689,train
9690,train
9691,test
9692,train
9693,test
9694,test
9695,train
9696,train
9697,test
9698,train
9699,train
9700,test
9701,test
9702,train
9703,train
9704,train
9705,train
9706,train
9707,train
9708,train
9709,test
9710,test
9711,train
9712,test
9713,train
9714,train
9715,test
9716,test
9717,test
9718,train
9719,train
9720,train
9721,test
9722,test
9723,train
9724,test
9725,test
9726,train
9727,train
9728,train
9729,train
9730,test
9731,train
9732,train
9733,test
9734,train
9735,train
9736,train
9737,test
9738,test
9739,test
9740,test
9741,test
9742,train
9743,test
9744,train
9745,train
9746,train
9747,train
9748,test
9749,test
9750,train
9751,train
9752,test
9753,train
9754,train
9755,test
9756,test
9757,test
9758,test
9759,test
9760,test
9761,train
9762,train
9763,test
9764,train
9765,test
9766,train
9767,train
9768,train
9769,test
9770,train
9771,train
9772,train
9773,train
9774,test
9775,train
9776,train
9777,test
9778,test
9779,train
9780,train
9781,train
9782,test
9783,train
9784,train
9785,train
9786,train
9787,train
9788,test
9789,train
9790,train
9791,train
9792,test
9793,train
9794,train
9795,train
9796,test
9797,train
9798,train
9799,train
9800,test
9801,train
9802,train
9803,train
9804,test
9805,train
9806,train
9807,train
9808,train
9809,train
9810,test
9811,test
9812,test
9813,train
9814,test
9815,test
9816,train
9817,train
9818,train
9819,train
9820,test
9821,test
9822,test
9823,test
9824,train
9825,train
9826,train
9827,train
9828,train
9829,train
9830,train
9831,test
9832,train
9833,train
9834,train
9835,train
9836,train
9837,test
9838,test
9839,train
9840,test
9841,train
9842,test
9843,test
9844,train
9845,test
9846,test
9847,train
9848,train
9849,test
9850,test
9851,train
9852,test
9853,test
9854,train
9855,train
9856,test
9857,train
9858,train
9859,train
9860,train
9861,train
9862,test
9863,test
9864,test
9865,train
9866,test
9867,train
9868,train
9869,test
9870,train
9871,train
9872,train
9873,train
9874,train
9875,test
9876,test
9877,train
9878,train
9879,train
9880,test
9881,train
9882,train
9883,test
9884,train
9885,test
9886,test
9887,train
9888,train
9889,test
9890,train
9891,test
9892,train
9893,test
9894,test
9895,test
9896,test
9897,train
9898,train
9899,train
9900,train
9901,test
9902,train
9903,train
9904,train
9905,test
9906,train
9907,train
9908,train
9909,train
9910,test
9911,train
9912,test
9913,train
9914,train
9915,test
9916,train
9917,train
9918,test
9919,test
9920,train
9921,train
9922,train
9923,train
9924,test
9925,train
9926,train
9927,train
9928,train
9929,train
9930,train
9931,train
9932,test
9933,test
9934,train
9935,train
9936,train
9937,test
9938,test
9939,train
9940,test
9941,train
9942,train
9943,train
9944,train
9945,test
9946,test
9947,train
9948,train
9949,test
9950,test
9951,test
9952,test
9953,test
9954,test
9955,train
9956,train
9957,train
9958,train
9959,train
9960,test
9961,train
9962,train
9963,train
9964,train
9965,train
9966,test
9967,test
9968,train
9969,test
9970,test
9971,train
9972,train
9973,train
9974,train
9975,test
9976,test
9977,train
9978,train
9979,test
9980,test
9981,test
9982,test
9983,test
9984,test
9985,train
9986,test
9987,test
9988,test
9989,train
9990,train
9991,train
9992,train
9993,train
9994,test
9995,train
9996,train
9997,test
9998,train
9999,train
