row_index,split
0,train
1,test
2,train
3,train
4,test
5,test
6,test
7,test
8,train
9,test
10,train
11,test
12,train
13,test
14,train
15,train
16,test
17,train
18,test
19,train
20,test
21,test
22,test
23,test
24,train
25,test
26,train
27,train
28,test
29,test
30,train
31,train
32,train
33,train
34,train
35,train
36,test
37,train
38,train
39,test
40,train
41,test
42,train
43,test
44,train
45,train
46,train
47,train
48,train
49,train
50,train
51,train
52,train
53,test
54,train
55,test
56,test
57,train
58,train
59,train
60,train
61,test
62,train
63,train
64,train
65,test
66,train
67,test
68,test
69,train
70,train
71,train
72,train
73,test
74,train
75,test
76,train
77,train
78,test
79,test
80,train
81,train
82,train
83,train
84,train
85,train
86,test
87,train
88,train
89,train
90,train
91,train
92,test
93,train
94,train
95,test
96,train
97,train
98,test
99,train
100,train
101,test
102,test
103,train
104,train
105,train
106,train
107,train
108,train
109,test
110,train
111,train
112,train
113,train
114,train
115,train
116,train
117,train
118,train
119,test
120,test
121,test
122,train
123,train
124,train
125,train
126,train
127,train
128,test
129,train
130,train
131,test
132,test
133,train
134,test
135,test
136,test
137,train
138,train
139,test
140,train
141,train
142,train
143,test
144,test
145,train
146,test
147,test
148,train
149,train
150,train
151,train
152,test
153,train
154,test
155,test
156,train
157,train
158,train
159,train
160,test
161,test
162,test
163,train
164,test
165,train
166,test
167,test
168,train
169,test
170,test
171,test
172,train
173,test
174,train
175,train
176,train
177,train
178,train
179,train
180,train
181,test
182,train
183,train
184,train
185,train
186,train
187,train
188,train
189,train
190,test
191,train
192,train
193,train
194,train
195,test
196,test
197,train
198,test
199,test
200,train
201,train
202,train
203,test
204,train
205,train
206,train
207,test
208,train
209,train
210,train
211,test
212,test
213,test
214,train
215,test
216,train
217,test
218,test
219,train
220,train
221,train
222,train
223,train
224,train
225,test
226,train
227,train
228,train
229,test
230,train
231,train
232,train
233,train
234,train
235,train
236,train
237,test
238,test
239,test
240,train
241,train
242,train
243,train
244,train
245,train
246,test
247,train
248,test
249,test
250,test
251,test
252,train
253,train
254,train
255,test
256,train
257,test
258,train
259,train
260,test
261,train
262,train
263,test
264,test
265,train
266,train
267,train
268,train
269,test
270,test
271,train
272,test
273,train
274,test
275,test
276,test
277,train
278,test
279,train
280,test
281,train
282,train
283,test
284,train
285,test
286,train
287,test
288,train
289,test
290,test
291,test
292,test
293,train
294,train
295,test
296,test
297,test
298,train
299,test
300,test
301,train
302,train
303,train
304,train
305,train
306,train
307,train
308,train
309,train
310,test
311,train
312,train
313,train
314,train
315,test
316,train
317,test
318,test
319,train
320,train
321,train
322,test
323,train
324,train
325,train
326,train
327,test
328,train
329,test
330,train
331,train
332,test
333,test
334,train
335,train
336,train
337,train
338,train
339,train
340,train
341,train
342,train
343,train
344,train
345,test
346,train
347,train
348,test
349,train
350,train
351,train
352,train
353,train
354,train
355,train
356,test
357,train
358,test
359,test
360,test
361,test
362,train
363,test
364,train
365,train
366,train
367,train
368,train
369,train
370,test
371,train
372,train
373,train
374,train
375,test
376,test
377,test
378,train
379,test
380,test
381,test
382,test
383,test
384,test
385,train
386,train
387,train
388,test
389,test
390,train
391,test
392,train
393,test
394,train
395,train
396,test
397,train
398,train
399,test
400,train
401,train
402,test
403,train
404,test
405,train
406,test
407,train
408,train
409,train
410,test
411,train
412,test
413,test
414,train
415,test
416,test
417,train
418,train
419,test
420,test
421,train
422,train
423,train
424,test
425,test
426,test
427,test
428,test
429,train
430,test
431,train
432,train
433,train
434,test
435,test
436,train
437,train
438,train
439,test
440,train
441,test
442,train
443,train
444,train
445,test
446,test
447,test
448,train
449,train
450,train
451,test
452,train
453,train
454,train
455,test
456,train
457,train
458,train
459,train
460,test
461,train
462,train
463,train
464,test
465,test
466,test
467,train
468,test
469,train
470,train
471,train
472,train
473,test
474,train
475,train
476,train
477,train
478,train
479,test
480,train
481,test
482,train
483,test
484,test
485,test
486,test
487,train
488,train
489,train
490,test
491,train
492,test
493,train
494,train
495,train
496,test
497,train
498,test
499,train
500,train
501,train
502,train
503,test
504,train
505,train
506,train
507,train
508,train
509,test
510,test
511,train
512,test
513,train
514,train
515,train
516,test
517,train
518,train
519,train
520,train
521,train
522,train
523,train
524,train
525,train
526,test
527,train
528,train
529,train
530,test
531,train
532,train
533,test
534,train
535,test
536,test
537,train
538,train
539,train
540,train
541,train
542,train
543,train
544,test
545,train
546,test
547,test
548,train
549,train
550,train
551,test
552,test
553,test
554,test
555,test
556,test
557,train
558,train
559,test
560,test
561,train
562,train
563,test
564,train
565,train
566,train
567,train
568,train
569,train
570,test
571,test
572,train
573,test
574,train
575,test
576,test
577,train
578,train
579,test
580,test
581,train
582,train
583,train
584,train
585,train
586,test
587,train
588,train
589,train
590,train
591,test
592,test
593,train
594,test
595,test
596,train
597,test
598,train
599,train
600,train
601,train
602,train
603,train
604,test
605,train
606,test
607,test
608,train
609,test
610,test
611,train
612,train
613,test
614,train
615,test
616,test
617,train
618,test
619,train
620,train
621,train
622,test
623,train
624,train
625,test
626,test
627,train
628,test
629,train
630,test
631,train
632,test
633,train
634,train
635,test
636,train
637,train
638,train
639,train
640,train
641,test
642,train
643,test
644,train
645,test
646,train
647,test
648,train
649,train
650,test
651,train
652,train
653,train
654,train
655,train
656,test
657,train
658,train
659,train
660,train
661,train
662,train
663,train
664,train
665,train
666,test
667,test
668,test
669,test
670,test
671,test
672,train
673,test
674,test
675,train
676,train
677,test
678,test
679,train
680,train
681,train
682,train
683,train
684,train
685,test
686,test
687,train
688,train
689,test
690,train
691,test
692,train
693,train
694,train
695,train
696,test
697,train
698,train
699,test
700,test
701,test
702,train
703,test
704,train
705,train
706,test
707,test
708,train
709,test
710,train
711,test
712,train
713,train
714,train
715,train
716,train
717,train
718,train
719,train
720,train
721,train
722,train
723,train
724,train
725,test
726,test
727,test
728,test
729,test
730,train
731,train
732,test
733,train
734,train
735,test
736,train
737,test
738,test
739,test
740,train
741,train
742,train
743,test
744,test
745,train
746,train
747,train
748,test
749,train
750,train
751,train
752,train
753,train
754,test
755,test
756,test
757,test
758,test
759,train
760,train
761,train
762,train
763,train
764,test
765,train
766,train
767,test
768,test
769,test
770,test
771,train
772,train
773,train
774,train
775,train
776,test
777,train
778,train
779,train
780,train
781,train
782,train
783,train
784,train
785,train
786,train
787,train
788,train
789,train
790,test
791,train
792,train
793,train
794,train
795,test
796,train
797,train
798,train
799,train
800,train
801,test
802,train
803,test
804,train
805,train
806,train
807,train
808,test
809,test
810,test
811,test
812,test
813,test
814,train
815,train
816,test
817,train
818,train
819,test
820,train
821,test
822,test
823,train
824,train
825,test
826,test
827,train
828,train
829,test
830,train
831,test
832,train
833,test
834,test
835,test
836,train
837,train
838,test
839,train
840,train
841,train
842,train
843,train
844,train
845,train
846,train
847,train
848,test
849,train
850,test
851,train
852,train
853,train
854,train
855,train
856,train
857,train
858,test
859,train
860,train
861,test
862,test
863,test
864,train
865,test
866,test
867,test
868,test
869,test
870,train
871,test
872,test
873,train
874,train
875,test
876,train
877,test
878,train
879,train
880,train
881,test
882,train
883,train
884,test
885,test
886,train
887,train
888,train
889,test
890,train
891,test
892,test
893,test
894,train
895,train
896,train
897,test
898,test
899,train
900,test
901,test
902,test
903,test
904,train
905,train
906,train
907,train
908,test
909,train
910,train
911,test
912,train
913,train
914,train
915,test
916,train
917,train
918,train
919,train
920,train
921,train
922,test
923,test
924,test
925,train
926,test
927,train
928,train
929,train
930,test
931,train
932,train
933,test
934,test
935,train
936,test
937,train
938,train
939,test
940,test
941,train
942,test
943,test
944,train
945,train
946,train
947,test
948,test
949,train
950,test
951,train
952,train
953,test
954,test
955,train
956,train
957,test
958,test
959,train
960,train
961,test
962,train
963,train
964,train
965,train
966,test
967,test
968,test
969,train
970,test
971,train
972,test
973,test
974,test
975,train
976,train
977,train
978,test
979,test
980,test
981,train
982,train
983,test
984,train
985,test
986,test
987,train
988,train
989,test
990,train
991,train
992,test
993,test
994,train
995,train
996,test
997,train
998,test
999,train
1000,test
1001,test
1002,train
1003,test
1004,test
1005,train
1006,test
1007,test
1008,train
1009,train
1010,test
1011,train
1012,test
1013,test
1014,test
1015,train
1016,train
1017,test
1018,train
1019,test
1020,train
1021,train
1022,train
1023,train
1024,train
1025,test
1026,test
1027,train
1028,test
1029,train
1030,train
1031,train
1032,test
1033,train
1034,train
1035,train
1036,test
1037,test
1038,test
1039,test
1040,test
1041,test
1042,train
1043,train
1044,train
1045,train
1046,train
1047,test
1048,train
1049,train
1050,test
1051,train
1052,test
1053,train
1054,train
1055,train
1056,test
1057,train
1058,train
1059,test
1060,test
1061,train
1062,train
1063,test
1064,test
1065,test
1066,test
1067,test
1068,test
1069,test
1070,train
1071,train
1072,test
1073,train
1074,test
1075,train
1076,test
1077,train
1078,train
1079,test
1080,train
1081,train
1082,test
1083,train
1084,train
1085,test
1086,train
1087,train
1088,train
1089,train
1090,test
1091,test
1092,train
1093,train
1094,test
1095,train
1096,train
1097,test
1098,train
1099,train
1100,test
1101,train
1102,test
1103,train
1104,train
1105,test
1106,train
1107,test
1108,train
1109,train
1110,train
1111,test
1112,train
1113,train
1114,train
1115,test
1116,test
1117,test
1118,train
1119,test
1120,test
1121,train
1122,test
1123,test
1124,test
1125,train
1126,test
1127,test
1128,train
1129,test
1130,train
1131,train
1132,test
1133,train
1134,train
1135,test
1136,train
1137,train
1138,test
1139,test
1140,test
1141,train
1142,train
1143,test
1144,train
1145,train
1146,test
1147,test
1148,train
1149,test
1150,train
1151,train
1152,train
1153,train
1154,train
1155,train
1156,train
1157,train
1158,test
1159,train
1160,test
1161,train
1162,train
1163,train
1164,train
1165,train
1166,test
1167,test
1168,train
1169,train
1170,test
1171,train
1172,train
1173,train
1174,train
1175,train
1176,train
1177,train
1178,train
1179,train
1180,train
1181,test
1182,train
1183,test
1184,train
1185,test
1186,test
1187,train
1188,train
1189,train
1190,train
1191,test
1192,train
1193,test
1194,test
1195,test
1196,train
1197,train
1198,test
1199,test
1200,test
1201,train
1202,test
1203,test
1204,train
1205,train
1206,train
1207,test
1208,train
1209,train
1210,train
1211,train
1212,test
1213,train
1214,test
1215,train
1216,train
1217,train
1218,test
1219,train
1220,train
1221,train
1222,train
1223,train
1224,test
1225,train
1226,train
1227,train
1228,train
1229,train
1230,test
1231,test
1232,train
1233,test
1234,train
1235,test
1236,train
1237,test
1238,train
1239,train
1240,train
1241,train
1242,train
1243,test
1244,test
1245,test
1246,train
1247,train
1248,train
1249,train
1250,test
1251,test
1252,train
1253,train
1254,train
1255,train
1256,test
1257,test
1258,train
1259,train
1260,train
1261,train
1262,train
1263,train
1264,train
1265,test
1266,train
1267,train
1268,train
1269,test
1270,train
1271,train
1272,test
1273,test
1274,test
1275,test
1276,train
1277,test
1278,train
1279,train
1280,train
1281,test
1282,test
1283,train
1284,train
1285,train
1286,test
1287,train
1288,train
1289,train
1290,train
1291,train
1292,train
1293,train
1294,train
1295,train
1296,test
1297,test
1298,test
1299,train
1300,train
1301,test
1302,train
1303,train
1304,train
1305,test
1306,test
1307,test
1308,test
1309,test
1310,test
1311,train
1312,test
1313,train
1314,test
1315,test
1316,test
1317,test
1318,test
1319,train
1320,train
1321,test
1322,train
1323,train
1324,train
1325,test
1326,test
1327,train
1328,train
1329,train
1330,train
1331,train
1332,train
1333,train
1334,test
1335,test
1336,test
1337,test
1338,train
1339,test
1340,train
1341,train
1342,train
1343,test
1344,test
1345,train
1346,train
1347,test
1348,train
1349,train
1350,test
1351,test
1352,train
1353,train
1354,test
1355,test
1356,test
1357,train
1358,test
1359,train
1360,train
1361,train
1362,test
1363,test
1364,train
1365,train
1366,train
1367,train
1368,test
1369,train
1370,train
1371,test
1372,test
1373,test
1374,train
1375,test
1376,test
1377,train
1378,test
1379,test
1380,test
1381,test
1382,train
1383,test
1384,test
1385,train
1386,train
1387,train
1388,test
1389,test
1390,train
1391,train
1392,train
1393,train
1394,train
1395,train
1396,train
1397,test
1398,test
1399,test
1400,test
1401,train
1402,train
1403,train
1404,train
1405,test
1406,train
1407,test
1408,train
1409,train
1410,test
1411,train
1412,train
1413,train
1414,train
1415,test
1416,test
1417,test
1418,train
1419,train
1420,train
1421,test
1422,test
1423,train
1424,train
1425,train
1426,train
1427,test
1428,train
1429,train
1430,test
1431,train
1432,train
1433,train
1434,train
1435,train
1436,train
1437,train
1438,test
1439,test
1440,test
1441,train
1442,test
1443,test
1444,train
1445,train
1446,train
1447,train
1448,test
1449,train
1450,train
1451,train
1452,test
1453,test
1454,test
1455,train
1456,test
1457,test
1458,test
1459,test
1460,train
1461,train
1462,train
1463,train
1464,test
1465,test
1466,test
1467,test
1468,test
1469,train
1470,train
1471,train
1472,test
1473,test
1474,train
1475,train
1476,train
1477,test
1478,train
1479,train
1480,train
1481,test
1482,test
1483,train
1484,train
1485,train
1486,test
1487,test
1488,train
1489,train
1490,train
1491,train
1492,train
1493,train
1494,train
1495,train
1496,train
1497,train
1498,train
1499,train
1500,test
1501,train
1502,train
1503,train
1504,train
1505,train
1506,train
1507,test
1508,train
1509,train
1510,test
1511,train
1512,train
1513,train
1514,test
1515,train
1516,train
1517,train
1518,test
1519,test
1520,test
1521,test
1522,train
1523,train
1524,train
1525,train
1526,test
1527,train
1528,train
1529,test
1530,train
1531,train
1532,train
1533,test
1534,train
1535,test
1536,train
1537,train
1538,test
1539,train
1540,test
1541,test
1542,train
1543,test
1544,test
1545,train
1546,train
1547,test
1548,train
1549,train
1550,train
1551,train
1552,train
1553,train
1554,train
1555,test
1556,test
1557,train
1558,train
1559,test
1560,train
1561,train
1562,train
1563,test
1564,train
1565,train
1566,test
1567,train
1568,test
1569,train
1570,train
1571,train
1572,train
1573,train
1574,train
1575,test
1576,test
1577,train
1578,test
1579,test
1580,train
1581,test
1582,train
1583,train
1584,test
1585,train
1586,train
1587,train
1588,train
1589,train
1590,test
1591,train
1592,train
1593,test
1594,train
1595,test
1596,train
1597,train
1598,train
1599,train
1600,train
1601,train
1602,test
1603,test
1604,test
1605,train
1606,test
1607,test
1608,test
1609,test
1610,test
1611,train
1612,train
1613,train
1614,test
1615,test
1616,train
1617,test
1618,train
1619,train
1620,train
1621,train
1622,train
1623,test
1624,train
1625,train
1626,test
1627,train
1628,train
1629,test
1630,train
1631,train
1632,train
1633,test
1634,train
1635,train
1636,test
1637,train
1638,train
1639,train
1640,train
1641,train
1642,test
1643,test
1644,train
1645,train
1646,train
1647,test
1648,train
1649,train
1650,train
1651,train
1652,train
1653,train
1654,test
1655,train
1656,train
1657,train
1658,test
1659,test
1660,test
1661,train
1662,train
1663,test
1664,test
1665,train
1666,test
1667,train
1668,test
1669,train
1670,train
1671,test
1672,test
1673,train
1674,test
1675,test
1676,test
1677,train
1678,test
1679,test
1680,train
1681,train
1682,test
1683,train
1684,train
1685,train
1686,train
1687,train
1688,train
1689,test
1690,test
1691,train
1692,test
1693,test
1694,train
1695,test
1696,train
1697,test
1698,train
1699,train
1700,test
1701,train
1702,train
1703,test
1704,train
1705,train
1706,train
1707,train
1708,train
1709,test
1710,train
1711,train
1712,train
1713,test
1714,train
1715,test
1716,test
1717,train
1718,test
1719,test
1720,test
1721,train
1722,train
1723,train
1724,test
1725,train
1726,test
1727,test
1728,test
1729,train
1730,test
1731,test
1732,test
1733,test
1734,train
1735,train
1736,test
1737,test
1738,test
1739,train
1740,test
1741,train
1742,train
1743,test
1744,train
1745,test
1746,train
1747,test
1748,train
1749,train
1750,train
1751,train
1752,train
1753,test
1754,test
1755,train
1756,train
1757,test
1758,test
1759,train
1760,train
1761,test
1762,test
1763,train
1764,train
1765,train
1766,train
1767,train
1768,train
1769,test
1770,train
1771,train
1772,train
1773,test
1774,test
1775,train
1776,test
1777,test
1778,test
1779,train
1780,train
1781,test
1782,test
1783,test
1784,train
1785,test
1786,train
1787,train
1788,train
1789,test
1790,test
1791,train
1792,train
1793,train
1794,train
1795,train
1796,train
1797,test
1798,train
1799,train
1800,train
1801,train
1802,train
1803,test
1804,train
1805,train
1806,test
1807,test
1808,test
1809,train
1810,train
1811,test
1812,test
1813,train
1814,test
1815,test
1816,train
1817,train
1818,train
1819,test
1820,train
1821,train
1822,train
1823,train
1824,test
1825,test
1826,train
1827,test
1828,train
1829,train
1830,train
1831,train
1832,train
1833,train
1834,test
1835,test
1836,test
1837,train
1838,train
1839,train
1840,train
1841,train
1842,train
1843,test
1844,train
1845,train
1846,train
1847,train
1848,test
1849,train
1850,train
1851,test
1852,test
1853,train
1854,train
1855,test
1856,train
1857,train
1858,train
1859,test
1860,train
1861,test
1862,train
1863,test
1864,test
1865,test
1866,test
1867,train
1868,test
1869,test
1870,train
1871,train
1872,train
1873,test
1874,train
1875,train
1876,test
1877,train
1878,train
1879,train
1880,test
1881,train
1882,train
1883,test
1884,train
1885,train
1886,train
1887,train
1888,train
1889,test
1890,train
1891,train
1892,train
1893,train
1894,test
1895,train
1896,train
1897,train
1898,test
1899,test
1900,test
1901,test
1902,test
1903,train
1904,test
1905,train
1906,test
1907,train
1908,train
1909,train
1910,train
1911,test
1912,test
1913,train
1914,test
1915,train
1916,test
1917,train
1918,test
1919,train
1920,train
1921,train
1922,test
1923,train
1924,test
1925,train
1926,test
1927,train
1928,train
1929,test
1930,test
1931,test
1932,test
1933,train
1934,test
1935,train
1936,train
1937,train
1938,train
1939,train
1940,test
1941,train
1942,test
1943,train
1944,train
1945,test
1946,test
1947,test
1948,train
1949,test
1950,test
1951,test
1952,train
1953,train
1954,train
1955,train
1956,train
1957,test
1958,test
1959,test
1960,test
1961,test
1962,train
1963,train
1964,train
1965,train
1966,test
1967,train
1968,test
1969,train
1970,test
1971,test
1972,test
1973,train
1974,test
1975,train
1976,train
1977,train
1978,train
1979,train
1980,train
1981,train
1982,train
1983,test
1984,train
1985,train
1986,train
1987,train
1988,train
1989,train
1990,train
1991,train
1992,test
1993,test
1994,train
1995,test
1996,train
1997,test
1998,train
1999,train
2000,train
2001,train
2002,train
2003,test
2004,test
2005,train
2006,test
2007,test
2008,train
2009,test
2010,train
2011,train
2012,train
2013,test
2014,test
2015,train
2016,test
2017,train
2018,test
2019,test
2020,test
2021,train
2022,train
2023,test
2024,test
2025,train
2026,train
2027,test
2028,test
2029,train
2030,train
2031,test
2032,train
2033,train
2034,train
2035,train
2036,train
2037,test
2038,train
2039,test
2040,train
2041,train
2042,test
2043,test
2044,test
2045,test
2046,test
2047,train
2048,train
2049,test
2050,train
2051,test
2052,test
2053,train
2054,train
2055,train
2056,test
2057,train
2058,train
2059,test
2060,test
2061,test
2062,test
2063,test
2064,train
2065,train
2066,test
2067,train
2068,train
2069,test
2070,train
2071,train
2072,test
2073,test
2074,test
2075,train
2076,train
2077,train
2078,train
2079,train
2080,test
2081,train
2082,test
2083,test
2084,test
2085,test
2086,train
2087,train
2088,train
2089,train
2090,test
2091,test
2092,train
2093,test
2094,test
2095,train
2096,train
2097,test
2098,train
2099,train
2100,train
2101,train
2102,test
2103,test
2104,train
2105,train
2106,test
2107,test
2108,test
2109,train
2110,train
2111,test
2112,test
2113,train
2114,test
2115,test
2116,test
2117,test
2118,test
2119,train
2120,train
2121,train
2122,test
2123,train
2124,train
2125,train
2126,test
2127,train
2128,train
2129,test
2130,test
2131,test
2132,train
2133,train
2134,test
2135,test
2136,test
2137,train
2138,train
2139,train
2140,train
2141,train
2142,test
2143,train
2144,test
2145,train
2146,train
2147,train
2148,test
2149,test
2150,train
2151,train
2152,train
2153,train
2154,test
2155,test
2156,train
2157,train
2158,train
2159,test
2160,train
2161,train
2162,test
2163,test
2164,train
2165,test
2166,test
2167,train
2168,test
2169,test
2170,test
2171,test
2172,test
2173,test
2174,train
2175,train
2176,test
2177,train
2178,test
2179,train
2180,train
2181,train
2182,test
2183,train
2184,test
2185,train
2186,test
2187,test
2188,train
2189,test
2190,train
2191,train
2192,train
2193,test
2194,test
2195,train
2196,train
2197,test
2198,test
2199,train
2200,train
2201,train
2202,train
2203,test
2204,train
2205,train
2206,test
2207,train
2208,test
2209,test
2210,train
2211,train
2212,train
2213,train
2214,test
2215,train
2216,test
2217,train
2218,train
2219,train
2220,train
2221,test
2222,test
2223,train
2224,train
2225,train
2226,train
2227,train
2228,train
2229,test
2230,train
2231,train
2232,test
2233,test
2234,test
2235,train
2236,train
2237,train
2238,train
2239,train
2240,train
2241,train
2242,test
2243,train
2244,train
2245,test
2246,train
2247,train
2248,train
2249,test
2250,train
2251,train
2252,train
2253,train
2254,test
2255,train
2256,train
2257,train
2258,train
2259,test
2260,train
2261,train
2262,train
2263,test
2264,test
2265,train
2266,test
2267,test
2268,train
2269,test
2270,test
2271,test
2272,train
2273,test
2274,train
2275,train
2276,train
2277,test
2278,test
2279,train
2280,train
2281,test
2282,train
2283,train
2284,train
2285,train
2286,test
2287,train
2288,test
2289,test
2290,test
2291,train
2292,test
2293,train
2294,train
2295,train
2296,train
2297,train
2298,train
2299,test
2300,train
2301,test
2302,test
2303,train
2304,test
2305,train
2306,train
2307,train
2308,train
2309,test
2310,test
2311,train
2312,train
2313,train
2314,train
2315,train
2316,test
2317,train
2318,test
2319,train
2320,test
2321,train
2322,test
2323,test
2324,test
2325,train
2326,test
2327,train
2328,train
2329,test
2330,train
2331,test
2332,train
2333,train
2334,test
2335,test
2336,train
2337,test
2338,test
2339,train
2340,train
2341,train
2342,train
2343,train
2344,test
2345,test
2346,train
2347,train
2348,train
2349,test
2350,train
2351,train
2352,test
2353,test
2354,train
2355,train
2356,train
2357,test
2358,train
2359,train
2360,train
2361,train
2362,train
2363,test
2364,train
2365,train
2366,train
2367,train
2368,test
2369,train
2370,train
2371,test
2372,train
2373,train
2374,train
2375,test
2376,test
2377,train
2378,test
2379,train
2380,train
2381,train
2382,test
2383,train
2384,train
2385,train
2386,train
2387,train
2388,test
2389,train
2390,test
2391,test
2392,test
2393,train
2394,train
2395,train
2396,test
2397,train
2398,train
2399,train
2400,test
2401,train
2402,test
2403,train
2404,test
2405,test
2406,train
2407,train
2408,train
2409,test
2410,train
2411,train
2412,train
2413,test
2414,test
2415,test
2416,train
2417,test
2418,test
2419,train
2420,train
2421,test
2422,train
2423,train
2424,train
2425,train
2426,test
2427,test
2428,train
2429,train
2430,test
2431,train
2432,test
2433,train
2434,test
2435,train
2436,train
2437,train
2438,train
2439,train
2440,train
2441,train
2442,train
2443,train
2444,test
2445,train
2446,test
2447,train
2448,test
2449,train
2450,train
2451,train
2452,test
2453,train
2454,train
2455,train
2456,train
2457,test
2458,test
2459,train
2460,test
2461,test
2462,train
2463,train
2464,test
2465,test
2466,test
2467,test
2468,train
2469,train
2470,test
2471,train
2472,test
2473,train
2474,train
2475,test
2476,test
2477,test
2478,test
2479,train
2480,train
2481,train
2482,test
2483,test
2484,test
2485,test
2486,train
2487,train
2488,train
2489,train
2490,train
2491,test
2492,train
2493,train
2494,test
2495,test
2496,train
2497,test
2498,test
2499,train
2500,train
2501,test
2502,test
2503,test
2504,train
2505,train
2506,train
2507,test
2508,train
2509,test
2510,test
2511,train
2512,train
2513,test
2514,train
2515,train
2516,train
2517,train
2518,test
2519,train
2520,train
2521,test
2522,train
2523,test
2524,test
2525,test
2526,test
2527,test
2528,train
2529,train
2530,train
2531,train
2532,test
2533,train
2534,train
2535,test
2536,test
2537,test
2538,test
2539,test
2540,train
2541,train
2542,train
2543,test
2544,test
2545,train
2546,test
2547,train
2548,train
2549,train
2550,train
2551,test
2552,train
2553,train
2554,test
2555,train
2556,train
2557,train
2558,test
2559,train
2560,test
2561,train
2562,test
2563,train
2564,test
2565,train
2566,test
2567,test
2568,train
2569,train
2570,train
2571,test
2572,test
2573,test
2574,test
2575,test
2576,test
2577,test
2578,train
2579,train
2580,train
2581,test
2582,train
2583,train
2584,train
2585,test
2586,train
2587,train
2588,train
2589,train
2590,test
2591,test
2592,test
2593,train
2594,train
2595,train
2596,test
2597,train
2598,train
2599,train
2600,test
2601,train
2602,test
2603,train
2604,train
2605,train
2606,train
2607,test
2608,test
2609,test
2610,train
2611,train
2612,train
2613,train
2614,test
2615,train
2616,test
2617,test
2618,train
2619,train
2620,test
2621,train
2622,test
2623,test
2624,train
2625,train
2626,train
2627,test
2628,train
2629,train
2630,train
2631,test
2632,train
2633,train
2634,train
2635,train
2636,train
2637,train
2638,test
2639,test
2640,test
2641,train
2642,train
2643,test
2644,train
2645,test
2646,train
2647,test
2648,test
2649,train
2650,train
2651,train
2652,test
2653,test
2654,train
2655,test
2656,train
2657,test
2658,test
2659,train
2660,train
2661,train
2662,test
2663,test
2664,train
2665,test
2666,train
2667,train
2668,train
2669,train
2670,train
2671,test
2672,train
2673,train
2674,test
2675,train
2676,test
2677,train
2678,train
2679,test
2680,test
2681,test
2682,test
2683,train
2684,test
2685,test
2686,train
2687,train
2688,train
2689,train
2690,train
2691,test
2692,test
2693,train
2694,test
2695,train
2696,train
2697,test
2698,test
2699,test
2700,test
2701,train
2702,train
2703,train
2704,test
2705,train
2706,train
2707,train
2708,test
2709,test
2710,test
2711,test
2712,train
2713,test
2714,test
2715,train
2716,test
2717,test
2718,test
2719,train
2720,train
2721,test
2722,test
2723,test
2724,train
2725,train
2726,train
2727,train
2728,test
2729,train
2730,train
2731,train
2732,test
2733,train
2734,train
2735,train
2736,train
2737,train
2738,test
2739,train
2740,test
2741,train
2742,train
2743,train
2744,test
2745,train
2746,train
2747,test
2748,test
2749,train
2750,test
2751,train
2752,train
2753,train
2754,test
2755,train
2756,test
2757,train
2758,test
2759,train
2760,test
2761,train
2762,test
2763,train
2764,test
2765,test
2766,train
2767,test
2768,train
2769,test
2770,train
2771,test
2772,test
2773,train
2774,train
2775,train
2776,train
2777,train
2778,train
2779,train
2780,train
2781,train
2782,train
2783,test
2784,test
2785,train
2786,train
2787,train
2788,train
2789,test
2790,test
2791,test
2792,train
2793,test
2794,test
2795,test
2796,test
2797,train
2798,test
2799,train
2800,train
2801,train
2802,test
2803,train
2804,test
2805,train
2806,train
2807,train
2808,test
2809,train
2810,train
2811,train
2812,train
2813,train
2814,train
2815,train
2816,train
2817,test
2818,test
2819,test
2820,test
2821,test
2822,train
2823,train
2824,train
2825,test
2826,train
2827,test
2828,train
2829,train
2830,train
2831,train
2832,train
2833,test
2834,test
2835,train
2836,test
2837,test
2838,train
2839,train
2840,train
2841,test
2842,train
2843,test
2844,train
2845,train
2846,train
2847,train
2848,test
2849,train
2850,test
2851,train
2852,train
2853,train
2854,train
2855,train
2856,test
2857,test
2858,test
2859,test
2860,train
2861,train
2862,train
2863,train
2864,train
2865,test
2866,test
2867,train
2868,train
2869,train
2870,train
2871,test
2872,train
2873,test
2874,test
2875,test
2876,test
2877,test
2878,train
2879,train
2880,test
2881,train
2882,test
2883,test
2884,test
2885,train
2886,test
2887,train
2888,test
2889,train
2890,train
2891,train
2892,train
2893,train
2894,test
2895,train
2896,test
2897,test
2898,train
2899,test
2900,train
2901,test
2902,test
2903,test
2904,train
2905,train
2906,test
2907,test
2908,test
2909,train
2910,test
2911,train
2912,train
2913,train
2914,train
2915,test
2916,train
2917,train
2918,train
2919,train
2920,test
2921,train
2922,train
2923,train
2924,train
2925,train
2926,train
2927,train
2928,train
2929,train
2930,test
2931,test
2932,train
2933,train
2934,train
2935,test
2936,train
2937,test
2938,train
2939,train
2940,train
2941,train
2942,test
2943,test
2944,train
2945,test
2946,train
2947,train
2948,test
2949,test
2950,train
2951,train
2952,train
2953,test
2954,test
2955,train
2956,test
2957,train
2958,train
2959,train
2960,test
2961,train
2962,train
2963,test
2964,train
2965,train
2966,train
2967,train
2968,train
2969,train
2970,test
2971,train
2972,test
2973,train
2974,test
2975,test
2976,train
2977,test
2978,test
2979,train
2980,train
2981,test
2982,train
2983,test
2984,train
2985,train
2986,test
2987,test
2988,test
2989,train
2990,train
2991,train
2992,test
2993,train
2994,test
2995,test
2996,test
2997,train
2998,test
2999,train
3000,train
3001,test
3002,test
3003,test
3004,train
3005,test
3006,train
3007,train
3008,test
3009,train
3010,train
3011,train
3012,test
3013,test
3014,train
3015,train
3016,test
3017,train
3018,train
3019,train
3020,test
3021,test
3022,train
3023,train
3024,train
3025,train
3026,train
3027,test
3028,train
3029,test
3030,train
3031,test
3032,train
3033,test
3034,train
3035,test
3036,train
3037,test
3038,test
3039,train
3040,train
3041,test
3042,train
3043,train
3044,test
3045,train
3046,train
3047,train
3048,train
3049,train
3050,train
3051,train
3052,train
3053,train
3054,train
3055,test
3056,train
3057,test
3058,train
3059,train
3060,train
3061,train
3062,test
3063,train
3064,test
3065,train
3066,train
3067,test
3068,train
3069,train
3070,train
3071,train
3072,train
3073,train
3074,train
3075,test
3076,train
3077,test
3078,train
3079,train
3080,test
3081,train
3082,train
3083,train
3084,train
3085,train
3086,train
3087,test
3088,train
3089,train
3090,test
3091,test
3092,train
3093,train
3094,train
3095,test
3096,train
3097,train
3098,test
3099,train
3100,train
3101,train
3102,train
3103,test
3104,train
3105,test
3106,train
3107,test
3108,train
3109,train
3110,train
3111,train
3112,train
3113,test
3114,test
3115,train
3116,train
3117,test
3118,test
3119,train
3120,test
3121,train
3122,train
3123,test
3124,train
3125,test
3126,test
3127,train
3128,test
3129,test
3130,train
3131,test
3132,train
3133,train
3134,test
3135,train
3136,test
3137,train
3138,test
3139,train
3140,train
3141,test
3142,test
3143,test
3144,train
3145,test
3146,test
3147,test
3148,train
3149,train
3150,test
3151,train
3152,train
3153,train
3154,train
3155,train
3156,test
3157,test
3158,train
3159,train
3160,test
3161,test
3162,test
3163,train
3164,train
3165,train
3166,test
3167,train
3168,train
3169,train
3170,train
3171,train
3172,test
3173,test
3174,train
3175,train
3176,train
3177,test
3178,train
3179,train
3180,train
3181,test
3182,test
3183,train
3184,test
3185,train
3186,test
3187,train
3188,train
3189,train
3190,test
3191,train
3192,test
3193,train
3194,train
3195,train
3196,train
3197,train
3198,test
3199,test
3200,test
3201,train
3202,train
3203,train
3204,train
3205,train
3206,test
3207,train
3208,train
3209,train
3210,test
3211,test
3212,test
3213,train
3214,train
3215,train
3216,train
3217,test
3218,train
3219,test
3220,train
3221,train
3222,test
3223,test
3224,train
3225,test
3226,train
3227,test
3228,train
3229,train
3230,train
3231,train
3232,test
3233,test
3234,train
3235,train
3236,train
3237,train
3238,test
3239,train
3240,test
3241,train
3242,train
3243,test
3244,test
3245,train
3246,train
3247,train
3248,train
3249,train
3250,train
3251,train
3252,test
3253,train
3254,test
3255,test
3256,train
3257,test
3258,train
3259,test
3260,train
3261,test
3262,train
3263,train
3264,train
3265,train
3266,test
3267,train
3268,train
3269,train
3270,test
3271,train
3272,train
3273,test
3274,train
3275,train
3276,train
3277,train
3278,test
3279,train
3280,train
3281,test
3282,train
3283,test
3284,train
3285,train
3286,train
3287,test
3288,train
3289,train
3290,train
3291,train
3292,test
3293,train
3294,train
3295,test
3296,train
3297,train
3298,train
3299,train
3300,test
3301,train
3302,train
3303,train
3304,train
3305,train
3306,train
3307,train
3308,train
3309,train
3310,test
3311,train
3312,test
3313,test
3314,test
3315,train
3316,train
3317,test
3318,test
3319,test
3320,train
3321,train
3322,test
3323,train
3324,train
3325,test
3326,train
3327,train
3328,train
3329,train
3330,test
3331,test
3332,train
3333,train
3334,test
3335,train
3336,train
3337,test
3338,test
3339,train
3340,train
3341,train
3342,test
3343,train
3344,test
3345,train
3346,train
3347,train
3348,train
3349,test
3350,train
3351,train
3352,test
3353,train
3354,train
3355,test
3356,test
3357,test
3358,train
3359,test
3360,train
3361,test
3362,test
3363,test
3364,train
3365,train
3366,train
3367,train
3368,train
3369,test
3370,train
3371,test
3372,train
3373,test
3374,test
3375,test
3376,test
3377,train
3378,train
3379,train
3380,train
3381,train
3382,test
3383,train
3384,test
3385,test
3386,train
3387,train
3388,train
3389,train
3390,train
3391,train
3392,train
3393,train
3394,train
3395,test
3396,train
3397,train
3398,train
3399,test
3400,test
3401,train
3402,train
3403,test
3404,train
3405,train
3406,train
3407,test
3408,test
3409,test
3410,train
3411,train
3412,test
3413,test
3414,test
3415,train
3416,test
3417,test
3418,test
3419,train
3420,train
3421,test
3422,train
3423,test
3424,train
3425,test
3426,train
3427,test
3428,test
3429,test
3430,train
3431,train
3432,train
3433,test
3434,train
3435,test
3436,train
3437,train
3438,train
3439,test
3440,train
3441,train
3442,train
3443,train
3444,train
3445,train
3446,test
3447,train
3448,train
3449,train
3450,train
3451,test
3452,train
3453,test
3454,test
3455,train
3456,train
3457,train
3458,test
3459,train
3460,test
3461,train
3462,test
3463,train
3464,train
3465,train
3466,train
3467,train
3468,train
3469,train
3470,train
3471,train
3472,train
3473,train
3474,test
3475,train
3476,train
3477,train
3478,test
3479,test
3480,train
3481,test
3482,train
3483,train
3484,train
3485,train
3486,train
3487,test
3488,train
3489,test
3490,train
3491,train
3492,test
3493,train
3494,train
3495,train
3496,train
3497,train
3498,test
3499,test
3500,train
3501,train
3502,train
3503,train
3504,train
3505,train
3506,train
3507,train
3508,train
3509,test
3510,train
3511,train
3512,test
3513,train
3514,train
3515,test
3516,train
3517,train
3518,test
3519,test
3520,train
3521,train
3522,train
3523,test
3524,test
3525,train
3526,test
3527,test
3528,train
3529,train
3530,test
3531,test
3532,test
3533,test
3534,train
3535,train
3536,test
3537,train
3538,train
3539,test
3540,train
3541,train
3542,test
3543,train
3544,test
3545,train
3546,train
3547,test
3548,train
3549,test
3550,train
3551,test
3552,test
3553,train
3554,train
3555,train
3556,test
3557,train
3558,test
3559,train
3560,test
3561,test
3562,test
3563,test
3564,train
3565,test
3566,train
3567,train
3568,train
3569,test
3570,train
3571,train
3572,train
3573,test
3574,test
3575,test
3576,train
3577,train
3578,train
3579,test
3580,test
3581,test
3582,train
3583,train
3584,test
3585,train
3586,train
3587,train
3588,test
3589,train
3590,train
3591,train
3592,train
3593,test
3594,train
3595,train
3596,train
3597,train
3598,train
3599,train
3600,train
3601,train
3602,train
3603,train
3604,test
3605,test
3606,test
3607,test
3608,train
3609,test
3610,test
3611,test
3612,train
3613,test
3614,train
3615,train
3616,train
3617,test
3618,test
3619,train
3620,train
3621,test
3622,train
3623,test
3624,train
3625,train
3626,train
3627,test
3628,test
3629,train
3630,train
3631,train
3632,test
3633,train
3634,train
3635,train
3636,test
3637,train
3638,test
3639,test
3640,test
3641,train
3642,test
3643,train
3644,test
3645,test
3646,test
3647,test
3648,train
3649,train
3650,test
3651,train
3652,train
3653,train
3654,train
3655,test
3656,test
3657,train
3658,train
3659,train
3660,test
3661,train
3662,test
3663,train
3664,train
3665,test
3666,test
3667,train
3668,train
3669,train
3670,test
3671,train
3672,train
3673,train
3674,train
3675,train
3676,train
3677,train
3678,train
3679,test
3680,test
3681,train
3682,test
3683,test
3684,test
3685,train
3686,test
3687,test
3688,train
3689,train
3690,test
3691,train
3692,train
3693,train
3694,test
3695,train
3696,train
3697,test
3698,train
3699,train
3700,train
3701,test
3702,test
3703,train
3704,train
3705,test
3706,test
3707,train
3708,train
3709,train
3710,train
3711,test
3712,test
3713,train
3714,train
3715,train
3716,train
3717,train
3718,test
3719,train
3720,test
3721,test
3722,train
3723,train
3724,train
3725,test
3726,test
3727,train
3728,train
3729,train
3730,train
3731,test
3732,test
3733,train
3734,train
3735,train
3736,train
3737,train
3738,train
3739,train
3740,train
3741,test
3742,test
3743,train
3744,test
3745,test
3746,train
3747,train
3748,train
3749,test
3750,train
3751,train
3752,test
3753,test
3754,train
3755,test
3756,train
3757,test
3758,test
3759,train
3760,test
3761,test
3762,test
3763,train
3764,test
3765,train
3766,train
3767,train
3768,test
3769,train
3770,train
3771,train
3772,test
3773,train
3774,train
3775,test
3776,train
3777,test
3778,train
3779,train
3780,test
3781,test
3782,test
3783,train
3784,test
3785,train
3786,train
3787,test
3788,train
3789,train
3790,test
3791,test
3792,test
3793,train
3794,test
3795,train
3796,test
3797,train
3798,test
3799,test
3800,test
3801,train
3802,test
3803,test
3804,train
3805,test
3806,test
3807,train
3808,train
3809,train
3810,train
3811,train
3812,train
3813,train
3814,train
3815,test
3816,test
3817,train
3818,train
3819,train
3820,test
3821,train
3822,train
3823,train
3824,test
3825,test
3826,test
3827,test
3828,test
3829,test
3830,test
3831,test
3832,test
3833,test
3834,test
3835,test
3836,train
3837,test
3838,train
3839,train
3840,test
3841,train
3842,test
3843,train
3844,test
3845,train
3846,train
3847,test
3848,train
3849,test
3850,train
3851,test
3852,train
3853,test
3854,test
3855,train
3856,test
3857,train
3858,test
3859,train
3860,train
3861,train
3862,train
3863,train
3864,test
3865,train
3866,train
3867,train
3868,test
3869,test
3870,train
3871,test
3872,test
3873,test
3874,test
3875,test
3876,test
3877,train
3878,test
3879,test
3880,train
3881,test
3882,train
3883,test
3884,train
3885,test
3886,train
3887,train
3888,test
3889,train
3890,train
3891,test
3892,test
3893,train
3894,train
3895,test
3896,test
3897,test
3898,test
3899,train
3900,test
3901,test
3902,test
3903,test
3904,train
3905,train
3906,test
3907,train
3908,train
3909,train
3910,test
3911,train
3912,test
3913,test
3914,test
3915,test
3916,train
3917,test
3918,train
3919,train
3920,test
3921,train
3922,test
3923,train
3924,train
3925,train
3926,train
3927,test
3928,test
3929,test
3930,test
3931,train
3932,test
3933,test
3934,train
3935,test
3936,train
3937,train
3938,test
3939,test
3940,test
3941,test
3942,test
3943,train
3944,test
3945,test
3946,train
3947,train
3948,test
3949,train
3950,train
3951,test
3952,test
3953,train
3954,test
3955,train
3956,test
3957,train
3958,test
3959,train
3960,test
3961,train
3962,train
3963,test
3964,test
3965,train
3966,test
3967,test
3968,test
3969,train
3970,train
3971,test
3972,train
3973,train
3974,train
3975,test
3976,train
3977,train
3978,train
3979,train
3980,train
3981,test
3982,train
3983,train
3984,test
3985,train
3986,train
3987,train
3988,train
3989,train
3990,train
3991,train
3992,train
3993,train
3994,train
3995,test
3996,test
3997,train
3998,train
3999,train
4000,test
4001,train
4002,train
4003,test
4004,test
4005,train
4006,train
4007,test
4008,train
4009,test
4010,train
4011,test
4012,train
4013,train
4014,test
4015,test
4016,train
4017,test
4018,test
4019,test
4020,train
4021,test
4022,train
4023,train
4024,train
4025,test
4026,train
4027,train
4028,train
4029,test
4030,train
4031,train
4032,test
4033,train
4034,train
4035,test
4036,test
4037,test
4038,test
4039,train
4040,train
4041,train
4042,test
4043,train
4044,train
4045,train
4046,test
4047,test
4048,train
4049,train
4050,test
4051,train
4052,test
4053,train
4054,train
4055,test
4056,train
4057,test
4058,train
4059,train
4060,train
4061,test
4062,train
4063,train
4064,train
4065,train
4066,test
4067,train
4068,test
4069,test
4070,train
4071,train
4072,test
4073,test
4074,test
4075,train
4076,test
4077,test
4078,train
4079,train
4080,train
4081,train
4082,test
4083,test
4084,train
4085,test
4086,train
4087,test
4088,train
4089,train
4090,train
4091,train
4092,test
4093,train
4094,train
4095,train
4096,train
4097,test
4098,train
4099,test
4100,train
4101,train
4102,train
4103,train
4104,test
4105,train
4106,test
4107,train
4108,test
4109,test
4110,train
4111,test
4112,train
4113,test
4114,train
4115,train
4116,test
4117,train
4118,train
4119,train
4120,train
4121,test
4122,train
4123,test
4124,train
4125,train
4126,train
4127,test
4128,train
4129,test
4130,test
4131,test
4132,train
4133,test
4134,train
4135,train
4136,train
4137,train
4138,test
4139,train
4140,test
4141,test
4142,train
4143,test
4144,train
4145,train
4146,test
4147,train
4148,train
4149,train
4150,train
4151,test
4152,train
4153,train
4154,test
4155,train
4156,test
4157,train
4158,train
4159,test
4160,train
4161,train
4162,test
4163,train
4164,train
4165,train
4166,train
4167,train
4168,train
4169,test
4170,test
4171,train
4172,train
4173,train
4174,test
4175,test
4176,test
4177,train
4178,train
4179,train
4180,test
4181,train
4182,test
4183,train
4184,train
4185,test
4186,train
4187,train
4188,test
4189,train
4190,test
4191,train
4192,test
4193,train
4194,test
4195,train
4196,train
4197,train
4198,train
4199,train
4200,train
4201,test
4202,train
4203,train
4204,test
4205,test
4206,test
4207,train
4208,train
4209,train
4210,train
4211,test
4212,train
4213,train
4214,train
4215,train
4216,test
4217,test
4218,test
4219,train
4220,train
4221,train
4222,train
4223,test
4224,test
4225,train
4226,test
4227,test
4228,train
4229,train
4230,train
4231,train
4232,train
4233,test
4234,train
4235,test
4236,train
4237,test
4238,train
4239,test
4240,test
4241,train
4242,test
4243,test
4244,train
4245,train
4246,test
4247,train
4248,train
4249,train
4250,train
4251,train
4252,train
4253,train
4254,test
4255,train
4256,train
4257,test
4258,test
4259,train
4260,train
4261,test
4262,train
4263,train
4264,train
4265,test
4266,test
4267,train
4268,train
4269,train
4270,test
4271,train
4272,train
4273,train
4274,train
4275,train
4276,train
4277,train
4278,train
4279,train
4280,train
4281,train
4282,test
4283,train
4284,train
4285,train
4286,test
4287,test
4288,train
4289,train
4290,train
4291,test
4292,train
4293,test
4294,test
4295,train
4296,train
4297,train
4298,train
4299,train
4300,test
4301,train
4302,train
4303,test
4304,test
4305,train
4306,train
4307,train
4308,train
4309,test
4310,test
4311,test
4312,train
4313,train
4314,train
4315,test
4316,test
4317,train
4318,test
4319,test
4320,test
4321,train
4322,train
4323,train
4324,train
4325,train
4326,train
4327,train
4328,train
4329,train
4330,test
4331,train
4332,test
4333,train
4334,train
4335,train
4336,train
4337,test
4338,train
4339,test
4340,test
4341,test
4342,train
4343,train
4344,train
4345,train
4346,train
4347,test
4348,train
4349,train
4350,train
4351,train
4352,train
4353,test
4354,test
4355,train
4356,test
4357,train
4358,test
4359,test
4360,test
4361,test
4362,train
4363,train
4364,train
4365,test
4366,test
4367,test
4368,test
4369,test
4370,train
4371,train
4372,train
4373,test
4374,train
4375,test
4376,test
4377,train
4378,test
4379,test
4380,train
4381,train
4382,test
4383,train
4384,train
4385,train
4386,test
4387,train
4388,test
4389,train
4390,test
4391,train
4392,train
4393,test
4394,train
4395,train
4396,train
4397,test
4398,test
4399,train
4400,train
4401,test
4402,train
4403,test
4404,test
4405,test
4406,train
4407,test
4408,test
4409,test
4410,train
4411,train
4412,test
4413,test
4414,test
4415,train
4416,train
4417,train
4418,train
4419,train
4420,train
4421,train
4422,train
4423,test
4424,train
4425,test
4426,test
4427,train
4428,train
4429,test
4430,train
4431,train
4432,train
4433,test
4434,train
4435,test
4436,test
4437,train
4438,train
4439,test
4440,test
4441,train
4442,test
4443,train
4444,train
4445,train
4446,test
4447,test
4448,train
4449,train
4450,test
4451,train
4452,test
4453,train
4454,test
4455,train
4456,test
4457,train
4458,train
4459,train
4460,train
4461,test
4462,test
4463,train
4464,test
4465,train
4466,test
4467,train
4468,train
4469,test
4470,train
4471,train
4472,train
4473,train
4474,test
4475,test
4476,test
4477,train
4478,train
4479,train
4480,train
4481,test
4482,train
4483,train
4484,train
4485,train
4486,train
4487,test
4488,train
4489,test
4490,test
4491,test
4492,test
4493,test
4494,train
4495,test
4496,train
4497,test
4498,train
4499,train
4500,train
4501,train
4502,test
4503,train
4504,train
4505,train
4506,test
4507,train
4508,test
4509,train
4510,train
4511,train
4512,train
4513,test
4514,train
4515,train
4516,test
4517,test
4518,test
4519,train
4520,test
4521,test
4522,train
4523,train
4524,test
4525,train
4526,train
4527,train
4528,test
4529,train
4530,train
4531,train
4532,test
4533,train
4534,train
4535,test
4536,train
4537,train
4538,train
4539,train
4540,test
4541,train
4542,train
4543,test
4544,train
4545,train
4546,test
4547,test
4548,train
4549,train
4550,train
4551,train
4552,train
4553,test
4554,train
4555,train
4556,train
4557,train
4558,train
4559,test
4560,test
4561,train
4562,train
4563,test
4564,train
4565,train
4566,test
4567,train
4568,train
4569,train
4570,train
4571,train
4572,train
4573,test
4574,train
4575,train
4576,test
4577,train
4578,train
4579,train
4580,train
4581,train
4582,test
4583,train
4584,train
4585,test
4586,train
4587,train
4588,test
4589,train
4590,train
4591,train
4592,train
4593,train
4594,test
4595,test
4596,test
4597,train
4598,test
4599,test
4600,train
4601,test
4602,test
4603,test
4604,train
4605,train
4606,train
4607,train
4608,train
4609,train
4610,train
4611,train
4612,train
4613,train
4614,train
4615,train
4616,test
4617,train
4618,test
4619,train
4620,train
4621,train
4622,test
4623,train
4624,train
4625,train
4626,test
4627,test
4628,test
4629,train
4630,train
4631,train
4632,train
4633,train
4634,test
4635,train
4636,train
4637,test
4638,test
4639,test
4640,train
4641,test
4642,test
4643,train
4644,train
4645,test
4646,train
4647,train
4648,train
4649,train
4650,train
4651,train
4652,test
4653,test
4654,train
4655,train
4656,train
4657,train
4658,train
4659,test
4660,train
4661,train
4662,test
4663,train
4664,train
4665,test
4666,test
4667,test
4668,train
4669,train
4670,train
4671,test
4672,test
4673,test
4674,test
4675,train
4676,test
4677,train
4678,test
4679,train
4680,train
4681,test
4682,train
4683,train
4684,test
4685,test
4686,test
4687,train
4688,train
4689,test
4690,test
4691,train
4692,test
4693,test
4694,train
4695,train
4696,test
4697,train
4698,test
4699,test
4700,train
4701,train
4702,train
4703,train
4704,train
4705,train
4706,test
4707,train
4708,train
4709,test
4710,train
4711,test
4712,train
4713,train
4714,test
4715,train
4716,train
4717,test
4718,train
4719,train
4720,test
4721,train
4722,test
4723,train
4724,train
4725,train
4726,test
4727,train
4728,train
4729,test
4730,train
4731,train
4732,test
4733,test
4734,test
4735,test
4736,test
4737,test
4738,test
4739,train
4740,test
4741,train
4742,test
4743,train
4744,train
4745,train
4746,train
4747,train
4748,train
4749,train
4750,train
4751,train
4752,train
4753,train
4754,train
4755,train
4756,train
4757,train
4758,test
4759,train
4760,test
4761,train
4762,train
4763,train
4764,train
4765,train
4766,test
4767,test
4768,train
4769,test
4770,train
4771,train
4772,train
4773,train
4774,test
4775,test
4776,train
4777,train
4778,train
4779,train
4780,test
4781,train
4782,train
4783,train
4784,test
4785,test
4786,train
4787,test
4788,test
4789,test
4790,test
4791,train
4792,test
4793,test
4794,train
4795,train
4796,train
4797,test
4798,train
4799,train
4800,test
4801,train
4802,train
4803,test
4804,train
4805,train
4806,test
4807,train
4808,train
4809,train
4810,train
4811,test
4812,train
4813,test
4814,test
4815,train
4816,train
4817,test
4818,train
4819,train
4820,test
4821,train
4822,test
4823,train
4824,train
4825,test
4826,test
4827,test
4828,test
4829,train
4830,train
4831,train
4832,train
4833,test
4834,train
4835,test
4836,train
4837,train
4838,train
4839,test
4840,train
4841,train
4842,test
4843,train
4844,train
4845,train
4846,test
4847,train
4848,test
4849,train
4850,test
4851,test
4852,train
4853,train
4854,train
4855,train
4856,test
4857,train
4858,train
4859,train
4860,train
4861,train
4862,test
4863,test
4864,train
4865,train
4866,test
4867,test
4868,train
4869,train
4870,train
4871,train
4872,test
4873,train
4874,train
4875,test
4876,train
4877,train
4878,test
4879,test
4880,train
4881,train
4882,train
4883,test
4884,train
4885,train
4886,train
4887,test
4888,test
4889,train
4890,train
4891,train
4892,train
4893,test
4894,train
4895,test
4896,test
4897,train
4898,test
4899,train
4900,test
4901,train
4902,test
4903,train
4904,test
4905,train
4906,test
4907,train
4908,train
4909,train
4910,test
4911,train
4912,train
4913,train
4914,test
4915,train
4916,train
4917,test
4918,test
4919,test
4920,train
4921,train
4922,test
4923,test
4924,train
4925,train
4926,test
4927,test
4928,test
4929,test
4930,test
4931,train
4932,test
4933,train
4934,train
4935,test
4936,train
4937,test
4938,train
4939,train
4940,train
4941,train
4942,test
4943,train
4944,train
4945,train
4946,train
4947,train
4948,train
4949,train
4950,train
4951,train
4952,test
4953,train
4954,test
4955,train
4956,train
4957,test
4958,test
4959,train
4960,train
4961,train
4962,train
4963,train
4964,train
4965,train
4966,train
4967,test
4968,train
4969,test
4970,train
4971,train
4972,train
4973,train
4974,train
4975,test
4976,train
4977,train
4978,train
4979,train
4980,test
4981,test
4982,train
4983,test
4984,train
4985,test
4986,test
4987,train
4988,train
4989,test
4990,test
4991,train
4992,train
4993,test
4994,test
4995,test
4996,train
4997,train
4998,train
4999,test
5000,train
5001,test
5002,train
5003,train
5004,train
5005,train
5006,test
5007,train
5008,train
5009,train
5010,test
5011,train
5012,test
5013,train
5014,train
5015,test
5016,test
5017,train
5018,test
5019,test
5020,train
5021,train
5022,train
5023,train
5024,train
5025,train
5026,test
5027,train
5028,test
5029,train
5030,train
5031,train
5032,train
5033,test
5034,train
5035,train
5036,test
5037,test
5038,train
5039,test
5040,train
5041,train
5042,train
5043,test
5044,test
5045,train
5046,train
5047,train
5048,test
5049,train
5050,test
5051,train
5052,train
5053,train
5054,train
5055,train
5056,test
5057,test
5058,train
5059,test
5060,test
5061,train
5062,train
5063,train
5064,train
5065,test
5066,test
5067,test
5068,train
5069,train
5070,test
5071,test
5072,test
5073,train
5074,train
5075,train
5076,test
5077,train
5078,train
5079,train
5080,train
5081,test
5082,train
5083,train
5084,train
5085,train
5086,train
5087,train
5088,test
5089,train
5090,train
5091,train
5092,train
5093,test
5094,train
5095,test
5096,train
5097,test
5098,train
5099,test
5100,train
5101,test
5102,train
5103,test
5104,train
5105,train
5106,train
5107,train
5108,test
5109,train
5110,train
5111,test
5112,test
5113,train
5114,train
5115,test
5116,test
5117,train
5118,train
5119,test
5120,test
5121,test
5122,train
5123,train
5124,train
5125,train
5126,train
5127,train
5128,test
5129,train
5130,train
5131,train
5132,test
5133,train
5134,train
5135,train
5136,train
5137,train
5138,test
5139,test
5140,test
5141,test
5142,train
5143,test
5144,train
5145,train
5146,train
5147,test
5148,train
5149,test
5150,train
5151,train
5152,test
5153,test
5154,test
5155,train
5156,train
5157,test
5158,test
5159,train
5160,test
5161,train
5162,test
5163,train
5164,train
5165,train
5166,train
5167,train
5168,train
5169,test
5170,train
5171,train
5172,train
5173,train
5174,test
5175,test
5176,test
5177,test
5178,train
5179,train
5180,test
5181,test
5182,test
5183,train
5184,test
5185,train
5186,train
5187,train
5188,train
5189,train
5190,train
5191,train
5192,test
5193,train
5194,test
5195,train
5196,test
5197,test
5198,train
5199,test
5200,train
5201,test
5202,train
5203,train
5204,train
5205,train
5206,test
5207,test
5208,train
5209,test
5210,test
5211,test
5212,test
5213,train
5214,test
5215,train
5216,train
5217,train
5218,train
5219,train
5220,test
5221,train
5222,train
5223,test
5224,train
5225,test
5226,train
5227,train
5228,test
5229,train
5230,test
5231,train
5232,test
5233,train
5234,test
5235,test
5236,train
5237,test
5238,train
5239,test
5240,train
5241,train
5242,test
5243,train
5244,train
5245,train
5246,test
5247,test
5248,train
5249,train
5250,train
5251,train
5252,train
5253,test
5254,test
5255,train
5256,train
5257,train
5258,test
5259,train
5260,train
5261,train
5262,train
5263,train
5264,train
5265,train
5266,test
5267,train
5268,test
5269,test
5270,test
5271,train
5272,test
5273,train
5274,test
5275,train
5276,train
5277,test
5278,train
5279,test
5280,train
5281,train
5282,train
5283,train
5284,train
5285,test
5286,test
5287,test
5288,train
5289,train
5290,train
5291,train
5292,train
5293,train
5294,test
5295,test
5296,train
5297,train
5298,train
5299,test
5300,train
5301,train
5302,test
5303,train
5304,train
5305,train
5306,train
5307,test
5308,test
5309,test
5310,train
5311,train
5312,train
5313,train
5314,test
5315,train
5316,train
5317,train
5318,test
5319,train
5320,train
5321,train
5322,test
5323,test
5324,train
5325,test
5326,test
5327,test
5328,train
5329,train
5330,train
5331,train
5332,train
5333,test
5334,train
5335,test
5336,train
5337,train
5338,test
5339,train
5340,train
5341,test
5342,test
5343,train
5344,train
5345,train
5346,test
5347,train
5348,test
5349,train
5350,test
5351,test
5352,test
5353,test
5354,test
5355,train
5356,train
5357,test
5358,test
5359,test
5360,test
5361,test
5362,test
5363,test
5364,test
5365,train
5366,test
5367,test
5368,train
5369,test
5370,test
5371,train
5372,train
5373,train
5374,train
5375,test
5376,train
5377,test
5378,train
5379,train
5380,test
5381,test
5382,test
5383,train
5384,train
5385,test
5386,test
5387,test
5388,train
5389,train
5390,test
5391,train
5392,test
5393,test
5394,train
5395,test
5396,train
5397,train
5398,train
5399,train
5400,test
5401,train
5402,test
5403,train
5404,test
5405,test
5406,train
5407,train
5408,train
5409,train
5410,train
5411,train
5412,test
5413,train
5414,test
5415,train
5416,test
5417,train
5418,train
5419,test
5420,train
5421,test
5422,test
5423,train
5424,train
5425,train
5426,train
5427,train
5428,train
5429,test
5430,test
5431,train
5432,train
5433,train
5434,test
5435,train
5436,train
5437,train
5438,test
5439,train
5440,test
5441,test
5442,train
5443,test
5444,train
5445,train
5446,test
5447,test
5448,train
5449,train
5450,train
5451,train
5452,train
5453,test
5454,train
5455,test
5456,test
5457,test
5458,train
5459,test
5460,test
5461,test
5462,train
5463,train
5464,test
5465,test
5466,train
5467,test
5468,train
5469,train
5470,test
5471,test
5472,train
5473,test
5474,train
5475,train
5476,train
5477,test
5478,test
5479,train
5480,train
5481,train
5482,train
5483,test
5484,test
5485,train
5486,test
5487,train
5488,test
5489,train
5490,test
5491,test
5492,train
5493,train
5494,train
5495,train
5496,train
5497,train
5498,train
5499,train
5500,train
5501,test
5502,train
5503,test
5504,train
5505,test
5506,test
5507,train
5508,train
5509,train
5510,train
5511,train
5512,train
5513,test
5514,train
5515,test
5516,test
5517,train
5518,train
5519,test
5520,test
5521,test
5522,train
5523,train
5524,test
5525,train
5526,test
5527,test
5528,train
5529,train
5530,train
5531,train
5532,test
5533,test
5534,test
5535,train
5536,test
5537,test
5538,train
5539,train
5540,train
5541,test
5542,train
5543,test
5544,train
5545,train
5546,train
5547,train
5548,train
5549,train
5550,train
5551,train
5552,train
5553,train
5554,train
5555,train
5556,train
5557,train
5558,train
5559,train
5560,train
5561,test
5562,test
5563,train
5564,train
5565,train
5566,test
5567,train
5568,train
5569,train
5570,train
5571,train
5572,train
5573,test
5574,test
5575,train
5576,train
5577,train
5578,test
5579,train
5580,test
5581,train
5582,test
5583,train
5584,test
5585,train
5586,test
5587,train
5588,test
5589,test
5590,train
5591,train
5592,test
5593,train
5594,train
5595,train
5596,train
5597,train
5598,train
5599,test
5600,train
5601,train
5602,train
5603,test
5604,train
5605,train
5606,train
5607,train
5608,test
5609,test
5610,train
5611,test
5612,train
5613,train
5614,train
5615,test
5616,train
5617,train
5618,test
5619,test
5620,train
5621,train
5622,train
5623,test
5624,test
5625,train
5626,train
5627,train
5628,train
5629,train
5630,test
5631,test
5632,test
5633,train
5634,test
5635,test
5636,test
5637,train
5638,test
5639,train
5640,train
5641,train
5642,test
5643,train
5644,train
5645,test
5646,train
5647,train
5648,train
5649,train
5650,train
5651,train
5652,train
5653,train
5654,train
5655,train
5656,train
5657,test
5658,train
5659,train
5660,test
5661,train
5662,test
5663,test
5664,test
5665,train
5666,train
5667,train
5668,train
5669,train
5670,test
5671,train
5672,train
5673,test
5674,train
5675,test
5676,train
5677,test
5678,train
5679,train
5680,test
5681,train
5682,test
5683,test
5684,test
5685,train
5686,train
5687,train
5688,train
5689,train
5690,train
5691,test
5692,train
5693,train
5694,train
5695,train
5696,test
5697,train
5698,test
5699,test
5700,test
5701,train
5702,train
5703,test
5704,train
5705,test
5706,test
5707,test
5708,train
5709,train
5710,train
5711,test
5712,train
5713,train
5714,test
5715,test
5716,train
5717,train
5718,train
5719,train
5720,test
5721,train
5722,train
5723,test
5724,test
5725,train
5726,test
5727,train
5728,test
5729,train
5730,train
5731,test
5732,train
5733,train
5734,test
5735,test
5736,train
5737,test
5738,train
5739,train
5740,test
5741,test
5742,test
5743,test
5744,train
5745,test
5746,train
5747,test
5748,train
5749,train
5750,train
5751,train
5752,train
5753,train
5754,test
5755,test
5756,train
5757,train
5758,train
5759,train
5760,train
5761,test
5762,train
5763,test
5764,train
5765,train
5766,test
5767,train
5768,train
5769,test
5770,test
5771,test
5772,train
5773,train
5774,test
5775,test
5776,test
5777,test
5778,train
5779,train
5780,test
5781,train
5782,train
5783,train
5784,test
5785,train
5786,train
5787,train
5788,test
5789,test
5790,train
5791,train
5792,test
5793,test
5794,train
5795,train
5796,train
5797,train
5798,train
5799,train
5800,train
5801,test
5802,train
5803,train
5804,train
5805,test
5806,test
5807,test
5808,train
5809,test
5810,train
5811,train
5812,train
5813,train
5814,train
5815,test
5816,train
5817,train
5818,train
5819,train
5820,test
5821,test
5822,test
5823,train
5824,train
5825,train
5826,test
5827,train
5828,train
5829,test
5830,train
5831,test
5832,test
5833,train
5834,test
5835,train
5836,train
5837,test
5838,test
5839,train
5840,test
5841,test
5842,test
5843,train
5844,train
5845,test
5846,train
5847,test
5848,train
5849,train
5850,train
5851,train
5852,test
5853,train
5854,train
5855,train
5856,test
5857,train
5858,train
5859,test
5860,test
5861,train
5862,train
5863,train
5864,test
5865,train
5866,train
5867,test
5868,test
5869,test
5870,train
5871,test
5872,train
5873,train
5874,test
5875,test
5876,train
5877,train
5878,test
5879,train
5880,train
5881,train
5882,test
5883,train
5884,train
5885,test
5886,test
5887,train
5888,test
5889,train
5890,test
5891,test
5892,test
5893,train
5894,train
5895,train
5896,train
5897,test
5898,train
5899,test
5900,train
5901,test
5902,train
5903,test
5904,train
5905,test
5906,train
5907,train
5908,test
5909,train
5910,train
5911,train
5912,test
5913,train
5914,train
5915,train
5916,train
5917,train
5918,train
5919,test
5920,test
5921,train
5922,test
5923,test
5924,train
5925,test
5926,test
5927,test
5928,train
5929,train
5930,train
5931,train
5932,test
5933,train
5934,train
5935,train
5936,train
5937,test
5938,train
5939,train
5940,train
5941,train
5942,train
5943,train
5944,test
5945,test
5946,test
5947,train
5948,test
5949,train
5950,train
5951,train
5952,train
5953,train
5954,train
5955,train
5956,train
5957,test
5958,test
5959,train
5960,test
5961,test
5962,train
5963,test
5964,train
5965,train
5966,train
5967,train
5968,train
5969,train
5970,test
5971,train
5972,test
5973,test
5974,test
5975,test
5976,test
5977,test
5978,train
5979,test
5980,train
5981,train
5982,test
5983,train
5984,train
5985,train
5986,train
5987,test
5988,train
5989,train
5990,test
5991,train
5992,train
5993,train
5994,test
5995,test
5996,test
5997,test
5998,train
5999,train
6000,train
6001,train
6002,train
6003,test
6004,train
6005,test
6006,train
6007,train
6008,test
6009,train
6010,train
6011,test
6012,train
6013,train
6014,train
6015,train
6016,train
6017,train
6018,train
6019,test
6020,train
6021,train
6022,train
6023,test
6024,test
6025,train
6026,train
6027,train
6028,train
6029,train
6030,test
6031,train
6032,test
6033,train
6034,train
6035,train
6036,train
6037,train
6038,test
6039,train
6040,test
6041,train
6042,train
6043,train
6044,test
6045,train
6046,train
6047,train
6048,test
6049,train
6050,test
6051,test
6052,train
6053,train
6054,train
6055,train
6056,test
6057,test
6058,test
6059,train
6060,train
6061,test
6062,train
6063,test
6064,train
6065,test
6066,train
6067,test
6068,train
6069,train
6070,train
6071,train
6072,train
6073,test
6074,train
6075,test
6076,train
6077,train
6078,train
6079,train
6080,test
6081,test
6082,test
6083,train
6084,train
6085,test
6086,test
6087,test
6088,test
6089,train
6090,train
6091,test
6092,test
6093,test
6094,test
6095,train
6096,train
6097,train
6098,test
6099,test
6100,train
6101,test
6102,train
6103,train
6104,train
6105,train
6106,test
6107,test
6108,train
6109,train
6110,test
6111,test
6112,test
6113,train
6114,train
6115,test
6116,test
6117,train
6118,test
6119,train
6120,test
6121,test
6122,train
6123,train
6124,train
6125,test
6126,train
6127,train
6128,train
6129,train
6130,train
6131,train
6132,train
6133,test
6134,train
6135,train
6136,train
6137,test
6138,test
6139,train
6140,train
6141,train
6142,train
6143,test
6144,train
6145,train
6146,train
6147,train
6148,train
6149,train
6150,train
6151,train
6152,train
6153,train
6154,test
6155,test
6156,train
6157,train
6158,train
6159,train
6160,test
6161,train
6162,train
6163,train
6164,test
6165,test
6166,train
6167,train
6168,train
6169,test
6170,test
6171,train
6172,train
6173,train
6174,test
6175,train
6176,train
6177,test
6178,train
6179,train
6180,test
6181,test
6182,train
6183,train
6184,train
6185,train
6186,train
6187,test
6188,test
6189,test
6190,test
6191,test
6192,train
6193,train
6194,train
6195,train
6196,test
6197,test
6198,train
6199,test
6200,test
6201,test
6202,test
6203,train
6204,test
6205,test
6206,train
6207,train
6208,test
6209,train
6210,train
6211,test
6212,train
6213,test
6214,test
6215,train
6216,train
6217,train
6218,test
6219,test
6220,train
6221,train
6222,train
6223,train
6224,train
6225,test
6226,train
6227,test
6228,train
6229,test
6230,train
6231,test
6232,train
6233,test
6234,test
6235,test
6236,train
6237,test
6238,test
6239,test
6240,train
6241,train
6242,train
6243,train
6244,train
6245,test
6246,train
6247,test
6248,train
6249,train
6250,train
6251,train
6252,train
6253,train
6254,test
6255,train
6256,test
6257,train
6258,train
6259,test
6260,test
6261,test
6262,test
6263,test
6264,train
6265,test
6266,train
6267,train
6268,test
6269,train
6270,train
6271,train
6272,train
6273,test
6274,train
6275,test
6276,train
6277,test
6278,train
6279,train
6280,train
6281,train
6282,test
6283,train
6284,train
6285,train
6286,train
6287,test
6288,train
6289,train
6290,train
6291,test
6292,test
6293,test
6294,test
6295,test
6296,train
6297,train
6298,train
6299,train
6300,train
6301,test
6302,train
6303,test
6304,train
6305,test
6306,test
6307,train
6308,train
6309,train
6310,train
6311,train
6312,test
6313,train
6314,test
6315,test
6316,test
6317,train
6318,train
6319,train
6320,test
6321,train
6322,train
6323,train
6324,train
6325,test
6326,train
6327,train
6328,train
6329,test
6330,test
6331,train
6332,train
6333,test
6334,test
6335,train
6336,test
6337,test
6338,train
6339,train
6340,train
6341,test
6342,test
6343,train
6344,test
6345,train
6346,test
6347,train
6348,train
6349,test
6350,train
6351,test
6352,train
6353,test
6354,test
6355,test
6356,train
6357,test
6358,train
6359,train
6360,test
6361,train
6362,test
6363,train
6364,train
6365,test
6366,train
6367,train
6368,test
6369,test
6370,test
6371,train
6372,train
6373,test
6374,train
6375,train
6376,train
6377,train
6378,train
6379,train
6380,test
6381,train
6382,train
6383,train
6384,test
6385,train
6386,test
6387,train
6388,train
6389,train
6390,train
6391,test
6392,train
6393,train
6394,test
6395,train
6396,train
6397,test
6398,train
6399,train
6400,train
6401,test
6402,train
6403,train
6404,train
6405,test
6406,test
6407,train
6408,train
6409,train
6410,train
6411,train
6412,test
6413,test
6414,train
6415,train
6416,test
6417,test
6418,train
6419,test
6420,test
6421,test
6422,train
6423,test
6424,train
6425,train
6426,test
6427,train
6428,test
6429,test
6430,test
6431,train
6432,train
6433,train
6434,train
6435,train
6436,train
6437,train
6438,train
6439,test
6440,test
6441,train
6442,train
6443,train
6444,train
6445,train
6446,test
6447,train
6448,test
6449,train
6450,train
6451,train
6452,train
6453,train
6454,train
6455,test
6456,test
6457,train
6458,test
6459,train
6460,test
6461,train
6462,train
6463,test
6464,test
6465,train
6466,test
6467,train
6468,test
6469,train
6470,train
6471,train
6472,train
6473,train
6474,test
6475,test
6476,train
6477,train
6478,train
6479,test
6480,train
6481,train
6482,train
6483,train
6484,train
6485,train
6486,train
6487,test
6488,train
6489,test
6490,test
6491,test
6492,train
6493,test
6494,train
6495,train
6496,test
6497,test
6498,train
6499,train
6500,train
6501,test
6502,train
6503,train
6504,train
6505,train
6506,train
6507,train
6508,train
6509,train
6510,test
6511,test
6512,test
6513,test
6514,train
6515,train
6516,train
6517,test
6518,train
6519,train
6520,train
6521,train
6522,train
6523,train
6524,test
6525,train
6526,test
6527,train
6528,train
6529,train
6530,train
6531,train
6532,test
6533,test
6534,train
6535,test
6536,train
6537,train
6538,train
6539,test
6540,train
6541,train
6542,test
6543,train
6544,train
6545,train
6546,train
6547,test
6548,train
6549,train
6550,test
6551,test
6552,train
6553,train
6554,train
6555,train
6556,test
6557,test
6558,test
6559,train
6560,test
6561,test
6562,train
6563,test
6564,test
6565,train
6566,test
6567,train
6568,train
6569,test
6570,train
6571,train
6572,train
6573,test
6574,train
6575,test
6576,train
6577,train
6578,train
6579,test
6580,test
6581,train
6582,train
6583,test
6584,train
6585,test
6586,test
6587,train
6588,test
6589,train
6590,train
6591,test
6592,test
6593,train
6594,train
6595,test
6596,train
6597,test
6598,train
6599,test
6600,train
6601,train
6602,test
6603,train
6604,test
6605,train
6606,test
6607,train
6608,test
6609,test
6610,test
6611,test
6612,test
6613,train
6614,test
6615,test
6616,test
6617,test
6618,test
6619,test
6620,test
6621,train
6622,test
6623,train
6624,test
6625,test
6626,test
6627,test
6628,train
6629,train
6630,test
6631,test
6632,train
6633,train
6634,test
6635,test
6636,test
6637,test
6638,train
6639,train
6640,train
6641,train
6642,train
6643,train
6644,train
6645,test
6646,train
6647,test
6648,test
6649,test
6650,train
6651,train
6652,test
6653,train
6654,test
6655,train
6656,train
6657,train
6658,train
6659,train
6660,test
6661,test
6662,train
6663,train
6664,test
6665,train
6666,test
6667,train
6668,test
6669,train
6670,train
6671,train
6672,test
6673,train
6674,train
6675,test
6676,train
6677,test
6678,test
6679,test
6680,train
6681,train
6682,train
6683,train
6684,train
6685,train
6686,test
6687,test
6688,train
6689,test
6690,test
6691,train
6692,test
6693,train
6694,train
6695,test
6696,train
6697,train
6698,train
6699,train
6700,train
6701,test
6702,train
6703,test
6704,test
6705,train
6706,train
6707,test
6708,train
6709,test
6710,test
6711,test
6712,train
6713,test
6714,train
6715,test
6716,test
6717,train
6718,train
6719,test
6720,train
6721,test
6722,train
6723,train
6724,train
6725,train
6726,train
6727,train
6728,train
6729,train
6730,train
6731,test
6732,test
6733,train
6734,train
6735,test
6736,train
6737,test
6738,train
6739,test
6740,train
6741,train
6742,test
6743,train
6744,train
6745,train
6746,train
6747,test
6748,train
6749,test
6750,train
6751,test
6752,test
6753,train
6754,train
6755,train
6756,test
6757,test
6758,train
6759,train
6760,train
6761,train
6762,train
6763,train
6764,train
6765,train
6766,test
6767,test
6768,test
6769,train
6770,test
6771,train
6772,test
6773,train
6774,train
6775,test
6776,test
6777,train
6778,test
6779,train
6780,train
6781,train
6782,test
6783,test
6784,train
6785,train
6786,test
6787,train
6788,train
6789,train
6790,train
6791,test
6792,train
6793,test
6794,test
6795,test
6796,train
6797,train
6798,train
6799,train
6800,train
6801,test
6802,train
6803,train
6804,train
6805,train
6806,test
6807,train
6808,test
6809,test
6810,test
6811,train
6812,test
6813,train
6814,train
6815,test
6816,train
6817,test
6818,train
6819,test
6820,train
6821,train
6822,train
6823,train
6824,test
6825,train
6826,train
6827,train
6828,test
6829,train
6830,test
6831,train
6832,train
6833,train
6834,test
6835,test
6836,train
6837,train
6838,train
6839,train
6840,train
6841,train
6842,train
6843,test
6844,train
6845,train
6846,test
6847,test
6848,train
6849,test
6850,train
6851,test
6852,test
6853,train
6854,train
6855,test
6856,train
6857,train
6858,train
6859,test
6860,train
6861,test
6862,train
6863,train
6864,train
6865,test
6866,test
6867,test
6868,test
6869,test
6870,test
6871,train
6872,test
6873,train
6874,train
6875,test
6876,test
6877,test
6878,test
6879,train
6880,train
6881,train
6882,train
6883,test
6884,test
6885,test
6886,test
6887,test
6888,train
6889,test
6890,train
6891,test
6892,test
6893,train
6894,train
6895,train
6896,train
6897,train
6898,train
6899,train
6900,test
6901,test
6902,train
6903,train
6904,test
6905,train
6906,test
6907,train
6908,test
6909,test
6910,train
6911,train
6912,train
6913,test
6914,train
6915,train
6916,test
6917,train
6918,train
6919,train
6920,test
6921,train
6922,test
6923,train
6924,train
6925,train
6926,train
6927,train
6928,test
6929,train
6930,train
6931,test
6932,train
6933,train
6934,train
6935,test
6936,train
6937,train
6938,train
6939,test
6940,train
6941,test
6942,train
6943,train
6944,test
6945,train
6946,test
6947,train
6948,train
6949,train
6950,test
6951,test
6952,train
6953,test
6954,test
6955,test
6956,train
6957,train
6958,test
6959,train
6960,test
6961,train
6962,test
6963,test
6964,train
6965,test
6966,train
6967,train
6968,train
6969,train
6970,train
6971,train
6972,test
6973,test
6974,train
6975,train
6976,train
6977,train
6978,test
6979,train
6980,train
6981,train
6982,test
6983,test
6984,train
6985,test
6986,train
6987,test
6988,train
6989,test
6990,test
6991,test
6992,test
6993,test
6994,train
6995,train
6996,train
6997,test
6998,train
6999,train
7000,train
7001,test
7002,test
7003,train
7004,test
7005,test
7006,test
7007,train
7008,train
7009,train
7010,train
7011,test
7012,train
7013,test
7014,test
7015,train
7016,test
7017,train
7018,test
7019,test
7020,test
7021,train
7022,train
7023,train
7024,train
7025,test
7026,test
7027,test
7028,test
7029,train
7030,test
7031,train
7032,train
7033,train
7034,test
7035,test
7036,train
7037,train
7038,train
7039,train
7040,train
7041,train
7042,test
7043,train
7044,train
7045,train
7046,test
7047,train
7048,train
7049,train
7050,test
7051,train
7052,train
7053,train
7054,train
7055,test
7056,test
7057,train
7058,test
7059,train
7060,train
7061,train
7062,train
7063,test
7064,train
7065,train
7066,train
7067,test
7068,test
7069,train
7070,test
7071,train
7072,train
7073,train
7074,train
7075,test
7076,test
7077,train
7078,test
7079,train
7080,test
7081,train
7082,train
7083,train
7084,train
7085,train
7086,test
7087,test
7088,train
7089,test
7090,train
7091,train
7092,train
7093,test
7094,test
7095,test
7096,train
7097,test
7098,test
7099,train
7100,train
7101,train
7102,train
7103,train
7104,train
7105,train
7106,test
7107,test
7108,train
7109,train
7110,test
7111,test
7112,test
7113,test
7114,train
7115,train
7116,train
7117,train
7118,train
7119,train
7120,test
7121,test
7122,test
7123,train
7124,test
7125,test
7126,test
7127,train
7128,train
7129,test
7130,train
7131,test
7132,train
7133,train
7134,train
7135,test
7136,test
7137,train
7138,train
7139,test
7140,test
7141,test
7142,test
7143,test
7144,train
7145,train
7146,test
7147,test
7148,train
7149,train
7150,test
7151,train
7152,test
7153,train
7154,train
7155,test
7156,train
7157,train
7158,train
7159,test
7160,test
7161,test
7162,train
7163,train
7164,test
7165,train
7166,test
7167,test
7168,train
7169,test
7170,train
7171,train
7172,test
7173,test
7174,test
7175,train
7176,train
7177,train
7178,train
7179,test
7180,train
7181,train
7182,train
7183,train
7184,test
7185,test
7186,test
7187,train
7188,train
7189,train
7190,train
7191,train
7192,test
7193,train
7194,train
7195,test
7196,test
7197,train
7198,test
7199,train
7200,train
7201,train
7202,train
7203,train
7204,train
7205,train
7206,train
7207,train
7208,train
7209,train
7210,train
7211,train
7212,train
7213,test
7214,train
7215,test
7216,train
7217,test
7218,train
7219,test
7220,train
7221,train
7222,train
7223,train
7224,train
7225,train
7226,test
7227,train
7228,train
7229,train
7230,train
7231,train
7232,test
7233,train
7234,train
7235,train
7236,test
7237,train
7238,train
7239,train
7240,test
7241,train
7242,train
7243,train
7244,test
7245,test
7246,test
7247,test
7248,train
7249,train
7250,test
7251,train
7252,train
7253,test
7254,test
7255,test
7256,test
7257,test
7258,test
7259,train
7260,train
7261,test
7262,train
7263,train
7264,train
7265,train
7266,train
7267,train
7268,test
7269,test
7270,train
7271,train
7272,test
7273,train
7274,train
7275,test
7276,test
7277,train
7278,train
7279,train
7280,train
7281,test
7282,test
7283,test
7284,train
7285,test
7286,test
7287,train
7288,train
7289,test
7290,train
7291,train
7292,train
7293,test
7294,test
7295,train
7296,test
7297,test
7298,train
7299,train
7300,train
7301,train
7302,test
7303,test
7304,test
7305,train
7306,test
7307,test
7308,test
7309,test
7310,test
7311,test
7312,train
7313,train
7314,test
7315,test
7316,train
7317,test
7318,train
7319,train
7320,train
7321,train
7322,test
7323,test
7324,train
7325,train
7326,test
7327,test
7328,test
7329,train
7330,test
7331,test
7332,test
7333,test
7334,train
7335,test
7336,train
7337,train
7338,test
7339,test
7340,train
7341,train
7342,test
7343,test
7344,test
7345,train
7346,train
7347,test
7348,test
7349,test
7350,train
7351,train
7352,train
7353,train
7354,test
7355,train
7356,test
7357,train
7358,train
7359,train
7360,train
7361,train
7362,train
7363,test
7364,test
7365,train
7366,train
7367,test
7368,test
7369,train
7370,test
7371,test
7372,test
7373,test
7374,test
7375,train
7376,train
7377,train
7378,test
7379,test
7380,train
7381,train
7382,test
7383,test
7384,train
7385,train
7386,train
7387,train
7388,test
7389,train
7390,test
7391,test
7392,train
7393,train
7394,train
7395,test
7396,train
7397,test
7398,train
7399,test
7400,test
7401,train
7402,train
7403,test
7404,train
7405,test
7406,train
7407,train
7408,train
7409,test
7410,train
7411,train
7412,test
7413,train
7414,test
7415,test
7416,test
7417,test
7418,train
7419,train
7420,train
7421,train
7422,train
7423,test
7424,train
7425,train
7426,train
7427,test
7428,test
7429,train
7430,test
7431,train
7432,train
7433,test
7434,train
7435,train
7436,test
7437,test
7438,test
7439,train
7440,test
7441,train
7442,test
7443,train
7444,train
7445,train
7446,train
7447,test
7448,train
7449,train
7450,train
7451,test
7452,train
7453,train
7454,train
7455,train
7456,test
7457,test
7458,train
7459,train
7460,train
7461,test
7462,train
7463,test
7464,test
7465,train
7466,train
7467,train
7468,train
7469,train
7470,train
7471,train
7472,train
7473,test
7474,test
7475,train
7476,test
7477,test
7478,train
7479,train
7480,train
7481,train
7482,test
7483,train
7484,test
7485,train
7486,train
7487,test
7488,train
7489,test
7490,test
7491,test
7492,test
7493,test
7494,test
7495,train
7496,test
7497,train
7498,test
7499,test
7500,test
7501,test
7502,train
7503,train
7504,train
7505,train
7506,train
7507,train
7508,train
7509,train
7510,test
7511,train
7512,train
7513,test
7514,test
7515,train
7516,test
7517,test
7518,test
7519,train
7520,test
7521,test
7522,train
7523,test
7524,test
7525,train
7526,train
7527,test
7528,test
7529,train
7530,test
7531,train
7532,train
7533,test
7534,test
7535,test
7536,train
7537,train
7538,train
7539,train
7540,test
7541,test
7542,train
7543,train
7544,test
7545,train
7546,test
7547,train
7548,test
7549,train
7550,test
7551,test
7552,train
7553,train
7554,train
7555,test
7556,train
7557,train
7558,test
7559,train
7560,test
7561,train
7562,test
7563,train
7564,test
7565,train
7566,test
7567,train
7568,test
7569,train
7570,test
7571,train
7572,test
7573,train
7574,train
7575,train
7576,train
7577,train
7578,train
7579,test
7580,train
7581,train
7582,test
7583,test
7584,test
7585,train
7586,train
7587,train
7588,train
7589,test
7590,test
7591,test
7592,train
7593,train
7594,train
7595,test
7596,train
7597,train
7598,test
7599,train
7600,train
7601,train
7602,train
7603,train
7604,test
7605,train
7606,train
7607,train
7608,train
7609,test
7610,test
7611,test
7612,train
7613,train
7614,test
7615,train
7616,test
7617,test
7618,test
7619,train
7620,train
7621,train
7622,test
7623,test
7624,test
7625,train
7626,train
7627,train
7628,train
7629,train
7630,test
7631,test
7632,train
7633,train
7634,train
7635,train
7636,train
7637,train
7638,train
7639,train
7640,test
7641,test
7642,test
7643,train
7644,train
7645,test
7646,train
7647,train
7648,train
7649,test
7650,train
7651,test
7652,train
7653,train
7654,test
7655,test
7656,train
7657,test
7658,train
7659,train
7660,train
7661,test
7662,train
7663,train
7664,train
7665,test
7666,test
7667,train
7668,test
7669,train
7670,train
7671,train
7672,test
7673,train
7674,train
7675,test
7676,train
7677,test
7678,train
7679,test
7680,train
7681,test
7682,test
7683,train
7684,train
7685,train
7686,test
7687,train
7688,train
7689,train
7690,train
7691,train
7692,test
7693,test
7694,train
7695,test
7696,test
7697,test
7698,train
7699,train
7700,test
7701,train
7702,train
7703,train
7704,train
7705,train
7706,test
7707,train
7708,test
7709,test
7710,train
7711,test
7712,test
7713,train
7714,train
7715,test
7716,test
7717,train
7718,test
7719,train
7720,train
7721,test
7722,train
7723,train
7724,train
7725,test
7726,test
7727,train
7728,train
7729,train
7730,train
7731,train
7732,test
7733,test
7734,train
7735,test
7736,train
7737,train
7738,test
7739,test
7740,train
7741,train
7742,train
7743,test
7744,train
7745,train
7746,train
7747,train
7748,train
7749,train
7750,train
7751,train
7752,test
7753,test
7754,train
7755,test
7756,train
7757,test
7758,test
7759,train
7760,train
7761,test
7762,train
7763,train
7764,train
7765,test
7766,train
7767,train
7768,test
7769,test
7770,test
7771,test
7772,train
7773,test
7774,test
7775,test
7776,train
7777,test
7778,test
7779,train
7780,test
7781,test
7782,test
7783,train
7784,train
7785,test
7786,train
7787,train
7788,test
7789,test
7790,test
7791,test
7792,train
7793,train
7794,train
7795,test
7796,test
7797,train
7798,test
7799,test
7800,test
7801,train
7802,train
7803,test
7804,train
7805,test
7806,test
7807,train
7808,test
7809,train
7810,train
7811,test
7812,test
7813,test
7814,train
7815,train
7816,train
7817,train
7818,train
7819,train
7820,test
7821,test
7822,train
7823,train
7824,train
7825,train
7826,test
7827,train
7828,test
7829,train
7830,test
7831,test
7832,train
7833,test
7834,train
7835,train
7836,train
7837,test
7838,train
7839,train
7840,test
7841,train
7842,train
7843,train
7844,train
7845,train
7846,test
7847,test
7848,test
7849,test
7850,test
7851,train
7852,train
7853,train
7854,train
7855,train
7856,test
7857,train
7858,test
7859,train
7860,test
7861,train
7862,test
7863,train
7864,train
7865,test
7866,test
7867,train
7868,train
7869,train
7870,train
7871,test
7872,train
7873,test
7874,train
7875,test
7876,train
7877,train
7878,test
7879,train
7880,train
7881,test
7882,test
7883,train
7884,test
7885,test
7886,test
7887,train
7888,test
7889,train
7890,train
7891,train
7892,test
7893,train
7894,train
7895,train
7896,train
7897,train
7898,test
7899,train
7900,train
7901,test
7902,train
7903,train
7904,test
7905,train
7906,test
7907,train
7908,test
7909,train
7910,test
7911,train
7912,train
7913,train
7914,test
7915,train
7916,train
7917,test
7918,train
7919,train
7920,train
7921,train
7922,test
7923,train
7924,train
7925,test
7926,train
7927,test
7928,train
7929,train
7930,train
7931,train
7932,train
7933,test
7934,train
7935,train
7936,test
7937,test
7938,test
7939,train
7940,test
7941,train
7942,train
7943,test
7944,train
7945,test
7946,train
7947,train
7948,train
7949,test
7950,train
7951,train
7952,test
7953,test
7954,test
7955,test
7956,train
7957,test
7958,test
7959,test
7960,train
7961,train
7962,test
7963,train
7964,train
7965,train
7966,train
7967,train
7968,test
7969,train
7970,train
7971,train
7972,test
7973,test
7974,test
7975,test
7976,train
7977,train
7978,train
7979,train
7980,test
7981,train
7982,test
7983,train
7984,train
7985,test
7986,test
7987,test
7988,test
7989,train
7990,train
7991,train
7992,train
7993,test
7994,train
7995,train
7996,train
7997,train
7998,train
7999,train
8000,train
8001,train
8002,test
8003,train
8004,train
8005,test
8006,train
8007,train
8008,train
8009,test
8010,train
8011,train
8012,train
8013,train
8014,train
8015,train
8016,test
8017,train
8018,test
8019,train
8020,train
8021,test
8022,train
8023,test
8024,test
8025,test
8026,test
8027,test
8028,test
8029,train
8030,test
8031,test
8032,test
8033,train
8034,test
8035,train
8036,train
8037,train
8038,train
8039,train
8040,train
8041,train
8042,train
8043,train
8044,test
8045,train
8046,test
8047,train
8048,test
8049,train
8050,test
8051,test
8052,train
8053,test
8054,test
8055,train
8056,train
8057,test
8058,train
8059,test
8060,test
8061,train
8062,train
8063,test
8064,train
8065,train
8066,train
8067,train
8068,train
8069,train
8070,train
8071,test
8072,test
8073,train
8074,train
8075,train
8076,train
8077,test
8078,train
8079,test
8080,test
8081,train
8082,train
8083,train
8084,train
8085,test
8086,train
8087,train
8088,test
8089,test
8090,train
8091,train
8092,test
8093,test
8094,train
8095,train
8096,train
8097,test
8098,test
8099,test
8100,test
8101,train
8102,train
8103,train
8104,train
8105,train
8106,train
8107,train
8108,train
8109,test
8110,test
8111,train
8112,train
8113,train
8114,train
8115,test
8116,train
8117,train
8118,test
8119,train
8120,test
8121,test
8122,test
8123,test
8124,train
8125,train
8126,test
8127,test
8128,train
8129,test
8130,test
8131,test
8132,train
8133,test
8134,train
8135,test
8136,train
8137,train
8138,train
8139,test
8140,test
8141,train
8142,test
8143,train
8144,test
8145,test
8146,test
8147,train
8148,train
8149,train
8150,test
8151,train
8152,test
8153,train
8154,train
8155,test
8156,test
8157,train
8158,test
8159,train
8160,train
8161,test
8162,test
8163,train
8164,test
8165,train
8166,train
8167,train
8168,train
8169,train
8170,train
8171,test
8172,train
8173,train
8174,train
8175,test
8176,train
8177,train
8178,test
8179,train
8180,test
8181,test
8182,train
8183,test
8184,train
8185,train
8186,test
8187,train
8188,test
8189,test
8190,train
8191,test
8192,test
8193,train
8194,train
8195,test
8196,test
8197,train
8198,train
8199,train
8200,train
8201,test
8202,test
8203,train
8204,train
8205,train
8206,train
8207,train
8208,test
8209,test
8210,train
8211,train
8212,test
8213,test
8214,test
8215,test
8216,train
8217,test
8218,test
8219,test
8220,train
8221,train
8222,train
8223,test
8224,train
8225,train
8226,test
8227,test
8228,train
8229,train
8230,train
8231,test
8232,test
8233,train
8234,train
8235,train
8236,train
8237,train
8238,test
8239,train
8240,train
8241,test
8242,test
8243,train
8244,test
8245,test
8246,train
8247,test
8248,test
8249,train
8250,train
8251,train
8252,train
8253,train
8254,test
8255,train
8256,train
8257,train
8258,test
8259,train
8260,test
8261,train
8262,train
8263,test
8264,train
8265,train
8266,test
8267,train
8268,train
8269,train
8270,train
8271,train
8272,train
8273,train
8274,test
8275,test
8276,train
8277,test
8278,train
8279,test
8280,test
8281,test
8282,test
8283,train
8284,train
8285,test
8286,train
8287,test
8288,train
8289,train
8290,train
8291,train
8292,train
8293,train
8294,train
8295,train
8296,train
8297,train
8298,test
8299,train
8300,test
8301,train
8302,train
8303,train
8304,train
8305,train
8306,test
8307,train
8308,test
8309,test
8310,train
8311,test
8312,train
8313,test
8314,test
8315,train
8316,train
8317,test
8318,test
8319,train
8320,train
8321,test
8322,train
8323,test
8324,train
8325,test
8326,test
8327,test
8328,test
8329,train
8330,test
8331,train
8332,train
8333,test
8334,test
8335,test
8336,test
8337,train
8338,train
8339,test
8340,train
8341,train
8342,test
8343,test
8344,train
8345,train
8346,train
8347,train
8348,train
8349,train
8350,train
8351,train
8352,train
8353,train
8354,train
8355,train
8356,train
8357,train
8358,train
8359,test
8360,train
8361,train
8362,test
8363,train
8364,test
8365,test
8366,test
8367,train
8368,train
8369,test
8370,train
8371,train
8372,train
8373,train
8374,test
8375,train
8376,train
8377,train
8378,test
8379,train
8380,test
8381,train
8382,train
8383,test
8384,train
8385,train
8386,train
8387,train
8388,test
8389,train
8390,test
8391,train
8392,test
8393,train
8394,train
8395,test
8396,train
8397,train
8398,test
8399,test
8400,train
8401,train
8402,train
8403,test
8404,train
8405,train
8406,test
8407,train
8408,test
8409,train
8410,train
8411,train
8412,test
8413,train
8414,test
8415,train
8416,test
8417,test
8418,train
8419,test
8420,train
8421,train
8422,test
8423,test
8424,test
8425,train
8426,test
8427,test
8428,test
8429,test
8430,train
8431,train
8432,test
8433,test
8434,train
8435,test
8436,train
8437,test
8438,test
8439,train
8440,train
8441,test
8442,train
8443,train
8444,train
8445,train
8446,train
8447,train
8448,test
8449,train
8450,train
8451,train
8452,train
8453,test
8454,train
8455,train
8456,test
8457,test
8458,train
8459,train
8460,test
8461,test
8462,test
8463,train
8464,test
8465,train
8466,train
8467,train
8468,test
8469,test
8470,test
8471,train
8472,test
8473,test
8474,test
8475,test
8476,train
8477,test
8478,test
8479,train
8480,train
8481,train
8482,test
8483,test
8484,train
8485,train
8486,test
8487,train
8488,train
8489,test
8490,train
8491,test
8492,train
8493,train
8494,test
8495,train
8496,test
8497,test
8498,train
8499,test
8500,train
8501,test
8502,train
8503,train
8504,test
8505,train
8506,train
8507,test
8508,test
8509,test
8510,train
8511,train
8512,train
8513,test
8514,train
8515,test
8516,train
8517,train
8518,train
8519,test
8520,test
8521,train
8522,train
8523,train
8524,train
8525,train
8526,test
8527,train
8528,train
8529,train
8530,train
8531,train
8532,train
8533,train
8534,train
8535,test
8536,train
8537,test
8538,train
8539,test
8540,train
8541,test
8542,train
8543,test
8544,test
8545,train
8546,test
8547,train
8548,test
8549,train
8550,test
8551,test
8552,train
8553,test
8554,train
8555,test
8556,test
8557,train
8558,train
8559,train
8560,test
8561,train
8562,test
8563,train
8564,train
8565,train
8566,test
8567,train
8568,train
8569,train
8570,test
8571,test
8572,train
8573,train
8574,train
8575,train
8576,test
8577,test
8578,test
8579,test
8580,train
8581,train
8582,test
8583,train
8584,train
8585,train
8586,test
8587,train
8588,train
8589,train
8590,test
8591,test
8592,test
8593,test
8594,test
8595,train
8596,test
8597,test
8598,test
8599,test
8600,train
8601,test
8602,train
8603,train
8604,test
8605,train
8606,test
8607,test
8608,train
8609,train
8610,train
8611,train
8612,train
8613,test
8614,train
8615,test
8616,test
8617,train
8618,test
8619,train
8620,train
8621,train
8622,train
8623,train
8624,train
8625,test
8626,train
8627,train
8628,train
8629,test
8630,train
8631,test
8632,test
8633,test
8634,train
8635,train
8636,test
8637,test
8638,test
8639,test
8640,train
8641,test
8642,train
8643,test
8644,train
8645,test
8646,test
8647,train
8648,train
8649,test
8650,train
8651,test
8652,train
8653,train
8654,train
8655,test
8656,train
8657,test
8658,test
8659,train
8660,test
8661,train
8662,train
8663,train
8664,train
8665,test
8666,train
8667,train
8668,train
8669,test
8670,train
8671,test
8672,train
8673,test
8674,test
8675,test
8676,train
8677,test
8678,train
8679,train
8680,train
8681,test
8682,test
8683,test
8684,train
8685,train
8686,test
8687,train
8688,test
8689,train
8690,train
8691,train
8692,train
8693,train
8694,test
8695,test
8696,train
8697,test
8698,test
8699,test
8700,train
8701,train
8702,train
8703,test
8704,train
8705,train
8706,train
8707,train
8708,train
8709,train
8710,train
8711,train
8712,test
8713,test
8714,train
8715,test
8716,test
8717,train
8718,train
8719,test
8720,test
8721,train
8722,test
8723,train
8724,train
8725,test
8726,test
8727,train
8728,test
8729,test
8730,train
8731,test
8732,train
8733,test
8734,train
8735,test
8736,train
8737,train
8738,test
8739,train
8740,train
8741,train
8742,train
8743,train
8744,test
8745,train
8746,test
8747,train
8748,train
8749,test
8750,train
8751,train
8752,test
8753,train
8754,test
8755,test
8756,test
8757,test
8758,test
8759,train
8760,train
8761,test
8762,train
8763,train
8764,train
8765,test
8766,train
8767,train
8768,test
8769,train
8770,train
8771,train
8772,test
8773,train
8774,test
8775,train
8776,train
8777,train
8778,train
8779,train
8780,train
8781,test
8782,test
8783,test
8784,test
8785,train
8786,test
8787,train
8788,train
8789,test
8790,train
8791,train
8792,train
8793,train
8794,test
8795,train
8796,train
8797,train
8798,test
8799,train
8800,test
8801,test
8802,test
8803,train
8804,train
8805,test
8806,train
8807,train
8808,train
8809,train
8810,test
8811,test
8812,test
8813,train
8814,train
8815,test
8816,train
8817,test
8818,test
8819,train
8820,train
8821,train
8822,test
8823,test
8824,train
8825,train
8826,test
8827,train
8828,train
8829,train
8830,test
8831,train
8832,test
8833,train
8834,train
8835,train
8836,train
8837,train
8838,test
8839,test
8840,train
8841,test
8842,test
8843,test
8844,train
8845,train
8846,train
8847,train
8848,test
8849,train
8850,test
8851,train
8852,train
8853,train
8854,train
8855,train
8856,train
8857,train
8858,test
8859,test
8860,train
8861,train
8862,train
8863,test
8864,train
8865,train
8866,train
8867,test
8868,test
8869,train
8870,test
8871,train
8872,train
8873,train
8874,train
8875,test
8876,test
8877,train
8878,test
8879,train
8880,test
8881,test
8882,train
8883,train
8884,train
8885,train
8886,test
8887,train
8888,test
8889,train
8890,train
8891,test
8892,test
8893,train
8894,train
8895,test
8896,test
8897,train
8898,test
8899,train
8900,test
8901,train
8902,test
8903,train
8904,test
8905,test
8906,train
8907,train
8908,test
8909,test
8910,train
8911,test
8912,train
8913,train
8914,train
8915,train
8916,train
8917,train
8918,train
8919,train
8920,train
8921,train
8922,test
8923,train
8924,train
8925,train
8926,train
8927,test
8928,train
8929,test
8930,test
8931,train
8932,test
8933,train
8934,test
8935,test
8936,train
8937,train
8938,test
8939,test
8940,train
8941,test
8942,test
8943,train
8944,train
8945,test
8946,test
8947,train
8948,test
8949,train
8950,train
8951,train
8952,train
8953,train
8954,test
8955,train
8956,test
8957,train
8958,train
8959,test
8960,train
8961,train
8962,train
8963,train
8964,train
8965,test
8966,test
8967,train
8968,train
8969,test
8970,test
8971,train
8972,train
8973,test
8974,test
8975,train
8976,train
8977,train
8978,test
8979,train
8980,test
8981,train
8982,test
8983,train
8984,test
8985,train
8986,test
8987,train
8988,test
8989,test
8990,train
8991,train
8992,test
8993,train
8994,test
8995,train
8996,test
8997,train
8998,train
8999,test
9000,train
9001,test
9002,train
9003,train
9004,train
9005,train
9006,train
9007,test
9008,train
9009,test
9010,test
9011,test
9012,train
9013,train
9014,test
9015,test
9016,test
9017,test
9018,test
9019,train
9020,train
9021,train
9022,train
9023,test
9024,test
9025,train
9026,train
9027,train
9028,test
9029,train
9030,train
9031,test
9032,test
9033,train
9034,train
9035,test
9036,test
9037,test
9038,train
9039,train
9040,train
9041,test
9042,train
9043,train
9044,train
9045,train
9046,train
9047,train
9048,test
9049,train
9050,train
9051,test
9052,train
9053,train
9054,train
9055,train
9056,test
9057,train
9058,train
9059,train
9060,train
9061,test
9062,test
9063,test
9064,test
9065,train
9066,test
9067,train
9068,train
9069,train
9070,train
9071,train
9072,train
9073,train
9074,test
9075,test
9076,test
9077,test
9078,test
9079,train
9080,test
9081,test
9082,test
9083,test
9084,test
9085,train
9086,train
9087,test
9088,train
9089,train
9090,train
9091,train
9092,train
9093,test
9094,train
9095,train
9096,train
9097,test
9098,train
9099,train
9100,train
9101,test
9102,train
9103,train
9104,test
9105,train
9106,test
9107,train
9108,train
9109,train
9110,test
9111,test
9112,train
9113,train
9114,train
9115,train
9116,train
9117,train
9118,train
9119,train
9120,test
9121,test
9122,train
9123,test
9124,test
9125,train
9126,test
9127,train
9128,train
9129,test
9130,test
9131,train
9132,train
9133,train
9134,train
9135,train
9136,train
9137,train
9138,train
9139,train
9140,train
9141,test
9142,train
9143,train
9144,test
9145,train
9146,train
9147,train
9148,test
9149,test
9150,train
9151,train
9152,train
9153,train
9154,test
9155,test
9156,train
9157,train
9158,test
9159,train
9160,train
9161,train
9162,train
9163,train
9164,test
9165,test
9166,test
9167,test
9168,train
9169,train
9170,train
9171,train
9172,test
9173,train
9174,train
9175,train
9176,test
9177,test
9178,train
9179,train
9180,test
9181,test
9182,train
9183,test
9184,test
9185,train
9186,train
9187,train
9188,train
9189,train
9190,test
9191,test
9192,test
9193,train
9194,test
9195,test
9196,train
9197,test
9198,test
9199,train
9200,train
9201,train
9202,train
9203,test
9204,test
9205,train
9206,train
9207,train
9208,train
9209,train
9210,train
9211,train
9212,train
9213,train
9214,train
9215,train
9216,train
9217,test
9218,train
9219,test
9220,test
9221,test
9222,test
9223,train
9224,test
9225,test
9226,train
9227,train
9228,test
9229,test
9230,test
9231,test
9232,test
9233,train
9234,train
9235,train
9236,train
9237,test
9238,train
9239,train
9240,train
9241,test
9242,train
9243,train
9244,test
9245,train
9246,train
9247,train
9248,train
9249,test
9250,train
9251,train
9252,train
9253,train
9254,test
9255,test
9256,train
9257,train
9258,test
9259,train
9260,test
9261,train
9262,train
9263,test
9264,train
9265,train
9266,train
9267,test
9268,test
9269,train
9270,test
9271,test
9272,train
9273,train
9274,test
9275,train
9276,train
9277,test
9278,test
9279,train
9280,train
9281,train
9282,test
9283,test
9284,test
9285,test
9286,train
9287,test
9288,train
9289,train
9290,train
9291,test
9292,train
9293,train
9294,train
9295,train
9296,test
9297,test
9298,test
9299,train
9300,train
9301,train
9302,train
9303,test
9304,train
9305,test
9306,test
9307,train
9308,test
9309,test
9310,test
9311,train
9312,train
9313,test
9314,test
9315,train
9316,test
9317,test
9318,train
9319,train
9320,train
9321,train
9322,train
9323,test
9324,test
9325,train
9326,test
9327,train
9328,test
9329,train
9330,test
9331,train
9332,train
9333,test
9334,test
9335,test
9336,train
9337,test
9338,test
9339,train
9340,train
9341,train
9342,train
9343,test
9344,train
9345,train
9346,train
9347,train
9348,train
9349,train
9350,train
9351,test
9352,test
9353,test
9354,train
9355,test
9356,train
9357,train
9358,train
9359,test
9360,test
9361,train
9362,train
9363,test
9364,train
9365,train
9366,train
9367,test
9368,test
9369,train
9370,train
9371,train
9372,test
9373,train
9374,train
9375,train
9376,test
9377,test
9378,train
9379,test
9380,train
9381,test
9382,test
9383,train
9384,train
9385,test
9386,test
9387,train
9388,test
9389,test
9390,test
9391,test
9392,train
9393,test
9394,train
9395,test
9396,test
9397,train
9398,test
9399,train
9400,train
9401,train
9402,train
9403,test
9404,train
9405,train
9406,train
9407,train
9408,test
9409,test
9410,train
9411,test
9412,train
9413,train
9414,train
9415,test
9416,train
9417,test
9418,test
9419,train
9420,test
9421,train
9422,train
9423,test
9424,train
9425,train
9426,test
9427,test
9428,train
9429,train
9430,test
9431,train
9432,train
9433,test
9434,train
9435,train
9436,train
9437,train
9438,test
9439,train
9440,test
9441,train
9442,test
9443,train
9444,train
9445,test
9446,train
9447,test
9448,train
9449,test
9450,train
9451,test
9452,train
9453,test
9454,train
9455,test
9456,test
9457,test
9458,test
9459,train
9460,train
9461,train
9462,train
9463,test
9464,train
9465,train
9466,train
9467,test
9468,train
9469,train
9470,train
9471,test
9472,test
9473,train
9474,test
9475,train
9476,train
9477,train
9478,train
9479,test
9480,test
9481,test
9482,train
9483,test
9484,train
9485,test
9486,test
9487,test
9488,test
9489,train
9490,test
9491,train
9492,train
9493,train
9494,train
9495,train
9496,train
9497,train
9498,train
9499,train
9500,train
9501,test
9502,train
9503,test
9504,test
9505,test
9506,train
9507,test
9508,test
9509,test
9510,train
9511,train
9512,train
9513,train
9514,train
9515,train
9516,test
9517,train
9518,train
9519,train
9520,test
9521,train
9522,train
9523,train
9524,test
9525,train
9526,train
9527,train
9528,test
9529,train
9530,train
9531,train
9532,test
9533,train
9534,train
9535,test
9536,train
9537,train
9538,test
9539,test
9540,test
9541,test
9542,train
9543,test
9544,test
9545,train
9546,test
9547,test
9548,test
9549,train
9550,train
9551,test
9552,train
9553,test
9554,test
9555,train
9556,train
9557,test
9558,train
9559,test
9560,test
9561,train
9562,test
9563,train
9564,test
9565,test
9566,test
9567,test
9568,train
9569,test
9570,test
9571,train
9572,train
9573,train
9574,train
9575,train
9576,train
9577,test
9578,train
9579,test
9580,train
9581,test
9582,train
9583,train
9584,test
9585,test
9586,test
9587,test
9588,train
9589,train
9590,train
9591,train
9592,train
9593,test
9594,train
9595,train
9596,test
9597,train
9598,train
9599,train
9600,train
9601,test
9602,train
9603,train
9604,test
9605,train
9606,train
9607,test
9608,test
9609,train
9610,test
9611,test
9612,train
9613,test
9614,test
9615,train
9616,train
9617,train
9618,test
9619,train
9620,train
9621,train
9622,test
9623,test
9624,test
9625,test
9626,train
9627,test
9628,train
9629,train
9630,test
9631,train
9632,test
9633,test
9634,train
9635,train
9636,train
9637,train
9638,test
9639,train
9640,test
9641,train
9642,train
9643,train
9644,test
9645,train
9646,train
9647,test
9648,test
9649,test
9650,test
9651,test
9652,test
9653,train
9654,train
9655,test
9656,train
9657,train
9658,test
9659,test
9660,train
9661,train
9662,train
9663,train
9664,train
9665,test
9666,train
9667,test
9668,test
9669,train
9670,test
9671,train
9672,train
9673,test
9674,train
9675,train
9676,train
9677,train
9678,train
9679,test
9680,test
9681,train
9682,train
9683,test
9684,train
9685,test
9686,train
9687,train
9688,train
9689,train
9690,test
9691,train
9692,test
9693,train
9694,test
9695,test
9696,train
9697,train
9698,test
9699,test
9700,train
9701,test
9702,test
9703,train
9704,train
9705,train
9706,train
9707,train
9708,train
9709,train
9710,train
9711,test
9712,test
9713,train
9714,test
9715,train
9716,train
9717,test
9718,test
9719,train
9720,train
9721,train
9722,train
9723,test
9724,test
9725,train
9726,test
9727,test
9728,train
9729,train
9730,train
9731,train
9732,test
9733,train
9734,train
9735,test
9736,train
9737,train
9738,train
9739,test
9740,test
9741,test
9742,test
9743,test
9744,train
9745,test
9746,train
9747,train
9748,train
9749,train
9750,test
9751,test
9752,train
9753,train
9754,test
9755,train
9756,train
9757,test
9758,test
9759,test
9760,test
9761,test
9762,test
9763,train
9764,test
9765,train
9766,test
9767,train
9768,train
9769,train
9770,test
9771,train
9772,train
9773,train
9774,train
9775,test
9776,train
9777,train
9778,test
9779,test
9780,train
9781,train
9782,train
9783,test
9784,train
9785,train
9786,train
9787,train
9788,train
9789,test
9790,train
9791,train
9792,train
9793,train
9794,test
9795,train
9796,train
9797,train
9798,test
9799,train
9800,train
9801,test
9802,train
9803,train
9804,train
9805,test
9806,train
9807,train
9808,train
9809,train
9810,train
9811,test
9812,test
9813,test
9814,train
9815,test
9816,test
9817,test
9818,train
9819,train
9820,train
9821,train
9822,train
9823,test
9824,test
9825,test
9826,test
9827,train
9828,train
9829,train
9830,train
9831,train
9832,train
9833,train
9834,test
9835,train
9836,train
9837,train
9838,train
9839,test
9840,test
9841,train
9842,test
9843,train
9844,test
9845,train
9846,test
9847,test
9848,train
9849,train
9850,test
9851,test
9852,train
9853,test
9854,test
9855,train
9856,train
9857,test
9858,test
9859,train
9860,train
9861,train
9862,train
9863,train
9864,test
9865,test
9866,test
9867,test
9868,train
9869,test
9870,train
9871,train
9872,test
9873,train
9874,train
9875,train
9876,train
9877,train
9878,test
9879,test
9880,train
9881,train
9882,train
9883,test
9884,train
9885,test
9886,train
9887,test
9888,train
9889,train
9890,test
9891,train
9892,test
9893,train
9894,train
9895,test
9896,test
9897,test
9898,test
9899,train
9900,train
9901,train
9902,train
9903,test
9904,train
9905,train
9906,train
9907,train
9908,train
9909,train
9910,train
9911,test
9912,train
9913,test
9914,train
9915,train
9916,test
9917,train
9918,test
9919,test
9920,train
9921,train
9922,train
9923,train
9924,test
9925,train
9926,train
9927,train
9928,train
9929,test
9930,train
9931,train
9932,train
9933,test
9934,train
9935,train
9936,train
9937,test
9938,test
9939,train
9940,test
9941,train
9942,train
9943,train
9944,train
9945,test
9946,test
9947,train
9948,train
9949,test
9950,test
9951,test
9952,test
9953,test
9954,train
9955,train
9956,train
9957,train
9958,train
9959,test
9960,train
9961,train
9962,train
9963,train
9964,train
9965,test
9966,test
9967,train
9968,test
9969,test
9970,train
9971,train
9972,train
9973,train
9974,test
9975,train
9976,train
9977,test
9978,test
9979,test
9980,test
9981,test
9982,test
9983,test
9984,train
9985,test
9986,test
9987,test
9988,train
9989,train
9990,train
9991,train
9992,train
9993,test
9994,test
9995,train
9996,train
9997,test
9998,train
9999,train
