row_index,label,pyod_batch_score,fixed_training_reference_score
2274,0,22.214600271806344,19.633785378563637
8264,0,26.543578619681075,20.956331768277145
7351,0,25.861060522666577,27.77350449905393
5540,0,25.123847507823353,24.10284519137156
8731,0,26.539072622346254,23.48262573438866
3468,0,23.285677557322483,21.291987788682864
608,0,25.353377967571017,25.075515091233175
6691,0,31.50292366521846,34.21021221778771
4870,0,27.14904854062635,24.625121293071967
4179,0,46.745278842503915,39.593934474605824
2870,0,18.587856031095413,17.364625541974124
6897,0,25.029587410724126,24.08424122808525
7530,0,36.11994740457031,35.20588080020255
7309,0,26.442258300010057,24.96536597612118
7522,0,21.84149029192739,23.301622683841842
629,0,24.038667467468805,21.562275304900623
4356,0,41.33201491554207,46.52571482655865
6182,0,24.402347352058143,23.19244027774999
3872,0,25.17297615520605,26.102753865391495
7602,0,21.377743422361362,21.056387532107404
1238,0,30.350986340372373,34.303941430034904
5329,0,19.65636359414579,20.772150588996418
8872,0,23.512967730360348,25.128020800504192
287,0,19.51283688346133,20.019180303471085
886,0,19.374478217062304,22.481364556502804
1477,0,27.72804005502863,24.79210806581365
4778,0,23.946805648329033,22.448556552899287
7716,0,26.334985395908078,27.282405430907087
6333,0,28.094073452739707,29.13753543700408
9612,0,21.831567166680244,21.3432512657514
3869,0,27.389240234822633,31.12089073202852
3998,0,25.713260771962975,30.91453637761584
1323,0,22.555314239144835,20.850866618837124
797,0,24.31069717003962,23.635713421846333
2290,0,28.867750340667186,36.75618111607281
1654,0,24.6466545092017,31.14927475325485
6758,0,24.690473698783627,24.362614867623083
9725,0,23.145005689358978,26.036316306960614
9007,0,27.228698296931583,33.26366326861521
613,0,28.395914645685785,28.31181439039182
9104,0,18.841461306544076,19.731382482334844
8600,0,20.895232844637636,23.31128193423471
187,1,35.94805794013697,32.290583286804974
4361,0,22.003397931708523,22.10557490948359
4365,0,25.730608822905005,28.302997699778647
805,0,21.915583139117693,25.530205949579496
6429,0,27.84150550664735,27.004022262519857
2885,1,25.790472066426496,24.11443110548068
4284,0,17.90305754230143,20.542136860743184
2644,0,21.87445533420583,20.552049731900876
2529,0,34.24585174192094,29.338452100993784
6876,0,26.725445086040608,24.17881763757501
6289,0,28.189807259699197,25.071609493103146
9788,0,25.6518451738713,27.82048553538993
8668,0,27.939806634837716,23.884055066124176
6418,0,34.78759756113351,34.62880099163136
1856,0,31.104784167343073,29.203840587701084
3926,0,19.26101860849717,20.406357086279908
1772,0,20.24597540438729,23.343534794376573
9581,0,18.331186861481164,16.9021102070032
7533,0,24.260172237344296,25.382975189403577
4922,0,24.191157155276162,32.43711494101137
1556,0,20.86948630009049,20.751943513387666
3443,0,20.301168165880135,21.27420832900614
157,0,32.85118943246417,31.681000865941165
1769,0,29.43490628447414,35.15784532156055
1560,0,29.734523285981773,25.896503182066798
5578,0,25.549713848437268,23.373485557980576
8236,0,31.512801321637006,27.631945539345743
135,0,31.21294385150424,33.2720095644724
199,1,22.898055620259278,21.706517882377376
9027,0,21.983548824972523,19.369308138880783
4292,0,25.672643168191346,26.524580258061917
912,1,24.3364460262494,25.83975298202033
6980,0,21.76863857292782,26.04603965249639
3131,0,22.930276626111194,22.126168571449575
3695,0,33.44877683747775,38.12119371110098
2032,0,25.476601447761748,23.581177246648465
9162,0,20.732844320226327,19.00278899751507
4939,0,32.82164281005146,32.415557509617685
2154,0,26.019344864690265,27.008563288711695
9876,0,28.43168104688596,24.06255475149141
4015,0,20.315155099888923,19.05664934183814
7982,0,30.461568262261537,27.550247616823647
2483,0,40.076074131482024,43.15196390481203
8817,0,24.846375174067077,26.251310361374195
5164,0,35.59422621049002,30.460008220327836
5961,0,21.08450832441703,22.381140438654946
5769,0,32.32513421061858,27.53930477956324
6774,0,32.373237975127054,25.995966232075148
2689,0,20.669620323186354,22.839349486230372
7595,0,25.5329573335265,25.484900676211012
6273,0,44.097490756249904,41.975857345541165
1130,0,36.06415793660794,41.935737852508716
5250,0,27.26526623003127,23.880389232760578
5450,0,26.614269939671633,25.773876292241383
2554,0,21.45960790644196,18.940094462223936
8033,0,27.24671737870293,30.80228436367685
9823,0,20.116709099718804,21.225161009864028
1819,1,27.50797314897092,27.732339604230695
7876,0,25.67097402741709,28.15920989919834
8979,0,23.940802411495973,21.973960608426363
9810,0,17.339773587065732,17.39548910714568
4304,0,45.10195085801084,41.135255163939966
8060,0,35.97208368480457,30.047859218877893
569,0,23.629176694995618,21.92293905939767
4135,0,27.5959980823112,27.66273128534679
8985,0,37.77855165761859,34.164101376428064
6201,0,23.514657496362073,22.72962991011443
624,0,20.544177783472847,21.31840365604491
2641,0,23.658686259668826,21.725828141122957
9792,0,21.67524095425552,20.550259600995638
6962,0,34.622659978197206,34.87275484522149
6648,0,35.221078848546924,26.674683309771932
5920,0,24.132375695923095,26.090319545123606
6207,0,24.545401390224153,23.393832682590663
4057,0,25.09939893281792,21.538112321211706
3119,0,29.91560360346277,22.32960953755353
4671,0,18.715599363204102,18.17893983699401
9015,0,39.83158819814253,43.851300275263476
6886,0,21.394227308183172,20.752027740770966
2355,0,33.19050568448603,37.08849015665625
6714,0,25.12956472625423,24.272429607591658
4366,0,23.012393225088154,25.94023139207343
420,0,21.229284120953416,26.315723548165284
4910,0,24.355097425347246,24.28926423085194
7686,0,27.20561429972979,27.238344977865538
9279,0,20.604460530012993,23.778891070334268
6826,1,28.107981895930767,30.266690065289215
8484,0,26.364405275508354,24.542345383373963
7779,0,18.074028225988172,18.47217002360997
2444,0,31.223294583905453,36.027769119500775
6723,0,18.7806278377314,20.901545368885362
948,0,17.205620007936325,18.07677379092732
2675,0,42.04161626098079,38.556464193299156
6879,0,59.292760009026594,51.84836811975206
2961,0,28.776891310085635,24.2106755284891
2164,0,20.565192028988434,23.23612626210695
1009,0,19.902893072633006,23.622636258976264
2731,0,25.68186085735625,27.896200281034087
3284,1,26.124424660799555,23.19254015038093
2363,0,37.20720477976461,32.1725908383169
124,0,41.959093747780926,37.97077511105324
1568,0,30.217723404910835,25.134501533352534
5334,0,29.19307630630621,24.569576568825045
939,0,29.66683305821429,27.457193151362798
1698,0,27.374962419640298,25.530507782707776
601,0,17.583362916698206,19.37189182231738
9254,0,26.315239648132433,24.626260089451677
3941,0,36.888362721242515,30.65322776897517
5149,0,25.94514238940621,22.896576454131797
3041,0,24.143502658374185,24.260888655669582
8217,0,31.633307159091864,42.17005952181676
1896,0,26.198141007954728,31.457742654286587
6683,0,38.872745324494936,43.4547227137954
6480,0,21.19452496480292,20.379578839951776
4626,0,41.1548807024013,48.314608284567825
999,0,29.44315587379456,23.768529600395638
7894,0,44.48324534373374,45.113922318101125
173,0,19.81321062557992,18.387508834151
4824,1,28.96906037482772,33.278139545123175
9511,0,26.970697079921223,29.183417677069038
8645,0,26.170359622673484,22.246680514986306
9416,0,24.062853985493547,23.356670686348096
2669,0,26.67289217244327,25.59354138116368
7294,0,21.052869476103805,22.374028372163284
6262,0,35.39758730365474,31.086892301376075
6512,0,38.18196583991627,39.27715226936844
3216,0,25.945642795961326,25.820362669523252
3585,0,19.163288384943144,23.15439097024893
5921,0,23.689628733646614,20.16605934311718
8079,0,22.87590272409844,28.4827440948228
6920,0,30.589809370256717,31.783581717053963
1877,0,22.099172734183405,25.764520490800514
3989,1,27.69760211341719,24.90764044501701
2323,0,29.27012731434798,28.765980730236556
3801,0,22.27131869993779,23.324171306479077
2189,0,20.596314330465567,20.833075563716886
2432,0,27.851868390498705,27.598840894255574
4013,0,20.94538935456611,22.582677476467815
7154,0,23.502898007717505,27.81261311101765
3672,0,22.417600680696093,26.112624731060674
4728,1,26.560668896306687,27.936209958669412
7429,0,21.499840742855294,20.36286297308218
1799,0,21.07618372784502,23.336445024850473
947,0,20.64398042235461,26.39451555323652
2429,0,25.228571743113445,25.1877665644128
1663,0,21.24959880298548,19.08556782978505
5995,0,24.300104226410618,23.31082669403994
5607,0,21.80014975497232,20.58974107760943
5039,0,39.68342921669389,34.31308793578665
1386,0,31.344725704305507,30.589274095332204
9864,0,21.35315749209796,23.701650225559117
9176,0,42.93073078444674,45.49157518605998
2655,0,21.32271583759019,20.60093815580753
554,0,31.038379305928395,33.855246108558056
4341,1,28.723441986948817,28.820716860759955
6171,0,33.309640331071776,27.97051817368031
1165,0,24.465461979300443,30.90519252742763
1847,0,26.41830162627706,23.709757566087628
8537,0,19.83346628927818,23.892934551721105
8606,0,30.687365729401552,34.8111090455142
7194,0,29.356643976133025,38.21596088906967
8133,0,23.80875747318651,24.79090904891631
9240,0,32.73122007358867,32.11971017438631
7087,0,21.719891288377347,22.74991050506539
253,0,19.58966210874968,21.769309500680368
1987,0,21.940838140147207,18.78142419403193
4531,0,25.119633711546058,31.201058113098153
7105,0,22.779736338325833,19.47186788732461
6990,0,23.598509727428834,23.33262751434181
6154,0,21.16241182420623,23.35512099980451
2195,0,20.859216595985124,18.749758851817187
215,0,26.627986887614597,32.034074444267645
942,0,40.091681585372115,39.485082252099545
6303,0,18.956346484014112,20.73027294546905
5542,0,20.21457831964722,19.917985203084314
1800,0,19.714558124713985,17.883773772156562
7482,0,21.040400868944822,19.262959009398962
2033,0,35.32867034697145,32.89960140463322
745,0,23.443213722890093,23.565316740940233
9300,0,25.226326730124054,23.76450855733877
9030,0,33.42464097170911,28.29838445212635
8905,0,26.305223857045778,25.66436346146479
1408,0,28.314521989728753,25.681062660672993
4517,0,23.659277536532105,21.185075788368003
4617,0,23.650898227313156,21.67057835433445
2881,0,20.688138431903596,18.822802615280956
6815,0,29.848082773603856,28.71490917810025
812,0,40.63228229847154,34.03022808874018
4925,0,32.853391999668254,31.61255464236497
6387,0,27.24006776918571,23.15896425987534
6048,0,43.452543477321996,35.73118604305502
7772,0,40.48482838958566,32.875404668315916
9350,0,21.141711099622555,25.145766008848497
1036,0,19.087147780950907,18.402902625824257
2660,0,20.05129691513286,18.9273270424025
6064,0,23.09126377017147,27.06229914686254
7445,0,20.71145989068429,21.611011379798065
1669,0,25.715842698608228,23.886956095671554
4689,0,27.277260928812,25.777761779687143
4388,0,35.733486309477904,35.04566955601668
8802,0,26.546398957441692,32.345071000105285
9782,0,23.6698807661903,29.162594301718638
5352,0,25.544360789984008,22.49321734210589
4076,0,24.101942235638653,29.352176819999954
7149,0,19.998804723226527,21.932593505497767
7869,0,39.071681167363174,36.78100373790849
1,0,31.460355804856853,31.916033932538095
3138,0,32.68174216815109,26.1799648640004
2134,0,26.612817729180346,25.01226123729793
7150,0,33.31441512423847,30.15897181753215
7510,0,29.320309505725294,28.70162075135384
9311,0,29.127871162210663,24.18889165200943
9069,0,31.813999471758507,38.45568208473458
7143,0,20.835192853250817,23.959089666374936
832,0,28.519173470008408,28.97718587597797
7491,0,33.912906096812755,29.819226041167102
7864,0,22.62481848895158,19.626669562425135
3440,0,26.439429753113576,27.89353180155534
8521,0,24.651378463993083,28.28032039610944
6620,0,20.38025372519127,23.048192805358994
5303,0,25.216110373533326,27.213762704087138
8743,0,21.704941427453917,24.43096850488065
2980,0,24.36883660834997,23.72234214039399
7161,0,35.2160187778026,28.80166306712671
940,0,24.13363264504808,28.2452492093234
5452,0,22.89790539535959,19.821892158164072
4484,0,31.40276074576897,39.62590552679805
6664,0,33.52363000466367,30.085974642851593
4796,0,30.59274831064189,24.965528063037883
417,0,22.288187027545316,24.710462690075843
5876,0,29.220165672491987,25.106543220940704
5762,0,41.53185975295652,32.28824937314018
7168,0,22.04994388921105,19.72320557697227
3347,0,27.143696928251032,30.289743230119804
1909,0,26.147814551230283,27.00705941485819
3814,0,32.74191751216826,36.80609950324387
4931,0,21.65658831548332,22.224043511816657
2765,0,31.66006977421173,30.226292805711
5102,0,34.12227198439107,35.732002092074076
2297,0,22.506814223460754,22.69774438646708
9661,0,26.342715126720865,26.875112191027338
6256,0,32.08704105815903,27.670137686527386
2545,0,19.253110501811882,20.886747002986272
7499,0,37.962677360921376,34.81035848204227
553,0,21.986979877230088,21.342646192113186
2958,0,21.852501216157687,22.487014957124764
9967,0,19.20154068015779,20.52801227206123
8124,0,32.6819263855704,30.95795539582962
4488,0,29.407895986632163,29.210272268435027
2255,0,20.829546074574544,19.622994612645567
3373,0,51.68402240535528,40.486311539349224
8450,0,21.393548271482548,21.35355884823744
7742,0,23.886719114310154,29.89249590300729
1442,0,23.04152579503441,25.891106535330387
8284,0,18.918499917759593,17.77866692218015
4685,1,22.128227638923256,24.335474659778583
9004,0,27.336646668870085,25.17091191935949
8751,0,25.218302785158325,28.47340198213741
8298,0,19.160155781289777,18.809166967887457
9616,0,24.7262409429294,25.577738453979713
5608,0,22.449043932946775,22.038834707934285
8366,0,28.0065300636968,24.72074691915142
1273,0,20.339762935095095,19.643393193393216
7278,0,37.49509100492257,39.896532479680005
4067,0,24.44790809812005,25.255732948526408
2405,0,19.71782861619367,20.475338605514533
673,0,23.516554123715053,20.07968519592938
7096,0,23.9166230476514,25.017992994081958
4083,0,23.738042998530133,21.006135917440883
8246,0,25.52224092779246,24.31085858529276
8207,0,25.426464716997383,21.955064073865636
8896,0,34.925222233184186,36.725937934490695
6932,0,22.679718177975367,23.863013044591302
7129,0,19.275505629826363,17.984347196964823
2442,0,37.10771839427513,36.81947221946683
3778,0,41.85792276483298,32.62542041117551
2590,0,29.038186370883825,31.043915628879944
8477,0,27.018594403365135,29.070687669294003
1855,0,22.332430443823192,22.634266076180985
6021,0,28.432030958443516,29.944785808970398
1537,0,21.244477023880417,20.63528112383504
665,0,29.32209790174496,30.316507462142344
2506,0,24.99189186930971,24.31717801286907
471,0,21.62669018152105,24.582695211589716
9194,0,25.989136338128894,23.726774053573546
6901,0,29.48240341622605,31.00684940054269
7532,0,25.53596505199686,21.11690369517932
5562,0,48.64767810950129,59.54539413755509
2239,0,30.936834649174198,34.35956352517894
6172,0,22.68823240704563,22.995237806579127
5754,0,22.58648765809672,21.304479195696988
3639,0,18.668539383516002,20.92126098352443
1605,0,20.388310124003638,19.672847245722927
5902,0,35.6205839415747,36.109804825104874
2110,0,21.09141654143642,22.99256860218048
9226,0,26.765017254768395,32.64184839715151
8830,0,26.097584521706004,24.092958808202482
2266,0,34.60369621274573,33.33084968220348
2733,0,34.030710155164094,31.718993429497154
4112,0,28.622850875380337,27.36591928168936
8223,0,27.192705668237437,28.268085947079417
3673,0,26.35974262408283,29.06736164822853
3451,0,25.15894734272256,29.25178628665962
9440,1,27.229457220838594,22.991337945378294
5513,0,28.67908784901074,36.26061302065902
2619,0,25.009887354523105,25.086693804550492
1216,0,19.67438519645491,18.753194425136535
9446,0,26.808032341314288,23.212121619108355
5184,0,45.92983159030301,45.52088188119301
4914,0,28.55534891434878,29.707209772660132
666,0,19.930656762168944,18.515799427661573
8167,0,28.389924689716242,34.82454428473481
7428,0,27.295275310256276,31.520178426667307
9173,0,40.59224300951452,32.55254083760044
9215,0,19.100898484254394,22.182359514678982
254,0,20.193832124429207,22.414265759025096
5631,0,29.302124668685313,31.01277913109988
5455,0,17.94895154298561,19.24564831238845
4482,0,27.148678211829363,25.705860918349618
6212,0,22.173985086795,24.39001690529052
5379,0,20.07189088695786,20.57609575667952
2271,0,26.044407904000316,22.074729845336172
4378,0,22.995684731826216,20.439756549112168
3408,0,23.775161757054324,22.081923656551897
5636,0,21.385405638893218,21.16649501722513
7454,0,25.56256665618761,28.481425321989978
2888,0,20.926612808442297,20.907542836729814
2049,0,39.7506832631729,48.20394580282764
8827,0,26.393395157582447,27.393422401970902
7997,0,19.325923909434596,18.730343353348022
8539,0,27.481038753404576,22.90834884927666
1515,0,24.700091684645102,32.84174322956372
2087,0,24.356202045789523,22.471991311837932
6581,0,22.799880786250824,22.736671082627666
2859,0,21.14621271506109,25.078613986727156
1043,0,22.885888775241323,20.286843486347806
3889,0,22.46990103955416,23.172732525792792
5833,0,30.355320106757997,28.74368634202508
7856,1,36.00263688344033,34.55485373676947
2864,0,26.33687971875121,33.54958032444989
3608,0,33.065543283600796,33.0613541501234
8904,0,28.820905730158408,30.495347177494768
8590,0,22.63578189002168,21.067895262831865
8555,0,32.400572548935294,28.072493915137837
7262,0,20.975807808613222,23.456977498962175
2296,0,18.43753666477759,19.824281615460126
642,0,25.948779745909622,25.507372010989315
3936,0,30.90626685070855,33.06254836701224
4377,0,21.553514882442734,20.66955006151655
3364,0,23.915409480637017,22.141088562515698
8220,0,22.92180385652535,28.370730104065593
8767,0,23.844825162198664,21.058100200043484
29,0,20.60577845656339,22.149359407335012
1574,0,33.74512652305817,43.03760413710038
7440,0,23.82276726891848,21.779262022448954
6206,0,41.57268588186463,41.22063231652308
2192,1,37.379044995245714,29.164738003423047
9940,0,38.3931737730695,35.15027535985215
7327,0,21.802801304281576,24.25005283163069
1051,0,28.777521442976525,23.71994143842704
5069,0,26.88430114259134,27.724801169359697
6438,0,32.79687456812612,34.5750419511123
8059,0,31.920062639598637,27.146528294043577
4396,0,23.38296783689872,29.481892563385493
9715,0,35.62311958321859,30.122250076334385
4683,0,25.891059072978642,30.102482647557036
4096,1,24.740088985526146,23.20482123403484
4241,0,20.724656350845994,25.43254405971215
8577,0,21.109477885532463,19.65252951653686
7226,0,42.66916425195339,39.76515889111405
5276,0,27.080689708994765,23.299193914738428
9396,0,26.92257672614154,21.747228130313413
4036,0,19.245562137931653,18.78500778335956
8479,0,28.09817851625807,26.124253970314093
9912,0,33.11390660331877,30.540719845520787
1943,0,22.37587727059344,22.045185815367013
8198,0,31.904095552535175,28.080931684919978
154,0,21.77505445870247,21.42164214645617
8873,0,26.753596938189975,25.782756327525643
6203,0,18.961006234017816,17.843339314467016
3525,0,36.90429088946184,28.17063495696718
3199,0,21.20274451157599,24.091915050742475
6940,0,19.999879220693554,23.617669000534626
9503,0,19.827572635128902,23.230876474803168
2160,0,31.548014121951816,38.95578430086002
4897,0,22.632549815686293,26.722800283003746
1071,0,27.902370385893562,35.61652644691848
1064,0,18.193598804241816,19.151683513717707
5809,0,22.07162353770989,24.584325263520707
3287,0,19.76429266974399,19.37663130692413
8578,0,22.12028533379956,20.662542338742693
2350,0,25.04797320567664,26.343188536430564
8195,0,42.278087036834215,38.89580170256387
9067,0,31.97985503199769,31.88520766338243
1077,0,31.626762556092313,33.47338960205961
5660,0,19.956582945389393,22.680850968131484
8596,0,22.263747298179496,25.34670411532656
4088,0,17.126800350562117,16.51453557061294
2208,0,25.512554036867762,28.167140524749982
4464,0,39.67444490889117,29.830474405118807
6022,0,23.213328500097347,23.72164699695509
7785,0,26.050373951105634,32.935456335080275
9490,0,24.873617390911612,21.18208064710392
5178,0,22.848790962928646,24.305094542426435
2512,0,20.52311797428549,21.76894996869259
432,0,23.339720736982134,22.99469144391255
3141,0,28.86040905397663,23.87301023940705
7600,0,23.374214824949835,24.985664783479745
8229,0,29.928634133482255,27.166248351518874
2287,0,25.237203893365933,25.18605664993979
9401,0,20.374254169807926,22.453991881475563
2780,0,21.74482055008425,24.3813248344759
4655,1,20.923513762420487,21.55934025480605
196,0,38.431631822851365,45.281843124978266
3019,0,20.577686808809222,24.5932526438486
9313,0,20.360744292275868,18.638089116063266
7316,0,24.46833539051854,28.102510861723076
79,0,22.87152956320835,22.344360946727896
9294,0,32.183332843976444,30.198410656220368
5377,1,26.11822135864542,27.13921677600106
4858,0,20.632156740751142,21.63776296424224
5096,0,31.575925570497652,30.02906332843885
9192,0,18.618143550276844,20.50072037060242
7543,0,47.117399133318315,37.89620363376757
4460,0,41.03777304767127,37.4413878320563
1310,0,32.86417165208307,28.456381586731315
6218,0,25.204528405080353,23.42871396825895
6446,0,18.52279242523035,18.060381259181742
6623,0,25.683856242728773,21.366484945309278
9615,0,33.00683825765662,31.99514269375656
9769,0,26.021489804346317,28.815803765129044
2943,0,21.60409204584337,21.062004250232178
752,0,31.697610773056777,31.044275340641725
293,0,26.25702344284227,24.890979016175077
4815,0,29.111620466766098,34.18601592083115
7266,0,36.373146925164754,32.70790293344374
966,0,24.732409603908334,24.88149138921141
8813,0,20.30530730053072,22.44940020468764
1535,0,26.691971284761657,24.646725553874635
3893,0,17.872275650463724,20.72174666539382
9191,0,17.152456932572765,18.22960216628289
6810,0,24.527685819011012,23.078440514297387
4926,0,38.353741800397984,39.649560960719434
7382,0,26.461138697656093,25.345955254099934
741,0,26.75153986176482,32.63683029418405
7,0,24.417319862532104,24.541562295699748
6621,0,24.322021487057675,23.459011702467947
8314,0,22.683722497167615,25.044373753139617
8027,0,25.73382050503149,27.910424827374307
9739,0,27.542847932590362,28.903723019118885
2158,0,20.292236935473348,22.583142505668203
5234,0,29.841294843206988,27.169315327994326
2848,0,24.6787221824488,21.507291464892656
3939,0,24.570043355150226,24.09487925726217
4699,0,24.843805034281225,25.644918931345508
8324,0,24.62514757209444,23.03934006901763
8714,0,33.49885240674167,32.292269480678385
6518,0,21.68324211405639,22.04494340925181
3699,0,24.021557906955078,21.296082689265585
2840,0,33.40900493309005,40.314544167085536
6558,0,23.67527594190089,21.536103543443296
6419,0,24.67905348447119,25.516856407182008
5073,0,21.44147650705626,18.45466279010216
4514,0,25.263141847284693,25.614764364762433
9506,0,25.1280839437039,20.668930078167982
6978,0,31.637442890999615,27.15509441961861
9305,0,20.372457446666356,21.12554908053502
429,0,22.588918432883162,24.488524861089747
9278,0,23.1986402634126,23.56105186348966
9471,0,23.195072388628176,22.62755871872309
3403,0,28.314421175390528,24.516157086818904
1218,0,22.954804908210466,20.41547584132999
7753,1,25.960777816769657,23.138656072898897
9563,0,31.89736539431183,32.41077068811154
6861,0,20.303416079273717,20.2262223196311
3311,0,25.093497223133472,26.856180383670562
2011,0,24.072732393835956,25.531819266510123
6104,0,17.05397791125278,17.397299903964445
7717,0,29.962936585658646,27.016872876431616
4208,0,28.72994824521803,35.51005518675105
4599,0,24.460715272607573,29.634686939575843
1954,0,35.27466688908188,31.198705833145464
5517,1,21.887800327294258,26.30636580255231
9760,0,28.211537604897334,24.252018645259028
6362,0,17.339012890335173,19.783579057374737
242,0,23.578848809982667,23.583705985015072
1730,0,25.388223741452897,33.45443878678196
7684,0,19.04128293403295,19.25827191837625
7292,0,37.20494488993991,36.68594423093043
7193,0,32.924645958058875,34.33648016063765
5635,0,21.439258038901166,18.866918357870226
2376,0,47.13920767049117,41.645981858386705
7874,1,24.228062423470597,23.161233050002128
4045,0,28.891356256981148,31.22485153947205
574,0,27.66596554018641,28.41291407882219
577,0,23.106666250020776,24.729169610654974
1387,0,19.17613620127951,20.145461411838337
3417,0,28.127832272964525,23.424002964108873
4684,0,32.14449079469592,31.631813729010606
6044,0,21.111282753631425,22.78979400792183
4099,0,24.22036813740611,24.471681279130145
9626,0,34.82086286627136,36.5313059376097
7978,0,31.77928662856085,30.37381858284015
3362,0,28.835106251591633,32.23829962490148
1508,0,34.37431757215378,36.797317723737976
4469,0,27.384027317788966,26.373656406030545
6958,0,27.1004355890711,28.69240772062373
2581,0,23.552879480758424,23.77949405769659
5481,0,27.785204438308845,21.759942261301163
8080,0,22.80159673106516,21.684864810879983
9748,0,22.428800517860353,26.232293557055353
7895,0,23.81341170156104,27.469832192195803
1144,0,30.523585570670235,24.926712041375716
9453,0,23.112192492334483,25.075230821767995
5397,0,32.13279982143078,27.488059368972568
5795,0,29.308552362546752,25.692346309087053
9614,0,19.751436830271135,21.37837646708749
1780,0,26.38000343562228,24.610375463294034
9386,0,32.70528428769537,26.19856605473403
9237,0,26.776287642507768,26.16266176063438
228,0,25.693942676169303,22.915460143264852
7089,0,21.3236686859156,22.22123143396091
5634,0,25.711401346387234,22.897906191526
3447,0,25.615151794754073,23.55745901887655
8864,0,18.99823839536482,19.141026834859492
4110,0,18.869975767436667,21.520905730515036
6105,0,32.81869113091442,30.070731037512967
2772,0,23.97931972237765,21.610529122399225
5939,0,23.185759231412547,26.343403924538027
7078,0,19.503231937545205,22.0013633481263
5358,0,34.97966075264032,30.93692143673234
4215,0,34.53568312834742,29.875579482437765
2367,0,21.8801945013648,20.754796572940865
9846,0,54.18111206958393,48.899659593589625
3800,0,27.310721338785054,27.495536396889793
914,0,34.667984479664796,35.635016618135616
964,0,26.693177294086553,25.688872364627798
2312,0,31.282038810471622,36.61563003943691
4649,1,31.091946960415317,27.721656665223506
5238,0,25.201686925836693,22.510085796413392
9571,0,39.70345717159013,40.623349944461694
4338,0,29.502399646613657,24.680463755474104
6749,0,21.02957646944397,22.817804313796053
4347,0,21.818609866078955,24.23441488014238
4622,0,25.12059118582979,25.26109799116726
172,0,23.117645145074146,20.38196788181537
4741,0,21.319599481148693,19.610526332462562
2103,0,29.311030251134145,31.448957115389522
3698,0,21.712131723388136,18.961950318406846
1481,0,29.56651643815777,31.748810667644694
332,0,17.449027111636067,19.562248552311768
6653,0,36.682336911136616,37.5584412313775
680,0,33.574647214346335,32.594165772429264
8134,0,24.237304021516927,19.870776032728052
3655,0,34.221064163336635,30.257505527624836
381,0,22.744567556936676,21.274482540990462
8474,0,20.263192725160348,22.569750904883765
6109,0,17.570286493727373,19.773890589552696
2742,0,23.855246904833237,21.753520302164592
5474,1,33.10133447515064,30.875724016667252
3329,0,26.187269831111994,27.008142610316046
6198,0,24.692764022950758,23.410661620649485
1205,0,20.289553360816985,22.212469565581724
5384,0,18.15353462609658,16.927089780151988
8771,0,26.13935482655091,28.94600986461328
836,0,32.39340492167806,27.62555365942267
7501,0,23.330240050155734,19.146379424443108
2012,0,27.49222767524103,24.27918619948676
5323,0,24.108718639465938,26.423539066942034
7700,0,21.95298251617938,21.780959556347856
9637,0,23.150098788215473,22.654851061456004
1957,0,34.689844036878725,32.57305619203951
5271,0,24.00806465586834,20.824124702268392
8139,0,20.237746216774276,22.278803777983423
6190,0,22.10591191854922,22.587346812990727
5017,0,37.716144653657594,40.616494766804195
4501,0,21.989832033133073,23.693240820225146
5315,0,19.665382226831053,21.030776996264198
416,0,23.975239502769497,28.66299647762589
4314,0,30.631551625871033,28.610146873167917
2028,0,21.747100476084157,25.324647905819113
2964,0,20.501530115297125,21.65635140392147
3711,0,27.654356125560785,27.50847433029817
979,0,24.74806060473285,21.647841455540984
3449,0,26.971925792020276,28.962656562596248
3257,1,29.48646274565741,34.20932031039094
9348,0,28.420466523236016,30.83069573350108
2253,0,29.262233187744908,35.61576463225679
9124,0,30.47781876481053,24.82257348626606
4093,0,26.205449840265928,27.55754675394567
2002,0,27.913082439227185,23.913664880561498
4692,0,24.843166718306524,21.87261663473324
5119,1,32.1395507681941,32.694862693457864
3600,0,34.64545763005377,30.678753121749434
9212,0,26.45553087712793,24.44277661551483
3021,0,20.579733914486372,22.046947785766136
722,0,27.6249562332802,23.946917248364056
1611,0,20.853581124170695,20.86291727938329
5030,0,20.27929208082957,22.102425769490367
8436,0,23.991406754106865,29.07622181217986
8931,0,25.636653987030048,27.0312499417046
1455,0,26.015446000904202,28.12552367419463
5879,0,22.720287276959795,28.96407214222333
3226,0,23.132176579917267,26.708604256280626
1279,1,27.279675320560283,26.895523280903372
1758,0,24.373158887617418,21.193742547845822
6448,0,23.596470034594375,28.855910980505268
9570,0,21.65907217634196,23.17798304565805
735,0,21.446468382579866,19.62356666267817
1104,0,34.86542239138619,40.26709148707541
6300,1,31.051069006551007,30.834150703300143
9568,0,30.238760028913482,26.14192199088298
8189,0,26.988993563959152,24.65445619413829
2677,0,22.901025281047602,22.61716274714976
1867,0,32.71714577339316,34.3732456921413
9894,0,18.58261261426765,17.178077141955264
3006,0,23.162549352034105,23.116427587564285
3548,0,23.35109396727574,20.473147210782187
6881,0,27.326575474110086,28.571504767523283
5887,0,39.448470917010894,31.93252953035434
7720,0,29.12179621073531,24.716873261387654
2551,0,30.973244343024316,34.80139170346542
1001,0,32.50912459758259,37.59516197612861
5074,0,28.131012324478334,26.100860393356857
5448,0,29.889243393483792,28.569439220743487
5200,0,31.00324316846429,23.60116301184876
5214,0,27.69725539872454,29.902323311656914
2170,0,32.99058869256994,32.625563963736994
8756,0,33.1694565646948,26.627812274352962
6323,0,26.73617054878938,23.37771859239338
8676,0,23.00937422702342,23.95319770951077
9560,0,20.921019439801466,20.45280165885449
591,0,21.894968288355717,20.82220563472059
1129,0,24.22143245086059,24.168673504949368
8496,0,43.68230833429736,38.790604794255664
5518,0,18.837899186122424,19.84163879287424
4438,0,36.93587935606432,34.7164279912853
6541,0,23.107896636147814,24.942735195591215
7317,0,36.82728942944149,42.761187556138765
8551,0,33.11924967876622,41.795184258136096
2566,0,36.01461154446946,30.71348558950487
6552,0,24.43229856201958,20.068425007841096
8337,0,26.599821973857217,22.981873348709176
5711,0,22.15449467345516,23.75558063336645
3888,0,27.770945007113397,31.83074606917915
9008,0,24.53646307639753,20.972154253795367
9584,0,35.99636314691325,37.544106430445254
9987,0,23.973426893871707,26.23491996977086
1358,0,19.22525201530976,21.47024318785298
4290,0,21.441190076145762,20.775620705491203
7493,0,39.19714249507312,35.36257267866839
8261,0,21.878101713916784,22.331577653823373
3822,0,23.785108772596203,22.94917441072057
73,1,24.781626371798822,21.493039507703067
205,0,22.740389586453944,29.21921812151209
9862,0,25.745997349982293,28.30186684604844
352,0,27.901124152183183,22.310250216670692
8100,0,30.53224664811612,28.67519840936346
5195,0,26.424320786878955,23.100405805507265
9387,0,24.757126537842705,20.63021900591132
7844,0,26.817730292338414,27.822554260015004
435,0,26.936544360760085,26.92454996300377
7205,0,23.73464789575487,24.23457459730801
8948,0,30.924241232000856,32.23428833541925
9866,0,24.091854879933216,25.496068468482726
7928,0,31.03847479075891,34.16065139187076
6258,1,30.540680311809652,27.685775107767842
8510,0,26.323995504765847,33.82337761972781
1695,0,18.743500139178412,19.38326860928384
5197,0,29.342103574964984,29.805264241252743
9544,0,35.76445665531997,37.41953379740482
2180,0,40.93279355312579,36.77116332900581
5670,0,23.790254212477812,22.242011382135757
6114,0,34.78818804882554,38.4001363477346
1690,0,25.894082455818786,24.46326101517058
9365,0,24.104701958118593,26.99955111994453
8693,0,27.84306343134899,27.234437175315172
3680,0,20.287898684593465,19.302157740710523
3605,0,21.216344705134688,24.794571790895727
1602,0,21.567259335705295,18.532728367670927
6213,0,19.443923258543737,19.706702124640568
3150,0,20.313223399532472,19.275278326965587
9483,0,26.759306434518365,28.521166714596582
1533,0,20.162707518891658,20.09478098942045
3189,1,27.77272044288919,25.05916622570251
1915,0,20.95856645578679,22.044475092603637
318,0,35.70538421165611,34.71874365699234
336,0,35.08675466016728,33.98598354246845
1063,0,23.675231657069723,23.844148367064175
4423,0,43.521347929339974,46.80019734271599
6058,0,19.909364498561946,21.950196061575575
3833,0,33.49307317747857,36.0011795684595
4265,1,26.27460990977221,23.037813747923646
8456,0,26.41350312837377,27.720707062726547
313,0,26.76321767911664,27.125988377175716
7164,0,20.802025997127245,20.734366525136174
6084,0,26.63894093232039,32.42168162285119
8877,0,21.39114542849101,20.060038867028368
631,0,26.114327639745994,27.44741423984921
7544,0,23.9163266986861,23.28532959509193
5823,0,24.029380741203397,22.34348660781721
2244,0,21.826435865589794,24.449723010682874
1109,0,18.794182073216916,19.707288788051205
2316,0,25.766813736050327,24.702223062115223
3349,0,23.711620241159466,24.532808081864097
1127,0,21.167089821527963,23.249765740469428
1010,0,28.833546722848066,32.12958953931045
9918,0,34.456904972860045,30.766141958676954
909,0,28.020681743977295,24.60280046440335
3659,0,29.101040694704494,33.026801213274695
4224,0,19.46363273503403,22.396771124801585
9932,1,32.03222127900702,29.35303145201844
6364,1,24.20902114486946,28.574182808374825
7871,0,32.018822519859654,26.08476650510169
3501,0,23.194556978437685,21.952972803019097
2413,0,24.971537224332817,23.24051567974643
3092,0,21.184244441439613,22.498979716178688
4907,1,25.956468641672828,24.3884267117284
5870,0,29.51564880006546,29.41630495834308
4765,0,28.588462452289424,23.27393469495302
8248,0,40.7852645801025,34.47726824318584
6263,0,21.546399332436984,20.896178085023536
6630,0,19.512534603777127,19.390539567917152
869,0,25.323166780822156,22.685048878271854
7991,0,22.73056230693846,22.118768755489327
837,0,35.635885927353016,42.88564624838004
5414,0,31.529792995558534,31.723236606630806
556,0,27.287487925552316,25.292786380352126
9842,0,19.77749254298071,22.869921723444577
9505,0,49.51672810541726,38.61224928829115
769,0,31.149312830845385,26.490379883972007
6865,0,34.773610374149385,30.772956621761004
6341,0,38.511346933364635,38.83701017910623
9321,0,19.9947907572009,23.51512194231415
7675,0,22.43451915646365,27.985765422958096
6983,0,29.4533681883509,25.940666585131865
6090,0,34.368200747396344,32.784230423918125
9293,0,29.583187984111234,32.01366681165138
5724,0,26.65805898865028,23.971556339187934
8224,0,26.30979023210072,23.1830606289015
3615,1,26.641018909216847,27.07912896478317
6427,0,35.16387835723,37.29483098502137
957,0,37.75072415392979,32.03059877898161
4772,0,20.637579659571678,21.210599748892502
932,0,22.722985459317993,25.167148345833322
6553,0,20.03756420361119,22.538164027064425
7021,0,39.00544823985623,31.567988291044944
9143,0,22.5867978613853,22.239466406582142
3393,0,30.18133223509634,26.38458538041396
2020,0,29.643334433360895,27.266771755424124
2467,0,22.343761218319667,25.07742421997822
1188,0,27.778564249165413,29.533780706256024
3345,0,23.11722207212357,29.27122217202497
2106,0,24.332066610285718,21.838093313392168
5875,0,28.155267871468823,26.948500145257142
1400,0,19.230145611107805,21.905576953021225
4866,0,23.196614445050766,27.653639119621115
3487,0,26.69096213079398,32.06795654107492
1222,0,20.35388680462459,23.21250432194626
6003,0,38.253629685854506,30.872221585531502
9889,0,24.622924753294626,26.359671193611785
6972,0,21.200846486432017,24.885357738949786
4303,0,31.0663458823504,29.35482607917351
9056,0,19.41243292981846,19.345982730108712
3897,0,36.71564524945923,29.329455155715113
2532,0,20.129127826991027,23.576572741591473
7032,0,30.54361321943801,24.171747180688616
8888,0,21.07561611604425,24.081382787483502
5159,0,27.647647929668544,29.424500659030333
2464,0,24.7618393953411,24.72154702274915
5868,0,28.607133389755365,33.78878888751965
2804,0,24.007364130902783,22.13917299080525
1013,0,33.151195952792634,26.730974035000475
4996,0,27.724486664813984,29.149703926823342
1198,0,37.86211821067896,43.3755287164601
2362,0,15.980894596972268,16.15745735783014
4412,0,25.498262128402153,25.320334396955126
7395,0,24.802691212251734,22.294722668021187
4468,0,19.660813393775896,25.55626748755752
2571,0,26.010290208200328,23.038734938641657
551,0,22.767826133021686,23.375656071119902
2808,0,17.59442388778172,20.806342716597843
9648,0,28.188843202589915,27.910269907649145
2487,0,27.748080448194926,28.911347531514153
3280,0,29.608323551283625,23.486985100816742
7423,0,23.447886913748636,20.568854522616796
4425,0,24.928410428534225,28.917316469768032
604,0,24.119728492347615,25.776843323780373
8032,0,25.246831448041164,25.183220945868776
4746,0,28.59972606904058,30.98016397555735
6668,0,23.922588079327678,27.433639214684135
364,0,24.81362538721065,20.72165802159616
8784,0,21.636932053387195,18.151906658128585
7526,0,22.24120780737812,22.006024400843298
4828,0,31.69447238252759,26.206206937393887
3521,0,29.547228171681677,29.757448534621126
7387,0,20.47482581149869,24.703945476385947
5052,0,24.714859154502356,23.745343912718745
3572,0,24.30831120389423,23.235431919883016
7748,0,41.890442219898375,36.56261665019019
8214,0,33.66977062842268,27.045175458262563
9267,0,29.66118500311045,27.11219910124026
9486,0,27.695816569476012,29.60916661600292
3330,0,36.21499330310459,37.20017298227858
4600,0,38.441689569707314,31.145350629213933
3182,0,19.980931656421607,24.308420475652298
993,0,44.090378892433606,35.38283869169852
9189,0,24.321346110321226,22.87144307025402
6314,0,28.598962312985478,28.27662169101992
3631,0,28.30408090810746,24.707925554403467
2306,0,27.292721948367777,24.677467085331116
9201,0,38.57603897957712,34.2864219439868
3397,0,29.44729245374313,26.641241487517384
875,1,24.046948029061824,27.202740237977928
740,0,29.596969543124583,35.53896736334229
6348,0,23.875810652686326,21.257275887781905
4899,0,31.982521677951244,27.740248995321675
2831,0,23.135033679732782,25.1121875461254
6597,0,26.251680513411472,26.30667070413669
400,0,40.925456801583515,38.76078390548345
4641,0,37.66425166877952,33.11731668407443
280,0,29.408672355101725,25.50340049543698
4520,0,19.895632688163445,20.649621940171805
9250,0,23.683829114574802,20.808122410185536
901,0,30.28978884711609,31.0353431017533
8502,0,24.26094925945115,30.81763732131155
5682,0,17.228458174459753,17.617142665488217
5739,0,25.96775193688144,29.758811638484996
3840,0,21.719940574976484,26.03607944931602
4229,0,35.93225983493883,29.504833613523292
7854,0,35.403619125178636,28.755308875159432
7542,0,29.547374521049754,25.3887147281625
58,0,18.128343850582898,19.411613870495465
7104,0,23.696212256680937,26.105787801827812
1382,0,20.997961667722052,24.045650781746964
748,1,30.684080311271135,26.652753581002298
2207,0,20.884529233085807,21.875467498428886
2589,0,25.936597960868585,25.22874852428029
5946,0,20.94204877973432,24.38528406571181
4672,0,26.8358118213296,29.328305225395244
176,0,25.747053300382348,24.65892871628824
6534,0,21.805855168684907,22.18256938829235
7858,0,28.022175664807957,29.265074062028894
7174,0,38.687093852268845,49.09131823836543
5675,0,25.854271442963125,23.296647819826333
9421,0,28.622154738703678,26.54279664204207
3132,0,37.45770320161278,36.030611556517606
3836,1,21.222202510598205,20.729839680417086
8907,0,38.28000749340376,37.20491712295741
3538,0,21.999047267860014,25.98166305948925
8321,0,20.16469953997871,21.29185579163699
6599,0,28.513809493725706,28.547896745271842
2735,0,26.65763234755175,21.823774579114147
4129,0,28.47141937870426,31.515443678631467
8433,0,21.809967804868677,25.90953794513153
7805,0,26.839208477143654,28.465120649363786
289,0,35.679026361132976,35.05198925886053
4597,0,24.58086676171403,25.47022646981455
3945,0,24.261712438339796,24.084054321637137
1655,0,29.580526575485422,29.190786925083742
6142,0,22.664686578518534,21.833542575386133
168,0,26.329233762993884,31.29077986338202
4329,0,21.266662259217995,20.740115420142324
2856,0,28.642039044379786,23.85747304662056
3239,0,33.49514938827275,31.25313164254167
5111,0,31.474176194154875,26.776208944007692
1457,0,44.725587826156705,43.23067937931261
3818,0,27.488155582262408,25.433119492153292
7946,0,17.426758250115338,18.54943330482693
9901,0,22.61829310974118,25.10815294812207
2588,0,19.86097064610377,21.39822793979535
6304,0,41.23361532960141,30.104486767285344
7121,0,26.656064189565843,26.972865441382094
9843,1,25.025169170205277,27.10560307206437
9600,0,19.546828409080177,21.294600703634323
674,0,37.10851152724802,39.500986809224194
275,0,57.13847637778902,44.5163725184366
803,0,38.26842873479978,38.46774003334621
469,0,28.509687447264337,24.36268765305553
688,0,21.35247249971532,23.708211739869082
4497,0,26.883836096809063,23.013180565099344
133,1,30.54273450598777,27.814766011639506
7203,0,27.43378936902677,27.168563324010545
7412,0,26.11391932558584,27.26727830771352
9820,0,19.440729168074487,18.439986435818078
6467,0,22.959213972404974,24.244522901616907
1411,0,23.118431573888266,25.39900753469453
5162,0,30.389456923859125,29.12502562504886
7787,0,19.036125140740303,18.795294848018024
7067,0,24.11288390676209,26.683248635907418
6726,0,22.909260649906006,20.704533321196674
9875,0,23.550800749419377,27.331430642372514
1200,0,26.61333747190122,31.213393007631662
2389,0,30.87973745025768,30.464696159675185
921,0,23.757531417847552,23.05264570795963
3442,0,42.34431406489045,42.75180380423222
1947,0,25.948334255674865,23.03384684871048
6413,0,27.08961189331509,29.944024325842612
1863,0,18.990281624673088,19.975843463595538
2723,0,29.79163053013029,30.78868031676404
4125,0,18.937941601013122,20.27976827657801
8498,1,26.21931666432399,30.32484517306731
3342,0,27.920681070496528,25.45331939707982
9507,0,40.815364968185,41.49211400356251
7566,0,20.511402667781045,23.125002365863534
8269,0,20.364977362160726,19.732880879116962
8192,0,30.397988465517006,31.179819205415896
6527,1,29.69442945596433,28.267982365127196
7921,0,27.930599512866497,35.166266537516734
557,0,26.32285391452781,28.797038997255175
997,0,25.220888042553245,22.89667010852418
5227,0,20.09129311736368,23.585643577989586
9733,0,29.345190742529997,28.52065060788599
8511,0,28.521433975464134,35.1921697669022
4009,0,26.3523544673053,24.439473981327193
8057,0,24.336566323193082,24.32254410358176
2254,1,31.390276620887505,27.90358068198662
298,0,23.69753402974272,24.739873268803155
1163,0,36.15382618417499,28.83754197486092
4905,0,24.26247821700553,29.965855305222398
9349,0,17.566952985584386,17.004061891686074
1433,0,36.280479448759046,34.662430954311496
3308,0,22.74496273869221,27.84579374839115
6155,0,47.654801911979604,38.81172041330941
4790,0,30.43676880547136,29.70412101440177
1256,0,23.267934954389577,28.59882235965818
3927,0,31.539836245081567,30.7130573276983
1236,0,22.199228049245292,23.85310799432705
9774,0,35.645039703246056,36.705697298381736
1303,0,24.919199347894114,25.401021488432647
2100,0,18.940631816718316,22.209013115390523
11,0,21.562376183511123,21.657345505992375
2077,0,25.059354556139326,21.792916837407066
8328,0,26.505298309036498,30.794194149391238
5104,0,20.570080426527742,24.45318698701449
1331,0,22.81721092227496,26.1187254073686
2758,0,19.293226257432305,20.704350537509377
9924,0,22.936545224760096,25.584086579060752
6981,0,20.21441955073332,20.29057615645518
5959,0,36.162408013618716,44.15778216739186
4403,0,21.956161008467916,24.107170604062272
7780,0,17.780047125885936,19.683272743247514
108,1,21.398260979734186,23.897398092168846
2361,0,23.958732124627613,22.30091914780317
9,0,23.770981739651223,22.556728923422902
9701,0,25.879504844532903,28.419936578611672
8638,0,25.50584319221148,24.935434973400017
5467,0,29.280409046790275,26.403404882305168
6113,0,21.242498745642507,25.1577124845256
5380,0,25.982836152971895,26.42299634574768
2694,0,26.72310662488952,22.64755075620993
1029,0,25.501744063006065,25.17388752487244
2876,0,29.48624690547336,34.601859736665695
5741,0,19.531937306798305,19.026959242432994
7679,0,30.514752779940423,32.55659345986562
6874,0,22.02964115823084,22.357529351571987
397,0,21.667853933485702,22.452840686447445
4779,0,27.422155608340656,22.92467242203223
7765,0,18.830662532018884,21.592055766038172
3360,0,29.195659960064283,37.16071738069765
6352,0,21.99267673506892,18.142013522801534
7673,0,29.106525038366414,25.0884579702109
8140,0,32.94318250526875,26.162023936247145
2937,0,21.97736620182013,24.1175667803643
6459,1,28.176823534918903,25.93901117625157
2726,0,24.388707013725718,26.175689514786598
4804,0,17.774327819889756,18.851096552996214
4881,0,30.765477274233138,25.47246391686101
1689,0,30.80962814164242,38.44827722915347
2823,0,20.476888626973235,21.772725626049166
6293,0,24.773292232157004,32.55892717525636
3804,0,22.806059941325643,20.1234831349294
208,0,26.875688354498,27.13249734637567
3962,0,32.06364757128053,35.742956716737126
7839,0,32.161602188260964,27.106923618125002
1301,0,35.03422648313415,30.33744673184781
1376,0,19.78953548339818,20.731293619706697
8435,0,31.65759050324668,24.796524364927613
8131,1,34.07807688124411,32.13414955799727
3599,0,43.69967162276965,46.614343766384856
1836,0,19.982718127210944,22.939498944291486
101,0,28.41530867045715,33.91416866128797
3405,0,23.976737733327102,22.7922504020398
4659,0,25.848751350459057,28.45618408170319
3118,0,50.036134858655636,41.415782823501495
1629,0,25.43302095383979,32.61659826218846
1623,0,35.288909557586344,39.644551722765094
6877,0,18.297810369506486,18.893254946945166
5060,0,36.0580877603308,40.136468479099534
3550,0,23.497074847263185,21.083877469352245
2217,0,24.929018808221695,26.168116847513062
5399,0,27.759669732605907,28.12900060737141
1082,0,31.754278585140487,32.20402575722404
7525,0,29.855897092208192,31.977608889071266
5020,0,29.049801092492753,32.32225762553634
2608,0,25.003880594362414,25.279499319061614
3398,0,23.542869500154637,28.578283386456835
4487,0,19.87663950395477,18.57584918068948
8378,0,20.665238039328653,20.542276890863167
499,0,39.80074032319364,28.684342052483256
4807,0,19.882200130121625,20.648673167305038
5032,0,46.40074870451917,45.52273275605057
7376,0,31.086401294251615,33.563210525348055
6372,0,19.942371260866548,19.43073455362453
4987,0,34.91291546336487,32.070825473188485
1348,0,23.19293645664398,24.563741076103064
8918,0,35.03147450136884,36.51716642512577
3907,0,34.68071038453533,33.56063829706687
1155,0,22.1531779680864,26.03452033584135
7781,0,31.73089788099916,36.58705203759032
6549,0,29.847613048039467,26.67504678618064
6658,0,26.037499664285367,29.261572737224505
7984,0,19.158722092622288,19.465045310299324
892,0,29.08636617022027,27.097454722424384
6544,0,22.976905172990303,27.65656592734389
334,1,25.634109249968695,26.095704427095605
2766,1,25.753304459649307,28.60295245794938
5617,0,25.870916748506033,22.304723082345465
7007,0,29.405628621270193,23.38017128249304
9510,0,18.28133871304672,16.351453984802085
3352,0,30.99383766843848,25.140403034352673
6613,0,24.578856155589076,23.550309173265152
6673,0,19.755531174534646,18.379860801252526
4823,0,32.36079967623732,40.088872692580075
3217,0,19.403622316943103,21.289054764479495
2511,0,25.997739876448964,25.94787051734774
6292,0,17.009534332476374,17.292527802630115
5156,0,31.21916395799694,26.17308425842521
3136,0,20.815335821065716,19.957064334944413
8594,0,23.21306168880454,24.052615916590188
3919,0,24.585882931997705,22.113632049211667
4426,0,26.9603298271747,27.91929534289126
8394,0,30.109921401618497,26.071281240094027
6922,0,29.684780199248763,28.24195235937379
7009,0,23.72728768506802,29.325057291596863
1522,0,26.21218692692104,30.952848058034352
2201,0,23.810564192831155,26.862400138073422
3871,0,22.359675719248823,20.106636250204364
670,0,21.12444093296924,19.34566177119581
3153,0,25.859475903562387,26.278892434121286
896,0,33.04572012894061,26.311913250376673
2230,0,22.998575177106858,27.726153672781752
3618,0,30.898589356004674,31.62769113470282
2716,0,25.55033814451565,26.751602248569444
7384,0,24.106812678123546,22.44354860603589
3797,0,23.130541065303444,24.836439026059452
5155,0,29.610307757876498,29.625642960548568
5522,0,31.90996387276624,39.79241895330453
8789,0,21.416174503535515,21.792444025551035
726,0,23.068812288318494,26.18766406763603
953,0,19.935801661658157,23.5064725408962
8812,0,19.779560562687777,19.139495107488784
7040,0,24.05877210766405,23.80469233847546
5726,0,28.289284890958974,32.39361159964489
2690,0,30.00104681062532,34.65536721235807
2120,0,52.86195886033425,43.123722806738414
4137,0,43.78579094961474,42.43125779349104
3533,0,33.679584080056266,42.543034577645614
7019,0,36.2996901626945,34.316605160343535
6709,0,40.3179512994661,53.29521375223034
4061,0,20.353232094428616,21.746623741292535
1120,0,26.335720544382326,23.618329983222132
2013,0,29.7130895028591,29.8386072847667
1911,0,23.284383704133262,24.712249554492853
8632,0,19.697456529721876,25.193782160114345
8117,0,19.410351853797025,21.75696517154672
8936,0,38.52493360422038,33.15178032791794
8408,0,29.103205561005847,33.655696221012604
1030,0,34.63703971743166,30.704242253445926
7828,1,25.454384970899437,29.82926107520965
1579,0,19.312363050132575,22.629742326369588
4185,0,22.90130059053516,24.639923759558535
8035,0,26.831062018859946,28.878741916809854
2098,0,32.557365551275645,31.45324855999259
8218,0,23.935812457929742,27.520126757548827
6074,0,24.475469266748917,20.785571171760324
2331,0,21.732412924564894,22.814256699886762
7182,0,23.67018719043815,28.321693672165683
3743,0,20.4613220538067,18.947859823743475
2263,0,27.463373445508235,25.842449386825546
8548,0,21.73152784194231,22.62700582144347
3065,0,20.07307237573201,21.32969753096076
7537,0,26.26594324750124,22.27119229054993
1743,0,23.570737770511567,24.42735893861459
5516,0,41.51400927902417,42.62945918528556
5145,0,34.919119477479875,35.133634768600906
8960,0,40.57481547216292,36.87194109237246
2659,0,30.930960161814475,31.378625272777395
1402,0,19.957770008046058,22.388468329887058
5115,0,26.839088354343488,22.511157259061584
384,0,24.066594971988454,22.38626969830367
8222,0,35.128427958744396,29.71272856403605
9200,0,26.210045452245062,25.297692997921878
4528,0,37.01265314219013,31.523744846816598
164,0,28.737737684876226,34.999055618404405
700,0,35.757066783947636,34.41535231451519
2598,0,24.402753974723023,28.817791987460602
1193,0,37.27756861789471,32.35994692405717
704,0,27.210323439286082,22.992996714959855
5416,0,28.866378033980144,31.035090936484664
7391,0,21.957179468669846,25.932026055504803
3679,0,38.301885048870474,32.71555501382692
1060,0,26.344345205958003,29.457162735674967
1750,0,21.551109108129072,20.66776384563223
9361,0,21.80816475688528,23.24562181392369
5348,0,23.29847412697536,27.247656179828464
1248,0,46.605157949499336,39.64193922083905
2150,0,31.442801477682885,33.18486057445055
8232,0,19.498125050298466,19.69515808823065
8722,0,17.912355207038274,19.67525809016825
8928,0,25.745945695050878,25.452957886844864
1632,0,22.270065689246298,19.55317840615023
3953,0,24.580320490887257,22.234575434942553
3390,0,30.957675325234703,30.546402367960386
703,0,28.57866092842538,30.08461474376956
8373,0,29.49995780191788,32.064816250763386
6183,0,34.34968882301074,38.718821903587866
1733,0,20.97749565508688,22.693029914514835
8038,0,39.434479960374595,30.881322535264026
1107,0,18.179435156593435,18.29137459257945
3792,1,34.23661315576871,30.990940424348437
9281,0,27.89019601247161,32.382931066868856
7116,0,26.639500948482482,31.226861880757284
8150,0,35.79010792190168,29.726406495702836
8553,0,29.656136262395588,27.825411090443605
4503,1,22.492997864859802,23.661705940526208
7315,0,45.22589654463122,37.1765696394878
2683,0,21.532817669134282,25.56737166390635
8818,0,33.60709912193784,35.512629139044954
9268,0,24.777215196843347,28.768030408770382
9220,0,19.010362431726474,24.57979083396993
6840,0,26.177791958972794,22.341529930229054
9543,0,21.697593585485073,19.679027986056138
9323,0,21.95154392170166,21.359670807365763
5142,0,21.311439032406454,26.1635936971236
4575,0,29.306369699178592,32.14008403489524
8301,1,32.43684652044359,28.208646138301148
7792,0,24.030451814683037,24.69994498715595
923,0,21.19775414591174,23.70480907153467
4878,0,32.86813591382961,40.131635375404414
282,0,28.51678809512905,22.999608905589117
7704,0,23.30585827327916,23.762924083466242
994,0,19.156227678138617,20.80976200952851
8453,1,25.826753376131105,31.856495091502754
4368,0,17.82492966849236,17.354171563382543
5262,0,19.7348730738529,22.214860768675848
7004,0,25.649058467012082,29.767567012233958
2446,0,32.9278340379492,31.076991406864725
8560,0,38.51897593835735,42.33290746347826
4310,0,27.55271079274902,23.3681938202149
5906,0,22.281724612306885,21.689814564898455
3520,0,22.585330900851897,28.44416049857037
8680,0,32.56389774777401,33.84263292786785
4253,0,26.878861722787843,27.43120724551194
1804,0,24.79146159270865,23.96018232061042
4829,0,33.78210027862499,28.13652964931847
3508,0,24.234986878535963,30.62301592388104
6875,0,23.15402526166912,24.73101601282287
9541,0,20.8209124045964,19.90862589701568
3958,0,25.639919817394507,28.47559147437592
487,0,39.51697570183184,41.3222172659566
4283,0,28.187909085138852,25.94246948953135
3128,0,21.89670435459883,21.979344093326233
2116,0,19.15324926902194,17.910704882578614
7305,0,20.800145671834564,23.949022478122618
7355,0,20.904499606936533,18.594872743444682
1859,0,33.76094865019869,30.847906051314524
6909,1,31.32571011693483,31.293271895733263
925,0,24.80797943737258,23.668925439695045
732,0,24.193774416297263,23.753056857121877
3813,0,22.739319347018064,24.278800157302822
7633,0,20.87383261750419,25.174248382904096
3900,0,20.565820982461343,23.518092725536093
8544,0,17.557034737390516,17.183705565593492
6656,0,29.012487574029144,33.026100697311264
2042,0,22.057759303778887,22.656470987899066
7293,0,26.50583754990963,29.33518643954992
6584,0,23.952954865804205,22.83778568521849
616,0,27.143999139282208,34.75283716391367
6802,0,34.49595903421415,28.61216579901187
4331,0,24.051636603925974,22.847834369852343
4820,0,37.04218209275455,39.60202581483017
252,0,21.356673514598235,21.295153960244193
1716,0,20.666499869057766,23.439685900606673
4637,0,29.061895761422424,30.304844769850504
5964,0,31.604678934053357,24.463462720278756
467,0,19.370842838805302,17.66853678599347
2880,0,27.31494408405556,27.69634885915613
6189,0,27.124616767953505,26.01926212857393
3542,0,21.955506620972475,20.733049775350878
9358,0,17.396704591878745,16.790577726976153
3601,0,26.168972415758127,27.63959454928385
67,0,46.09210434437417,46.290342423766134
2601,0,35.334850467193625,34.14646571391028
4489,1,31.284233530412425,30.947811800582077
2767,0,23.822137939680577,22.107077429588045
3938,0,26.775258546015642,25.086543795104536
4336,0,38.556350894427105,32.97826479238916
7509,0,43.15038866286543,46.002334434113386
9933,0,49.981700758399924,42.45138689909325
5791,0,34.16074477516137,29.235642161331036
8562,0,39.07324523649087,30.638824187618123
1501,0,22.043873905711838,22.67288634996076
8136,0,24.808798390843645,27.31741209010901
7336,0,25.839537844031057,25.317295088534816
278,0,28.812429042078545,36.50153651859249
8092,0,31.934876028115802,26.276170706625713
7741,0,25.973437404108942,23.082878663428446
6528,0,32.70843365365691,36.941956718626656
5436,0,26.882293581906858,22.754416831775462
1192,0,23.621384213234197,26.02118324660725
605,0,26.730192712145747,22.131379364528605
1643,0,25.6828647587719,30.551175367495652
1471,0,18.805583568161286,17.82379470698201
8093,1,27.177779472656482,25.475411448248007
4030,0,27.044066300702266,33.97799019385175
5997,0,27.31331258869677,31.62671047073298
8329,0,31.715792506833928,30.375790065097604
2983,0,31.286632280344758,38.96552727819333
8158,1,23.42753328622083,25.062251400208208
3133,1,24.97461086485785,26.779633836254003
3531,1,26.912929645298075,26.222305355304105
2924,0,45.57979358531426,42.76475062469128
3016,0,31.79153769456496,28.754928432772818
3969,0,27.441442146293685,23.13802619549535
9666,0,27.375174732877273,22.17699658483842
958,0,26.87225084480698,31.258260179384674
330,0,25.761837088327027,22.868250892883992
4033,0,21.8589041296663,22.600235150183597
6499,0,20.20755535395547,23.629404110840444
811,0,28.952462689889412,33.34117305947656
1606,0,27.75450787874074,22.94893930744309
8160,0,27.60603373453223,34.17883511969562
1349,0,20.695858690769647,19.432524092231507
2977,0,19.653176727937062,21.100586798600474
3649,0,30.88581149782343,26.122631347089815
2176,0,40.66667933274515,38.49663782420877
6634,0,22.4774339081343,20.339615594597493
3205,1,28.40049669796094,27.618351300814336
3579,1,31.50750809664307,27.761917108227106
2258,0,39.68462525497383,39.19322578286628
510,0,38.030196330221315,34.923794627219436
5362,0,20.948151954957147,25.934822268986583
3351,0,17.605523725525902,17.84542543108425
7724,0,24.160372354684416,26.272653427794616
1992,0,25.691802460535804,22.4153520229315
3115,0,27.206028541743827,23.46982287706758
2277,0,26.66152983950552,26.340501664401426
567,1,25.58278317191048,24.154416043484797
9287,0,28.35781334292226,23.925418236219844
9280,0,32.01228933084862,29.031997880674844
7890,0,33.83077514706677,37.64070476319554
5808,0,18.12119130254562,19.22358784289757
7033,0,21.66555556526046,19.062372238516126
9804,0,18.205542248519826,18.282715146958118
9652,0,25.39905523444885,24.590661850942016
8184,0,19.770966039377033,23.037945380792845
6455,0,18.315910134201953,19.49547185720286
1126,0,25.537491612409852,28.589139647324938
2073,1,23.444582295220957,22.23836939440778
7601,0,19.27023660398064,16.306810602833277
3082,0,35.74050303251098,34.647865863743824
6028,0,23.98978505557543,26.251183773066263
1306,0,33.57677267281536,33.9029049139096
9763,0,19.928259153279853,23.459025791312083
6132,0,24.142715532459196,29.50137437866902
8431,0,21.246320282832592,22.128393276080118
5309,0,33.78818360943935,32.43551753560081
5501,0,24.75491447182181,23.982271843949313
4697,1,26.00197204493169,29.786304446166934
9886,1,24.885556064646284,27.257889261494096
1332,0,33.25219222131682,27.79484617478065
8865,0,31.29686895659665,29.09813252164034
5279,0,26.997257638694148,30.88985127943251
9979,0,25.110715249648894,21.0898937297113
6960,0,19.77719254567147,19.086453332093658
5018,0,40.16255628957026,32.93851382310885
468,0,22.001982501231858,23.31153114374769
7415,0,35.806333479173595,30.651073572578806
3866,0,22.237622498138837,23.01371173967466
4311,0,18.663915684735446,19.858661186744136
5131,0,51.444253694770374,50.140877972682986
4740,0,24.032796427871855,26.015141392828678
1321,0,23.36144695488097,30.42042507972432
2304,0,25.60752509540398,29.24118244303933
9709,0,28.185181178955112,23.31932257746777
7409,0,20.496759758442856,20.95730734311354
2074,0,24.12244214237651,21.851226834249488
7573,0,19.855272481762587,24.152724827850072
6784,0,20.68192702090223,21.42548679076019
6425,0,23.952235532750468,31.7844376009392
6651,0,17.542545837627664,17.911437107352928
4140,0,40.839584999939014,37.84451919741347
1355,0,23.3691567030865,20.829468629446666
4908,0,27.07221320556216,32.1029828395188
3470,0,26.540543059784397,23.33181706763251
876,0,23.74401472818943,22.896689282579676
6124,0,24.118924252709323,25.431688971475445
1728,0,23.080164692716,26.973114772577837
2092,0,20.97485995200932,23.731424701757387
1874,0,36.94337529145085,34.44799897587566
9098,0,36.701003301800995,31.219648176595676
7133,0,20.785386714022078,22.74445589525173
5811,0,21.692999454750602,28.16369250758661
8973,0,25.232059290045974,27.9639073118101
4360,0,20.260718572498856,19.898779196593914
8780,0,24.76919564409997,24.8723207416656
4504,0,20.90573819635056,18.467243376694356
7555,0,20.726573724236907,18.499053796530905
7575,0,24.345787686055573,20.613002779925644
8892,0,27.713012037367033,25.789008382752368
614,0,17.518955455258734,17.882987982495372
7320,0,23.29821296494428,20.40185449013653
8937,0,37.45131256954408,34.94687245144253
6917,1,28.089363739165258,28.20142175905089
5860,0,27.439179949289212,26.210502357117136
3736,0,28.37835465803058,33.98245839991134
1379,0,20.818164716967395,22.567468436113653
5935,1,23.01682142649823,24.07308484077624
7224,0,21.63917923593858,20.411014727241678
3955,0,28.686871696110426,34.72020955657671
6822,0,19.11774047040678,17.219957666725417
7345,0,22.83888480907988,28.14940630548477
4933,0,32.78495845601658,31.23293245504973
8128,0,24.847502378108366,23.97867625267664
7233,0,20.365300099365395,21.687437402399414
2101,0,19.49240746724551,24.184467252436576
5756,0,17.911163971706898,18.19631910877131
3862,0,23.4586560768764,25.066034559792694
9546,0,22.897007886957102,28.044089751390633
8898,0,22.72770288389928,22.31203951826575
6465,0,22.780262266042495,21.054757874076287
3116,0,22.019989176039083,24.35895368972512
7709,0,20.179347609875013,24.66829232134712
2075,0,18.15726587076405,21.214854161419055
3788,0,20.53510979632932,22.33564419262234
7812,0,22.592954380947294,22.26690308700211
6930,1,23.662952320924333,22.99215049891064
5845,1,30.358665573170402,30.235136439027627
2035,0,38.41983720214255,43.468521669460756
5249,0,29.334102228310023,25.609897957922197
3255,0,23.59642604485376,21.00919036509353
7539,0,24.591464748088974,23.11637269396091
2957,0,28.988017959911986,26.986104910608745
3683,0,20.656208444201102,18.801280751362967
5706,0,19.282103544667137,21.740405543413644
594,0,37.243619479757676,30.032873866826236
4319,0,22.88682837366185,21.37432300600208
1745,0,31.19960122426873,32.959114629190026
533,0,28.400513048329703,24.46397741726047
6254,0,35.33315006721194,31.661098239801248
8993,0,24.378734421767042,28.1960617409616
6245,0,21.1973329231724,25.64503835869911
7270,0,31.945620770592363,36.89586001232355
7086,0,21.537369263445623,21.02362628946788
8156,0,30.00065853750024,27.187989257096866
8971,0,27.187678435539038,25.376456987841337
2818,0,38.005999787447735,36.902826778013065
2344,0,30.097195124103678,38.19068984092602
8875,0,29.91908186896312,30.337483602360074
8398,0,37.30448279598498,31.655797421638344
5641,0,18.751004676609753,20.03037166243105
592,0,32.84263172994775,26.802102790312528
414,1,20.802932517282603,24.773138983514876
3851,0,41.48037205413038,37.62517136153582
6560,0,18.435266504580554,21.283003591515012
8631,0,21.834732700578428,20.90817876977865
2695,0,18.837662129861442,17.637797298774526
41,0,23.90048214612677,22.776902555841616
5592,0,22.904340458652968,24.298929565006183
8884,0,28.099816182028434,26.771783674777453
284,0,21.621972956268397,18.632645926542047
4956,0,33.301881072790685,34.634791359347346
813,0,24.901948307494862,31.623695872402738
1314,0,24.55894080545272,26.051800325015982
3803,0,30.057545744921164,27.689508457914943
7137,0,25.65780845357955,27.900868772269494
943,0,33.8923837444008,38.04119819809659
8713,0,28.542284125839867,29.664112503096902
5439,0,33.98903471365462,40.78313189776621
4795,0,31.633483416084083,34.23667618461754
2375,0,37.06213252505521,30.446101907512645
3281,1,28.827789084145103,29.46959820643993
7654,0,24.73515597329075,28.004808367229103
4408,0,22.744658494031782,24.27380983786761
543,0,23.819800162332395,24.377838086648204
5160,0,24.736811478520213,26.901127621460937
2556,0,23.43033206731194,22.802539110989862
7881,0,34.13951873366562,40.92871074819327
6608,1,30.408896784693066,31.27298588246308
736,0,31.833070079962617,27.199363884988593
6665,1,22.735987543694158,24.464612316134513
4414,0,24.477349262373323,28.67215935305433
6513,0,28.30752394903449,23.657484723858076
5328,0,39.827751964449355,34.26384670640556
3774,0,24.4427460120375,23.78582700788556
4318,0,21.210990998513303,22.86916695177398
971,0,21.034040887433797,20.79118614966649
1276,0,24.700165759148316,23.215945175941606
7909,0,24.879298711789637,21.96063375638934
1790,0,29.945350190970412,35.56398457294442
7668,0,27.122961364208344,28.693643641800282
8251,0,35.257456420821384,35.00986773361491
5598,0,30.134612520626433,28.44818298114756
8428,0,37.393030599653144,30.317303492623452
6357,0,19.575690300388487,18.98887473895912
3415,0,26.912132865528527,23.349125740872246
706,0,24.32700509823863,31.721921236762327
5216,0,27.361572959056318,28.047766414657076
4788,0,21.636448304489875,19.933918839389932
2878,1,25.554374767195903,28.41329512193062
1827,0,22.434348345671697,24.580105581469454
3232,0,26.187260538747374,28.35428039357682
3101,0,21.893867546381134,21.915243681489127
8878,0,38.66145782142572,31.819924151791657
4959,0,31.50765702479917,24.36499902012576
3961,0,21.931422262357916,22.5041449928838
866,0,23.98259302368887,21.44539771744627
9938,0,33.80505856232901,33.89716914646969
3272,0,28.468539083655937,30.71493314945693
6827,0,20.954538502110644,21.340906129566292
5673,0,18.325841917475064,19.829513517349746
8719,0,24.579261146075222,22.303949116546534
3253,0,18.664160624910746,19.455069811906
792,0,25.412962624319224,25.59832704371691
2409,0,21.175456901656617,22.906561657620657
7605,0,27.336650250559543,25.768683241755333
3227,0,25.058314979423997,25.115530676604305
7620,0,25.50652246375865,31.79052140552849
1674,0,37.15650351416401,35.27566410111216
3429,0,20.990349791986777,20.38535872571677
5288,0,33.36468315606762,30.047246247454495
5715,0,24.013004051431704,20.559493311503797
8748,0,40.7994558615151,35.603042915473594
2340,0,23.48380208360686,22.30923510805133
1963,1,23.757380568477327,28.36275627782013
647,0,39.18235212243638,42.0461849333411
9452,0,21.42016119490542,18.770113563464665
8320,0,41.08585500348995,36.00077181521689
4680,0,27.09354468027428,29.293780076289845
9352,0,24.899165850231885,25.18158832422244
8383,0,21.45144758324463,23.90785165498566
6495,0,19.62361138378629,19.495819407753263
1068,0,22.568276270452902,27.153235963692623
9681,0,35.21386988894024,33.02212969632447
4012,0,26.586027257510903,25.03337187218396
2084,0,36.63387199913014,29.558548730834254
1054,0,42.30941573535492,41.60013649827765
3827,0,18.26818105490704,19.571166288416247
5036,0,25.519348954799675,32.101987758002394
2622,0,23.841821851703187,23.288808052083798
2960,0,26.765942414039884,29.587429132346298
3694,0,20.317516738352303,23.344560003443295
4293,1,26.247865192945532,26.55041303537822
5106,0,21.523662602152054,24.02345101840943
2140,0,24.873877447945077,27.81765521891827
9625,0,20.190588462527998,23.701079441371714
568,0,28.22535076500488,22.9505791011776
9660,0,43.176146047112674,36.692537377668316
8894,0,20.02737009243418,23.33000214296011
7255,0,32.625077325660676,29.518479847178234
2887,0,30.625289260815087,28.347769730905025
1399,0,23.662219931996145,20.48260265795275
5734,0,19.855982597791407,20.817303231833563
3519,0,18.27283267786006,18.32477686540292
2642,0,25.580516554146655,20.410110233887018
1638,0,25.90364026478395,27.84948385802384
1015,0,34.452063507250195,27.136922243427136
8107,0,22.45524112377666,24.149089574597774
8685,0,26.96959839966012,24.62719152245019
7640,0,24.85028929669131,28.338295954125854
3658,0,22.273709647946134,23.608644898924652
1171,0,29.79248948031744,33.08447112550774
4562,0,21.99884582897777,21.658328779111617
5746,0,28.620843711213592,25.690812863094923
6401,0,23.272260225512454,27.40824883442697
4405,0,60.71495902441899,57.93741384087717
3423,0,28.363203506845608,31.04846442073736
3184,0,37.22808152837428,32.77434029101939
1101,0,25.04174240988544,26.622583073208233
1044,0,30.334389795102677,37.355279268548664
1519,0,26.334501904283943,26.3572234045586
1123,0,25.343335621168315,24.36365814343777
418,0,22.614863288982978,25.002967493395715
3418,0,24.45225246563673,21.061795446671525
8341,0,41.4624879597625,37.091676765922315
8013,0,23.435279813749705,19.712960458598815
7857,0,17.1116677147652,15.969809082817005
8673,0,21.916699596627637,23.30000085710303
5683,0,38.447735986627436,35.78324671830849
1262,0,25.105363487870626,22.86332443645683
6328,0,41.116867581318154,39.448880767333605
8804,0,19.466202806419474,17.952860535806767
4354,0,26.06152728044164,21.923202040415767
9100,0,43.95363529019647,36.64059118322951
5438,1,25.31708528879218,24.964492055993787
7483,0,33.54058339613913,28.48360435947648
9388,0,17.865661745546234,17.591061062641344
546,0,29.752508151832323,25.776109316396127
6710,0,25.166528730019806,21.168247632072966
1612,0,29.192515214768992,25.411403689202007
1664,1,33.639540645686104,32.873733253268696
2951,1,28.43123551165865,33.80686222072664
9370,0,28.153623970229432,26.027844971023693
2794,0,30.118279225346683,26.81060480347363
1938,0,32.69744175072067,27.711561425121783
986,0,18.74505114903238,20.085006489247757
6202,0,29.732877054637175,30.547741418288915
1204,0,28.151536395552366,29.63026765760873
4491,0,21.22992973472994,17.518630092345695
2577,0,41.13492470307396,41.04748327543214
3916,0,42.08556052700016,48.686899980566295
3909,0,36.3197140246363,29.498132223019763
104,0,26.608266421097746,32.23795673389121
535,0,21.28160275115266,23.55185462147657
7107,0,24.920519486043435,27.25663457157047
724,0,27.27670385634565,28.194377988748155
9845,0,24.563040761943125,25.157644489049307
7821,0,21.32216881757931,20.040222809265824
5339,0,25.034209991930638,22.336138308775254
8672,0,37.617139786235,40.1311508002922
8145,0,22.443266954993625,23.298728507452097
6793,1,25.32233032993969,25.38853436064126
6968,0,24.76840298598575,24.50580134850143
421,0,28.20162322902913,25.262044694812467
5486,0,23.899282906742158,21.579200678038358
4513,0,28.85316842236595,29.865354391463203
6225,0,28.105538871133533,29.53930128906165
3028,0,26.09079168006855,26.638752274145872
5359,0,23.466355351473947,20.691354046045745
3826,0,31.98767578268738,28.741521669421285
9016,0,20.24057824494804,20.900497756230596
8087,0,20.592006555767057,20.844361905311796
2083,0,35.80074197992556,27.757965699735788
7784,0,22.50444324750552,25.45049889787617
458,0,54.08344785601153,49.584472524696814
1320,0,23.679003434418853,26.6188933390869
6695,0,30.601157671441243,41.990804650152
7622,0,41.360746214664445,40.61580219706837
1661,0,20.834635223781877,19.68149583196784
7462,0,26.52262592332918,29.259063794843364
5602,0,25.088402290072814,24.642183843598133
620,0,19.928670586717374,21.61236780571638
9969,0,27.913757512658147,27.656852799635033
7950,0,30.860337387693956,30.38851877220184
7296,0,28.81438531436733,30.262493127651936
1543,0,20.77169735468392,21.98540119743976
8543,0,24.9489768845428,29.231884432809764
9090,0,20.429014163187205,24.317616776636065
3477,0,20.27695340986445,19.655931324465136
6355,0,28.222489404819186,30.55664541335891
8849,1,29.299933724215805,25.689779083008997
3798,0,21.3626537176118,21.051551289448167
9333,0,32.02612951206336,28.822565470462024
21,0,26.21720393937107,27.714019345354245
6700,0,25.960808892795544,26.549164813113844
5185,0,19.14497147687276,20.309462337035
3636,0,25.601555203320338,22.810594958603705
9161,0,23.81303409745851,23.186489348928223
7701,0,23.283657075308035,22.51513463632974
9970,0,26.488249233084602,33.815060129505355
7282,0,30.24737668165239,26.156796039827316
584,0,20.624064258033894,24.358770091473417
9953,0,33.94037343791319,38.44967198653112
9478,0,20.36675316334826,19.567773391348187
5824,0,31.43579900902357,25.53073772447165
5519,0,31.829133308684014,26.087873279001563
1119,0,30.76881317367807,34.31619404610281
7254,0,23.713031086103296,26.486680677924777
3951,0,19.25038886557605,23.4638479711426
6005,0,24.744998604963108,21.226627858340045
7101,0,22.094232492285926,21.07943500208861
7659,0,23.130429134462613,21.9627057518474
2595,0,31.20641285821134,39.00733447443772
131,0,21.970928358820142,21.509452817178275
9009,0,28.575195991085042,34.12587878956301
2063,0,24.999188042022173,24.533720686438784
9556,0,21.234448595719012,19.116986029336804
4173,0,35.95107840512338,30.136898362643265
482,0,25.058239427821608,23.795343711056336
22,0,23.181514198942583,27.636871068348302
8648,0,24.856631215241844,26.522523583313873
2936,0,19.5758501786658,21.421155891811573
8942,0,28.79003352750035,24.798878989739574
4382,0,32.481452680076735,29.362371870913332
936,0,28.905596306926128,25.500906003683777
3604,0,36.724063266127565,36.4248362862923
4231,0,34.419380548730736,28.614610517443293
6492,0,20.83269256020467,23.60977492056632
9047,0,38.3361144199788,43.81343768149566
7486,0,34.14213672680326,35.20358751866926
1776,0,30.383297530182183,29.681664827777276
8682,0,19.970440025169804,19.4600510207964
5996,0,25.81053676452392,24.6822605055252
5535,0,20.408688717951282,22.160121577157287
4644,0,27.749979488976848,26.894535122913048
2583,0,28.61581950218372,26.966917700406874
2987,0,22.427654392783307,22.333067721676965
4299,0,25.194685583993554,20.79710279055396
3633,0,21.030041059659837,20.234514653929292
7239,0,34.686994602553376,30.063633899467916
4812,0,32.709381220647046,27.548290841602203
2931,0,21.358065635882305,21.056653060929236
8464,0,20.53853178269079,20.517324770587653
9547,0,22.255617399015968,26.928041710287502
5341,0,22.468688925850817,27.63973030779305
6345,0,24.166234208047307,30.678316345902445
4138,0,21.520643321892337,25.59344166757071
6794,0,36.54508060429046,35.29589289990173
8598,0,20.811169720074915,24.505398603918074
7502,0,27.502556334530922,27.661324683153953
3751,0,24.052336453343923,24.047171111178713
5021,0,44.33114089277124,35.06192266222732
4373,0,37.2272470901449,30.50860463268203
7356,0,22.378177788319693,21.304407212658692
833,1,26.53386702871361,30.483573415560308
5807,0,18.145855665561633,19.070667840023756
9562,0,35.630262424691956,35.0434862587015
6870,0,37.50164476003857,32.78943489090952
4375,0,34.15372264721931,28.256898192812244
7130,0,27.320476460576373,22.445257181626634
8336,0,26.988490658122625,32.97176616871206
219,0,40.740902446807134,47.862565144905595
9765,0,32.47163147456302,27.655647382396516
7059,0,30.756545157983677,25.63708814548846
2054,1,24.05202677787954,25.055900038934475
2744,0,38.91325980010908,44.778897260440644
8096,0,33.60549484368676,35.57048387068894
7435,0,27.604155443323165,24.130260244252902
9840,0,24.83938823123619,23.864031488701183
3555,0,30.32324939572034,25.468738545712437
4742,0,22.65420422852277,19.2584221956884
7390,0,24.50775002105105,28.962894920347132
3165,0,37.72270617762289,37.793080283492614
2558,0,26.356256769943826,24.56741179163132
7615,0,22.913618225818713,28.270800643895825
4734,0,44.30769578518692,33.5687269476877
1416,0,20.35465382080513,23.08876148423316
2651,0,19.628809352065932,19.752064580777507
204,0,21.66995577730384,22.11915557173878
6754,0,40.41338387304657,44.830965620497146
7808,0,22.73106182373571,25.42579265934042
3025,0,29.99772787674754,36.307101379340956
258,0,23.946244178309204,22.111262761731673
9636,0,31.556570604989638,35.7481023338097
1290,0,17.99863216760199,21.185172013338597
7297,0,32.26510116948878,26.196718710136548
6059,0,29.740186353028268,30.67842898428477
5623,0,26.070077179551674,29.10118023025683
6971,0,24.03752378447159,23.095542705895912
8636,0,31.894444999180035,26.312341971452895
4046,0,23.221478873780956,25.502994596820876
3552,0,23.646263587949242,28.860553612210595
3566,0,25.908495919305683,34.74289159117169
7342,0,27.035051590721377,22.548222210387287
3339,0,23.786351354635503,27.480600773494814
2486,0,23.569744100911297,24.374179818924652
6790,0,21.75036095601577,23.38831279560028
3705,0,27.76149832056995,22.626676906001855
439,0,22.07597495232627,24.196724438135377
4,0,23.36439651631405,20.343841254976002
4077,0,26.997627267533904,23.0795958812388
4201,0,22.372421394183736,22.80961674732018
3104,1,24.598326337572523,24.2231273092325
8963,0,24.68789171552383,21.784575155194585
4588,1,23.747640018236083,25.082516362745007
2114,0,19.261762700499396,19.463006609435173
146,0,24.19867947016919,25.795857684292375
7452,0,49.94663888561375,41.094922003106895
2183,0,30.859609045088675,27.344188876020073
954,0,34.970381854663984,37.09829066808287
2193,0,31.573368109065058,31.129883435804388
3854,0,25.229952601678058,28.13359596131008
5861,0,21.378274770270586,24.045266267593313
1454,0,19.874474355478235,19.819905308390048
6268,0,21.274326723855655,26.4679160559476
1148,0,23.454805013176262,24.707202740668738
8934,0,21.99458961573734,20.01505320166135
9700,0,24.36940490824592,23.78569694458737
9691,0,23.495492990454736,24.996649975042764
1458,0,21.741596476631717,23.95043446023363
425,0,25.08048421496334,29.290980498211034
7496,0,26.538111516284257,26.019445452798852
443,0,21.72572367388136,21.657524242063083
5388,0,26.20578863219409,27.99235446016404
9737,0,30.59423763452389,29.79699435630312
5179,0,36.47839833444021,28.29227571724455
8163,0,19.63008330763874,22.502565324505582
4214,0,34.17337135044007,33.82025989530367
5091,0,29.28105914121385,28.26708727325217
9314,0,34.71910580227798,32.07394209233857
5892,0,26.37284159575228,32.89461629812779
4147,0,26.35305868721561,23.203121069865396
3327,0,33.69618896999628,46.51256988530209
6051,0,29.274496384202717,32.298668090984926
9142,1,20.49834075041115,24.812663947886772
7887,0,19.486073081840242,20.99818178186926
6663,0,20.28863312510334,22.57033326494995
7017,0,41.96060525561966,51.0620493215509
4614,0,25.076011469198242,23.961411704469793
9331,0,32.93979905549898,28.465134058794348
9074,0,50.338164261877075,54.796826048747896
1249,0,25.809618187761846,28.51750890272351
2398,0,21.288718242625777,26.902825396627264
3250,0,36.77608531626208,34.42236062651698
5281,0,28.31772110466122,24.62375753786191
8364,0,34.71880958658614,25.766055612437256
1999,0,54.19756929359367,49.423663468426156
1139,0,21.353980621445366,22.467787221709003
9393,0,35.458712131158975,35.15174634564943
8556,0,21.8937244649291,25.263035386966234
2990,0,26.492667482830292,27.697975499295673
7458,0,22.737952874411796,28.612922886938655
859,0,30.63042779639307,36.198104378861366
3516,0,27.54765295599068,27.142992523986138
3616,0,25.482383414729153,24.019220220669997
6712,1,28.200191777894133,27.593559162995263
4074,0,31.24704627014308,34.092626477790866
7883,0,36.2358275231277,34.60259265553855
7985,0,19.79721477575707,20.91710408062172
1391,0,22.96902431553908,28.048489800483207
7752,0,26.932235809785436,26.02626937762784
3847,0,25.620451275453384,21.523633431580233
7403,0,21.942874977335354,26.01949906536892
6095,0,19.972939929771737,20.941046471116632
7571,0,20.18822337594757,20.235689904939456
1620,0,29.354208313832718,32.42116356428333
5213,0,26.10989754845739,30.965454721697515
8856,0,29.016267439212484,30.77042554233961
7744,0,21.30515167422874,24.459086719621403
2688,0,25.06445935454635,26.58269665820748
4508,0,21.08456802520335,19.37435888828003
2939,0,32.8978976242817,32.49624428637952
8040,0,27.237585045481023,27.504439093503006
5525,0,30.450991812803487,35.58225403376931
4409,0,24.57557633329086,31.704876630107087
5059,0,20.611262481591783,21.58510452781669
8381,0,26.560790025127606,26.608415525590804
272,0,38.46999143960087,35.623194752191026
2913,0,20.603216965989454,24.179685966057473
7360,0,25.57954248389653,22.16054768808115
6461,0,24.94153445939596,26.619746360366676
8392,0,32.94282617469467,39.38446570218546
6682,0,29.829704008187854,37.85594602710774
8485,0,25.321340391181856,22.760689557980914
4023,0,28.46846641467266,27.99786836021672
7466,0,24.55927305521414,21.39962763206344
4400,0,28.604814140261137,28.838399310661735
6853,0,18.736050769967726,21.61939489906576
1547,0,25.4596734455882,21.593526536565648
9634,0,22.71979176411791,21.118867211883614
9983,0,40.549700548946745,32.38111508962247
6908,1,23.72006953218154,25.978859129518405
6260,0,17.52322695122668,17.740444683894133
7408,0,30.103500493886393,38.36503588955118
6843,0,22.755313104214068,22.68053696042838
7902,1,22.346251228760895,25.74348588779402
2901,1,25.192736834398065,23.82716025065424
3913,1,21.428038754145557,21.999560085847005
7252,0,31.51272444127418,25.2390822395881
3627,0,33.25735784367448,42.279578631291436
7056,0,20.909239243415268,21.179895741352524
9438,0,24.056312137483182,22.635640539763333
9738,0,28.10282335820721,33.8056692619399
9418,0,23.0028553414083,23.60594987187312
1591,0,25.29748978685006,24.69046154200283
7962,0,27.07378911902467,27.63888712387253
9076,0,19.0620994052913,18.178324833878534
7467,0,28.59311930495224,28.25975237176287
9283,0,21.370318830319498,21.038863370808475
5924,0,25.800783578740624,23.251255898978492
8964,0,20.17981763635537,24.24084596021191
9687,0,27.741223166919696,36.81600310968998
2611,0,27.433016100471427,25.08900184668041
7747,0,18.49741752619509,22.60112812139485
9905,1,26.29036303812023,29.699586897821362
149,0,33.523125300381615,28.051108759049434
7609,0,37.39254126324055,28.243992053389654
7485,0,32.10394246310827,29.067692510695853
8361,0,33.1604831160433,38.012188423666274
4432,0,34.38469266327335,27.684341149294575
2381,0,22.04560543635359,24.980607867045663
5471,0,20.837362323532943,24.43768559608102
4983,0,25.02932157520227,30.343517744266478
2740,0,24.674963232029963,25.60984961084873
9264,0,19.329489225504027,19.545697729476107
723,0,34.369730532999526,30.16468370742287
4552,0,33.450170030632684,30.762431075106473
1488,0,21.350233324535786,23.890098122906572
6066,0,37.17465468610416,35.659044519335744
8867,0,38.063778697940826,33.250201691591634
4887,0,18.20825357219097,20.36940077229593
3143,1,28.06572054259825,25.52517837532691
4853,0,23.241012405548314,21.849073133409977
2117,0,18.312425863927036,20.222406309128665
7841,0,23.346636710990246,25.109111663524953
2203,0,38.353633037953664,35.02975437419527
1817,0,26.135161790798552,22.323907716723788
8674,0,26.692230552759156,27.931207958457488
3873,0,29.476017682192754,31.01062643982731
5308,0,18.479340764170246,19.936770947010945
6587,0,24.912192949545947,26.022812496788156
63,0,21.703944057464454,19.344694424020194
2839,0,31.6821254374716,30.603229982951888
2658,0,21.230345389806242,20.139677072273976
7404,0,18.769701354165193,18.376445764130306
3022,0,24.838368925981555,32.17097450542212
1757,0,27.550642389585185,31.44538927547813
6834,0,26.129659906144667,25.451108399387145
6394,0,23.00513001172014,26.325439771456388
4640,0,33.45798510853093,27.165063309206065
7662,0,30.777938979330138,32.72489899305509
5473,1,36.148404214376825,35.61898524983819
1122,0,33.106547088221184,32.0198647616903
8387,0,20.060311017707928,21.935139286478886
2979,0,21.559199819418097,20.452013229716542
3121,0,42.96834763627337,36.82126307708458
4592,0,23.3076796549686,20.059492931654823
8252,0,31.75409461736808,28.343868776165326
2058,0,20.214173731914716,21.683973811613473
1666,0,28.32253617149953,28.48025120870884
6789,0,19.970845181883323,22.84868353578789
571,0,42.35089500308067,39.94643266008802
5229,0,32.671868663657996,30.407102399177727
1738,0,44.52283698206119,35.06856087802767
8939,0,21.635485626410414,24.084580506893808
2157,0,31.827580912631415,31.697291720368924
1721,0,24.556574363187003,22.98244659303019
5241,0,20.90838067934357,25.521841232961915
2172,0,18.801749421264688,19.88808094124645
1851,0,27.732125025872136,32.36737699862325
6692,0,23.79919775015404,22.234529590700596
3779,0,42.95446901416302,41.186324057015945
3158,0,27.800139024257753,26.827075098154953
9485,0,28.739196554334207,32.71262412940637
3994,0,26.610353978534306,22.27040834401542
8267,0,31.92677793999093,25.421031256158987
5143,0,41.83739404294085,38.45443540333807
70,0,32.2082282886921,28.500891007323105
1325,1,23.801836574593374,25.159415653187498
4652,0,31.987876357937118,28.45531129859105
5401,0,27.754981593039783,23.27761475664603
849,0,20.610733941858616,23.156925184468705
8208,0,19.587931341950668,20.662539253957952
9518,0,29.891755903464976,33.994839629029606
8654,0,20.499845485061417,22.007282373600805
4748,0,27.429249735040166,31.708645355614514
7119,0,24.417862596653407,24.88123060781259
8794,0,34.549089034752804,30.739857982845813
1807,0,24.844645747765195,29.247197350643866
3948,0,26.459093884708704,26.74486477511004
7074,0,25.636710026428762,22.228069934559475
1176,0,27.199928279877177,30.112617870420326
9040,0,22.51603809183851,25.984781209635422
552,0,26.514706695939275,30.497639458518073
3972,0,23.472434651620077,24.648271754327148
1601,0,27.143650960620377,26.78243243643335
8725,0,32.57688228920173,32.950343307110835
1563,0,20.34039011453082,24.476198080956507
6670,0,22.1871670831529,19.42286951534863
9621,0,23.73985348738553,26.744931923294804
3513,0,32.87338558834505,26.75652059677159
7820,0,17.658244680548854,17.74439012861689
8280,0,40.01008909811356,32.282946816003296
2377,0,20.919133853506217,21.130854148270124
8473,0,22.09816418057494,19.656326532742078
891,0,28.985272071913986,25.391579286803218
9024,0,20.629448443852805,22.065049886323013
8068,0,23.81395378999964,26.09218164868204
2051,1,23.697986346538265,25.979065300663564
9669,0,22.115159038165213,21.885184698055397
4221,0,21.155102867030685,20.03666440383742
3825,0,25.404696369564,20.949692539059555
8773,0,19.489033931692873,21.740977939620958
5787,0,25.24716140592266,22.010638739691355
1280,0,29.582882880122845,29.47638892396674
1566,0,35.20392683365231,30.770981115041998
385,0,24.18062122527512,23.249677259294394
8317,0,22.625378606086564,21.48752028748436
1132,0,20.608276575561487,21.473346975913497
2118,0,24.529658725092027,24.673011572714287
6779,0,37.02230046070744,32.74133743929153
3479,0,21.512795744544466,24.299363330283207
5536,0,34.33523651107981,35.84820762843561
767,0,32.872143281852644,32.159426184612165
8054,1,20.901398685983605,24.89686495915585
3560,0,40.679882219063515,35.24685205667792
6559,0,31.943836072643904,36.59786939013507
1775,0,26.02421379118885,27.892405313571217
9743,0,24.372621780062175,22.765873119142157
4739,1,29.422473492730315,29.027205459113873
2295,1,22.986996547839546,26.21485565857465
4340,0,34.17015013078978,35.3913293145021
9831,0,20.34666563199101,22.243581530639243
1901,0,23.29670208153615,24.581385153577372
6595,0,36.67423403071705,30.099500623463758
3885,0,26.146026153923593,26.030580689981374
2720,0,21.810478807899504,20.933585691905236
7175,0,18.73267828336849,22.438907686067207
885,0,27.74892485650495,26.617675474436478
2311,0,30.392125843736405,30.70368629045697
7081,0,32.42098898442429,29.24204616552152
6443,1,26.2615618414228,28.16758945586309
841,0,24.81341448904324,30.39068034239041
4572,0,20.183299717027417,21.099918281964587
4586,0,27.6923062765957,22.96599241634978
5898,0,33.309614914362264,30.689918507958012
3192,0,21.905701761385053,19.977706976684356
249,0,20.850583701294873,23.994049193444443
6633,0,21.19235165104577,21.347326745026137
9778,0,22.442905742600622,23.48689396251676
8657,0,30.019373754330875,32.158293194774686
8581,0,40.614096528943406,40.34377267250868
7368,0,34.94335813645671,26.624386319173805
7350,0,36.15278505217102,39.48996701994782
9172,0,38.498788836071554,35.23235380605475
4978,0,33.38457292340981,39.60746910721691
7705,0,31.67187882597869,33.91749305101718
396,1,23.303436981853306,24.805554920417386
4172,0,21.398621919620048,25.58821014179945
5385,0,24.6536183701681,22.1030565118425
9332,0,24.34536657711529,24.728235967356333
4369,0,32.82918298802439,35.120386763846106
9527,0,29.167054851308222,27.22443709172303
6329,0,35.35682596931345,32.06592683826518
3763,0,27.705339477956574,34.227879139130984
8860,0,20.403755710272772,18.303445062456017
7069,0,32.15422788923321,27.748525704677487
6098,0,22.99974810142783,29.95500778582896
899,0,20.064661412902474,20.11080225706522
1650,0,21.652037352765078,22.719269600402065
7577,0,30.383399851996845,31.402191231436987
2795,0,26.233928485227977,26.181801175261228
6367,0,27.433008629035385,28.12519081948589
3993,0,39.74308632944802,33.89698665875267
7155,0,31.949745665348992,28.88226344346176
321,0,17.378739487451163,17.48218741373207
4565,0,16.83978366617147,17.59465533977324
2919,0,26.004853693255598,25.253540036350376
6079,0,19.96444555012488,24.147867447627494
578,0,47.26906443411348,40.15196695269275
3603,0,29.31576959875836,24.38978936519802
1942,0,21.546033368472006,21.210675315515267
9470,0,33.543520816452066,37.08360815047458
2572,0,27.41670599555264,25.30061902491043
9070,0,27.428284859315966,30.03484972691135
8930,0,21.428616508728876,22.198025906440403
3824,0,20.451155624660416,21.65738654068345
2387,0,18.25699755546758,18.72653526054298
5050,0,23.5775404864449,21.71712319993928
5904,0,30.222720776782257,31.908936536260846
6640,0,24.398424709881983,23.2446287812566
8717,0,26.871500923334164,24.452557686250845
5847,0,23.680771214699668,26.543865223117855
4049,0,24.651809149110722,23.28799384683794
4901,0,19.78581345422343,24.303837092964777
9815,0,28.75427890945961,25.455284054180897
6164,0,19.173117807683138,17.717387790682782
4040,0,23.051779221508774,23.150499514976033
7925,0,26.33180613966415,22.306608034026503
433,0,32.417190424458894,30.14348477162407
9607,0,27.188990577737286,26.485535659717264
1764,0,21.7654670491009,20.53327254488007
7420,0,22.757924701044278,22.97422677568447
9150,0,43.805747607256095,51.21393125991129
7508,0,24.622202144194645,22.491322592913143
7313,1,25.89914297033301,22.163616103063895
3852,0,23.386768753762773,19.751496445000377
7867,0,27.821679106591866,24.27292157739933
2910,1,31.81181571835,33.095853707341256
5580,0,35.38288652408717,31.41510331715607
4986,0,33.36335066547968,29.267864230296233
4891,0,18.887109012714756,22.115680856406104
6397,0,17.64600340440503,19.18631437769413
1463,0,23.851191926772277,25.257443442696545
3435,0,29.397711047601753,34.67344523216742
9473,0,28.747943513927304,34.24810614226095
3289,0,28.766013673241794,29.87979641489072
7967,0,39.768938470687,42.47577671146345
7968,0,28.665422110374607,28.34641438140632
4453,0,26.258747852964905,25.94035883955884
2955,0,24.224478628860886,23.267393343799323
2604,0,25.29302550109094,21.185099018412107
1936,0,20.22511331651946,22.70305242164982
6577,0,24.594592493234604,30.29546308729639
8659,0,23.138028073848293,27.331449283394033
9960,0,23.890863454986018,22.231231679155293
8066,0,27.354925079377647,32.35422526676172
2514,0,31.34611028943499,29.570311765161836
1686,0,25.40430529143977,20.50471580728476
1069,0,27.660935869291404,24.298532701724223
868,0,25.697289435394342,21.98108551165441
517,0,27.22216827092921,22.893891925663997
7579,0,20.875213663205344,21.756020150356143
6089,0,44.09015513502494,36.17144976542876
481,1,30.492095972775765,27.449559397648088
3265,0,24.370521350791385,26.686616774554196
18,0,22.55103051669253,25.58088526771558
8154,0,30.63500718523585,34.51682018689613
8414,0,19.278120668526313,18.36318483483108
1908,0,22.488665892833108,26.209854116219415
1726,0,23.028234119246303,22.127215353469527
1968,0,31.70162239030836,29.124266601962926
9853,0,41.00154569521447,35.23383593965128
573,0,30.022923833613177,29.253061614132196
5783,0,29.763628823063357,33.769039070892624
6602,0,24.03758973117973,27.059843796938807
9059,0,17.886359230471665,16.655724856258498
2050,0,23.063705150681688,27.047310117518798
2310,0,27.08593781416655,27.80662253144938
6285,0,28.237883262569827,31.392804290181594
489,0,35.654288082513574,34.13040042727256
7131,0,25.755273068160516,24.289125667897697
9179,0,27.972093721275165,32.6504304930975
5411,0,29.41144937344364,27.288488531490202
4309,0,24.329845487106624,22.924640274548864
5012,0,30.770181932276504,28.063235570153413
9800,0,20.695399553126432,19.372686129182526
8615,0,25.47416001335364,25.37344404932409
872,0,27.094987719545227,22.577845220837737
7693,0,39.37315227727051,31.033055953508963
7953,0,21.20208559983916,20.802503680985733
1299,1,22.41397705306585,21.621002977610917
4693,0,22.566570616581135,22.457279731672664
8760,0,19.781648781820728,18.897395215020005
602,1,25.853929176151205,23.617525423920064
8181,0,28.163332730503654,30.12743547548741
9394,0,23.770574117208895,26.118247399913635
1286,0,21.596303913026134,18.8055448086905
697,0,23.768334990137305,23.692155579759234
386,0,22.479201533902152,19.87129478782339
1365,0,50.407753829621925,48.75500944424342
6912,0,19.605715859792873,21.40672497725893
9080,0,21.550701412295307,23.449673555436878
978,0,33.86667141688405,40.86129002867448
1313,0,33.10756769950027,39.654530166367834
1342,0,28.40483146865571,35.62875963594039
9463,0,26.85108856287681,22.11404533935741
6313,0,21.239622450984893,25.636371030526565
821,0,21.776232656373267,20.202736660793786
5927,0,21.242149725720527,18.780448769771663
9246,0,36.26890125567432,34.599252823475446
5547,1,27.61340690183849,28.847838738428436
8186,0,43.663257659219056,42.42103696348652
9605,0,27.86034339737981,24.77249235858458
3007,0,19.553499797960452,18.719759468340193
7337,0,21.43851799916092,23.141370784439797
8786,0,26.095948662561785,34.489374506907986
3638,0,23.12658616330382,25.089179727530855
5869,0,34.370124071740726,40.556096255869676
7581,0,28.529520724544366,26.41737814046302
463,0,25.628005226624463,24.555428504117838
5346,0,26.261607408393573,23.45518726004708
162,0,23.83537775247666,24.118303052968667
5684,0,19.716165180124754,19.29662400429871
5857,0,20.59347051330552,20.084947417077483
9086,0,34.74013817144801,39.949428147663184
7955,0,29.59994096155807,33.11956462085353
406,0,23.404498499204536,25.91893719699997
7557,0,25.179143284920052,24.053125959208856
9952,0,29.764722866645187,24.38581345705203
6085,0,39.59834200272636,48.44096007066411
2096,0,25.01209419282604,28.04967458882883
4261,0,18.638683557507175,23.790784379368844
5841,0,19.512746884614934,18.99845652998243
5770,0,34.9806080788362,34.86719355741136
3933,0,30.792824195366716,31.012053820192257
7761,0,26.78734081517279,23.01893789216172
4524,0,24.737349882172186,23.344416138809827
1378,0,18.3133911370839,17.610559889082094
1020,0,28.365027215834747,28.932211450620667
8981,0,25.44155903752509,26.723530817181008
9326,0,26.070034876807032,28.999784916082447
8900,0,23.88007108084405,26.18344419497161
681,0,27.607145545841597,24.36675999063051
8500,0,36.84453054490132,39.59832446777017
8395,0,23.105126739661006,22.25699255046037
5733,0,20.48905975281908,23.431818215491873
6885,0,26.658981040448236,26.572815524073263
4628,0,22.951965326144812,26.73205673118038
7561,0,22.02397548207557,21.564695383761585
8624,0,31.514810019231007,26.413338249651954
5561,0,26.106005039581614,22.814415843503063
1893,0,30.596267832989874,31.9900141430078
2830,0,18.346306491032948,18.28224778307559
6571,0,22.863480811822765,22.430755918281793
3276,0,25.211886452259805,25.013260645221568
1322,0,26.279813675393527,31.986200943278266
4155,0,25.520154675635617,28.29152617205096
2064,0,29.951088276812534,33.58545643653393
6586,0,25.459991761329455,29.83860468892652
5574,1,25.994545387338935,30.503670619333516
5484,0,35.99336990378901,33.25786400946396
3113,0,20.04876194435045,22.919895185842233
217,0,24.673472535137456,25.422592551495057
1125,0,29.84949160659822,30.307559007004823
4581,0,35.92818326212685,30.44577514104733
6420,0,34.01195631048059,29.567759083690746
3002,0,48.21125156144251,46.56372927583024
4462,0,21.426780981334502,26.918190483492335
8617,0,35.315949115743805,35.63658511174847
6312,0,26.20727671111251,30.18578007625039
5510,0,19.595224658709917,17.91518461738454
1339,0,41.386725179131396,33.98764088095178
2559,0,22.07893459839007,23.421218771782083
2251,0,29.84368259172985,27.47239359419173
2457,0,25.55006131142993,23.37442921877022
6310,0,22.872279518733123,22.769054091719532
4017,0,20.32338573084057,22.91540894144973
3899,0,38.77418846416857,44.4996570683799
7380,0,27.334426694999383,28.24943453138072
8161,0,22.187952076361665,25.212158286145094
8889,0,21.230207634644554,20.317122522214095
3898,0,19.2207022913187,21.00556380619449
9777,0,22.354628643878534,21.052487623232977
7244,0,21.675211953246674,23.772752540615414
1312,0,27.739981857045002,25.80746498270352
8034,0,23.812007601176692,23.776635454806446
5982,0,22.050418722919094,20.91407707027777
3878,0,27.74442436672702,26.695232408642198
5243,0,26.568999081791006,24.808697192663363
1988,0,35.791060534060755,28.57718300242464
6261,0,27.50337250411049,22.14939797861544
693,0,18.580765622314164,19.757340272099462
2678,0,18.585465359865353,18.100644234038995
6332,0,20.359146311253426,25.049838785515476
2121,0,27.558866657979625,31.333940240716977
9538,0,26.710431319281295,28.296474579154115
3326,1,28.368437281767488,32.968407091876614
6298,0,24.41738203109372,27.758602494285853
3370,0,23.91764188183969,27.89134282367878
2701,0,30.092434938555858,31.858537450311257
8764,0,18.070476004537866,19.220692877794967
2700,0,23.653254899291092,24.924120697632954
4220,0,21.018796128193934,18.225333266671345
5950,0,23.66577493535991,26.412497419814454
1673,0,24.427423910195635,28.705172726243916
5761,0,30.972072083360548,33.836155767526776
2174,0,17.774395360780087,19.41028452411654
6116,0,20.681388084149695,18.80101763939418
2131,0,26.627187211741138,28.649458351748898
5062,0,36.08259423603812,37.525838215538826
9415,0,23.83481757910051,24.030054081315832
8977,0,22.50740281519708,24.208768737324664
1805,0,28.281420849045727,21.80858681397147
3735,1,25.204514246421798,23.624597652621052
6838,0,34.74284135899352,26.06590184732198
9357,0,23.11138857185524,25.835466998379996
6031,0,24.127116104066783,22.30011857942373
7474,0,33.73732309072386,35.41859545040616
7688,0,46.866863962342244,48.8539863467199
9535,0,23.95571975896766,22.87060505951389
3704,0,25.56972895144971,29.649188698650455
1327,0,23.11903800112579,26.997638770657304
9986,0,23.477688348756605,26.500305645571796
2495,0,21.04967534821305,24.002113892603447
6773,0,19.05267134615482,19.444421008737645
6628,0,18.418129793405306,20.68301460391246
2358,0,22.479034164479604,23.767944275313607
7837,0,27.819573666550756,26.660948302329114
3412,0,28.387106496058877,23.815551718169395
933,0,21.07952922946146,21.664325416650037
9542,0,25.68045493119002,24.905505458750884
5120,0,20.399686833923546,18.945817619986972
5632,0,29.8481404726695,34.7960142975322
2687,0,24.3752791620483,26.01135434209943
4538,0,26.178615869105094,23.714874846379303
5973,0,33.362407005346675,36.629325764610115
3876,0,30.677759026420244,30.654451450374285
3949,0,31.205924748124637,35.65616109517305
3749,0,21.724125050244105,20.084159983553786
1717,0,21.305946626371487,25.672344060947133
607,0,21.57203406581089,22.12963464758286
1923,0,48.886086512263006,38.77657465267958
7202,0,23.43983937392367,25.268285689574046
9982,0,23.738775348594817,28.475411784869628
6160,0,20.8439117587058,19.083923196637343
9557,0,22.25005905089417,22.41490712347673
1858,0,44.57293239128893,55.935966707972696
8249,0,28.09590800582991,34.0695048487392
438,0,23.520178728776177,25.71604085952117
7263,0,30.02882099691089,31.707643675314312
378,0,19.697682796248714,20.37097286137438
2986,0,31.598115610319198,35.897054276435476
3077,0,20.239406834341395,21.897287534846495
8472,0,20.653670534347146,24.625192999976743
6759,0,27.131273093710746,22.305807347134262
8369,1,31.376411583113203,32.073262166312176
8733,0,23.016879621796008,23.45782017332301
5218,0,41.26549466977618,36.067708318035685
5531,0,29.882064133615028,29.289414522603188
5852,0,26.65906268956248,22.827470892952462
3903,0,22.629894272922826,21.04003293368305
7628,0,23.343896348381342,27.971470111385155
1625,0,24.040694341609385,22.53428254461343
8042,0,33.68611371186156,43.7688486958105
9454,0,21.36395032184379,20.841176900658812
4447,0,24.324920758073844,21.046036178925778
9576,1,24.645151699271153,21.69554292301578
3725,0,24.153596056946537,21.55070927874622
9573,0,22.803417774198483,23.201178199085795
6729,1,25.44036395701192,26.517830615578873
9160,0,38.141555457153345,48.7092569990844
2417,0,30.5748886489312,33.58875776080338
1269,0,27.503628602420047,26.843031675241626
6722,0,35.79411764588524,37.76869678182218
2525,0,23.013460935262707,21.306746923595284
1861,0,25.4456741891659,20.748191184807816
4627,0,40.47428351855279,37.02572079994152
7359,0,34.76867750761969,35.653767789722636
3219,0,21.260416030999206,21.70250076746076
2229,1,35.348284297082344,36.72650465321923
7790,0,22.547053129844855,24.335179816059824
3193,0,25.674819062403742,27.299923242938807
8330,0,28.634101102959686,29.60353359254392
2053,0,21.133683432199224,20.283509174333457
9375,0,35.703003941987134,31.151380640804415
5691,0,20.40560495429344,22.808326255512227
9256,0,25.748439541056516,30.334890322995967
7449,0,23.32046273483389,22.670101114386004
5900,0,23.076857957452646,22.17009842231815
6301,0,25.352223203673763,32.46916527422168
1544,0,40.66719096167559,34.38303578601296
9550,0,42.66032328338924,44.63464074514169
3261,0,23.99388267099381,21.088469142621168
7915,0,19.31276964909104,21.661406615888552
1687,0,33.38949785793104,35.48868625542127
69,0,20.729255537243652,19.77444289286882
9642,0,59.33752361932293,61.83969616399998
2373,0,23.54888462165461,24.216540769100106
7855,0,39.29677207864843,32.768785028800025
3942,0,27.358537999364565,24.508113298554573
634,0,31.99961780683901,38.382217590225174
7366,0,28.035672094846962,26.50300219077002
1967,0,38.23473938585257,35.54913727070944
9976,0,28.192621089912084,35.79240089067519
5177,0,31.89946127881341,38.29322402628176
5696,0,22.232396751445982,27.3113450902786
8475,0,24.645912562499895,30.121968599864307
4397,1,24.624742071641602,25.058969309506782
8420,0,22.499627315933072,27.102962613360763
4248,0,23.283366111524497,25.016728942854677
2548,0,26.752065013816704,22.35837998227652
7809,0,31.98299370849859,26.677885027548164
2285,0,19.452516188166545,20.769365852349956
454,0,24.86800628727576,21.101983492554233
3772,0,24.763359678712593,23.542590051883614
7394,0,27.77111711362922,25.117302495029083
7650,0,22.088347749217398,20.077569524738628
6857,0,22.204112600114847,21.218496289268916
8025,0,42.06655889586276,43.65911628737316
7300,0,23.231576003126374,22.424874339983145
105,0,23.385757512342074,28.332183257914274
5834,0,22.823077456551538,26.49528094851443
7222,0,24.635477449526242,27.664708196589164
6976,0,24.421345643907816,26.797011057938228
4084,0,49.87246826837219,48.44130967040258
2618,0,19.013153480629803,22.334507403878366
6353,0,22.227711384029536,24.037353749133764
8585,0,26.214256333470907,27.55162029857246
9105,0,34.57799710723599,28.827768267993324
1729,0,24.61216303721597,23.950015874478233
363,0,28.83828726408092,39.435587242691575
7034,0,27.503393945398507,23.878608473223984
5272,0,19.30267363504894,19.85741116094422
9712,0,27.68708231945064,23.264924186507184
7306,0,28.144570310020107,25.687844532122
5775,0,19.59635226792786,19.582349057219634
2860,0,25.862657112078004,23.332692993485672
8739,1,26.229146746845522,25.8916903025646
9950,0,19.49053133471354,18.786962671858078
8116,0,26.720672703040485,25.925348251399335
7917,0,34.74921690746176,29.862369141358396
5657,0,26.873902777239017,28.238306610211
589,0,29.57942366928271,33.32588207776965
5465,0,35.31163559237017,30.884915914771153
5135,0,24.755054837362845,24.233096587183347
5171,0,21.315011613760277,21.09822706570024
171,0,30.866362712852613,30.28280429538789
5433,0,26.691143003784315,27.948758187253297
824,0,31.23935863895732,27.96882470960004
1724,0,32.58167518819644,28.00137553563274
4395,0,27.190035387410372,31.3092745579719
8000,0,36.35478289750618,38.1116401185039
7725,0,34.1209250597557,44.46746653948343
9549,0,21.287842589026127,19.69821024254718
6913,0,20.896819877822317,21.874782885905407
1903,0,21.15671991583555,23.060503266812265
1464,0,19.775351525596037,19.417273424769796
9020,0,21.68521561670792,23.900312218731344
1145,0,22.81187668981822,21.04277644432796
4118,0,42.207502295355255,42.9291071704561
8126,0,21.677319018678478,19.71002857643672
6575,0,21.205873131528207,22.40052846094784
2970,0,24.887837228403903,29.204264705109928
1465,0,20.641445993866046,20.467524313517902
5499,0,27.824481573243077,24.898212168392345
6617,0,27.295646610609296,31.30240405981245
1741,0,21.95311856792073,25.3278217296892
8283,0,26.62335376820952,21.91841275894769
2623,0,29.22010105768793,31.389554539401185
1359,0,34.644831305518984,29.68313063351371
8338,0,23.64956446963597,23.82860946440511
2448,0,22.47666139813581,24.126039578882498
9154,0,22.67685963987548,23.77556046206741
4073,0,17.521544242095512,19.255538644331278
4016,0,24.823934217423545,27.92844599263223
1670,0,23.944395549254228,23.113363637888863
2009,0,30.43648484412259,28.187641914578343
6439,0,18.681342415879666,21.63942178782876
1829,0,22.093716665514513,22.2232346931476
4558,0,27.670932869809338,27.773718203173814
7258,0,24.771508419563038,20.48962969389042
5662,0,36.954327692709526,31.314667322457495
8716,0,21.352188118819818,22.099540756765553
3746,0,24.414212041190016,20.41858672619133
4945,0,21.592390239143143,18.464793857079638
6862,0,41.944690667798945,37.92312145680028
5928,0,24.992922889441836,22.138180826399022
4991,0,32.26077512314596,36.2516782940591
9631,0,29.99260287666937,26.64690129960879
4675,0,22.866654821143882,21.034053555598412
8975,0,26.88439608051844,23.45103682272595
2832,0,27.907693553047537,24.89415112034772
361,0,21.484329439475243,20.29737145122835
3105,1,33.98481766183073,36.29860872176798
3829,0,25.991587362269343,31.704034756528
1453,0,25.52285487706436,24.574645889597576
7042,0,26.549970916717335,27.526935026728395
7328,0,33.50872452586475,26.549016328892343
1317,0,28.057106966186144,26.13826464181514
5310,0,19.528305227683838,19.38860316218066
9551,0,30.104920459318436,32.730458747775636
1962,0,20.200760738651393,22.104410829701678
6351,0,24.824031887985466,25.03168975879512
5720,0,38.25645544278372,30.81057341061111
6091,0,21.21196887526979,22.83876810360318
3173,0,21.602989375349765,26.562748954453838
2184,0,28.801826759792135,39.39993666626282
7411,0,38.43286519422463,34.39725861406015
985,0,17.87479522297496,19.27264230425985
4123,0,18.956772049603433,19.692243450641197
7006,0,30.65192982226547,31.802245861865426
654,0,32.56121403288248,26.56772052900102
1541,0,18.4938569368314,21.605608443412763
7527,0,24.024913659788528,20.475077741655102
8656,0,18.94641881133692,17.283506587457275
6280,0,20.945479554659077,20.055220278072373
221,0,25.004524813273626,30.968258838901082
8151,0,27.13605975783342,27.668663281510806
8278,0,31.377871719957284,32.84914340083347
1725,0,24.738111874540106,23.0917480741423
9951,0,19.855919312475027,23.097226379345134
4818,0,22.132983281281128,21.367028032707214
8187,0,21.03399327181898,20.213953007356125
8570,0,27.05512745057107,24.710024472807493
4516,0,24.886364900184205,24.29805219809859
7120,0,24.01343053954241,22.358820252099548
1017,0,23.350575169558528,23.954656872697793
9895,0,20.972711093968968,24.556136451035552
8710,0,37.77352753276696,38.58202170271677
1255,0,34.598073958437055,30.35957720479335
8541,0,20.793778770957218,22.004030547548204
1712,0,42.6604575986373,41.489249719939544
2900,0,28.438121297142974,25.72108862211572
5487,0,22.04540643545735,21.297105986136252
1406,0,34.26860350700247,32.139657597336225
2226,0,35.296916289880805,48.48905958084358
640,0,25.446471013705313,25.822650351649585
6193,0,22.54095652670206,20.970890152030794
9531,0,37.82529532140425,38.46054651009324
7253,0,24.773050266822118,21.336448123674792
530,1,30.198851741263876,37.05887153619149
1582,0,22.02332708168804,20.46526829983887
649,0,26.1514425092089,28.43709062477815
7730,0,26.455525085024824,26.29731123474704
5204,1,30.89755799116176,29.359180445482124
4711,0,30.200287464904783,33.682944984971904
3648,0,17.16933375276073,18.184466460469476
4150,0,26.299345869078504,34.031420917019425
8695,0,33.50699931831947,44.708288007201425
3507,0,33.131066897640196,36.58942383891089
6510,0,20.649087593288602,21.024984836908295
4367,0,25.588033810631654,25.27058420450381
3251,0,34.2699022936645,30.26172252540501
6562,0,23.331518579147886,22.74548004434358
7079,0,40.035492740489296,32.941575081398504
737,0,34.348111055295654,36.42012839771944
5236,0,20.262831903267013,20.694812760465464
3964,0,27.2343892777025,28.645145593374142
3875,0,18.38412260620556,20.466409533443272
1375,0,20.517248300789042,23.405809118986568
7804,0,32.742145952992885,29.68469146862409
7897,0,27.628749009045805,33.94390010738358
325,0,31.215700972266465,34.74210976854946
9716,1,28.550175113924283,26.742719410004852
6939,1,21.630046153871156,24.453082787845474
5728,0,46.92090600302356,37.74139927011936
7814,0,18.13390816993832,18.262823697314833
1202,0,27.515657712092903,30.332943560015053
6611,0,19.193104213172298,20.635181834760907
7265,0,21.94806679524882,24.183437325366153
7734,0,21.765898933800376,25.632131223652312
4700,0,21.768680637340115,22.146011364557047
138,0,41.40326279032487,48.706012621252604
5154,0,21.779041356171884,19.035260453667636
4833,1,23.737376696891506,25.326070356426655
6108,0,32.08196003932291,29.848021853115135
4131,0,24.06730483853587,20.256854395039547
5319,0,31.162865124158714,24.531843075584355
5351,0,24.918548840787484,27.7134285640864
5224,0,30.024184204276892,29.60395249159127
864,0,22.723214222963033,24.22850600177523
6,0,42.67260525674144,39.082610735014676
5373,0,27.68797961857474,30.746673858313354
5582,0,19.9679015781198,23.045403518065086
6677,0,20.739836327710773,21.462564042680153
8546,0,22.92742487553263,21.838038152959697
4875,0,26.104642336305677,25.42470562131851
8138,0,28.15406671713644,26.58558712670118
5884,0,18.489183716025213,18.706195713394035
3937,0,25.679993816274997,23.422468397337948
9223,0,32.49853051947491,31.128135094892837
431,0,30.43138577768122,27.522675695065654
1285,0,24.560866875904004,24.678366952858983
6800,0,25.48663971363159,27.53269098447274
7439,0,26.3502026546578,34.027949627703215
814,0,23.195709058928195,19.20186266027181
9730,0,17.08823493029122,17.26843079582496
1002,0,25.106565102337377,21.032214466157953
3677,0,36.816073648496165,30.664676617802833
302,1,24.57104753401634,27.111574153771603
2895,0,29.199349547498056,31.279592105122557
7039,0,38.47461843945107,37.49694678333552
5391,0,28.33836269498677,28.282847939534104
4429,0,32.05322709783826,29.204519319848636
3653,0,29.098592720175045,23.874744386381256
2081,0,28.826183077399577,23.891014839036565
9671,0,20.045681203779463,21.758177157668214
9095,0,32.12987223088189,29.005899483913637
9674,0,19.39100998924287,19.837035493331598
2692,0,25.4621021640765,29.10053402173079
1977,0,28.4151715295226,28.340919261129496
6950,0,27.67273848585482,28.661418775166485
7181,0,31.72756340040749,26.528962079852054
6236,0,35.258641823260064,33.499760090175094
3307,0,24.18353314005056,27.920627142891295
7520,0,24.25326883536531,21.71268893640574
4317,0,28.243809326640893,24.56758393325402
1593,0,22.644090289317347,27.67131979750771
5001,0,34.216338305341026,35.97402291710365
3718,0,30.848882628545603,25.65975018353152
4223,0,21.563017217008436,20.428906654221457
1801,0,22.836123411770643,21.093858690012222
967,0,31.73525961028217,39.59192035175289
935,1,33.21818161932677,30.16513002854051
7829,0,33.22453404089595,28.560926084554733
8650,0,28.995726538098324,24.337125565801507
4279,0,21.520026629824386,21.379099421853322
1929,0,30.904828176595455,27.29547124997462
5614,0,24.245053443800316,27.687353560411346
9569,0,27.61305080408156,23.15795525067323
5780,0,28.877200450541824,27.56900944758223
6777,0,31.41466844527391,36.953319939520284
2399,0,22.24800868798503,21.35739928414498
4106,0,35.55976717069291,28.123255522219797
3835,0,23.007912579976168,21.892838434088425
2308,0,24.34089856644001,23.351893621397913
9374,0,29.96202230259439,31.40794326169085
2626,1,27.70699907230656,27.266751315905733
4771,0,29.37955819208658,25.92031582846379
8030,0,25.00835410529661,24.667696073970895
1344,0,29.06704248494094,28.119465873399484
6335,0,34.9749298596145,36.8860278406163
6238,0,23.563298862266628,22.436904323294367
7286,0,25.98761116511537,28.91529327190318
2153,0,32.123137883366276,28.644572165967467
3540,0,32.07903499563913,28.38955486360524
1656,0,29.728209492783908,24.332255057989784
5736,0,40.21272824228258,44.240093538610864
1418,0,44.36505186012441,48.47328522996262
7998,0,24.120598716961315,24.1652216569188
1467,0,20.423948627361533,19.73430161871194
1426,1,26.57180946345165,26.639664403132546
7625,0,27.66726543229982,29.42257928046147
8063,0,21.357072960896147,21.70469256901248
7762,0,24.170902486974136,24.93569971860781
2999,0,22.322347409518898,26.52866274331995
2853,0,21.232050258828185,19.506077592247582
484,0,35.06218463390822,31.497414752370666
4725,0,36.63983540113743,36.80593933571613
8439,0,23.820005566132302,21.891705630609295
5003,0,27.89527134979344,32.087415366776135
8753,0,18.31700031714926,18.44231249315717
8926,0,29.978728642773017,34.08810594554837
8036,0,39.81672193732208,43.79651953100389
8121,0,21.266709097097216,19.226819022203028
125,0,24.533070910725822,27.111262925131633
7148,0,31.945321383780705,27.200704817130973
2724,0,35.61578062157256,38.8900957518765
9077,0,23.220462061674358,21.55088701192822
1152,0,29.467748221405568,35.34855648130033
6232,0,19.1949646555113,23.115617770585228
1211,0,22.279748642079717,26.754444016850854
9058,1,26.294906400689854,29.001775193304848
7965,0,22.16117529861362,24.393940877831874
9391,0,21.808571505769294,20.433523774642453
3013,0,24.899860849104307,26.648825820333677
5275,0,23.275988820385773,23.362087824512727
3081,1,28.092808059739475,27.074696272308977
2122,0,21.294284443975986,20.06615379517535
6936,0,27.74991374766513,31.216872855301183
6717,0,23.558702093526843,20.832763892890586
4256,0,18.624152306509554,17.91468327428064
2234,0,21.014009993794225,25.567892109748776
488,0,24.91793185479271,23.688105335386723
729,0,28.037317388599426,23.13146759614316
8039,0,42.517353534671415,37.54870668689179
5828,0,32.19981326959753,30.390839973684244
8055,0,23.824710559506634,21.23986774165766
8499,1,22.0547550156754,22.695934481982523
989,0,32.29254808226269,32.75789482741166
511,0,32.5595054655493,38.69837754525706
5978,0,23.782304795217158,23.037221436345675
3894,0,23.540848381552475,29.83901094453943
1672,0,26.267460552200063,26.834175967729546
8430,0,20.63998702723243,22.782115006743894
9116,0,20.472910004333595,22.092823248426203
4830,0,39.12921052810185,34.370362885595306
9679,1,27.165514198130705,26.31978475375792
644,0,28.455571575758658,27.10884308381197
379,0,22.426166702281392,22.874497402299074
7815,0,26.163272775228776,24.417957767325383
9946,0,27.585192321133533,29.00538941968717
9075,0,26.632878786641427,29.657479277008093
9413,0,32.52724018523232,28.238914090703425
6639,0,21.728035877900794,19.818483247165748
5497,0,16.903262037137402,18.141309512684632
2747,0,30.696293602204683,26.711692434529073
8344,0,28.62876246909042,25.851741037605542
2850,0,32.67276953125949,28.370333171946346
5832,0,25.264573583992107,25.96432735873847
7963,0,23.81214942066986,22.460735458519437
7886,1,22.027505051596044,23.865609802872527
2465,0,17.03277899471385,19.96649547814876
2030,0,21.152704248275395,24.72310136194734
2437,0,27.42228987680085,26.624803059196434
5435,0,23.031592259932147,22.706010469255496
4849,0,26.63492635242802,28.823867394739967
7838,0,28.022686054041074,37.015802473853235
5210,0,19.951606485081623,17.84032503726685
5429,0,42.332550232293585,53.75792472827489
2714,0,21.605763023454955,22.086289391645813
2798,0,20.262335418589497,22.151649972716353
411,0,26.016496507002977,28.06904318182633
1913,0,21.906622642413385,23.719264343616505
9010,0,22.046711143323336,24.427652357220605
1884,0,25.9287156661124,24.894671826118657
4791,0,23.840841353173477,23.69109290144509
4836,0,31.389605555661742,26.59430694027071
8535,0,28.903153719473277,26.670488122628974
5269,0,19.698824893553102,21.4060430817483
9292,0,19.14319099368991,18.832282448544465
8410,0,19.266267995946787,19.647748497109504
4476,0,24.72767945898124,27.885291862698878
6234,0,19.20739802640695,20.159427969640205
1381,0,47.89984271562713,41.064290455236204
7593,0,23.775401149391826,26.960776005952884
2262,0,27.90682917196648,31.08290295966119
2988,0,40.09978974321416,37.11811103989137
9654,0,27.24730117430027,32.76658243557181
9655,0,22.473396471131856,23.450336746816493
5,0,19.49064579781464,18.91556559677748
6035,1,23.79039949301575,22.588221727371554
1897,0,26.193539929472568,21.892921925504652
36,0,46.05238545079519,45.45630446146433
4937,0,33.22817595266909,35.09549004276538
4376,0,28.56142292442312,28.64898530075781
7932,0,24.593077536664314,23.634706656743724
2759,0,30.675219943355785,31.56994914038311
5459,0,28.633317434201434,26.083266393326422
9335,0,21.78624937834861,23.031752530133517
8755,0,27.63006924338617,28.146044731755094
6235,0,21.6704195525206,20.48840890559295
3719,0,31.66936137006706,27.09173908489235
829,0,19.823995459808696,21.26647617697239
8005,0,43.80535052375034,39.12521273702501
2998,0,24.816235346321847,20.719934492742265
4634,0,58.99065515148026,47.219147015662074
2450,0,23.173269822209214,28.317068661516483
2181,0,25.98810955157703,25.705486363784058
3126,0,24.595613669954908,27.64126966897672
4882,0,27.17615816099523,24.382947776117092
2696,0,27.145143073139252,26.433038047777817
9336,0,19.19591273503551,22.167062819591926
5872,0,49.46391948346156,45.06899371931756
9523,0,20.893550108217877,21.83879142147781
28,0,24.17328282874722,22.624921647517475
387,0,28.94400725309429,26.944161986997138
5680,0,28.133871798469304,26.564159519819835
3075,1,22.12693572544336,25.73081984388023
4992,0,21.383310876645726,26.500531553897666
5844,0,26.24209544815942,20.197377893104814
2706,0,25.827741422111348,25.736979422855047
2401,0,24.582824746135046,21.530824895617222
2039,0,31.876926777254152,32.140914218832854
6209,0,19.962367862294975,17.833202216354348
1172,0,42.64437065879309,40.455670137306235
3207,0,30.07065520588791,33.87220290530754
9177,0,22.24004054999956,22.016329480956614
5458,0,17.139599184767256,17.0131616193029
1918,0,24.260036906063277,23.482000389929876
9023,0,20.706534807975917,19.930337928524114
1075,0,28.256933190815666,26.209680569798117
6229,1,24.42099229542129,23.123149277274575
1692,0,17.59860551690841,16.8974262935195
5183,0,28.793445251957554,30.82763149223684
708,0,35.790638222967324,46.406714734314455
96,0,34.37168733376712,29.06045544700354
9758,0,20.218993114227054,19.045200041849952
863,0,29.21884907385472,25.85056934866057
9717,0,24.971363448652387,28.240817801167395
2858,0,26.223419489967398,21.633539437849205
3910,0,31.2083133905132,34.195585154638486
9428,0,32.19851428226552,30.946203084336773
5975,0,22.586830728859066,26.36656398734349
7727,0,26.1398190103754,24.87897369363744
4166,0,22.48882484157934,21.98205200134576
2001,0,26.844175451812166,30.85005697798659
5974,0,41.4720717320468,48.180253190187756
9114,0,22.669691855635477,25.602703118818667
2250,0,23.5308328764746,24.366159035881463
3714,0,35.7385657710735,32.58922229091165
2072,0,26.29898059135618,24.06609968452837
5342,0,22.571836288914263,21.494846791130712
4784,0,32.798119799029756,29.290857185821135
2679,0,17.345376452369287,17.586266402777984
7503,0,32.91488952057041,31.41066454926705
5913,0,37.50259561135855,34.11481516335995
763,0,31.074594347991393,29.361955176815993
3425,0,28.750779710779767,29.5286620865814
1953,0,26.661112386524692,32.09120473843553
6566,0,20.07591739989875,21.630577463123608
6143,1,23.132831296965666,24.612334385624358
5125,0,26.511594238901278,32.06940954303663
7775,0,18.290041924011888,20.656797298983367
6969,0,21.575985467422395,24.69463163394967
6428,0,22.452895519594772,23.58758892076638
973,0,34.593087445827244,34.33847286372354
1843,0,29.1171169843339,26.185006140372007
5478,0,26.77898326528668,27.590606260649086
1445,0,27.44658201264988,30.00653376290952
6592,0,33.08812376763689,28.98729624307518
5723,0,34.225493355643195,28.125145193477465
9217,0,34.06187741404232,32.56433327863541
8726,0,24.08677089078265,26.852663755096096
3737,0,29.01455901902158,29.149177215765754
57,0,27.353637043884376,27.843488489876616
6535,0,45.12983445723588,46.58750713360926
4233,0,34.929544848365445,35.86575440891106
9693,0,29.454484234058015,32.42557941572714
6366,0,24.366721767594026,24.684550427157852
4072,0,21.351508452663538,21.560782901152443
3881,0,26.306672992933972,29.867253202627552
8289,0,27.428389932379556,23.134352618149194
5176,0,19.909753961464595,18.206911982272445
8316,0,19.61169951112643,21.200510917533894
9188,0,22.39400074578958,27.04738346941334
1704,0,27.93863076704689,31.34317453626694
4177,0,26.528025407896163,28.315818838941752
980,0,35.54689430897652,29.739629855853007
2530,0,24.965391709788857,29.02064241706615
4182,0,38.08583861002261,32.436307135100826
4132,0,45.165529937798986,46.24506650546652
6756,0,19.383218551808405,23.335839976092437
5888,0,19.94856977216165,19.418040464059345
1190,0,30.851690504884044,33.61903987674685
5367,0,24.753446786175243,22.96007954200176
9710,0,33.52475309865476,35.412528885748905
2676,1,22.496958619756846,24.740298267660012
8201,0,25.30378159775722,23.460313002078504
1278,0,36.019630167749895,38.82192814141208
8883,0,22.445678816703943,21.89269361519093
8415,0,25.183759866295826,24.32851740864495
6896,0,19.464007791910433,17.644701629683507
1240,0,25.833598707386358,22.33716458030426
7147,0,18.68702484132177,18.49946592716054
6412,0,36.263812341561966,37.911574239506244
8331,0,26.67583996294892,22.68436137403201
7386,0,34.61161441209554,29.924102240815166
4799,0,27.805499501478806,25.965954863713478
9883,0,28.02531277379331,25.46193523573602
5453,0,35.00579497936542,30.850100069343316
6176,0,47.01873953553857,42.28371814468445
23,1,23.385577262134106,23.234020730303772
4774,0,28.37073477302005,26.196801600636565
3169,0,38.34359388997673,34.34498984679667
5584,0,40.16123356692931,44.728761160456386
8822,0,23.606238726608954,22.4501227282508
2746,0,18.38204879689379,18.34916668484229
5779,1,21.802227064297295,26.958552805075126
3675,0,39.911213097662454,34.89795402573739
5390,0,26.49714861616883,28.267289136246376
9509,1,27.935397629925944,27.975924891267887
6728,0,40.637861416874244,39.165697477198044
8421,0,25.879937978324342,26.321680798948893
7778,0,19.63415523548967,20.600382379947582
2105,0,38.29125551711863,33.21144003239506
7473,0,31.602706661898196,28.71849553708264
450,0,20.427932425911383,20.05302390183072
4191,0,21.287155556511955,19.643766375273756
4686,0,22.626977636259223,22.008733309724633
9180,0,28.03421040545558,24.153804088588473
3248,0,37.98790629053078,32.84281552207835
8016,0,28.001285967942895,25.681667730233258
1736,0,23.726243462190954,25.044924425968247
6464,0,33.30577997971558,32.7043075814245
1520,0,35.45866934536806,34.739693047252025
8842,0,22.06833448640345,26.52383423558778
5296,0,28.732886807507214,25.28052472414935
4677,0,19.65375429164428,23.791343685221438
54,0,23.038626391592373,23.550934838005073
1042,0,22.587981587119152,20.891295704459687
6740,0,21.80207810721518,21.87519119853532
3504,0,26.05440660750913,29.714934841617136
5042,0,18.322263582067368,18.860454973198713
260,0,18.328699305046793,19.308155606786634
3621,0,23.859784999019777,22.47562995354086
4512,0,20.48703077079322,23.687791474434903
5355,1,22.322904429966528,21.11966475066296
7550,0,27.518929812693372,32.02325751430876
3234,1,23.71160615707328,21.60067754661075
1965,0,27.897180954727485,24.91722831349571
768,0,22.68721542224455,20.46024502696929
9694,0,24.61045422885712,25.27277055622044
9034,0,28.1068738437932,24.89319845446811
7749,1,24.041548659429992,26.472882717943957
9587,0,28.11397986235366,28.3947145800623
1771,0,32.96338739418519,29.762385178741706
6819,0,18.03924838218942,20.751719581003258
5622,0,40.74764064220581,34.0239558354724
7122,0,32.18264560728056,26.35430408728832
8197,0,22.422902799455414,23.15528559650508
2873,0,33.12447701840652,32.75335479743833
9232,0,27.100554659942038,24.3393451658108
4988,0,27.827210717719165,30.90277882903299
9307,0,36.0673730300546,31.434554985178075
2508,1,24.07438243063132,27.522490631162807
5962,0,43.524420891129026,34.17260397692581
1926,0,24.093661429974034,23.02191239229954
2402,0,20.63574827980365,20.334363292385163
4358,0,40.06453838287343,44.55278189536447
5890,0,34.13772217025429,26.13236674863492
7448,0,24.707888931126337,19.515490015862497
5124,0,30.510309900178424,34.897730742721336
897,0,29.991653620895786,25.457817028412503
3419,0,21.061043938035603,22.6207262723335
5365,0,33.3190824822829,27.616611261335006
1970,0,25.254251044606754,23.495792953416426
5014,0,28.257705065575177,32.993486990317436
3823,0,23.4184053136277,27.793327811270494
9554,0,17.209374808706354,16.986612516014606
2494,0,22.675098011755804,26.24910630654566
123,0,28.132031354821486,25.57070564398335
2661,0,25.49496541826843,25.602893393435316
1660,0,18.43326240522889,19.810630575807636
7634,0,22.17257240657028,21.369583389213403
7505,0,22.75516374344552,20.090450429396252
3048,0,22.036172391939587,21.960646823580724
6340,0,19.68736134346609,17.295390800888182
5730,0,20.961437216169408,21.140866540597504
9450,0,20.51024380888859,20.667740979813317
4101,0,25.235949660567208,31.68452908351033
1784,0,21.11503931825301,23.81440751276878
8333,0,33.00554927337343,27.834672719031587
2492,0,25.129742623213485,25.79142256442868
1828,0,30.72035808117595,25.640229588029626
5677,0,22.500007121735937,24.267576964027576
1604,0,19.43687680606037,21.42058380661367
9880,0,19.77554623960761,20.25389265198113
2842,1,30.086668643368036,31.22991744792799
6490,0,18.46724178796484,18.747216927398103
6637,0,25.605441852177595,32.501223846908644
5840,0,40.06033358880619,43.58788806419481
1482,0,30.46883406202995,25.54634554200842
9425,0,26.48720415569796,28.732314664787584
9869,0,26.635964705930355,25.456808996619543
9814,0,40.32536051386171,33.7695690739868
3481,0,32.234360139173205,26.163608620732024
6214,0,27.20093806854176,35.90836156298836
8326,0,33.12828990474986,27.04942631011286
2214,0,25.071118860161643,23.315210932691375
5361,0,32.50427574498712,28.40854057662756
6336,0,23.033315398763225,19.34920301127334
7569,0,40.93875456141224,36.84808950318798
6923,0,26.650614440037167,28.042031244219963
8105,0,29.866637121836945,26.461996232854318
304,0,17.49532953674601,20.450512931003345
8681,0,33.01694619735773,30.283141164211763
9053,0,28.730538320703182,33.466284049472044
5796,0,22.581614232368935,25.293896556485713
3967,1,29.22681355668123,26.174804067598394
6763,0,25.071308759401763,27.27733485531868
4486,0,18.642127474979542,19.428203582385468
303,0,27.104087844279405,32.52741692957991
867,0,31.076764303177722,25.599419327195626
6775,0,28.914425462190078,25.45178558960779
7379,0,21.619442479857824,22.025325777916496
4203,0,20.369730272287693,21.544700985704143
3547,0,35.835730907431234,47.726921058050465
39,0,21.2289492349367,19.207465354654605
7172,0,22.889182217070953,24.06440933327563
1118,0,31.84153184772206,31.72605642832796
1715,0,22.767353263046594,24.665688609857195
4994,0,26.0060262341633,25.067629230592367
4434,0,34.060092130661296,38.636185755076454
8367,0,18.512655626201422,19.77820761619938
5664,0,25.452627869740752,20.70566482023523
513,0,23.607105316017847,25.562020072751565
8504,0,21.59395401962793,18.86651682436621
3713,0,32.44365029389194,36.01358513414347
6610,0,26.991835947267774,25.217348975455955
6179,0,35.548788243632174,32.6666248444051
4842,0,32.614185802426356,35.73745635015273
9896,0,21.158358981740207,23.719179054065254
8460,0,19.865821560808996,19.199856270881213
5777,0,28.63947192241394,27.774481479464278
8604,1,30.062898076086558,26.340477622636964
3522,0,27.15521851892197,22.7397400137648
7108,0,24.476546906106677,23.655409954463426
4288,0,26.91518337183748,28.32446336068685
9852,0,39.57311088266767,40.306342819736734
5586,0,25.336761042364397,25.65996860501984
4108,0,22.938430282053204,27.198106605667185
3404,0,26.856421426040814,25.794494264003212
6607,1,24.705644594667206,27.22227240638327
4935,0,19.11944795915033,19.86374260439631
8311,0,18.485130958057248,19.858871769597155
7048,0,19.674425821098207,20.591540363170616
627,0,21.550313770577727,22.036496110841846
6629,0,20.169116174476663,22.152064761561167
4716,0,23.770537630526693,25.080941659701946
2555,0,25.58577472122249,25.11618442298475
3221,0,33.86273572971523,30.34268704194378
8174,1,28.490974228242194,31.4591098627015
7041,0,19.895536142155024,21.57351970232553
3640,0,23.441068589805866,24.673185846391938
6697,0,23.650946037721422,28.45161067651256
6859,0,19.77466688415107,18.686108806671093
9755,0,21.3491754129813,20.913723107923712
2273,0,21.613058728620082,21.324446372622013
4142,0,42.461896623989276,33.88523011027878
1600,0,19.36209275879084,20.69089620834067
7735,0,33.456697812781854,33.30325071419262
1383,0,43.57425401550975,35.928668216074
1201,0,21.039090481725026,27.204936921931623
1088,0,21.79368847431104,25.924388246496342
828,0,28.725215204588515,25.89701893701432
7000,0,28.158656998236516,24.145634458946674
664,0,34.67538003237716,31.882525352833213
7847,0,30.146844386300966,25.74542059698766
4541,0,22.9566380174509,22.793887484988
9073,0,19.107755673439193,22.27243677763424
9168,0,21.484796862422428,19.161092407112665
8589,0,18.94554750027002,21.5512599427319
1032,0,19.520166297188133,21.642770011097266
4449,0,19.426910930085953,19.718358841304212
216,0,20.904020163897002,25.481169272414004
8687,0,25.066531812241138,25.8419691061039
5714,0,22.99583109551702,26.32250652850535
1206,0,23.980913331291067,21.624787905663354
5461,0,27.45861382738794,23.874387991008817
969,0,25.969681885629967,24.99202067561996
6902,0,22.114638948941582,23.151688169861366
7719,0,26.910711687713697,26.278043615820415
560,0,26.688984068916668,30.50671754842784
5140,0,39.92038362085144,33.864993739386335
9407,0,26.27667485587125,33.13604151736079
2632,0,25.25972108196873,24.707828737458946
55,1,32.55266233561021,32.68317943289653
4267,0,32.615665889807744,30.527558689573592
5588,0,21.6187190027906,24.01168218172242
7919,0,46.54155671367837,41.32426586853255
8811,0,28.552390525920316,35.66689114880812
8840,0,22.286442075502546,21.447613382015717
8846,0,29.78087440643726,30.34479000715452
1511,0,41.77822441110148,38.87437858978235
6694,0,21.99160649350789,22.94564535674924
6062,0,21.390762021879937,22.168006872513494
5287,0,19.355125812326367,19.3701131212229
2498,0,19.543305706347695,19.850088009013717
7797,0,27.654737366997495,25.14958151574858
7935,0,21.752395752551585,21.594735511412782
9757,0,29.206028603079577,24.67029031692914
5368,0,28.621342893153788,26.17733873239375
8459,0,38.443466480529736,32.39513436288002
4898,0,24.82864023961446,25.91800207246823
1709,0,19.536729118457846,18.67430880157934
5766,0,23.71738652213216,21.20731230358271
2523,0,19.889853023887145,21.245501225986427
9658,0,24.941612865574985,31.549403824077185
6290,0,26.044444387948474,30.461286487766063
545,0,32.08829119716493,28.174037383158034
4055,0,32.78000575756394,24.73503318107239
6422,0,24.670185359179502,24.916453395794377
1734,1,28.678478309083275,31.117396695846104
9588,0,18.2286101961476,18.964639697833366
8097,0,22.452988280179532,26.662152623210844
2161,0,23.214562296246168,24.06268697119155
9722,0,20.15291105815911,20.105027836760677
7049,0,25.93797070939283,29.12756153586372
202,0,23.069288679950823,27.105903672899252
1173,1,27.657988013452368,28.535044378163448
7323,0,37.11251676306146,38.02581392997762
1818,0,20.585077439268026,19.183409608011637
2156,0,24.440077428265994,22.152370942161472
5699,0,23.99631864245743,25.14393877587123
2852,0,35.26320773694494,41.35030621328579
8282,0,23.63253414909618,22.647060826835975
3100,0,29.259190584111863,26.96004991498893
7583,0,30.78617275213408,32.67989912558579
9310,0,35.03627202940712,44.87163236874705
6219,0,17.81007110249999,19.927460460141013
169,0,26.883007495264884,25.13363216240702
6537,0,31.646425919413023,28.310051488996642
7321,0,36.30930370467365,32.56531362759756
4444,0,17.463720895581165,18.263594078369042
8412,0,22.720907262121532,23.32521226131201
7511,0,21.56261729170874,23.475347336275412
5045,0,21.28010276120928,22.338117975197783
2036,0,24.2785097591718,21.399845504184697
7817,0,35.207121998374554,37.371653023715844
8488,0,24.696288981825674,24.942950474179156
862,0,20.190084319256496,21.71338437049735
3498,0,37.741873018728214,34.374175081280185
3164,0,29.60968481742047,26.547840507367795
6954,0,21.040656188861995,22.128024191680293
1444,0,19.146127881191653,19.177893857263616
5295,0,22.81696899537746,18.119099568907625
929,0,27.845990138529828,26.67944771540266
5948,0,30.4972292815015,23.816981726228278
698,0,26.568064247599963,24.02678762892866
9380,0,19.322880722041855,20.634692987570762
9697,0,34.85123665622548,36.30129755707866
3463,0,27.013829667741852,28.979795241011157
7682,0,47.43687151768716,44.638823603606475
3598,0,29.012514929607676,33.69214357580723
6568,0,23.908658252473284,21.90977531191592
4738,0,50.3237300372708,39.672589709445226
2503,0,25.24665075122618,26.759234303174537
7799,0,28.80401823151056,25.04673604534125
82,0,24.699096300237347,22.131785828421368
2833,0,21.565197236446892,19.973640362037525
2482,0,24.235616446113596,22.795325500611025
3755,0,23.24068979427837,20.092975731417614
9384,0,21.296414017437346,20.37067162327157
1277,0,22.835856540472953,22.199983453615772
9455,0,35.716927853166936,32.307588002821106
3399,0,34.59955523008396,27.843519135661076
9185,1,26.753478846066738,26.06855312147756
6946,0,26.296743908629,23.272013722144806
7319,0,30.79733626231463,28.205736227435594
9147,1,27.396620949497574,26.394522182755132
9752,0,27.249649936002335,32.80305071935563
8807,0,29.40621854497219,27.49198435748372
5792,0,26.469577373793918,25.01951429369855
3856,0,21.73147511756654,26.020442583428075
6239,0,25.232981112727234,25.871374232992654
3149,0,26.288596379143467,31.81336301121967
1527,0,21.760136530322555,21.420717502788925
267,0,22.16702994034786,20.75838765357887
1944,0,21.019368633656764,21.635657147336552
5357,0,41.92292325869467,39.64511886160382
7028,0,36.2219356906881,34.14318288494724
5407,0,26.710553796143724,22.808977656459177
8467,0,29.184184947417535,31.4578311823605
2209,1,24.39888812873721,25.650295892689822
6782,0,24.965331383445964,25.02543453225379
4235,0,25.815028452946503,24.495297180779218
5698,0,22.35107577787024,24.25669908406309
8129,0,31.248365728331674,26.063951358824326
5336,0,25.405958673861512,31.251485629211494
299,0,23.87102058707103,27.86597266344703
4086,0,32.876091838623246,31.593560410558876
9424,0,36.066670676367636,36.53586135583952
4353,0,35.8823806192611,32.663503015389715
2796,0,17.77064065310472,21.06563293380233
1401,0,24.623983759727018,25.621288004897774
7912,0,37.64643505198767,47.468246562511936
3895,0,21.184228153126504,21.7986952064176
4391,0,18.504406202268086,18.765362866934897
9653,0,46.339575538714186,37.56187712487017
1227,0,22.635242173353973,22.619642159660142
6470,1,27.03316622082678,31.188224463159344
4744,0,30.74994114184643,36.15126334570575
9227,0,26.32954270720161,31.609822379967532
2603,0,20.178306854307,18.902048659023393
1183,1,31.682198811660488,28.530097171360538
9915,0,37.950359933914136,30.48996027001479
3921,1,33.915353034784616,35.0824323177453
8841,0,31.75852705962037,30.50310182965498
5987,0,30.511353609642562,33.7139168446008
6385,0,38.17713672498052,39.068030688370726
4743,0,24.680893235853674,23.71793721275075
8144,0,35.8103402220955,39.5340236820723
7417,0,31.57006312672388,32.237812321116316
6191,0,43.922805506275296,31.894932408139674
350,0,33.9155668574998,34.9941349459831
8603,0,26.057755935969283,27.374769106448916
2390,0,24.000836818081627,30.127643164217183
2385,0,32.99394405504257,35.45914216544631
3306,0,23.969199327852685,25.027184431541716
2104,0,31.678700168057034,28.51483041457662
6887,0,24.74840990645037,22.428747226149866
2540,0,35.05512136512544,28.630300593471688
5085,0,19.32737354743669,20.51644136325392
4260,0,33.3356618335354,31.454228448012728
4984,0,29.389349208382903,24.473643724639913
6416,0,34.47334076901479,31.22091010812749
7169,0,31.33057291361111,24.732744557121826
4918,0,42.381579014177504,32.51441221390899
2672,0,22.989482505889555,24.967043663383745
6626,0,32.08405922971998,28.494833017234726
6650,0,21.964703218312945,23.363820998820408
4069,0,26.436557450761498,24.297087455126935
9488,0,20.572687529132587,18.56555300126668
6565,0,20.580478170462683,21.805090357317923
7308,1,26.735501551797157,24.38026768971607
1768,0,35.416446918172234,36.83336227617478
2846,0,27.240653426725537,23.999720690503338
1113,0,31.455167818257557,25.08388920757121
3777,0,20.56999792527038,19.362264097052087
3071,0,30.07641493947346,31.793748772839493
7621,0,23.119699091930514,22.35436389506646
7442,0,27.42919839902206,34.44417849479717
5327,0,17.909090224078824,20.645173255735696
4670,0,29.059868185183188,32.09054116523547
1990,0,27.300997435150705,26.47853924665856
9863,0,23.703749744730953,25.511055839300848
3529,1,35.214173497738095,35.51457970556136
3757,0,39.64459841483564,37.16378389381411
9068,0,28.574628240691155,30.88833098860784
8106,0,25.165324141518045,24.28348522869666
8147,0,24.812696150317116,31.732240078687862
2812,0,34.442329231975606,31.712002313256715
7899,0,23.581408803547465,21.663129546418414
3830,0,27.841263730465645,28.254683908022983
8893,0,23.773848351842684,21.573495924049674
5075,0,19.99620182711214,22.39022369915462
4238,0,19.443357239617185,22.00366324682034
6405,0,37.10311782642446,35.03020176649765
4713,0,23.02510485336473,22.06897562859446
8480,0,26.88039010213654,26.576526096835096
5199,0,23.346340940243984,20.566593175481906
4845,0,27.443707096795954,32.980128883432755
625,0,33.06679653697864,34.145522985861405
2479,0,18.960236052825184,20.584903551995776
43,0,46.8490062476994,40.500119192403965
8493,0,30.46497835624929,25.287528292301076
1022,0,25.713648304544684,25.01834598317573
8967,0,26.33480827445245,23.746268893368377
4852,0,31.870474337796576,29.645704929011654
4792,0,26.142599230308676,29.068570642757013
8108,0,22.83946421123158,25.535409386674505
8925,0,23.756535438651127,24.722985236255983
950,0,25.841746745433888,25.065275881269077
273,0,31.689480847701272,26.627611250690514
3575,0,28.58375314449618,29.741412689668334
4838,0,49.909822192288445,44.15088795317412
7672,0,20.891103320213176,21.809098000644795
7553,1,30.95190514373812,29.321715427708074
1754,0,25.027663777535064,24.949485672047988
8711,0,22.22169241712636,25.374608575634106
8386,1,28.92499091300635,31.117457137221315
1095,0,31.921050229046454,31.789017191993178
3781,0,24.575232210840625,24.9422238363286
2065,0,25.97837458240233,29.548175008126634
3109,0,29.76575716902138,32.25749821695353
504,0,19.827580333100965,23.175727910928423
3175,0,21.36680228806605,21.777051706998712
9949,0,38.936992983478504,30.365101755448414
1920,0,17.182204094217063,17.243043254792727
7783,0,25.205294142511537,27.077678717796243
6899,0,26.818055235415038,27.89429368468462
5742,0,31.207179275807878,29.810523510429817
6038,0,19.964881915778804,19.14443923670954
9589,0,24.9664356858202,31.55254775655863
5211,0,30.66186431752915,27.67290681008028
4662,0,25.954708300251365,25.4100448194506
5464,0,27.489546295079965,26.837605664455815
2851,1,25.63354566789592,23.929100293049196
6916,0,28.831634635569433,28.72194748048553
4638,0,24.6685483562281,23.876006654041323
1067,0,25.251393947457316,30.68873339438141
8052,0,35.11071538188685,32.82742883658267
3467,0,38.58473705860304,31.333783073859728
6057,0,19.612286689464028,19.27885974726094
7590,0,31.353041056816103,34.29912943119417
4027,0,20.231478651551686,24.557974227558326
5822,0,22.056784678160444,19.71266412053889
6199,0,25.165517756190884,28.863873200493337
8781,0,28.03539574882512,32.06363121003035
7344,0,16.054018980047022,18.222343697026954
1371,0,19.826299477984527,19.164202400962093
4213,0,25.04639878413303,28.044767629008213
9628,0,25.981823683792154,20.758318373664956
6764,0,44.53304435094016,49.20066798369132
7993,0,22.18210436502715,20.216216046593225
5744,0,36.44565194446232,28.656016944489348
150,0,27.95706932247415,26.568237769619927
1098,0,18.772357226614986,21.621846537209052
5383,0,43.51378662933273,42.31547478887511
9135,0,28.50839857636484,26.40667358374406
9123,0,25.464555322587664,23.654328314779143
4696,0,24.677470211374285,22.172068448292695
2107,0,33.83798222863257,29.31205231158892
1889,0,23.796365732278616,21.314971405522197
4236,0,29.50085062759698,24.88823043239633
5839,0,20.22072826706915,20.023732581858905
7346,0,25.958790996991613,24.5164920216827
2458,0,18.101914513526317,17.310634276105365
2874,0,27.873220386424133,23.781494779109178
2144,1,20.087508393968307,21.247041779879776
5707,0,24.72179491399396,28.06060688751179
8575,0,29.495326425776994,24.238492411998337
2879,0,29.29321118751819,33.782218314266686
2046,0,28.102238471885006,27.6989702039914
9937,0,23.54924648200315,27.487475218554298
3385,0,25.431168167245882,28.86237806510211
6456,0,25.16207623553714,24.494508042068308
6829,0,20.47712274080335,22.62554514281111
9850,0,18.50699359132406,19.906797644392505
5774,0,31.87501909554214,34.484917872571486
2488,0,23.56178771987458,23.509346979477517
4485,0,39.51748900792399,40.93996858872233
9002,0,32.94248354111623,27.51165006525234
3849,0,17.69838363014693,15.684080269826408
9590,0,34.73691242136394,29.67275781804734
5202,0,30.24240461434044,28.102463463878518
3978,0,23.11100346900683,27.574024744113487
3752,0,19.560494953458253,20.308124081733304
9724,0,38.754920040596915,36.61400210434643
2166,0,24.999117231164824,21.61371771095432
4007,0,23.874105412816128,25.557182524904597
4960,0,25.722327143788945,31.173687891673865
6672,1,26.76938118780342,27.600014528346694
2620,0,42.35011206912874,47.89547480752536
2522,0,29.17372967721171,26.29775294811534
3565,0,22.264541716265857,24.547822166576758
5442,0,30.221517020740706,28.07920319564334
3361,0,21.431291354119207,19.47023561638078
4187,0,18.170929844222975,18.807265294249905
2248,0,25.125866818096664,24.935023971961332
2625,0,35.973350061955315,30.800747335583008
5479,0,30.200814545946976,27.163235007998892
3407,0,23.056256742943894,23.023681266878338
8550,0,33.42432217459641,27.3674305774563
391,0,19.03068291055981,19.498299346447304
5239,0,25.573429807225175,29.29750724161034
25,0,18.78717901040458,17.847914277073844
7629,0,41.52209612814922,32.7205149481303
9144,0,51.83683905460365,43.42729147641123
825,0,44.13514998407543,42.22725924274215
7151,0,44.110318239587514,39.40114838211037
4737,0,23.81580577561923,22.62880083742494
9849,0,45.44116768319797,38.94198542026229
1472,0,32.23869296478236,33.64846960491879
6458,0,24.6209416673996,22.71853535612228
7500,0,24.630470019663814,26.166989425635194
8085,0,21.922213640731005,19.90157324808507
2809,0,23.855463821734098,26.745851291778774
1821,0,32.80688299444112,30.786077563988016
3912,0,21.052216120893533,21.01535825453624
882,0,25.47379412126741,22.129324444715508
2811,0,27.699423904983153,28.15881619486282
2055,0,33.596351990579706,35.40448746683159
8219,0,21.59311830778506,22.54553309787915
5976,0,25.493160830938038,22.75190124535748
5063,0,29.38669403409412,38.718323068430514
6017,0,33.908858268017504,30.000505881303535
9379,0,24.676447366367388,21.300293997875436
1384,0,20.20530506267583,22.723094890280752
409,0,33.20591588465354,29.21621056430355
2537,0,34.60393963398907,37.80245756856323
1351,0,24.10843300915351,21.79010652071953
7159,0,28.184566619661176,26.878238506753622
4719,0,21.84011890652474,25.792496934828524
383,0,28.267339117380228,23.160139076416947
9406,0,28.64935793345466,32.13199445102897
2597,0,23.711824411097023,31.510443494967795
4458,0,21.273537452810398,19.140635228128023
9893,0,26.34754839640335,25.124515937163146
1005,0,25.08552118114366,25.547717700331035
1809,0,28.477567634445787,27.88444504931937
9003,0,30.671588234439046,36.89700245050932
8345,0,31.941124078565394,38.17061531468532
1209,0,23.17059319330521,23.822604717419974
8591,0,26.8670671451527,24.436906000142745
6684,0,33.08929327879159,34.97625429868639
16,0,24.44922639445649,22.33772169069006
7834,0,20.683536211625555,18.414847905499947
3204,0,19.33207601109888,19.399159163972463
6491,0,29.8099646470061,29.550340919447805
6928,0,21.044805355501442,20.83816341995572
2041,0,28.970097321153556,33.80688046307978
4451,0,20.14624612491809,20.827208320855537
9756,0,26.8972366716434,29.392522771100477
9071,0,22.347715130783982,20.111337182972665
8101,0,29.584163856444594,30.778547708370816
1441,0,20.887037815309974,19.294002195562445
9811,0,20.505851189705812,21.84856049971428
7220,0,45.03578310587722,40.14831749227498
961,0,30.020676848554167,27.458490115335607
3235,0,19.171418496006144,21.117018622934502
5610,0,24.48835989410778,20.895879342663235
9265,0,21.540432359340492,19.906983338286608
7663,0,29.86125705327036,34.265206934272896
7361,0,25.63764437733938,21.821651656836192
2786,0,20.449719220817926,18.994440865114708
9301,0,28.957924025571145,24.79212565884564
9187,0,22.49264488050727,23.603210012554182
6110,0,29.589809441378204,25.573873916674195
4339,0,30.15621646742548,25.653719136596436
6606,0,22.965787361900702,26.505522739493053
7134,0,23.65988392762365,25.89572660778748
9195,0,37.69384566865258,31.78391707482879
184,0,26.642225005993645,23.57918165463353
6818,0,34.23433344202517,30.131912504206824
7523,0,22.124653886978866,20.719444266543462
9214,0,22.54657081597583,24.308556300372764
9740,0,37.450760403956544,30.027831097220577
8427,0,27.019787630854438,28.493355227656167
5980,1,25.366762239044228,23.657069009982322
5215,0,21.09270179660482,23.272006570919878
1422,0,29.34715737693514,34.05421770853102
8177,0,18.55721442498499,19.51989219782082
588,0,16.970570066088175,17.37058820662494
7627,0,27.37563215108805,31.22531863666794
8520,0,19.261474707425215,18.495288223981724
266,0,24.188967989147404,23.883502032382623
1812,0,32.057051800434735,33.42331874752124
5205,0,27.588878961117622,29.543667618971213
2562,0,22.30729861269222,24.046601407746156
3134,0,45.10889032495782,34.81301486199881
900,0,37.673770132471596,46.68040218971913
8832,0,25.32592225831777,26.29940186531077
294,0,26.658874387122328,25.06009973734687
1844,0,26.061742103477613,27.367889540207983
8137,0,25.023750512161005,25.55968404606765
8951,1,29.41426512450404,32.82553978289492
7115,0,22.397008778514888,20.807189821750207
9574,0,20.54816015408847,19.338725492606752
4596,0,30.541820403947995,32.42627501857552
1300,0,35.08383624640948,30.984946305476377
6589,0,26.445563300063164,25.885356088376938
1777,0,20.433698248453855,20.372838668848164
7062,0,26.544754979928186,24.669502188261813
5363,0,24.48576124062366,27.40127627691794
9668,0,18.38263625067619,20.347461925910217
9994,0,21.55049153699522,26.002786594526757
3315,0,36.95993980153377,30.10173581963693
495,0,19.668716588462683,18.854048419408937
756,0,19.733175538282037,22.45336970454897
4483,0,39.234848658349456,35.561570329833444
8417,0,24.798856263010354,27.356816732327605
2007,0,38.32777123713508,31.37201358343425
1956,0,22.2774551657957,21.368831682692097
8745,0,29.734366274177432,30.721487418961324
1045,0,27.666113794728634,23.28522758046796
1577,0,33.973022181027424,28.394219768880923
753,0,24.027238213090367,24.76711103385099
8237,0,35.40589102631292,32.21806188138059
9479,0,29.680510934857452,32.62817683969745
77,0,27.134068270007756,31.859766366721143
2637,0,33.10479478655949,26.987022865561197
2927,0,19.429368020005978,19.242495250917052
5360,0,29.355911485141686,29.194999802495175
4052,0,21.29011022888914,21.905452046080956
8576,0,28.221140851349027,25.693999986520026
9741,0,20.782323087359636,24.823436780543915
5375,0,18.751590986206963,21.404919742780027
4114,0,28.9842561003752,33.34885538805917
156,0,19.587638337006666,21.842419427546524
7703,0,28.91209999848727,27.29717819249595
1576,0,39.46653873294726,40.23012465183598
5771,0,19.534585569253288,18.171455351544274
6040,0,35.884016818080354,30.865204163438616
9151,0,23.51345325987491,24.804092433769707
3358,0,24.14365007890508,20.85019745330404
7102,1,31.02662748758974,32.08981427675545
2925,0,22.924326216784358,25.51685659396469
1659,1,28.786557621038888,28.058348932207608
9984,0,21.927165695968306,24.452597227153845
3838,0,28.03225040532733,24.523907322357775
1607,0,32.165313598705055,25.202070850733364
9377,0,37.11310348412683,33.13050606069223
7248,0,22.37915171655888,19.673993914020343
8368,0,22.523716539240187,22.59353787462167
9749,0,26.621316091883333,24.566463089099027
4546,0,19.96915695215194,23.64462323532103
7830,0,22.548886503201295,22.122339348214147
782,1,28.163061102609387,26.718308463546506
8635,0,24.563867119793745,24.347712489542367
9328,0,17.302291227072693,18.084202774458404
4995,0,42.552794423988985,39.36245757709875
5532,0,30.39981226937523,27.084733469623043
7264,0,26.429398515676766,25.525941225081013
2862,0,32.70558797787607,29.77648719027004
1025,1,26.361944384149048,23.961600784399767
9759,0,24.84556227093173,23.930951634600046
7177,0,33.64529888016196,27.086653591718513
2415,0,32.71828156774194,31.325685728235072
7020,0,30.241797935518033,26.53793351526855
4005,0,27.481489237171314,24.468376028998332
2932,0,24.36587614844962,20.677800777007715
5566,0,19.904659023347183,23.51144849315967
6083,0,22.898627345980493,23.587488386430213
2884,1,26.57519643948501,23.35913449814284
142,0,24.022555960588456,23.0500746782518
2627,0,45.795563245199126,35.66006741182588
6086,0,19.206643474116014,24.114152323703436
7972,0,22.319814027174203,26.94048334482354
766,0,26.696081632189767,21.730307131305583
3867,0,32.36894168174944,33.89226434190037
3687,0,27.08142012752939,30.00764732232853
4971,0,34.00169987515339,31.78259879374619
6707,0,19.54267219747065,20.741213627233545
4078,1,38.81903203829132,43.42670555179652
3267,0,21.46075643910562,18.1723559708562
8613,0,21.850469760391523,22.569976240488412
6081,0,26.385236946329794,29.68998239367074
8637,0,23.075455473448052,23.150812083755884
1208,0,19.72569129311412,21.55919266911079
1713,0,18.330025881879834,19.116009334290304
6476,0,20.22057301618702,23.00779102055376
6192,0,22.499185798783667,21.770990907263055
7139,0,31.11283353477537,30.081314099542883
5740,0,23.21541425963353,27.22328997302359
9457,0,26.55136527710378,30.796955630382755
7969,0,29.649527723649992,24.944273390382378
3726,0,17.924365391784537,17.811515941505075
2093,0,21.179552215499637,21.222185815879417
9685,0,19.980362743037713,21.64186825781696
3294,0,26.372790142407222,26.698831900317984
9838,0,28.783478517108563,26.016864227783913
6227,0,44.34329106130071,53.276890500766775
4359,0,23.19669366432605,21.853088647363904
9432,0,18.040220963813265,21.536148216444218
3914,0,20.14122944827621,18.945629630739656
8987,0,24.57566380533156,21.52223863922675
3789,0,17.02468714675553,18.949769863720643
113,0,24.599042206097636,28.751063232793648
9120,0,23.36133708848666,24.07932302160039
3106,0,21.332557563953262,22.134301736057576
1430,1,18.697521637585005,17.327195186769394
1928,0,27.63855545975432,29.04123886920626
212,0,25.100106365349802,28.398183312887035
5325,0,28.271281409078057,28.539814292725463
9113,0,38.09313695310951,44.06264835673094
8595,0,23.90357113547687,20.007275058893892
3756,0,41.24099883211019,33.14474900186631
6406,0,37.33995444885377,42.489227800788605
5618,0,48.82886928321548,39.43367950451683
1487,0,24.607459023341242,27.344642078626777
5512,0,33.21115206177939,43.919410097622084
6604,0,28.856373238224922,29.87602465535058
8194,0,42.4819701767922,32.25918898435591
2768,0,26.66808421181315,26.234790118940538
5947,0,27.743958379035607,31.086931330700757
4413,0,31.675503144370126,36.64639612940139
6745,0,23.571186641601624,22.15362729062579
9821,0,28.25899433974635,24.695422621569524
9055,0,19.098872560325432,18.50064870180057
5114,0,29.997803977131,29.28838435554409
7187,0,22.57336111677344,24.083019777695366
1679,0,21.840046524681547,21.26867472032911
2969,0,20.243981332373302,21.991091431501104
3928,0,24.817838293930173,25.936869835194088
2218,0,29.16217038579138,34.28425682620536
8723,0,32.67898993234596,31.3438601563434
4584,0,25.17018295925028,28.803728191379648
7903,0,19.958612292198534,21.18591489877555
3925,0,30.28740512196006,28.210441954019284
6895,0,19.191149719840045,19.171765972146495
430,0,20.985904056840422,23.163446329632553
6050,0,35.50582052760043,32.077504447514166
9273,0,21.517373101753858,24.67463968267605
1151,0,32.50657959478911,38.975172956014525
1466,0,29.18371972206175,31.85871595832159
5971,0,31.967311910438262,27.86983602192467
734,1,25.594448662154495,27.35151799935116
2017,0,34.63691308399699,27.668501789100826
3965,0,28.952903229433076,24.606177350897653
6230,0,30.58069357835066,27.866867942742797
8798,0,22.028756154990266,23.951332176291025
9980,0,25.715417280716736,22.297067136655
754,0,20.679608282642086,21.975004727583705
239,0,26.008751188444435,26.020240482791642
4251,0,31.91947844324679,39.563264932622936
4666,0,27.439331664141214,27.889396623323943
8729,0,21.105331146517177,23.64839072689442
6488,0,24.547060914630702,21.31634964336474
7322,0,29.46495981300265,27.494552447853472
7287,0,32.707880389099564,36.27108271374007
878,0,27.936184213269765,24.201010612285952
4673,0,24.906260882682027,23.366228794394402
4814,0,22.39755290041272,25.670694472640413
139,0,48.51869635133978,58.851200293777445
3784,0,24.017822330508608,19.984375503594357
7014,0,24.54014581750435,22.941882742257192
7354,0,27.8344161603595,27.020096496573693
2802,0,31.961503084830053,29.8947165064792
2142,0,27.930013530337703,27.1540399891357
6498,0,27.97830651902365,28.45669419988687
9617,0,29.984250239510402,30.46502922708926
2147,0,24.17764100140868,23.52791478970896
7549,0,27.858155206985792,23.98744411151605
2336,0,24.910503470866786,29.295473025954607
7983,0,34.42581992169044,30.097450028549133
3543,0,28.4097578116386,35.18680295476544
9891,0,32.60665831756072,36.54674985638367
9234,1,28.44061855161159,28.832675863695467
6360,0,20.160264593889263,20.82741253765854
8243,0,28.695441178561012,25.055396340985368
7822,0,32.233519448831096,32.4703990559634
7097,0,41.66700383655919,43.87222380665576
4065,1,22.696615446705394,22.054393005202037
7199,0,31.23736847663383,36.2147112542682
5865,0,29.6044323568972,26.59645755341983
1723,0,18.543151252690294,18.055911688807022
4864,0,25.40695747985002,25.089000674334862
4929,0,35.345337381383914,30.0563881113874
9910,0,25.18599427255046,26.88982585931388
5637,0,27.748792727761202,31.78415254223877
5232,0,27.73047666890941,24.623488461904433
1079,0,39.295716987923775,30.82034825960288
5816,0,18.563645512092872,18.580007119221456
2738,0,38.34235947651259,33.44903256061375
3690,0,41.91766427943905,44.63078848605447
4921,0,23.852264892887128,26.916657018451648
5257,0,25.02944015367717,24.1951053048738
4189,0,27.799699002274682,31.644811428323457
8664,0,22.470994455543725,22.05298644649345
6892,0,26.162069439374076,25.156748503121865
338,0,26.652889141832738,31.962027277580916
6317,0,23.966123112549003,24.28345788925804
9997,0,32.26672323181225,27.07481117191957
6067,0,16.603864642697314,19.46373244011114
3488,0,24.97606880790258,19.732862285853216
8423,0,26.234852814911463,22.472685048360795
6382,1,25.42234731813512,22.141263530936783
5926,0,25.30249765864814,21.00180037101424
7529,0,21.834962271556236,23.508186193802548
5958,0,22.44490087249159,21.246967559828292
5837,0,37.88193218005444,38.02773409547151
9224,0,31.754802127422792,28.313094372241903
3634,0,28.21927224773842,26.27407212452461
3515,0,17.791392833057273,22.750382408338
5803,0,21.689618938119416,22.68425542129058
4437,0,23.45086559995433,25.066034704234234
163,0,30.348710535400794,30.463256182111937
5703,1,25.76332272046983,25.860813139423243
1853,0,32.80241805798648,27.227311891445268
9436,0,30.417676362668402,25.796415140181505
2475,0,21.394242444793534,23.983465639887513
7594,0,26.849075860076415,28.51734190367131
851,0,22.035218359323906,27.39079571868312
13,0,27.120865029339612,32.07419341557167
9682,0,20.964608834710766,22.136053881031284
5258,0,32.38927953981198,26.44953735748554
1040,0,19.934676107025076,22.349281874956194
8630,0,23.840700319778986,22.80255328197757
9988,0,22.610689742300274,27.018250446590766
5141,0,23.77931819646229,20.892421500802374
8614,0,23.200065722196662,21.58090099226826
3363,0,20.380013196388955,20.873304419130257
7340,0,29.342483213963753,27.54788001760248
1529,0,44.70016944598572,36.07480064465151
7158,1,26.346187867777033,23.757542939428255
8950,0,30.193553344216298,25.506952747037147
8823,0,28.38039793554564,29.49594072717089
3094,0,20.708393753834034,20.896103480895277
8491,0,33.73620500841245,32.96880680102205
2509,0,29.58882156189441,26.495406419895357
4158,1,30.61013570745189,27.29972299592319
1870,0,31.79370452183523,35.14436799550877
4167,0,17.739913621654463,18.28317200885432
5933,0,27.855312240540556,25.191049149242417
1955,0,24.103396610747907,24.554210109672532
3580,0,52.29281252518657,42.623337811076524
8954,0,23.477743879890724,27.39885717027276
3832,0,18.251928875531156,19.245888160795364
5246,0,17.2809762624108,17.83845493748407
2466,0,36.425930465545825,32.58027514848677
6276,0,33.869575381592625,34.982333892077634
1676,0,26.37910694257553,25.93158454320711
362,0,35.586632298762936,34.575556891534674
550,0,22.454924644985322,25.2844260099394
5046,0,21.22613555473557,27.474021224389933
1247,0,21.661113905443244,22.232840313674046
7689,0,30.78665558605606,36.12865031993478
1070,0,24.116658839291716,22.675685899296877
3759,0,17.738577354093593,19.56372679686075
3346,0,17.948100221803283,17.36132061087251
2510,0,31.706333237713753,31.375851291794135
3787,0,27.186404630576792,27.502970626060424
2330,0,27.090712022007203,27.26326914305731
1927,0,27.004152444492888,32.4901285802637
7450,0,28.602376612425118,31.89366968700784
6563,0,36.93055038638783,32.82871518913639
2773,0,19.925363555014826,18.567230560622487
3334,0,21.66021919254414,19.041644039373846
6680,0,17.554015753239703,20.25761175308512
3892,0,25.495248238251722,31.00597745499957
7375,0,21.867613711624315,27.79917420735626
5470,0,20.259635939731172,19.21365069595544
3535,0,18.010480082030544,20.788357267579862
9885,0,23.41290180053841,24.231883382033068
9954,1,27.28811108886974,30.491538339211168
8086,1,24.334629536407576,24.42055457918745
7536,0,50.68310505005454,47.1500875788282
279,0,21.876398657948936,25.727936634689062
7383,0,23.561152101310412,24.135395007986872
392,0,26.11034370795898,30.623751009849453
6291,0,25.686291847180208,28.569371978068176
2196,0,21.9685109833095,26.366809416159548
6118,0,22.19680869660774,26.167698328600153
9975,1,22.319497949473103,23.45884882845704
4545,0,34.985414350941234,38.49672070005737
1998,0,25.223537183758282,26.247367046259065
2573,0,17.55032527683767,18.99762669438281
906,0,17.762009572364235,19.77671702166562
1753,0,23.8576845377162,23.996694280444363
5417,0,36.00418064191549,30.771754667208114
5454,0,24.010795596578184,20.67894553202204
3747,0,28.59097128612619,25.128013008178293
5990,0,21.07881190277225,18.615443939081956
6096,0,20.189721234786177,18.76829637787474
1417,0,25.111604577953017,20.95686028103029
3323,0,21.636167054631855,21.467510552366342
2782,0,29.57111826036909,38.592074842181304
3076,0,55.07448268744667,45.073474529612454
9644,0,29.260976192612596,28.756457870327313
4690,0,29.23264644717531,28.168331858452675
5409,0,22.543927973925907,21.442491759734796
529,0,20.547381363176303,23.30022706450693
1540,0,27.39172543625989,25.119228408554925
9117,0,24.2580511058233,21.233753275414596
1041,0,21.448863277247476,20.941375736221268
1056,0,33.987505214993206,40.10086238375932
3791,0,30.050409034869084,25.985362670323315
7959,0,31.207729979511374,33.67818618246885
870,0,27.100571344031444,28.386636788674007
2288,0,27.820449234669606,29.7506576927266
3085,0,31.402775798056073,27.32980359030962
2771,0,23.60657010868913,22.79841225907008
8401,0,32.153127008142995,29.857583466041667
9448,0,21.06559066493467,23.778349396909736
6893,0,34.901645170849925,37.62799039272245
7999,0,27.65601096505596,27.08827787112601
8169,0,23.062292681999022,20.49181600319677
6119,0,21.18096669613511,19.994730317928635
2634,0,34.13489031485184,32.00306045815047
3845,0,38.18268855719751,33.37609480948689
5994,0,22.36256871674851,20.912465949757564
6999,0,21.62413494637558,21.253010981236446
7144,0,29.540398018445444,26.706611349630236
4708,0,21.040428507345986,22.911556849477364
4665,0,23.77809333777959,20.45597476919498
8816,0,28.388885532761897,25.438144504366058
5301,0,33.95018162765232,31.158860487766287
2410,0,23.046417935200346,24.208469110766632
7767,0,31.081405128386624,30.07771042716444
2849,0,31.83849070726886,27.99638674354384
9466,0,44.973693070852164,35.852042147845914
6995,0,27.364219659945626,22.998699268558664
4730,0,23.943985471513734,20.69078330229577
3828,0,30.95273895737119,28.11288813257184
4593,0,25.543017892816394,23.86083765124914
5273,0,27.384676369106234,26.657961393871883
6379,0,36.247370280356584,30.648772075170406
9389,0,25.43442040958772,29.985506464830827
9627,0,22.422139753064542,25.619809868387748
83,0,30.997991252370465,28.12275309606709
1366,0,27.294610295828615,30.535985085382016
8069,0,37.29280345014895,38.58642712244993
1429,0,22.595623700516626,24.924719767672055
9029,0,27.131897896620476,28.068165983149278
8694,0,31.402463812197144,26.843682727806573
5573,0,21.630880445287563,21.0091792397696
8127,0,19.7832942833217,20.751821397585736
449,0,22.220053955828696,19.72309435069657
8527,0,24.13680868191725,24.607071506439055
9383,0,30.25600473111,35.24361648129897
3409,0,25.758233802187114,26.998268722816675
4171,0,24.552087092899512,23.175431808864786
2994,0,37.49334294167162,39.72675817925209
5350,0,29.08636835338103,23.60056729010562
8959,0,29.09429590616437,27.028559215950526
7167,0,27.122141046624336,23.25813649796056
3074,1,30.694400568692032,26.517201498826104
8803,0,21.620143602692853,19.368917555167183
3571,0,25.21835242594723,21.99418108665611
974,0,17.590760499163206,16.825797644508185
9163,0,26.904973897464,23.14379673215639
5068,0,19.007213095809348,18.773471093835806
3643,0,29.91531653629244,35.394463812518815
1261,0,22.30972807373391,23.432942158802565
838,0,19.74928724856332,21.55808769572397
2816,0,28.641803760240244,24.363499026901422
6469,0,33.291281779340494,34.057980852664066
5425,0,43.45883390550891,34.69630873691499
9219,0,26.931413875876764,24.327463202274917
3512,0,26.46042744344007,25.597507599014385
9222,0,24.91532760582657,22.593984003357846
8508,0,23.125024158723733,25.37401212383011
3372,0,32.1576394730773,32.8511029082764
669,0,26.291408193660004,21.4251944043086
4387,0,29.66519789115726,26.96173288136722
9320,0,33.653699449746426,28.074314062839488
1084,0,32.88470781586909,44.15606147329776
3310,0,26.68449932281431,26.019913553202887
8592,0,34.19715445256375,33.11678712315932
1608,0,26.76123615686014,32.05162051468159
2776,0,40.17347950624671,34.305395477163614
6738,0,24.99493714657271,24.939563051323244
2886,0,22.16053064010558,23.552336310512622
4440,0,30.535131607323716,35.557920174207815
7562,0,19.79613547855223,23.842357394840686
7791,0,21.64370626483642,20.392095287062794
2339,0,28.163656839521423,31.551298416414358
2631,0,42.7872597007435,38.86176613854022
2519,0,24.73789865464616,27.232379998535258
6878,0,30.617426879016946,36.652763739908124
1862,1,23.5521612248112,23.484840133938306
2175,0,19.204181322908266,20.145985471431874
7948,0,20.094466169083894,20.103283985518246
2946,0,30.697422098818894,31.172151924094344
1006,1,28.348737675131236,29.59781934583111
6624,1,28.4285960759426,28.043212891971393
1796,0,39.5353435142475,43.96266542369506
7641,0,26.09367236800136,24.741493307450867
2797,0,24.001636123025644,26.352092630955337
3124,0,21.794620248017015,25.96571723986529
6743,0,27.270004213817405,27.011622968391848
6511,0,27.360365381069176,33.09143811365157
8640,0,24.351915685613037,20.033384249989272
6368,0,44.94423553750788,39.42532764838268
3570,0,23.382953669221493,26.577909977009973
5704,0,34.5363426496333,39.674059132609486
1093,0,19.61000222705521,22.159562909424917
2318,0,29.09618158434959,31.500401598592376
4930,0,31.685870901750924,35.84591587471419
9138,0,28.44499757679839,28.429876552383494
291,0,22.036482167806973,24.201888194113483
8516,0,28.190309508725647,24.242744559731978
7788,0,22.710415629435666,20.559051988443695
8989,0,24.32201872412259,20.741682218894777
815,0,21.722991494778952,20.263355026796226
5151,0,26.74330735784885,25.214824838657687
6747,0,29.554074196896995,26.929271045274557
8300,0,29.632970309036676,25.929250023988217
9443,0,19.719951020526032,20.47858999194344
300,0,24.2026211357757,21.70499687201532
394,0,27.29306604158129,24.424314757795162
1614,0,24.503916203297415,29.155302693833217
7875,0,38.90640602225072,32.61315746310333
5070,0,24.809302439023135,30.320969743875125
7030,0,27.50974915553694,25.8963056090435
4202,0,26.69707823429833,26.25426636857948
5008,0,19.954091371080782,21.12621321700369
2159,0,24.86829460178013,21.44763465876888
6814,1,27.77270623877293,31.637571828117995
9216,0,21.733259057368205,21.747256491951656
3676,0,26.697309161030557,25.771849473371606
5353,0,24.81387841196833,29.609632393274868
8855,0,27.814004830389916,24.09012443030096
2524,0,20.66777656418324,24.370951965070763
493,0,21.14643518384517,25.486107123265974
4404,0,30.443040433247635,29.095997084502756
7964,0,32.65431295409907,38.191506092241404
3039,0,23.093289262674162,23.803869415248627
3739,0,37.843887602982456,32.3183708379955
3911,1,26.851597204035848,28.671294200188964
725,0,26.803608201163396,24.145490870021412
7498,0,23.123398406507047,23.25600335317025
6616,0,16.82429511460278,20.24626547544916
2459,0,39.56921694365662,38.21937491715158
5123,0,28.66457143475934,28.073347276347132
8940,0,41.08489750099362,36.63546768466146
9721,0,28.928415906269084,30.305291071667803
2953,0,31.478029566117183,31.379557930308128
4002,0,43.98826928352828,51.3842771713086
8736,0,32.15363368215629,25.788060474488304
3211,0,20.52592229569513,22.095828254555265
9303,0,26.336364669115948,31.48838940328213
6080,0,23.81858468959756,28.159242657777845
359,0,25.077497672987306,24.17696287429279
818,0,24.89589814227873,28.7865124820438
5589,0,38.928306102648676,37.555904178965434
667,0,23.738256184551133,23.58286866745944
9822,0,27.33397717370346,27.884789254660582
2256,0,24.881585865412493,21.259008477166915
1315,0,26.514587953126092,25.04020391153157
8425,0,29.550096286552254,26.743129494477607
6137,0,20.847399255855144,23.577841290534856
3930,0,21.435044929058797,21.253042181369647
8783,0,31.867323553239714,32.789581626370804
776,0,34.56579934717753,33.24974926097633
3213,0,19.287778568247685,18.350579894042475
5645,0,19.0052185017334,22.51845571483297
1008,0,40.00371921154959,46.01912954143601
9981,0,35.46076395470347,36.90357697077459
475,0,24.358428860747857,21.260291936878634
6612,0,30.814014752318037,34.39308819341533
1234,0,32.140271237838434,27.131388378005397
8923,0,35.002037821600624,30.08013341424946
8628,0,23.762189526724526,25.454644197516252
5118,0,26.8389581700459,28.77666092371983
696,0,18.003088764323454,19.284624664246333
1092,1,24.353693419596343,24.96432975786532
1072,0,28.26983192738581,32.36392821983034
8565,0,24.10305929407395,21.959697589971935
9366,0,23.86141880443561,22.79029737371751
263,0,27.225632968558802,27.425611707180714
8754,0,26.731411800787725,23.454982311069454
7027,0,27.432835189840308,26.887349440511585
3831,0,23.227149620001768,24.137842320088605
6618,0,35.89952991383399,40.075623560105065
3401,1,22.560036731218744,19.566226314833724
2129,0,24.50720370866043,25.23355535265989
424,0,26.22762084422136,22.296501525701615
222,0,46.65286461569327,37.62102471050718
2151,0,22.6979571428758,24.06436985244212
7651,0,18.829274690016238,17.957355260596966
3350,0,23.776349261970022,24.97072163513244
7324,0,19.988521891494138,22.54052372512037
5700,0,29.208497784095332,36.05436538908534
1894,0,33.08628449581467,24.884934643944653
3046,0,32.14869483676232,35.92461943158198
8982,0,26.977877999739462,35.24642501073301
2034,0,24.83739683418768,23.66619291533639
8700,0,29.00792445705458,30.440627681046426
4445,0,22.520847959625073,20.09721040624361
7559,0,31.051985545430036,27.386900548415422
6204,0,25.96986000662559,28.21807889002574
1423,0,18.74924089455017,19.016041083716438
3769,1,24.837274285905288,24.596627346183503
8569,0,30.569846533166704,29.46224248155214
9251,0,26.75803450382707,28.485899612001866
3318,0,21.56973601648219,26.722926947800467
7943,0,17.73804527885312,18.10955460097942
4034,0,22.706187088655508,23.04785031694929
6716,0,36.76928999221032,39.46089441323841
8696,0,22.16366957599447,24.314557864862493
2321,0,25.587617377162008,30.016223428654985
3612,0,21.655819470266763,27.019937748146113
5040,0,22.118842975136726,26.96435223471711
3931,0,42.02508245249193,38.25531422900926
3060,0,22.40367281079306,21.992471976457733
9274,0,30.93800723772416,29.204555386505334
3206,0,22.870093250603198,22.67659999074023
137,0,38.24370243274258,35.75232301706885
1783,0,26.878673515232897,24.367715851915637
9796,0,22.37005189364178,22.215906810456772
8448,1,31.68324936275039,34.91584970145152
1735,0,22.06569413460128,18.402228336041443
5079,0,25.565476950738013,25.87416893359309
6546,1,22.389507222736526,20.97884198300192
7103,1,23.4033705197506,22.009710827480482
611,0,20.511045024484496,21.570845416775686
8309,0,27.079598414184794,25.908953073539912
2097,0,29.92583596319171,30.773085017837634
3154,0,33.830511560079835,43.5655529580643
7180,0,23.814329992244637,20.39552808207642
4407,0,21.463521443762247,21.1378552379768
6638,0,28.952455264701197,31.31594144246835
7010,0,25.383257767584606,27.1147998408956
1710,1,22.966200850200877,24.139629371989766
3191,0,22.858928524686657,25.315738363583435
9812,0,21.5218619550029,18.821210276578896
5502,0,22.473748018409747,24.44206689681129
6265,0,31.54145325065071,35.75569176402691
8402,0,20.630866815916118,22.934489484282818
5098,0,32.153133914290756,34.573298863029954
3528,0,21.37575957120215,26.713624622285536
1016,0,31.235911992074026,31.46301369200312
9856,0,19.762926293932427,20.9155023550839
7401,0,23.20569109650386,24.068010676498183
1639,0,30.32470999027661,29.026886850472554
3052,0,31.86359498902948,27.993306870088386
7795,0,26.43841888371175,35.09459271330806
7002,0,23.826974313657146,24.238009228801232
2550,0,23.884805580500252,21.346681464409322
6008,0,38.051679398597486,41.071086080376176
8463,0,22.106018273457348,21.396911043180793
6856,0,21.42311770746076,22.49813756968242
2447,0,21.947863466205046,19.623603626231613
3090,0,20.401308697510483,21.286170290135694
7427,0,34.99576128368608,29.481434433844502
983,0,21.464595135809862,21.932079971107818
3768,0,37.851109485055424,34.8219449554766
9260,0,47.150673705749526,36.59903946994798
6888,0,28.415037894839802,25.0494273378145
1361,0,24.777737596883355,21.840660684751377
4869,0,20.994025403725676,25.93166528110435
7396,1,25.15639381898983,21.62700250978512
5402,0,29.715221019160918,31.714702440893788
2322,0,23.47180952168212,22.871038527509338
7044,0,26.076042664743717,27.08459271462962
7471,0,35.284634964795835,40.732637639765045
9596,0,47.89319829764788,50.51796753502183
7658,0,29.78317558674924,34.3649880584806
1557,0,22.75132242965267,22.45562810172483
1946,0,30.660890751996938,32.69774729272523
2912,0,22.86453875537786,27.98788233173979
3238,0,23.06605355215753,19.057156207732778
373,0,30.292894771511985,32.00994440220269
3870,0,25.760370223394332,27.039738003334627
4001,0,23.114296902603247,23.000076379774228
3389,0,23.283714275248926,22.613498983720156
2394,0,36.25375422055904,29.169551458910632
5893,0,17.707280422133586,18.659251936013064
6166,0,24.233425789028253,24.35967378551479
3551,0,37.737437387440565,41.795692512873906
2427,0,26.084961010577246,26.202539794014534
9000,0,32.98909267496633,33.387044515677864
240,0,36.69306074883498,28.577942141071837
2016,0,23.70118940070374,22.700316919733133
3304,0,19.604254991858824,22.309725823493885
2890,0,21.831684459415236,20.90726820906612
2003,0,28.298014172582157,23.765962497646864
1354,0,35.228467779333926,30.813845289206988
366,0,20.332798410782768,19.296750775213617
3981,1,27.9875478672946,29.63722009352623
7341,0,22.465365382422608,19.913676616215355
3622,0,33.53733069365506,27.74065546426096
8277,0,25.389667067333928,27.838668955489034
3611,0,18.228129448841948,19.830902782983433
4954,0,29.468866524560934,27.33394233309537
8644,0,30.836753387209555,28.39572924820746
2480,0,17.391311881021654,17.40484272567525
9837,0,36.44360493953248,38.12486123831106
4594,0,32.824954934044015,35.025809189552234
9611,0,25.537873930931465,28.502496296566218
8642,0,24.403379231185944,23.45979829475474
7937,0,27.160563811490558,23.58950599002801
9341,0,20.65520292814309,20.808574162845183
8062,0,22.36644912450077,22.6878471026621
320,0,26.124825078469765,30.960302325001866
8202,0,24.934122595728113,25.137278455485912
4601,0,24.17327561179005,24.84635066038404
295,0,29.238323372565244,26.67030363174768
8901,0,20.34601729084821,21.67414730766735
9651,0,28.399423923488023,32.96258068405056
5424,0,27.190508091539712,31.266472527495786
4019,0,28.25260288384237,29.251137219158657
1374,0,31.39942951151766,28.728610318728578
1340,0,40.98969859071678,34.089751120249396
134,0,23.01382334417322,21.477012296356435
8838,0,43.109440382618665,47.81918374883874
7893,0,18.55260444393825,18.794971378899497
4793,0,24.773619416330714,20.429644479053696
7279,0,22.91108115732071,19.628347997280752
1319,0,23.94470635249158,27.633667346102726
2275,0,23.877635425773146,23.511429926509347
1521,0,19.691056918807238,17.59559717027283
5663,0,18.911498990634414,22.75869062556673
2670,0,21.057331447262047,19.36913655736206
4932,0,20.083932194011265,21.318336226076696
9480,0,21.522289597132783,24.860670812559533
6989,0,29.33245664557526,30.903125660514633
4831,0,30.82296029647411,25.442201839080404
2663,0,21.159970168754356,25.24577184563851
2557,0,24.506495213160523,22.988229181571953
2917,0,24.164078402646137,26.77747916397271
7261,0,24.91873216595836,25.2141262912191
3794,0,26.266984340777853,26.89763649164536
8757,0,25.58424633585924,27.660379538226557
6343,0,21.466753766509747,25.057505120128898
4152,0,34.3207128540112,35.54859252575406
9565,0,29.433545053254374,26.039717751291157
6720,0,25.444059697317147,22.81503490601957
3553,0,28.691226384655767,25.339116750885918
9054,0,17.777020392614265,16.45680865866367
8670,0,30.78178458924875,33.75641433548126
1311,0,20.615805524711423,25.468162838806432
147,0,26.074102167578456,25.084418830137412
8287,0,23.567820130671887,26.736914544183925
2636,0,21.267347300116143,23.68492872866356
8465,0,20.84123791407229,24.260969809337524
9487,0,34.345171629597374,38.62654716750824
445,0,24.026498199262605,19.915244894372037
3107,0,17.62682239446063,18.637119175730778
5923,0,18.896583417497055,22.018372161676147
6817,0,20.001765149035542,18.45411245238433
8149,0,53.17550309804453,55.19232497954031
7330,0,18.49666675849265,21.6365962993423
5100,0,47.3629639193498,38.19756908665331
251,0,31.131402125314207,30.586768056162537
4198,0,41.34305611830733,36.48701050175245
20,0,33.17110891663346,28.919016486575256
8426,0,22.770443546025007,23.171110420130862
5894,0,22.861516652247655,21.125529800278837
7665,0,26.980016340632606,33.85204788471006
6247,0,31.016232089921942,38.767807032717656
2770,0,28.195223453565,28.244648423157592
9945,0,23.120296204389966,22.18984029446967
6072,0,17.68737394538893,17.223020075909794
7798,0,17.932567593072527,19.884279256029483
8305,1,28.09095743914536,23.51387044485324
1341,0,37.06988993471664,34.799975124171524
6136,0,30.562204931650136,25.332372670944224
3663,0,23.440570605820376,28.341496421422686
6964,0,29.372799912019687,27.195965746050774
1459,0,30.831272080967207,26.35197593483005
3796,0,27.847631124381007,35.47805525175503
755,0,21.575110433059937,20.482848240283786
8607,0,53.042449762281535,44.22663650259374
1899,0,19.29026495850735,19.105374577708233
9919,0,30.304731298083897,30.458646067552337
2454,0,20.36772147088728,23.380058338280865
7426,0,28.979886942549548,25.505592375653283
6803,0,30.652275299834827,26.878052202516894
6525,0,21.405456901600346,22.254155404315767
6844,0,50.459482460161524,38.91251102954469
9441,0,20.584539954451092,23.678436508099132
9512,0,28.466260195615618,29.289942055282317
3982,0,19.63314622650671,22.413186033679793
8476,0,19.76136567481235,19.17180170761107
1142,0,19.357684031145542,21.511426781035066
7807,0,26.474962752488814,27.29426637176458
7768,0,26.304384558614778,25.258418772541482
4722,0,21.380632975963742,24.220616401625687
3062,0,18.72994698825361,22.78752562954101
7025,0,26.601988384162237,27.304421782686276
4903,0,55.85085738554842,43.21207875347278
5451,0,26.52122529072542,24.006085762324375
6615,0,28.52673385619741,27.988805940916684
810,0,23.96514587082006,22.079920993401682
9966,0,21.709432163709824,20.364956284564165
5526,0,23.583765752404393,25.3670264248876
2971,0,35.185956295500375,46.44757995905152
2135,0,50.1228212193984,39.53070704582824
2314,0,40.73069071330605,37.85561702255821
2052,0,35.63254099373287,44.81321447149067
5630,0,25.357463333237366,25.038146887070454
5909,0,17.889609405881078,20.174373637518805
2966,0,20.064404775712422,19.8120054488304
4035,0,23.792647912300126,26.13267109170147
922,0,20.046577123657343,20.11149319664092
4892,0,21.79207751928651,26.538208648759618
685,0,27.326082032453623,21.87502371443846
3137,0,24.925537171632097,21.035995527775043
2981,0,21.838087276777575,24.010213119369563
9353,1,27.111157619090083,25.48217516102296
4470,0,35.026491474523056,28.63845197871696
9306,0,21.0452593788806,22.95926374743136
