row_index,split
0,train
1,test
2,train
3,test
4,train
5,test
6,test
7,test
8,test
9,train
10,test
11,train
12,test
13,train
14,train
15,test
16,train
17,train
18,test
19,train
20,test
21,train
22,test
23,test
24,test
25,train
26,test
27,train
28,train
29,test
30,test
31,train
32,train
33,train
34,train
35,train
36,train
37,test
38,train
39,train
40,test
41,train
42,test
43,train
44,test
45,train
46,train
47,train
48,train
49,train
50,train
51,train
52,train
53,train
54,test
55,train
56,test
57,test
58,train
59,train
60,train
61,train
62,test
63,train
64,train
65,train
66,test
67,train
68,test
69,test
70,train
71,train
72,train
73,train
74,test
75,train
76,test
77,train
78,train
79,test
80,test
81,train
82,train
83,train
84,train
85,train
86,train
87,train
88,train
89,train
90,train
91,test
92,train
93,train
94,train
95,train
96,test
97,train
98,train
99,test
100,test
101,train
102,train
103,train
104,train
105,train
106,train
107,test
108,train
109,train
110,train
111,train
112,train
113,train
114,train
115,train
116,train
117,test
118,test
119,test
120,train
121,train
122,train
123,train
124,train
125,test
126,train
127,test
128,test
129,train
130,test
131,test
132,test
133,train
134,train
135,test
136,train
137,train
138,train
139,test
140,test
141,test
142,train
143,test
144,test
145,train
146,train
147,train
148,test
149,train
150,test
151,test
152,train
153,train
154,train
155,train
156,test
157,test
158,test
159,train
160,train
161,test
162,test
163,train
164,test
165,test
166,test
167,test
168,train
169,test
170,train
171,train
172,train
173,train
174,train
175,train
176,train
177,test
178,train
179,train
180,train
181,train
182,train
183,train
184,train
185,train
186,test
187,train
188,train
189,train
190,train
191,test
192,train
193,test
194,test
195,train
196,train
197,test
198,train
199,train
200,train
201,test
202,train
203,train
204,test
205,test
206,test
207,train
208,test
209,train
210,test
211,test
212,train
213,train
214,train
215,train
216,train
217,test
218,train
219,train
220,train
221,train
222,train
223,train
224,train
225,train
226,train
227,train
228,test
229,test
230,test
231,train
232,train
233,train
234,train
235,train
236,test
237,train
238,test
239,test
240,test
241,test
242,train
243,train
244,train
245,test
246,train
247,test
248,train
249,train
250,train
251,test
252,train
253,train
254,test
255,test
256,train
257,train
258,train
259,train
260,test
261,test
262,train
263,test
264,train
265,test
266,test
267,test
268,train
269,test
270,train
271,test
272,train
273,train
274,test
275,train
276,test
277,train
278,test
279,train
280,test
281,test
282,test
283,train
284,train
285,test
286,test
287,test
288,train
289,test
290,test
291,train
292,train
293,train
294,train
295,train
296,train
297,train
298,train
299,test
300,train
301,train
302,train
303,train
304,train
305,test
306,train
307,test
308,test
309,train
310,train
311,train
312,test
313,train
314,train
315,train
316,train
317,test
318,train
319,test
320,train
321,train
322,train
323,test
324,test
325,train
326,train
327,train
328,train
329,train
330,test
331,train
332,train
333,train
334,train
335,train
336,train
337,test
338,train
339,test
340,train
341,train
342,train
343,train
344,train
345,test
346,train
347,test
348,train
349,test
350,test
351,test
352,test
353,train
354,test
355,train
356,train
357,train
358,train
359,train
360,train
361,test
362,train
363,train
364,train
365,train
366,test
367,test
368,test
369,train
370,test
371,test
372,test
373,test
374,test
375,train
376,train
377,train
378,test
379,test
380,train
381,test
382,train
383,test
384,train
385,train
386,train
387,test
388,train
389,train
390,train
391,train
392,test
393,train
394,test
395,train
396,test
397,train
398,train
399,train
400,test
401,test
402,test
403,train
404,test
405,test
406,train
407,train
408,test
409,test
410,train
411,train
412,train
413,test
414,test
415,test
416,train
417,test
418,train
419,test
420,train
421,test
422,train
423,train
424,test
425,test
426,train
427,train
428,train
429,test
430,train
431,test
432,train
433,train
434,train
435,test
436,test
437,test
438,train
439,train
440,test
441,train
442,train
443,train
444,train
445,test
446,train
447,train
448,train
449,train
450,test
451,train
452,train
453,train
454,test
455,test
456,test
457,train
458,test
459,train
460,train
461,train
462,test
463,train
464,train
465,train
466,train
467,train
468,test
469,test
470,train
471,test
472,train
473,test
474,test
475,test
476,train
477,train
478,train
479,train
480,test
481,train
482,test
483,train
484,train
485,train
486,train
487,test
488,train
489,train
490,train
491,train
492,test
493,train
494,train
495,train
496,train
497,train
498,test
499,test
500,train
501,test
502,train
503,train
504,train
505,test
506,train
507,train
508,train
509,train
510,train
511,train
512,train
513,train
514,train
515,train
516,test
517,train
518,train
519,train
520,test
521,train
522,test
523,train
524,train
525,train
526,train
527,train
528,train
529,train
530,test
531,train
532,test
533,test
534,train
535,train
536,train
537,test
538,test
539,test
540,test
541,test
542,train
543,test
544,test
545,train
546,train
547,test
548,train
549,train
550,train
551,train
552,train
553,train
554,test
555,test
556,train
557,test
558,train
559,test
560,test
561,train
562,train
563,test
564,test
565,train
566,train
567,train
568,train
569,train
570,test
571,train
572,train
573,train
574,test
575,test
576,train
577,test
578,test
579,train
580,test
581,test
582,train
583,train
584,train
585,train
586,train
587,train
588,test
589,train
590,test
591,test
592,train
593,test
594,test
595,test
596,train
597,train
598,test
599,train
600,test
601,test
602,train
603,test
604,train
605,train
606,train
607,test
608,train
609,train
610,test
611,test
612,train
613,test
614,train
615,test
616,train
617,test
618,train
619,train
620,test
621,train
622,train
623,train
624,train
625,train
626,train
627,test
628,train
629,test
630,train
631,test
632,train
633,test
634,train
635,test
636,train
637,train
638,train
639,train
640,train
641,test
642,test
643,train
644,train
645,train
646,train
647,train
648,train
649,train
650,train
651,train
652,train
653,test
654,test
655,test
656,test
657,train
658,test
659,test
660,train
661,train
662,test
663,test
664,train
665,train
666,train
667,train
668,train
669,test
670,test
671,train
672,train
673,test
674,train
675,test
676,train
677,train
678,train
679,train
680,test
681,train
682,train
683,test
684,train
685,test
686,test
687,test
688,train
689,train
690,test
691,train
692,train
693,test
694,test
695,train
696,test
697,train
698,test
699,train
700,train
701,train
702,train
703,train
704,train
705,train
706,train
707,train
708,train
709,train
710,train
711,train
712,test
713,test
714,test
715,test
716,test
717,train
718,train
719,test
720,train
721,train
722,test
723,train
724,test
725,test
726,test
727,train
728,train
729,test
730,test
731,train
732,train
733,train
734,test
735,train
736,train
737,train
738,train
739,train
740,test
741,test
742,test
743,test
744,test
745,train
746,train
747,train
748,train
749,train
750,test
751,train
752,train
753,test
754,test
755,test
756,test
757,train
758,train
759,train
760,train
761,train
762,test
763,train
764,train
765,train
766,train
767,train
768,train
769,train
770,train
771,train
772,train
773,train
774,train
775,train
776,test
777,train
778,train
779,train
780,train
781,test
782,train
783,train
784,train
785,train
786,train
787,test
788,test
789,train
790,train
791,test
792,train
793,train
794,train
795,train
796,test
797,test
798,test
799,test
800,test
801,test
802,train
803,train
804,test
805,train
806,train
807,train
808,test
809,train
810,test
811,test
812,train
813,train
814,test
815,test
816,train
817,train
818,test
819,train
820,train
821,test
822,test
823,test
824,test
825,train
826,train
827,test
828,train
829,train
830,train
831,train
832,train
833,train
834,train
835,test
836,train
837,test
838,train
839,train
840,train
841,train
842,train
843,train
844,train
845,test
846,train
847,train
848,test
849,test
850,test
851,train
852,test
853,test
854,test
855,test
856,test
857,train
858,test
859,train
860,train
861,test
862,test
863,train
864,test
865,train
866,train
867,train
868,test
869,train
870,test
871,train
872,test
873,test
874,train
875,train
876,train
877,train
878,train
879,test
880,test
881,train
882,train
883,train
884,test
885,test
886,train
887,test
888,test
889,test
890,train
891,train
892,train
893,train
894,test
895,train
896,train
897,test
898,train
899,train
900,train
901,test
902,train
903,train
904,train
905,train
906,train
907,train
908,test
909,test
910,test
911,train
912,test
913,train
914,train
915,train
916,test
917,train
918,train
919,test
920,test
921,train
922,test
923,train
924,train
925,test
926,test
927,train
928,test
929,test
930,train
931,train
932,train
933,test
934,test
935,train
936,test
937,train
938,train
939,test
940,test
941,train
942,train
943,test
944,test
945,train
946,train
947,test
948,train
949,train
950,test
951,test
952,test
953,train
954,test
955,train
956,test
957,test
958,test
959,train
960,train
961,train
962,test
963,test
964,test
965,train
966,train
967,test
968,train
969,test
970,test
971,train
972,train
973,test
974,train
975,train
976,test
977,test
978,train
979,train
980,test
981,train
982,test
983,train
984,test
985,test
986,train
987,test
988,test
989,test
990,test
991,train
992,train
993,test
994,train
995,test
996,test
997,test
998,train
999,train
1000,train
1001,test
1002,train
1003,test
1004,train
1005,train
1006,train
1007,train
1008,test
1009,test
1010,train
1011,test
1012,train
1013,train
1014,train
1015,test
1016,train
1017,train
1018,train
1019,test
1020,test
1021,test
1022,test
1023,test
1024,test
1025,train
1026,train
1027,train
1028,train
1029,train
1030,test
1031,train
1032,train
1033,test
1034,train
1035,test
1036,train
1037,train
1038,train
1039,test
1040,train
1041,train
1042,test
1043,test
1044,train
1045,train
1046,test
1047,test
1048,test
1049,test
1050,test
1051,test
1052,train
1053,train
1054,test
1055,train
1056,test
1057,train
1058,test
1059,train
1060,train
1061,train
1062,test
1063,train
1064,test
1065,train
1066,train
1067,train
1068,test
1069,train
1070,train
1071,train
1072,test
1073,train
1074,test
1075,train
1076,train
1077,test
1078,train
1079,train
1080,test
1081,train
1082,test
1083,train
1084,train
1085,test
1086,train
1087,test
1088,train
1089,train
1090,train
1091,test
1092,train
1093,train
1094,train
1095,test
1096,test
1097,test
1098,train
1099,test
1100,test
1101,test
1102,test
1103,train
1104,test
1105,test
1106,test
1107,train
1108,test
1109,test
1110,train
1111,test
1112,train
1113,train
1114,train
1115,train
1116,test
1117,train
1118,train
1119,test
1120,test
1121,test
1122,train
1123,train
1124,test
1125,train
1126,train
1127,test
1128,train
1129,test
1130,train
1131,test
1132,train
1133,train
1134,train
1135,train
1136,train
1137,train
1138,train
1139,test
1140,train
1141,test
1142,train
1143,train
1144,train
1145,train
1146,train
1147,test
1148,test
1149,train
1150,train
1151,test
1152,train
1153,train
1154,train
1155,train
1156,train
1157,train
1158,train
1159,train
1160,train
1161,test
1162,train
1163,test
1164,train
1165,test
1166,test
1167,train
1168,train
1169,train
1170,train
1171,test
1172,train
1173,test
1174,test
1175,test
1176,train
1177,test
1178,test
1179,test
1180,test
1181,train
1182,test
1183,test
1184,train
1185,test
1186,train
1187,train
1188,train
1189,train
1190,train
1191,test
1192,train
1193,test
1194,train
1195,train
1196,train
1197,test
1198,train
1199,train
1200,train
1201,train
1202,test
1203,train
1204,train
1205,train
1206,train
1207,train
1208,test
1209,train
1210,train
1211,test
1212,train
1213,test
1214,test
1215,train
1216,test
1217,train
1218,train
1219,train
1220,train
1221,train
1222,test
1223,test
1224,test
1225,train
1226,train
1227,train
1228,train
1229,test
1230,test
1231,train
1232,train
1233,train
1234,train
1235,test
1236,test
1237,train
1238,train
1239,train
1240,train
1241,train
1242,train
1243,test
1244,train
1245,train
1246,train
1247,test
1248,train
1249,train
1250,test
1251,test
1252,test
1253,test
1254,train
1255,train
1256,train
1257,train
1258,test
1259,test
1260,train
1261,test
1262,train
1263,train
1264,test
1265,train
1266,train
1267,train
1268,train
1269,train
1270,train
1271,train
1272,train
1273,test
1274,test
1275,test
1276,train
1277,train
1278,test
1279,train
1280,train
1281,train
1282,test
1283,test
1284,test
1285,test
1286,test
1287,test
1288,train
1289,test
1290,train
1291,test
1292,test
1293,test
1294,test
1295,test
1296,train
1297,train
1298,test
1299,train
1300,train
1301,train
1302,test
1303,test
1304,train
1305,train
1306,train
1307,train
1308,train
1309,train
1310,test
1311,test
1312,test
1313,test
1314,train
1315,test
1316,train
1317,test
1318,train
1319,train
1320,test
1321,test
1322,train
1323,test
1324,test
1325,train
1326,train
1327,test
1328,test
1329,train
1330,train
1331,test
1332,test
1333,train
1334,test
1335,train
1336,train
1337,train
1338,test
1339,test
1340,train
1341,train
1342,train
1343,train
1344,test
1345,train
1346,train
1347,train
1348,train
1349,test
1350,train
1351,train
1352,test
1353,test
1354,train
1355,test
1356,test
1357,test
1358,train
1359,test
1360,test
1361,test
1362,test
1363,train
1364,test
1365,test
1366,train
1367,train
1368,train
1369,test
1370,train
1371,train
1372,train
1373,train
1374,train
1375,train
1376,train
1377,test
1378,test
1379,test
1380,test
1381,train
1382,train
1383,train
1384,test
1385,train
1386,test
1387,train
1388,train
1389,test
1390,train
1391,train
1392,train
1393,train
1394,test
1395,test
1396,test
1397,train
1398,train
1399,train
1400,test
1401,test
1402,train
1403,train
1404,train
1405,train
1406,test
1407,train
1408,train
1409,test
1410,train
1411,train
1412,train
1413,train
1414,train
1415,train
1416,train
1417,test
1418,test
1419,train
1420,test
1421,test
1422,train
1423,train
1424,train
1425,train
1426,train
1427,train
1428,train
1429,train
1430,test
1431,test
1432,test
1433,train
1434,test
1435,test
1436,train
1437,test
1438,train
1439,train
1440,train
1441,test
1442,test
1443,test
1444,test
1445,test
1446,train
1447,train
1448,train
1449,test
1450,test
1451,test
1452,train
1453,train
1454,train
1455,test
1456,train
1457,train
1458,train
1459,test
1460,test
1461,train
1462,train
1463,train
1464,test
1465,test
1466,train
1467,train
1468,train
1469,train
1470,train
1471,train
1472,train
1473,train
1474,train
1475,train
1476,train
1477,train
1478,train
1479,test
1480,train
1481,train
1482,train
1483,train
1484,train
1485,test
1486,train
1487,train
1488,test
1489,train
1490,train
1491,train
1492,test
1493,train
1494,train
1495,train
1496,test
1497,test
1498,test
1499,test
1500,train
1501,train
1502,train
1503,train
1504,test
1505,train
1506,test
1507,train
1508,train
1509,train
1510,test
1511,train
1512,test
1513,train
1514,test
1515,train
1516,test
1517,test
1518,train
1519,test
1520,test
1521,train
1522,train
1523,test
1524,train
1525,train
1526,train
1527,train
1528,train
1529,train
1530,train
1531,test
1532,test
1533,train
1534,train
1535,test
1536,train
1537,train
1538,test
1539,train
1540,train
1541,test
1542,train
1543,test
1544,train
1545,train
1546,train
1547,test
1548,train
1549,train
1550,test
1551,train
1552,test
1553,test
1554,train
1555,test
1556,train
1557,train
1558,test
1559,train
1560,train
1561,train
1562,train
1563,train
1564,train
1565,train
1566,test
1567,train
1568,train
1569,test
1570,train
1571,train
1572,train
1573,train
1574,train
1575,train
1576,test
1577,test
1578,test
1579,train
1580,test
1581,test
1582,test
1583,test
1584,test
1585,train
1586,train
1587,test
1588,train
1589,test
1590,train
1591,test
1592,train
1593,train
1594,train
1595,train
1596,train
1597,train
1598,train
1599,train
1600,test
1601,train
1602,train
1603,test
1604,train
1605,test
1606,train
1607,train
1608,train
1609,test
1610,train
1611,train
1612,test
1613,train
1614,train
1615,train
1616,train
1617,train
1618,train
1619,test
1620,test
1621,train
1622,train
1623,train
1624,test
1625,train
1626,train
1627,train
1628,train
1629,train
1630,train
1631,test
1632,train
1633,train
1634,train
1635,test
1636,test
1637,test
1638,train
1639,train
1640,test
1641,test
1642,train
1643,train
1644,test
1645,test
1646,train
1647,test
1648,train
1649,train
1650,test
1651,test
1652,train
1653,test
1654,test
1655,test
1656,train
1657,test
1658,train
1659,train
1660,test
1661,train
1662,train
1663,train
1664,train
1665,train
1666,train
1667,train
1668,test
1669,test
1670,train
1671,test
1672,test
1673,train
1674,test
1675,train
1676,train
1677,test
1678,train
1679,train
1680,test
1681,train
1682,train
1683,train
1684,train
1685,train
1686,test
1687,train
1688,train
1689,test
1690,train
1691,test
1692,test
1693,train
1694,test
1695,test
1696,test
1697,train
1698,train
1699,train
1700,test
1701,train
1702,test
1703,test
1704,test
1705,test
1706,test
1707,test
1708,test
1709,train
1710,test
1711,train
1712,test
1713,test
1714,test
1715,train
1716,test
1717,train
1718,train
1719,test
1720,train
1721,test
1722,train
1723,test
1724,train
1725,train
1726,train
1727,train
1728,train
1729,test
1730,train
1731,train
1732,test
1733,test
1734,train
1735,train
1736,test
1737,test
1738,train
1739,train
1740,train
1741,train
1742,train
1743,train
1744,test
1745,train
1746,train
1747,train
1748,test
1749,test
1750,train
1751,test
1752,test
1753,train
1754,train
1755,test
1756,test
1757,test
1758,train
1759,test
1760,train
1761,train
1762,test
1763,test
1764,train
1765,train
1766,train
1767,train
1768,train
1769,test
1770,train
1771,train
1772,train
1773,train
1774,train
1775,test
1776,train
1777,test
1778,train
1779,test
1780,test
1781,test
1782,train
1783,train
1784,test
1785,test
1786,train
1787,test
1788,test
1789,train
1790,test
1791,train
1792,test
1793,train
1794,train
1795,train
1796,train
1797,train
1798,test
1799,test
1800,train
1801,test
1802,train
1803,train
1804,train
1805,train
1806,train
1807,test
1808,test
1809,test
1810,train
1811,train
1812,test
1813,train
1814,train
1815,train
1816,test
1817,train
1818,test
1819,train
1820,train
1821,train
1822,train
1823,train
1824,train
1825,test
1826,test
1827,train
1828,train
1829,test
1830,train
1831,train
1832,train
1833,test
1834,train
1835,test
1836,train
1837,test
1838,test
1839,test
1840,test
1841,train
1842,test
1843,test
1844,train
1845,train
1846,train
1847,test
1848,train
1849,train
1850,test
1851,train
1852,train
1853,train
1854,test
1855,test
1856,train
1857,train
1858,train
1859,test
1860,train
1861,train
1862,train
1863,train
1864,train
1865,train
1866,test
1867,train
1868,train
1869,train
1870,train
1871,test
1872,train
1873,train
1874,train
1875,test
1876,test
1877,test
1878,test
1879,test
1880,train
1881,test
1882,train
1883,test
1884,train
1885,train
1886,train
1887,train
1888,test
1889,test
1890,train
1891,test
1892,train
1893,test
1894,train
1895,test
1896,train
1897,train
1898,train
1899,test
1900,train
1901,test
1902,train
1903,test
1904,train
1905,train
1906,test
1907,test
1908,test
1909,test
1910,train
1911,train
1912,train
1913,train
1914,train
1915,train
1916,test
1917,train
1918,test
1919,train
1920,train
1921,test
1922,test
1923,test
1924,train
1925,test
1926,test
1927,train
1928,train
1929,train
1930,train
1931,train
1932,test
1933,test
1934,test
1935,test
1936,train
1937,test
1938,train
1939,train
1940,train
1941,train
1942,train
1943,test
1944,train
1945,test
1946,train
1947,test
1948,test
1949,train
1950,test
1951,train
1952,train
1953,train
1954,train
1955,train
1956,train
1957,test
1958,train
1959,train
1960,train
1961,train
1962,train
1963,train
1964,train
1965,train
1966,test
1967,test
1968,train
1969,test
1970,train
1971,test
1972,train
1973,train
1974,train
1975,train
1976,train
1977,test
1978,test
1979,train
1980,test
1981,test
1982,test
1983,train
1984,train
1985,train
1986,test
1987,train
1988,test
1989,train
1990,test
1991,test
1992,test
1993,train
1994,train
1995,test
1996,train
1997,test
1998,train
1999,train
2000,test
2001,train
2002,train
2003,train
2004,train
2005,train
2006,train
2007,train
2008,test
2009,train
2010,test
2011,train
2012,test
2013,test
2014,test
2015,test
2016,test
2017,test
2018,train
2019,train
2020,test
2021,train
2022,test
2023,test
2024,train
2025,train
2026,train
2027,test
2028,train
2029,train
2030,test
2031,test
2032,test
2033,test
2034,test
2035,train
2036,train
2037,test
2038,test
2039,train
2040,train
2041,train
2042,train
2043,test
2044,test
2045,test
2046,train
2047,train
2048,train
2049,train
2050,train
2051,train
2052,test
2053,test
2054,test
2055,test
2056,train
2057,train
2058,train
2059,test
2060,train
2061,test
2062,test
2063,train
2064,train
2065,test
2066,train
2067,train
2068,train
2069,train
2070,test
2071,test
2072,train
2073,train
2074,test
2075,test
2076,test
2077,train
2078,train
2079,test
2080,test
2081,train
2082,test
2083,test
2084,train
2085,test
2086,test
2087,test
2088,test
2089,train
2090,train
2091,test
2092,train
2093,train
2094,train
2095,test
2096,train
2097,test
2098,test
2099,test
2100,train
2101,test
2102,test
2103,test
2104,train
2105,train
2106,train
2107,train
2108,train
2109,train
2110,test
2111,train
2112,test
2113,train
2114,train
2115,test
2116,test
2117,train
2118,train
2119,train
2120,train
2121,test
2122,test
2123,train
2124,train
2125,train
2126,test
2127,test
2128,train
2129,train
2130,test
2131,test
2132,train
2133,test
2134,test
2135,train
2136,test
2137,test
2138,test
2139,test
2140,test
2141,test
2142,train
2143,train
2144,test
2145,train
2146,test
2147,train
2148,train
2149,train
2150,test
2151,train
2152,test
2153,train
2154,test
2155,test
2156,test
2157,train
2158,train
2159,train
2160,train
2161,test
2162,test
2163,train
2164,test
2165,test
2166,train
2167,train
2168,train
2169,train
2170,test
2171,train
2172,train
2173,test
2174,train
2175,test
2176,test
2177,train
2178,train
2179,train
2180,train
2181,test
2182,train
2183,test
2184,train
2185,train
2186,train
2187,train
2188,test
2189,train
2190,test
2191,train
2192,train
2193,train
2194,train
2195,test
2196,train
2197,train
2198,test
2199,test
2200,train
2201,train
2202,train
2203,train
2204,train
2205,train
2206,test
2207,train
2208,train
2209,test
2210,train
2211,train
2212,train
2213,test
2214,train
2215,train
2216,train
2217,train
2218,test
2219,train
2220,train
2221,train
2222,train
2223,test
2224,train
2225,train
2226,test
2227,train
2228,test
2229,train
2230,test
2231,test
2232,train
2233,test
2234,test
2235,test
2236,train
2237,test
2238,train
2239,train
2240,train
2241,test
2242,test
2243,train
2244,train
2245,test
2246,train
2247,train
2248,train
2249,train
2250,test
2251,train
2252,test
2253,test
2254,test
2255,train
2256,test
2257,train
2258,train
2259,train
2260,train
2261,train
2262,train
2263,test
2264,train
2265,test
2266,test
2267,train
2268,test
2269,train
2270,train
2271,train
2272,train
2273,test
2274,test
2275,train
2276,train
2277,train
2278,train
2279,train
2280,test
2281,train
2282,test
2283,train
2284,test
2285,train
2286,train
2287,test
2288,test
2289,test
2290,train
2291,test
2292,test
2293,train
2294,test
2295,train
2296,test
2297,train
2298,train
2299,test
2300,test
2301,test
2302,train
2303,train
2304,train
2305,train
2306,train
2307,test
2308,test
2309,train
2310,train
2311,train
2312,test
2313,train
2314,train
2315,test
2316,test
2317,train
2318,train
2319,train
2320,test
2321,train
2322,train
2323,train
2324,train
2325,train
2326,test
2327,train
2328,train
2329,train
2330,train
2331,test
2332,train
2333,train
2334,test
2335,train
2336,train
2337,test
2338,test
2339,test
2340,train
2341,train
2342,train
2343,test
2344,train
2345,train
2346,train
2347,train
2348,train
2349,test
2350,train
2351,test
2352,test
2353,test
2354,train
2355,train
2356,train
2357,test
2358,train
2359,train
2360,train
2361,test
2362,train
2363,test
2364,train
2365,test
2366,test
2367,train
2368,train
2369,train
2370,test
2371,train
2372,train
2373,train
2374,test
2375,test
2376,train
2377,test
2378,test
2379,train
2380,train
2381,test
2382,train
2383,train
2384,train
2385,test
2386,test
2387,train
2388,train
2389,test
2390,train
2391,test
2392,train
2393,train
2394,test
2395,train
2396,train
2397,train
2398,train
2399,train
2400,train
2401,train
2402,train
2403,train
2404,test
2405,train
2406,test
2407,train
2408,test
2409,train
2410,train
2411,train
2412,test
2413,train
2414,train
2415,train
2416,train
2417,test
2418,train
2419,test
2420,train
2421,test
2422,test
2423,test
2424,test
2425,train
2426,train
2427,train
2428,test
2429,train
2430,train
2431,test
2432,test
2433,test
2434,train
2435,train
2436,train
2437,test
2438,test
2439,test
2440,test
2441,train
2442,train
2443,train
2444,train
2445,train
2446,train
2447,test
2448,train
2449,train
2450,test
2451,test
2452,train
2453,test
2454,test
2455,train
2456,train
2457,test
2458,test
2459,test
2460,train
2461,train
2462,train
2463,test
2464,train
2465,test
2466,test
2467,train
2468,train
2469,train
2470,test
2471,train
2472,train
2473,train
2474,train
2475,test
2476,train
2477,train
2478,train
2479,test
2480,train
2481,test
2482,test
2483,train
2484,test
2485,test
2486,test
2487,test
2488,train
2489,train
2490,train
2491,train
2492,test
2493,train
2494,train
2495,train
2496,test
2497,test
2498,test
2499,test
2500,test
2501,train
2502,train
2503,train
2504,test
2505,test
2506,test
2507,test
2508,train
2509,test
2510,train
2511,train
2512,train
2513,train
2514,train
2515,train
2516,train
2517,test
2518,train
2519,train
2520,test
2521,train
2522,train
2523,train
2524,train
2525,test
2526,test
2527,train
2528,train
2529,test
2530,train
2531,test
2532,test
2533,train
2534,train
2535,test
2536,test
2537,test
2538,test
2539,test
2540,test
2541,train
2542,test
2543,train
2544,test
2545,train
2546,train
2547,train
2548,test
2549,train
2550,train
2551,train
2552,train
2553,test
2554,test
2555,test
2556,train
2557,train
2558,train
2559,test
2560,train
2561,train
2562,train
2563,test
2564,train
2565,test
2566,train
2567,train
2568,train
2569,train
2570,test
2571,test
2572,train
2573,test
2574,test
2575,train
2576,train
2577,train
2578,train
2579,test
2580,train
2581,test
2582,test
2583,train
2584,test
2585,train
2586,test
2587,train
2588,test
2589,test
2590,train
2591,train
2592,train
2593,test
2594,train
2595,train
2596,test
2597,test
2598,train
2599,train
2600,train
2601,train
2602,train
2603,train
2604,test
2605,test
2606,test
2607,train
2608,test
2609,train
2610,test
2611,train
2612,test
2613,test
2614,train
2615,train
2616,train
2617,test
2618,test
2619,train
2620,test
2621,test
2622,train
2623,test
2624,test
2625,train
2626,train
2627,train
2628,test
2629,test
2630,train
2631,test
2632,train
2633,train
2634,train
2635,train
2636,train
2637,test
2638,train
2639,train
2640,train
2641,test
2642,train
2643,train
2644,test
2645,train
2646,test
2647,test
2648,test
2649,train
2650,test
2651,train
2652,train
2653,train
2654,train
2655,train
2656,test
2657,train
2658,test
2659,train
2660,train
2661,test
2662,train
2663,train
2664,test
2665,test
2666,test
2667,train
2668,test
2669,train
2670,train
2671,train
2672,test
2673,train
2674,train
2675,train
2676,test
2677,test
2678,test
2679,test
2680,train
2681,test
2682,train
2683,test
2684,test
2685,test
2686,train
2687,train
2688,test
2689,test
2690,train
2691,train
2692,train
2693,train
2694,test
2695,train
2696,train
2697,train
2698,train
2699,train
2700,train
2701,train
2702,test
2703,train
2704,test
2705,train
2706,train
2707,train
2708,test
2709,train
2710,train
2711,test
2712,test
2713,train
2714,test
2715,train
2716,train
2717,train
2718,train
2719,test
2720,train
2721,test
2722,train
2723,test
2724,train
2725,train
2726,test
2727,train
2728,test
2729,train
2730,test
2731,train
2732,test
2733,train
2734,train
2735,test
2736,test
2737,train
2738,train
2739,train
2740,train
2741,train
2742,train
2743,train
2744,train
2745,train
2746,train
2747,test
2748,test
2749,train
2750,train
2751,train
2752,train
2753,test
2754,test
2755,test
2756,train
2757,test
2758,test
2759,test
2760,test
2761,train
2762,test
2763,train
2764,train
2765,train
2766,test
2767,train
2768,test
2769,train
2770,train
2771,train
2772,train
2773,test
2774,train
2775,train
2776,train
2777,train
2778,train
2779,train
2780,train
2781,test
2782,test
2783,test
2784,test
2785,test
2786,train
2787,train
2788,train
2789,test
2790,train
2791,test
2792,train
2793,train
2794,train
2795,test
2796,test
2797,train
2798,test
2799,test
2800,train
2801,train
2802,train
2803,test
2804,train
2805,test
2806,train
2807,train
2808,train
2809,train
2810,test
2811,train
2812,train
2813,train
2814,train
2815,train
2816,train
2817,train
2818,test
2819,test
2820,test
2821,test
2822,train
2823,train
2824,train
2825,train
2826,train
2827,test
2828,test
2829,train
2830,train
2831,train
2832,train
2833,test
2834,train
2835,test
2836,test
2837,test
2838,test
2839,test
2840,train
2841,train
2842,test
2843,train
2844,test
2845,test
2846,test
2847,train
2848,test
2849,train
2850,test
2851,train
2852,train
2853,train
2854,train
2855,train
2856,test
2857,train
2858,test
2859,test
2860,train
2861,train
2862,test
2863,train
2864,test
2865,test
2866,test
2867,train
2868,train
2869,test
2870,test
2871,test
2872,train
2873,test
2874,train
2875,train
2876,train
2877,train
2878,test
2879,train
2880,train
2881,train
2882,train
2883,test
2884,train
2885,train
2886,train
2887,train
2888,train
2889,train
2890,train
2891,train
2892,train
2893,train
2894,test
2895,test
2896,train
2897,train
2898,train
2899,test
2900,train
2901,test
2902,train
2903,train
2904,train
2905,train
2906,test
2907,test
2908,train
2909,test
2910,test
2911,train
2912,train
2913,train
2914,test
2915,test
2916,train
2917,train
2918,train
2919,test
2920,test
2921,test
2922,train
2923,test
2924,train
2925,train
2926,train
2927,train
2928,test
2929,train
2930,train
2931,test
2932,train
2933,train
2934,train
2935,train
2936,train
2937,test
2938,train
2939,test
2940,train
2941,test
2942,test
2943,train
2944,test
2945,test
2946,test
2947,train
2948,train
2949,test
2950,train
2951,test
2952,train
2953,train
2954,test
2955,test
2956,test
2957,train
2958,train
2959,train
2960,test
2961,train
2962,test
2963,test
2964,test
2965,train
2966,test
2967,train
2968,train
2969,test
2970,test
2971,test
2972,train
2973,test
2974,train
2975,train
2976,test
2977,train
2978,train
2979,train
2980,test
2981,test
2982,train
2983,train
2984,test
2985,train
2986,train
2987,train
2988,train
2989,test
2990,test
2991,train
2992,train
2993,train
2994,train
2995,train
2996,test
2997,train
2998,train
2999,test
3000,train
3001,train
3002,test
3003,train
3004,test
3005,test
3006,train
3007,train
3008,test
3009,train
3010,train
3011,test
3012,train
3013,train
3014,train
3015,train
3016,train
3017,train
3018,train
3019,train
3020,train
3021,train
3022,test
3023,train
3024,test
3025,train
3026,train
3027,train
3028,train
3029,test
3030,train
3031,test
3032,train
3033,train
3034,train
3035,test
3036,train
3037,train
3038,train
3039,train
3040,train
3041,train
3042,train
3043,test
3044,train
3045,test
3046,train
3047,train
3048,test
3049,train
3050,train
3051,train
3052,test
3053,train
3054,train
3055,train
3056,test
3057,train
3058,train
3059,test
3060,train
3061,test
3062,train
3063,train
3064,train
3065,test
3066,train
3067,train
3068,test
3069,train
3070,test
3071,train
3072,train
3073,train
3074,test
3075,train
3076,test
3077,test
3078,train
3079,train
3080,test
3081,train
3082,train
3083,train
3084,train
3085,train
3086,test
3087,test
3088,train
3089,train
3090,test
3091,test
3092,train
3093,test
3094,test
3095,train
3096,train
3097,test
3098,train
3099,test
3100,test
3101,train
3102,test
3103,test
3104,train
3105,test
3106,train
3107,test
3108,train
3109,test
3110,train
3111,test
3112,train
3113,test
3114,train
3115,train
3116,test
3117,test
3118,test
3119,train
3120,test
3121,test
3122,test
3123,train
3124,train
3125,test
3126,train
3127,train
3128,train
3129,train
3130,train
3131,test
3132,test
3133,train
3134,train
3135,test
3136,test
3137,train
3138,train
3139,train
3140,test
3141,train
3142,train
3143,train
3144,train
3145,train
3146,test
3147,test
3148,train
3149,train
3150,train
3151,test
3152,test
3153,train
3154,train
3155,train
3156,test
3157,train
3158,test
3159,train
3160,train
3161,train
3162,train
3163,test
3164,train
3165,test
3166,train
3167,train
3168,train
3169,test
3170,train
3171,train
3172,test
3173,test
3174,test
3175,train
3176,train
3177,train
3178,train
3179,train
3180,test
3181,test
3182,train
3183,train
3184,train
3185,test
3186,test
3187,test
3188,train
3189,train
3190,train
3191,test
3192,train
3193,test
3194,train
3195,train
3196,train
3197,test
3198,test
3199,train
3200,test
3201,train
3202,test
3203,train
3204,train
3205,train
3206,train
3207,test
3208,test
3209,train
3210,train
3211,train
3212,train
3213,test
3214,train
3215,test
3216,train
3217,train
3218,test
3219,test
3220,train
3221,train
3222,train
3223,train
3224,train
3225,train
3226,train
3227,test
3228,train
3229,test
3230,test
3231,test
3232,train
3233,test
3234,train
3235,test
3236,train
3237,train
3238,train
3239,train
3240,test
3241,train
3242,train
3243,train
3244,test
3245,train
3246,test
3247,train
3248,train
3249,train
3250,train
3251,test
3252,train
3253,train
3254,train
3255,test
3256,train
3257,train
3258,train
3259,test
3260,train
3261,train
3262,train
3263,train
3264,test
3265,train
3266,test
3267,train
3268,train
3269,train
3270,train
3271,test
3272,train
3273,train
3274,train
3275,train
3276,train
3277,train
3278,train
3279,train
3280,train
3281,test
3282,train
3283,test
3284,train
3285,test
3286,test
3287,train
3288,test
3289,train
3290,test
3291,train
3292,train
3293,train
3294,test
3295,train
3296,train
3297,test
3298,train
3299,train
3300,train
3301,train
3302,test
3303,train
3304,train
3305,test
3306,train
3307,test
3308,test
3309,train
3310,train
3311,train
3312,test
3313,train
3314,train
3315,train
3316,train
3317,train
3318,test
3319,train
3320,train
3321,test
3322,train
3323,train
3324,test
3325,test
3326,test
3327,train
3328,test
3329,test
3330,test
3331,test
3332,train
3333,train
3334,test
3335,train
3336,train
3337,train
3338,test
3339,train
3340,test
3341,test
3342,test
3343,test
3344,test
3345,test
3346,test
3347,train
3348,train
3349,test
3350,train
3351,train
3352,train
3353,test
3354,train
3355,test
3356,test
3357,train
3358,train
3359,train
3360,test
3361,train
3362,train
3363,train
3364,train
3365,train
3366,train
3367,test
3368,train
3369,train
3370,train
3371,test
3372,test
3373,train
3374,train
3375,test
3376,train
3377,train
3378,train
3379,test
3380,test
3381,test
3382,train
3383,train
3384,test
3385,test
3386,test
3387,train
3388,test
3389,test
3390,test
3391,train
3392,test
3393,train
3394,train
3395,test
3396,train
3397,train
3398,test
3399,test
3400,test
3401,test
3402,train
3403,train
3404,train
3405,test
3406,train
3407,test
3408,train
3409,train
3410,train
3411,test
3412,train
3413,train
3414,train
3415,train
3416,train
3417,test
3418,train
3419,train
3420,train
3421,train
3422,test
3423,test
3424,train
3425,test
3426,test
3427,train
3428,train
3429,train
3430,test
3431,train
3432,test
3433,train
3434,test
3435,train
3436,train
3437,train
3438,train
3439,train
3440,train
3441,train
3442,train
3443,train
3444,train
3445,train
3446,test
3447,train
3448,train
3449,train
3450,train
3451,test
3452,test
3453,train
3454,test
3455,train
3456,train
3457,train
3458,train
3459,train
3460,test
3461,train
3462,test
3463,train
3464,test
3465,train
3466,train
3467,train
3468,train
3469,train
3470,test
3471,test
3472,train
3473,train
3474,train
3475,train
3476,train
3477,train
3478,train
3479,train
3480,train
3481,test
3482,train
3483,train
3484,test
3485,train
3486,train
3487,test
3488,train
3489,train
3490,test
3491,test
3492,train
3493,train
3494,train
3495,test
3496,test
3497,train
3498,test
3499,train
3500,test
3501,train
3502,train
3503,train
3504,test
3505,test
3506,test
3507,test
3508,train
3509,train
3510,test
3511,train
3512,train
3513,test
3514,train
3515,train
3516,test
3517,train
3518,test
3519,train
3520,train
3521,test
3522,train
3523,test
3524,train
3525,test
3526,test
3527,test
3528,train
3529,train
3530,train
3531,test
3532,test
3533,train
3534,test
3535,test
3536,test
3537,test
3538,train
3539,test
3540,train
3541,train
3542,train
3543,test
3544,train
3545,train
3546,train
3547,train
3548,test
3549,test
3550,train
3551,train
3552,train
3553,test
3554,test
3555,test
3556,train
3557,train
3558,test
3559,train
3560,train
3561,train
3562,test
3563,test
3564,train
3565,train
3566,train
3567,train
3568,test
3569,train
3570,train
3571,train
3572,train
3573,train
3574,test
3575,train
3576,train
3577,train
3578,train
3579,train
3580,train
3581,test
3582,test
3583,test
3584,test
3585,train
3586,test
3587,test
3588,test
3589,test
3590,train
3591,test
3592,train
3593,train
3594,test
3595,test
3596,train
3597,train
3598,test
3599,test
3600,train
3601,test
3602,test
3603,train
3604,train
3605,test
3606,test
3607,train
3608,train
3609,train
3610,test
3611,train
3612,train
3613,train
3614,test
3615,train
3616,test
3617,test
3618,train
3619,test
3620,train
3621,test
3622,test
3623,test
3624,train
3625,train
3626,test
3627,train
3628,train
3629,train
3630,train
3631,test
3632,test
3633,train
3634,train
3635,train
3636,test
3637,train
3638,test
3639,train
3640,train
3641,test
3642,test
3643,train
3644,train
3645,train
3646,train
3647,test
3648,train
3649,train
3650,train
3651,train
3652,train
3653,train
3654,train
3655,train
3656,test
3657,test
3658,test
3659,train
3660,test
3661,test
3662,test
3663,train
3664,test
3665,test
3666,train
3667,train
3668,test
3669,train
3670,train
3671,train
3672,train
3673,test
3674,train
3675,train
3676,test
3677,train
3678,train
3679,test
3680,test
3681,train
3682,train
3683,test
3684,train
3685,test
3686,train
3687,train
3688,train
3689,train
3690,test
3691,test
3692,test
3693,train
3694,train
3695,train
3696,train
3697,train
3698,train
3699,test
3700,train
3701,test
3702,test
3703,train
3704,train
3705,train
3706,test
3707,test
3708,train
3709,train
3710,train
3711,train
3712,test
3713,test
3714,train
3715,train
3716,train
3717,train
3718,train
3719,train
3720,train
3721,train
3722,train
3723,test
3724,test
3725,train
3726,test
3727,train
3728,train
3729,train
3730,test
3731,train
3732,train
3733,test
3734,test
3735,train
3736,test
3737,test
3738,train
3739,test
3740,test
3741,train
3742,test
3743,test
3744,test
3745,train
3746,test
3747,train
3748,train
3749,train
3750,test
3751,train
3752,train
3753,train
3754,test
3755,train
3756,train
3757,test
3758,test
3759,train
3760,test
3761,train
3762,train
3763,test
3764,train
3765,train
3766,test
3767,test
3768,train
3769,test
3770,train
3771,train
3772,test
3773,train
3774,train
3775,test
3776,test
3777,test
3778,train
3779,test
3780,train
3781,test
3782,train
3783,test
3784,test
3785,test
3786,test
3787,train
3788,test
3789,test
3790,train
3791,test
3792,test
3793,train
3794,train
3795,train
3796,train
3797,train
3798,train
3799,train
3800,test
3801,test
3802,train
3803,train
3804,train
3805,test
3806,train
3807,train
3808,train
3809,test
3810,test
3811,test
3812,test
3813,test
3814,test
3815,test
3816,test
3817,test
3818,test
3819,test
3820,test
3821,train
3822,test
3823,train
3824,test
3825,train
3826,test
3827,train
3828,train
3829,train
3830,test
3831,train
3832,test
3833,train
3834,test
3835,train
3836,test
3837,test
3838,train
3839,test
3840,train
3841,train
3842,test
3843,train
3844,train
3845,train
3846,train
3847,train
3848,train
3849,test
3850,train
3851,train
3852,train
3853,train
3854,test
3855,test
3856,train
3857,test
3858,test
3859,test
3860,test
3861,test
3862,train
3863,test
3864,test
3865,train
3866,test
3867,train
3868,test
3869,train
3870,train
3871,train
3872,test
3873,train
3874,train
3875,test
3876,test
3877,train
3878,train
3879,test
3880,test
3881,test
3882,test
3883,train
3884,test
3885,test
3886,test
3887,test
3888,train
3889,train
3890,test
3891,train
3892,train
3893,train
3894,test
3895,train
3896,test
3897,test
3898,test
3899,test
3900,test
3901,train
3902,train
3903,test
3904,train
3905,train
3906,test
3907,train
3908,train
3909,train
3910,train
3911,test
3912,test
3913,test
3914,test
3915,train
3916,test
3917,test
3918,train
3919,test
3920,train
3921,train
3922,train
3923,test
3924,test
3925,test
3926,train
3927,test
3928,test
3929,train
3930,test
3931,test
3932,train
3933,train
3934,test
3935,train
3936,train
3937,test
3938,train
3939,test
3940,train
3941,test
3942,train
3943,train
3944,test
3945,train
3946,test
3947,train
3948,test
3949,train
3950,train
3951,test
3952,test
3953,train
3954,test
3955,test
3956,train
3957,train
3958,test
3959,train
3960,train
3961,test
3962,train
3963,train
3964,train
3965,train
3966,train
3967,test
3968,train
3969,train
3970,test
3971,train
3972,train
3973,train
3974,train
3975,train
3976,train
3977,train
3978,train
3979,train
3980,test
3981,test
3982,train
3983,train
3984,train
3985,test
3986,train
3987,train
3988,test
3989,test
3990,train
3991,train
3992,test
3993,train
3994,test
3995,train
3996,test
3997,train
3998,train
3999,test
4000,test
4001,train
4002,test
4003,test
4004,test
4005,train
4006,test
4007,train
4008,train
4009,train
4010,test
4011,train
4012,train
4013,train
4014,test
4015,train
4016,test
4017,train
4018,test
4019,train
4020,train
4021,test
4022,test
4023,test
4024,test
4025,train
4026,train
4027,train
4028,test
4029,train
4030,train
4031,train
4032,test
4033,test
4034,train
4035,train
4036,test
4037,train
4038,test
4039,train
4040,train
4041,test
4042,train
4043,test
4044,train
4045,train
4046,train
4047,test
4048,test
4049,train
4050,train
4051,train
4052,test
4053,train
4054,test
4055,train
4056,test
4057,train
4058,train
4059,test
4060,test
4061,test
4062,train
4063,test
4064,test
4065,train
4066,train
4067,train
4068,train
4069,train
4070,test
4071,test
4072,train
4073,test
4074,train
4075,test
4076,train
4077,train
4078,train
4079,train
4080,test
4081,train
4082,train
4083,train
4084,train
4085,test
4086,train
4087,test
4088,train
4089,train
4090,train
4091,train
4092,test
4093,train
4094,test
4095,train
4096,test
4097,test
4098,train
4099,test
4100,train
4101,train
4102,train
4103,train
4104,test
4105,train
4106,train
4107,train
4108,test
4109,train
4110,test
4111,train
4112,test
4113,train
4114,train
4115,train
4116,test
4117,train
4118,test
4119,test
4120,test
4121,train
4122,train
4123,test
4124,train
4125,test
4126,test
4127,train
4128,test
4129,train
4130,test
4131,train
4132,train
4133,train
4134,train
4135,test
4136,train
4137,train
4138,test
4139,train
4140,test
4141,train
4142,train
4143,test
4144,train
4145,train
4146,train
4147,train
4148,train
4149,train
4150,train
4151,train
4152,test
4153,test
4154,train
4155,train
4156,train
4157,test
4158,test
4159,train
4160,test
4161,test
4162,train
4163,train
4164,train
4165,test
4166,train
4167,test
4168,test
4169,train
4170,test
4171,train
4172,train
4173,test
4174,train
4175,test
4176,train
4177,test
4178,test
4179,train
4180,test
4181,train
4182,train
4183,train
4184,train
4185,train
4186,train
4187,test
4188,train
4189,train
4190,test
4191,test
4192,test
4193,test
4194,train
4195,train
4196,train
4197,train
4198,test
4199,train
4200,train
4201,train
4202,train
4203,test
4204,test
4205,test
4206,train
4207,train
4208,train
4209,train
4210,test
4211,test
4212,train
4213,test
4214,test
4215,train
4216,train
4217,train
4218,train
4219,test
4220,train
4221,test
4222,train
4223,test
4224,train
4225,test
4226,test
4227,train
4228,test
4229,train
4230,train
4231,test
4232,train
4233,train
4234,train
4235,train
4236,train
4237,train
4238,train
4239,train
4240,train
4241,test
4242,train
4243,train
4244,test
4245,test
4246,train
4247,train
4248,test
4249,test
4250,train
4251,train
4252,train
4253,test
4254,test
4255,train
4256,train
4257,train
4258,test
4259,train
4260,train
4261,train
4262,train
4263,train
4264,train
4265,test
4266,train
4267,train
4268,train
4269,train
4270,train
4271,test
4272,train
4273,train
4274,train
4275,test
4276,test
4277,train
4278,train
4279,train
4280,test
4281,train
4282,test
4283,test
4284,train
4285,train
4286,train
4287,train
4288,train
4289,test
4290,train
4291,train
4292,test
4293,test
4294,train
4295,train
4296,train
4297,train
4298,test
4299,test
4300,test
4301,train
4302,train
4303,test
4304,train
4305,test
4306,test
4307,test
4308,train
4309,train
4310,train
4311,train
4312,train
4313,train
4314,train
4315,train
4316,test
4317,train
4318,test
4319,train
4320,test
4321,train
4322,train
4323,train
4324,train
4325,test
4326,train
4327,test
4328,test
4329,test
4330,train
4331,train
4332,train
4333,train
4334,train
4335,test
4336,train
4337,train
4338,train
4339,train
4340,train
4341,test
4342,test
4343,train
4344,test
4345,train
4346,test
4347,test
4348,test
4349,test
4350,train
4351,train
4352,train
4353,test
4354,test
4355,test
4356,test
4357,test
4358,train
4359,train
4360,train
4361,test
4362,train
4363,test
4364,test
4365,test
4366,test
4367,train
4368,train
4369,train
4370,test
4371,train
4372,test
4373,train
4374,train
4375,train
4376,test
4377,test
4378,train
4379,train
4380,test
4381,train
4382,train
4383,train
4384,train
4385,test
4386,test
4387,train
4388,train
4389,test
4390,train
4391,test
4392,train
4393,test
4394,test
4395,train
4396,train
4397,test
4398,test
4399,test
4400,train
4401,test
4402,train
4403,train
4404,test
4405,test
4406,test
4407,train
4408,train
4409,train
4410,train
4411,train
4412,train
4413,train
4414,train
4415,test
4416,train
4417,test
4418,test
4419,train
4420,train
4421,test
4422,train
4423,train
4424,test
4425,train
4426,test
4427,train
4428,train
4429,test
4430,test
4431,train
4432,test
4433,train
4434,train
4435,train
4436,test
4437,test
4438,train
4439,test
4440,train
4441,test
4442,train
4443,test
4444,train
4445,test
4446,train
4447,train
4448,train
4449,train
4450,test
4451,train
4452,test
4453,train
4454,train
4455,test
4456,train
4457,test
4458,train
4459,train
4460,train
4461,test
4462,test
4463,test
4464,train
4465,train
4466,train
4467,train
4468,test
4469,train
4470,train
4471,train
4472,test
4473,train
4474,train
4475,train
4476,test
4477,test
4478,test
4479,test
4480,test
4481,test
4482,test
4483,train
4484,test
4485,train
4486,train
4487,train
4488,train
4489,train
4490,test
4491,train
4492,train
4493,train
4494,test
4495,train
4496,test
4497,test
4498,train
4499,train
4500,train
4501,test
4502,train
4503,train
4504,test
4505,test
4506,train
4507,test
4508,train
4509,test
4510,test
4511,train
4512,train
4513,test
4514,train
4515,train
4516,train
4517,test
4518,train
4519,train
4520,train
4521,test
4522,train
4523,train
4524,test
4525,train
4526,train
4527,train
4528,train
4529,test
4530,train
4531,train
4532,test
4533,train
4534,train
4535,test
4536,test
4537,train
4538,train
4539,train
4540,train
4541,train
4542,test
4543,train
4544,train
4545,train
4546,train
4547,train
4548,test
4549,train
4550,train
4551,test
4552,test
4553,train
4554,train
4555,test
4556,train
4557,train
4558,train
4559,train
4560,train
4561,train
4562,test
4563,train
4564,train
4565,train
4566,test
4567,train
4568,train
4569,train
4570,train
4571,train
4572,test
4573,train
4574,train
4575,test
4576,train
4577,test
4578,train
4579,train
4580,train
4581,train
4582,test
4583,test
4584,test
4585,train
4586,test
4587,test
4588,train
4589,test
4590,test
4591,test
4592,train
4593,train
4594,train
4595,train
4596,train
4597,train
4598,train
4599,train
4600,train
4601,train
4602,train
4603,train
4604,train
4605,test
4606,train
4607,test
4608,test
4609,train
4610,train
4611,train
4612,test
4613,train
4614,train
4615,train
4616,test
4617,test
4618,test
4619,train
4620,train
4621,train
4622,train
4623,train
4624,test
4625,train
4626,train
4627,test
4628,test
4629,train
4630,test
4631,test
4632,train
4633,train
4634,test
4635,train
4636,train
4637,train
4638,train
4639,train
4640,train
4641,test
4642,train
4643,train
4644,train
4645,train
4646,train
4647,test
4648,train
4649,train
4650,train
4651,test
4652,train
4653,train
4654,test
4655,test
4656,train
4657,train
4658,train
4659,test
4660,test
4661,test
4662,test
4663,train
4664,test
4665,train
4666,test
4667,train
4668,train
4669,test
4670,train
4671,train
4672,test
4673,test
4674,test
4675,train
4676,train
4677,test
4678,test
4679,train
4680,test
4681,test
4682,train
4683,train
4684,test
4685,train
4686,test
4687,test
4688,train
4689,train
4690,train
4691,train
4692,train
4693,test
4694,train
4695,train
4696,test
4697,train
4698,train
4699,test
4700,train
4701,test
4702,train
4703,train
4704,test
4705,train
4706,train
4707,test
4708,train
4709,train
4710,test
4711,train
4712,test
4713,train
4714,train
4715,train
4716,train
4717,test
4718,train
4719,train
4720,test
4721,train
4722,train
4723,test
4724,test
4725,test
4726,test
4727,test
4728,test
4729,test
4730,train
4731,test
4732,train
4733,test
4734,train
4735,train
4736,train
4737,train
4738,train
4739,train
4740,train
4741,train
4742,train
4743,train
4744,train
4745,train
4746,train
4747,train
4748,train
4749,test
4750,train
4751,train
4752,train
4753,train
4754,train
4755,test
4756,test
4757,train
4758,test
4759,train
4760,train
4761,train
4762,test
4763,test
4764,train
4765,train
4766,train
4767,train
4768,test
4769,train
4770,train
4771,train
4772,test
4773,train
4774,test
4775,test
4776,test
4777,test
4778,train
4779,test
4780,test
4781,train
4782,train
4783,test
4784,train
4785,train
4786,train
4787,test
4788,train
4789,train
4790,test
4791,train
4792,train
4793,train
4794,train
4795,test
4796,train
4797,train
4798,test
4799,test
4800,train
4801,train
4802,test
4803,train
4804,test
4805,train
4806,test
4807,train
4808,train
4809,train
4810,test
4811,test
4812,test
4813,test
4814,train
4815,train
4816,train
4817,test
4818,train
4819,test
4820,train
4821,train
4822,train
4823,test
4824,train
4825,train
4826,test
4827,train
4828,train
4829,train
4830,test
4831,train
4832,train
4833,test
4834,test
4835,train
4836,train
4837,train
4838,train
4839,test
4840,train
4841,train
4842,train
4843,train
4844,train
4845,test
4846,test
4847,train
4848,train
4849,test
4850,test
4851,train
4852,train
4853,train
4854,train
4855,test
4856,train
4857,train
4858,test
4859,train
4860,train
4861,train
4862,test
4863,test
4864,train
4865,train
4866,train
4867,test
4868,train
4869,train
4870,train
4871,test
4872,test
4873,train
4874,train
4875,train
4876,train
4877,test
4878,test
4879,test
4880,train
4881,test
4882,test
4883,train
4884,test
4885,train
4886,test
4887,train
4888,test
4889,train
4890,test
4891,train
4892,train
4893,train
4894,test
4895,train
4896,train
4897,train
4898,train
4899,test
4900,train
4901,train
4902,test
4903,test
4904,train
4905,train
4906,train
4907,test
4908,test
4909,train
4910,test
4911,train
4912,test
4913,test
4914,test
4915,test
4916,test
4917,test
4918,train
4919,test
4920,test
4921,train
4922,test
4923,train
4924,test
4925,train
4926,train
4927,train
4928,train
4929,test
4930,train
4931,train
4932,train
4933,train
4934,train
4935,train
4936,train
4937,train
4938,test
4939,train
4940,test
4941,train
4942,train
4943,test
4944,test
4945,train
4946,train
4947,train
4948,train
4949,train
4950,train
4951,train
4952,train
4953,train
4954,test
4955,train
4956,test
4957,train
4958,train
4959,train
4960,train
4961,test
4962,train
4963,train
4964,train
4965,train
4966,train
4967,test
4968,test
4969,train
4970,test
4971,test
4972,test
4973,train
4974,train
4975,test
4976,test
4977,train
4978,test
4979,test
4980,test
4981,train
4982,train
4983,train
4984,test
4985,train
4986,test
4987,train
4988,train
4989,train
4990,train
4991,test
4992,train
4993,train
4994,train
4995,train
4996,test
4997,train
4998,test
4999,train
5000,train
5001,test
5002,test
5003,train
5004,test
5005,test
5006,train
5007,train
5008,train
5009,train
5010,train
5011,train
5012,test
5013,train
5014,test
5015,train
5016,train
5017,train
5018,test
5019,test
5020,train
5021,train
5022,test
5023,test
5024,train
5025,test
5026,train
5027,train
5028,train
5029,test
5030,test
5031,train
5032,train
5033,train
5034,test
5035,train
5036,test
5037,train
5038,train
5039,test
5040,train
5041,train
5042,test
5043,test
5044,train
5045,test
5046,test
5047,train
5048,train
5049,train
5050,train
5051,train
5052,test
5053,test
5054,test
5055,train
5056,train
5057,test
5058,test
5059,test
5060,train
5061,train
5062,train
5063,test
5064,train
5065,train
5066,train
5067,train
5068,test
5069,train
5070,train
5071,train
5072,train
5073,train
5074,train
5075,test
5076,train
5077,train
5078,train
5079,train
5080,test
5081,train
5082,test
5083,train
5084,test
5085,train
5086,test
5087,train
5088,test
5089,train
5090,test
5091,train
5092,train
5093,train
5094,train
5095,test
5096,train
5097,train
5098,test
5099,test
5100,train
5101,train
5102,test
5103,test
5104,train
5105,train
5106,test
5107,test
5108,test
5109,train
5110,train
5111,train
5112,train
5113,train
5114,train
5115,test
5116,train
5117,train
5118,train
5119,test
5120,train
5121,train
5122,train
5123,test
5124,test
5125,test
5126,test
5127,train
5128,test
5129,train
5130,train
5131,train
5132,test
5133,train
5134,test
5135,train
5136,test
5137,train
5138,test
5139,test
5140,test
5141,train
5142,train
5143,test
5144,test
5145,train
5146,test
5147,train
5148,test
5149,train
5150,train
5151,train
5152,train
5153,train
5154,train
5155,train
5156,test
5157,train
5158,train
5159,train
5160,train
5161,test
5162,test
5163,test
5164,test
5165,train
5166,train
5167,test
5168,test
5169,test
5170,train
5171,train
5172,train
5173,train
5174,train
5175,train
5176,train
5177,train
5178,test
5179,train
5180,test
5181,train
5182,test
5183,test
5184,train
5185,test
5186,train
5187,test
5188,train
5189,train
5190,train
5191,train
5192,test
5193,test
5194,train
5195,test
5196,test
5197,test
5198,test
5199,train
5200,test
5201,train
5202,train
5203,train
5204,train
5205,train
5206,test
5207,train
5208,test
5209,train
5210,test
5211,train
5212,test
5213,train
5214,train
5215,train
5216,test
5217,train
5218,test
5219,train
5220,test
5221,train
5222,test
5223,test
5224,train
5225,test
5226,train
5227,test
5228,train
5229,train
5230,test
5231,train
5232,train
5233,test
5234,test
5235,train
5236,train
5237,train
5238,train
5239,train
5240,train
5241,test
5242,test
5243,train
5244,train
5245,train
5246,test
5247,train
5248,train
5249,train
5250,train
5251,train
5252,train
5253,test
5254,train
5255,test
5256,test
5257,test
5258,test
5259,train
5260,test
5261,test
5262,train
5263,train
5264,test
5265,train
5266,test
5267,train
5268,train
5269,train
5270,train
5271,train
5272,train
5273,test
5274,test
5275,train
5276,train
5277,train
5278,train
5279,train
5280,train
5281,train
5282,test
5283,test
5284,train
5285,train
5286,train
5287,test
5288,train
5289,test
5290,train
5291,train
5292,train
5293,train
5294,test
5295,test
5296,test
5297,train
5298,train
5299,train
5300,train
5301,test
5302,train
5303,train
5304,train
5305,test
5306,train
5307,train
5308,train
5309,train
5310,test
5311,test
5312,train
5313,test
5314,test
5315,test
5316,train
5317,train
5318,train
5319,train
5320,test
5321,train
5322,test
5323,train
5324,train
5325,test
5326,train
5327,train
5328,test
5329,test
5330,train
5331,train
5332,train
5333,test
5334,train
5335,test
5336,train
5337,test
5338,test
5339,test
5340,test
5341,train
5342,train
5343,test
5344,test
5345,test
5346,test
5347,test
5348,test
5349,test
5350,train
5351,test
5352,train
5353,test
5354,test
5355,train
5356,train
5357,train
5358,train
5359,test
5360,train
5361,test
5362,train
5363,train
5364,test
5365,test
5366,train
5367,train
5368,train
5369,test
5370,test
5371,test
5372,train
5373,train
5374,test
5375,train
5376,test
5377,test
5378,train
5379,train
5380,train
5381,train
5382,train
5383,train
5384,test
5385,train
5386,test
5387,train
5388,test
5389,test
5390,train
5391,train
5392,train
5393,train
5394,train
5395,test
5396,train
5397,test
5398,train
5399,test
5400,train
5401,train
5402,test
5403,train
5404,test
5405,test
5406,train
5407,train
5408,train
5409,train
5410,train
5411,train
5412,test
5413,test
5414,train
5415,train
5416,train
5417,test
5418,train
5419,train
5420,train
5421,test
5422,train
5423,test
5424,test
5425,train
5426,test
5427,train
5428,train
5429,test
5430,train
5431,train
5432,train
5433,train
5434,train
5435,train
5436,test
5437,train
5438,test
5439,test
5440,test
5441,test
5442,test
5443,test
5444,train
5445,train
5446,test
5447,test
5448,train
5449,test
5450,train
5451,train
5452,test
5453,test
5454,train
5455,test
5456,train
5457,train
5458,test
5459,test
5460,train
5461,train
5462,train
5463,train
5464,test
5465,test
5466,train
5467,test
5468,train
5469,train
5470,test
5471,train
5472,test
5473,test
5474,train
5475,train
5476,train
5477,train
5478,train
5479,train
5480,train
5481,train
5482,train
5483,test
5484,train
5485,test
5486,train
5487,test
5488,test
5489,train
5490,train
5491,train
5492,train
5493,train
5494,train
5495,test
5496,train
5497,test
5498,test
5499,train
5500,train
5501,test
5502,test
5503,test
5504,train
5505,test
5506,train
5507,test
5508,train
5509,test
5510,test
5511,train
5512,train
5513,train
5514,train
5515,test
5516,test
5517,train
5518,test
5519,test
5520,train
5521,train
5522,train
5523,test
5524,train
5525,test
5526,train
5527,train
5528,train
5529,train
5530,train
5531,train
5532,train
5533,train
5534,train
5535,train
5536,train
5537,train
5538,train
5539,train
5540,train
5541,train
5542,train
5543,test
5544,test
5545,train
5546,train
5547,train
5548,test
5549,train
5550,train
5551,train
5552,train
5553,train
5554,test
5555,train
5556,train
5557,test
5558,train
5559,train
5560,train
5561,test
5562,train
5563,test
5564,train
5565,test
5566,train
5567,test
5568,train
5569,test
5570,train
5571,train
5572,test
5573,test
5574,train
5575,train
5576,test
5577,train
5578,train
5579,train
5580,train
5581,train
5582,train
5583,test
5584,train
5585,train
5586,train
5587,test
5588,train
5589,train
5590,train
5591,test
5592,test
5593,train
5594,test
5595,train
5596,train
5597,train
5598,test
5599,train
5600,train
5601,test
5602,test
5603,train
5604,train
5605,train
5606,test
5607,test
5608,train
5609,train
5610,train
5611,train
5612,train
5613,test
5614,test
5615,test
5616,train
5617,test
5618,test
5619,test
5620,test
5621,train
5622,train
5623,train
5624,test
5625,train
5626,train
5627,test
5628,train
5629,train
5630,train
5631,train
5632,train
5633,train
5634,train
5635,train
5636,train
5637,train
5638,train
5639,train
5640,test
5641,train
5642,train
5643,test
5644,train
5645,test
5646,test
5647,test
5648,train
5649,train
5650,train
5651,train
5652,train
5653,test
5654,train
5655,train
5656,test
5657,train
5658,test
5659,train
5660,test
5661,test
5662,train
5663,train
5664,test
5665,train
5666,test
5667,test
5668,test
5669,train
5670,train
5671,train
5672,train
5673,train
5674,train
5675,test
5676,train
5677,train
5678,train
5679,train
5680,test
5681,train
5682,test
5683,test
5684,test
5685,train
5686,train
5687,test
5688,test
5689,train
5690,test
5691,test
5692,train
5693,train
5694,train
5695,test
5696,test
5697,train
5698,test
5699,train
5700,test
5701,test
5702,train
5703,train
5704,train
5705,train
5706,test
5707,train
5708,train
5709,test
5710,test
5711,test
5712,train
5713,test
5714,train
5715,test
5716,train
5717,test
5718,train
5719,train
5720,test
5721,test
5722,train
5723,test
5724,train
5725,train
5726,test
5727,test
5728,test
5729,train
5730,test
5731,train
5732,test
5733,train
5734,test
5735,train
5736,train
5737,train
5738,train
5739,train
5740,train
5741,test
5742,test
5743,train
5744,train
5745,train
5746,train
5747,train
5748,test
5749,test
5750,test
5751,train
5752,train
5753,test
5754,train
5755,train
5756,train
5757,test
5758,test
5759,test
5760,train
5761,train
5762,train
5763,test
5764,test
5765,test
5766,test
5767,train
5768,train
5769,test
5770,train
5771,train
5772,train
5773,test
5774,train
5775,train
5776,train
5777,test
5778,test
5779,train
5780,train
5781,test
5782,test
5783,train
5784,train
5785,train
5786,train
5787,train
5788,train
5789,train
5790,test
5791,train
5792,train
5793,train
5794,test
5795,test
5796,test
5797,test
5798,train
5799,test
5800,train
5801,train
5802,train
5803,train
5804,test
5805,train
5806,train
5807,train
5808,train
5809,test
5810,test
5811,test
5812,train
5813,train
5814,train
5815,test
5816,train
5817,train
5818,train
5819,train
5820,test
5821,test
5822,test
5823,test
5824,train
5825,train
5826,test
5827,train
5828,test
5829,test
5830,test
5831,train
5832,train
5833,test
5834,train
5835,test
5836,train
5837,train
5838,train
5839,train
5840,test
5841,train
5842,train
5843,train
5844,test
5845,train
5846,train
5847,test
5848,test
5849,train
5850,train
5851,train
5852,train
5853,test
5854,train
5855,test
5856,test
5857,test
5858,train
5859,test
5860,train
5861,train
5862,test
5863,test
5864,train
5865,train
5866,test
5867,train
5868,train
5869,train
5870,test
5871,train
5872,train
5873,test
5874,train
5875,test
5876,train
5877,test
5878,train
5879,test
5880,test
5881,test
5882,train
5883,train
5884,train
5885,test
5886,train
5887,test
5888,train
5889,test
5890,train
5891,train
5892,test
5893,train
5894,test
5895,test
5896,train
5897,train
5898,train
5899,test
5900,train
5901,train
5902,train
5903,test
5904,train
5905,train
5906,train
5907,train
5908,train
5909,train
5910,train
5911,test
5912,test
5913,train
5914,test
5915,test
5916,train
5917,test
5918,test
5919,test
5920,train
5921,train
5922,train
5923,train
5924,test
5925,train
5926,train
5927,train
5928,train
5929,test
5930,train
5931,train
5932,train
5933,train
5934,train
5935,train
5936,train
5937,test
5938,test
5939,test
5940,train
5941,test
5942,train
5943,train
5944,train
5945,train
5946,train
5947,train
5948,train
5949,train
5950,test
5951,test
5952,train
5953,test
5954,test
5955,train
5956,test
5957,train
5958,train
5959,train
5960,train
5961,train
5962,train
5963,test
5964,train
5965,test
5966,test
5967,test
5968,test
5969,train
5970,test
5971,train
5972,train
5973,test
5974,train
5975,train
5976,train
5977,train
5978,test
5979,train
5980,train
5981,test
5982,train
5983,train
5984,train
5985,test
5986,test
5987,test
5988,test
5989,train
5990,train
5991,train
5992,train
5993,train
5994,test
5995,train
5996,test
5997,train
5998,train
5999,test
6000,train
6001,train
6002,train
6003,train
6004,train
6005,train
6006,train
6007,train
6008,test
6009,train
6010,train
6011,train
6012,test
6013,test
6014,train
6015,train
6016,train
6017,train
6018,train
6019,train
6020,test
6021,train
6022,test
6023,train
6024,train
6025,train
6026,train
6027,train
6028,test
6029,train
6030,test
6031,train
6032,train
6033,train
6034,test
6035,train
6036,train
6037,train
6038,test
6039,train
6040,test
6041,test
6042,train
6043,train
6044,train
6045,train
6046,test
6047,test
6048,test
6049,train
6050,train
6051,test
6052,train
6053,test
6054,train
6055,test
6056,test
6057,test
6058,train
6059,train
6060,train
6061,train
6062,test
6063,train
6064,test
6065,train
6066,train
6067,train
6068,train
6069,test
6070,test
6071,test
6072,train
6073,test
6074,test
6075,test
6076,test
6077,train
6078,train
6079,test
6080,test
6081,test
6082,train
6083,train
6084,train
6085,train
6086,test
6087,test
6088,train
6089,test
6090,train
6091,train
6092,test
6093,train
6094,train
6095,test
6096,train
6097,test
6098,train
6099,train
6100,train
6101,test
6102,test
6103,test
6104,train
6105,train
6106,test
6107,test
6108,train
6109,test
6110,train
6111,test
6112,test
6113,train
6114,train
6115,train
6116,test
6117,train
6118,train
6119,train
6120,train
6121,train
6122,train
6123,train
6124,test
6125,train
6126,train
6127,train
6128,test
6129,test
6130,train
6131,train
6132,train
6133,train
6134,test
6135,train
6136,train
6137,train
6138,train
6139,train
6140,train
6141,train
6142,train
6143,train
6144,train
6145,train
6146,test
6147,test
6148,train
6149,train
6150,train
6151,train
6152,test
6153,train
6154,train
6155,train
6156,test
6157,test
6158,train
6159,train
6160,train
6161,test
6162,test
6163,train
6164,train
6165,test
6166,train
6167,test
6168,train
6169,test
6170,train
6171,test
6172,train
6173,train
6174,train
6175,test
6176,test
6177,train
6178,train
6179,train
6180,train
6181,train
6182,test
6183,test
6184,test
6185,test
6186,test
6187,train
6188,train
6189,train
6190,train
6191,test
6192,test
6193,train
6194,test
6195,test
6196,test
6197,test
6198,train
6199,test
6200,test
6201,train
6202,test
6203,train
6204,train
6205,test
6206,test
6207,test
6208,train
6209,train
6210,train
6211,test
6212,test
6213,train
6214,train
6215,train
6216,train
6217,train
6218,test
6219,train
6220,test
6221,train
6222,test
6223,train
6224,test
6225,train
6226,test
6227,test
6228,test
6229,train
6230,test
6231,test
6232,train
6233,train
6234,train
6235,train
6236,test
6237,train
6238,test
6239,train
6240,test
6241,train
6242,train
6243,train
6244,train
6245,train
6246,train
6247,test
6248,train
6249,test
6250,train
6251,train
6252,train
6253,test
6254,test
6255,test
6256,test
6257,train
6258,train
6259,test
6260,train
6261,train
6262,test
6263,train
6264,train
6265,train
6266,train
6267,train
6268,test
6269,train
6270,train
6271,test
6272,train
6273,train
6274,train
6275,test
6276,train
6277,train
6278,train
6279,train
6280,test
6281,train
6282,train
6283,train
6284,test
6285,test
6286,test
6287,test
6288,test
6289,train
6290,train
6291,train
6292,train
6293,test
6294,train
6295,test
6296,test
6297,train
6298,test
6299,test
6300,train
6301,train
6302,train
6303,train
6304,train
6305,train
6306,train
6307,test
6308,train
6309,test
6310,test
6311,test
6312,train
6313,test
6314,train
6315,test
6316,test
6317,train
6318,train
6319,train
6320,train
6321,test
6322,test
6323,train
6324,train
6325,train
6326,test
6327,test
6328,train
6329,train
6330,test
6331,test
6332,train
6333,test
6334,test
6335,train
6336,train
6337,train
6338,test
6339,test
6340,train
6341,test
6342,train
6343,test
6344,train
6345,train
6346,test
6347,train
6348,train
6349,test
6350,test
6351,test
6352,train
6353,test
6354,train
6355,test
6356,train
6357,test
6358,train
6359,test
6360,train
6361,train
6362,train
6363,test
6364,test
6365,test
6366,train
6367,train
6368,test
6369,train
6370,train
6371,train
6372,train
6373,train
6374,train
6375,train
6376,test
6377,train
6378,train
6379,train
6380,test
6381,train
6382,test
6383,train
6384,train
6385,train
6386,train
6387,train
6388,train
6389,test
6390,train
6391,train
6392,test
6393,train
6394,train
6395,test
6396,train
6397,train
6398,train
6399,test
6400,test
6401,train
6402,train
6403,train
6404,train
6405,train
6406,train
6407,test
6408,test
6409,train
6410,train
6411,test
6412,train
6413,test
6414,test
6415,test
6416,train
6417,test
6418,train
6419,train
6420,test
6421,train
6422,test
6423,test
6424,test
6425,test
6426,train
6427,train
6428,train
6429,train
6430,train
6431,train
6432,train
6433,train
6434,test
6435,test
6436,train
6437,train
6438,train
6439,train
6440,train
6441,test
6442,train
6443,test
6444,train
6445,train
6446,train
6447,train
6448,train
6449,train
6450,test
6451,test
6452,train
6453,test
6454,train
6455,test
6456,train
6457,train
6458,train
6459,test
6460,test
6461,train
6462,test
6463,train
6464,test
6465,train
6466,train
6467,train
6468,train
6469,train
6470,test
6471,train
6472,train
6473,train
6474,test
6475,train
6476,train
6477,train
6478,train
6479,train
6480,train
6481,train
6482,train
6483,test
6484,train
6485,test
6486,test
6487,test
6488,train
6489,test
6490,train
6491,test
6492,train
6493,test
6494,train
6495,test
6496,test
6497,train
6498,train
6499,train
6500,train
6501,train
6502,train
6503,train
6504,train
6505,train
6506,train
6507,test
6508,test
6509,test
6510,test
6511,train
6512,train
6513,train
6514,test
6515,train
6516,train
6517,train
6518,train
6519,train
6520,train
6521,test
6522,train
6523,test
6524,train
6525,train
6526,test
6527,train
6528,train
6529,train
6530,test
6531,test
6532,test
6533,train
6534,test
6535,train
6536,train
6537,train
6538,train
6539,test
6540,train
6541,train
6542,test
6543,train
6544,train
6545,train
6546,test
6547,train
6548,train
6549,train
6550,test
6551,test
6552,train
6553,train
6554,train
6555,train
6556,test
6557,test
6558,test
6559,train
6560,test
6561,test
6562,train
6563,test
6564,test
6565,train
6566,test
6567,train
6568,train
6569,test
6570,test
6571,train
6572,train
6573,train
6574,test
6575,train
6576,test
6577,test
6578,train
6579,train
6580,train
6581,test
6582,train
6583,train
6584,test
6585,train
6586,test
6587,test
6588,train
6589,test
6590,train
6591,train
6592,test
6593,train
6594,train
6595,test
6596,train
6597,test
6598,train
6599,test
6600,train
6601,train
6602,test
6603,train
6604,test
6605,train
6606,test
6607,train
6608,test
6609,test
6610,test
6611,test
6612,train
6613,test
6614,test
6615,test
6616,test
6617,test
6618,test
6619,train
6620,test
6621,train
6622,test
6623,test
6624,test
6625,test
6626,train
6627,train
6628,test
6629,test
6630,test
6631,train
6632,train
6633,test
6634,test
6635,test
6636,test
6637,test
6638,train
6639,train
6640,train
6641,train
6642,train
6643,train
6644,train
6645,test
6646,train
6647,test
6648,test
6649,test
6650,train
6651,train
6652,test
6653,train
6654,test
6655,train
6656,train
6657,train
6658,train
6659,test
6660,train
6661,test
6662,train
6663,train
6664,test
6665,train
6666,test
6667,train
6668,test
6669,train
6670,train
6671,train
6672,test
6673,train
6674,train
6675,test
6676,train
6677,test
6678,test
6679,test
6680,train
6681,train
6682,train
6683,train
6684,train
6685,train
6686,test
6687,test
6688,test
6689,train
6690,test
6691,train
6692,test
6693,train
6694,test
6695,train
6696,train
6697,test
6698,train
6699,train
6700,train
6701,train
6702,train
6703,test
6704,train
6705,test
6706,test
6707,train
6708,train
6709,test
6710,train
6711,test
6712,test
6713,train
6714,test
6715,train
6716,train
6717,test
6718,test
6719,train
6720,train
6721,test
6722,train
6723,test
6724,test
6725,train
6726,test
6727,train
6728,train
6729,train
6730,test
6731,train
6732,train
6733,train
6734,train
6735,train
6736,test
6737,test
6738,train
6739,train
6740,train
6741,test
6742,test
6743,train
6744,test
6745,train
6746,test
6747,train
6748,test
6749,train
6750,train
6751,train
6752,train
6753,train
6754,test
6755,train
6756,test
6757,train
6758,test
6759,test
6760,train
6761,train
6762,train
6763,test
6764,test
6765,train
6766,train
6767,train
6768,train
6769,train
6770,train
6771,train
6772,train
6773,test
6774,test
6775,test
6776,train
6777,test
6778,train
6779,test
6780,train
6781,train
6782,test
6783,train
6784,test
6785,train
6786,train
6787,train
6788,test
6789,train
6790,test
6791,train
6792,test
6793,train
6794,test
6795,train
6796,train
6797,train
6798,train
6799,test
6800,train
6801,test
6802,test
6803,train
6804,train
6805,train
6806,train
6807,train
6808,test
6809,train
6810,train
6811,train
6812,train
6813,test
6814,train
6815,test
6816,test
6817,test
6818,train
6819,test
6820,train
6821,train
6822,train
6823,test
6824,train
6825,test
6826,train
6827,train
6828,train
6829,train
6830,train
6831,test
6832,train
6833,train
6834,train
6835,test
6836,train
6837,test
6838,train
6839,train
6840,test
6841,test
6842,train
6843,test
6844,train
6845,train
6846,train
6847,train
6848,train
6849,train
6850,test
6851,train
6852,train
6853,train
6854,test
6855,test
6856,train
6857,test
6858,test
6859,train
6860,test
6861,test
6862,train
6863,train
6864,train
6865,test
6866,train
6867,train
6868,train
6869,train
6870,train
6871,test
6872,train
6873,train
6874,train
6875,train
6876,test
6877,test
6878,test
6879,test
6880,test
6881,test
6882,train
6883,test
6884,train
6885,train
6886,test
6887,test
6888,test
6889,test
6890,train
6891,train
6892,train
6893,test
6894,test
6895,test
6896,test
6897,test
6898,train
6899,test
6900,train
6901,test
6902,test
6903,train
6904,train
6905,train
6906,train
6907,train
6908,train
6909,train
6910,test
6911,test
6912,train
6913,test
6914,train
6915,test
6916,train
6917,test
6918,train
6919,test
6920,test
6921,train
6922,train
6923,train
6924,test
6925,train
6926,train
6927,test
6928,train
6929,train
6930,train
6931,test
6932,train
6933,test
6934,train
6935,train
6936,train
6937,train
6938,train
6939,test
6940,train
6941,train
6942,test
6943,train
6944,train
6945,train
6946,test
6947,train
6948,train
6949,train
6950,test
6951,train
6952,test
6953,train
6954,test
6955,test
6956,test
6957,train
6958,test
6959,train
6960,train
6961,train
6962,test
6963,test
6964,train
6965,test
6966,test
6967,train
6968,test
6969,train
6970,test
6971,train
6972,test
6973,test
6974,train
6975,test
6976,train
6977,train
6978,train
6979,train
6980,train
6981,train
6982,test
6983,test
6984,train
6985,train
6986,train
6987,train
6988,test
6989,train
6990,train
6991,train
6992,test
6993,test
6994,train
6995,test
6996,train
6997,test
6998,train
6999,test
7000,test
7001,test
7002,test
7003,train
7004,train
7005,train
7006,test
7007,train
7008,train
7009,test
7010,train
7011,test
7012,test
7013,test
7014,train
7015,train
7016,train
7017,test
7018,train
7019,test
7020,test
7021,train
7022,test
7023,train
7024,test
7025,test
7026,test
7027,train
7028,train
7029,train
7030,train
7031,test
7032,test
7033,test
7034,train
7035,test
7036,train
7037,test
7038,test
7039,train
7040,train
7041,train
7042,test
7043,test
7044,train
7045,train
7046,train
7047,train
7048,train
7049,train
7050,test
7051,train
7052,train
7053,test
7054,train
7055,train
7056,test
7057,train
7058,train
7059,train
7060,train
7061,train
7062,test
7063,train
7064,test
7065,test
7066,train
7067,train
7068,train
7069,train
7070,test
7071,train
7072,train
7073,train
7074,test
7075,test
7076,train
7077,test
7078,train
7079,train
7080,train
7081,train
7082,test
7083,test
7084,train
7085,test
7086,train
7087,train
7088,train
7089,train
7090,train
7091,train
7092,test
7093,test
7094,train
7095,train
7096,train
7097,train
7098,test
7099,test
7100,test
7101,train
7102,test
7103,test
7104,train
7105,train
7106,train
7107,train
7108,train
7109,train
7110,test
7111,test
7112,train
7113,train
7114,test
7115,test
7116,test
7117,test
7118,train
7119,train
7120,train
7121,train
7122,train
7123,train
7124,test
7125,test
7126,test
7127,train
7128,test
7129,test
7130,train
7131,train
7132,test
7133,train
7134,test
7135,train
7136,train
7137,train
7138,test
7139,test
7140,train
7141,train
7142,test
7143,train
7144,test
7145,test
7146,test
7147,test
7148,train
7149,train
7150,test
7151,test
7152,train
7153,train
7154,train
7155,test
7156,train
7157,test
7158,train
7159,train
7160,test
7161,train
7162,train
7163,test
7164,train
7165,test
7166,test
7167,train
7168,train
7169,test
7170,train
7171,test
7172,test
7173,train
7174,test
7175,train
7176,train
7177,test
7178,test
7179,test
7180,train
7181,train
7182,train
7183,test
7184,train
7185,test
7186,train
7187,train
7188,train
7189,train
7190,test
7191,test
7192,train
7193,test
7194,train
7195,train
7196,test
7197,train
7198,test
7199,train
7200,train
7201,test
7202,test
7203,train
7204,test
7205,train
7206,train
7207,train
7208,train
7209,train
7210,train
7211,train
7212,train
7213,train
7214,train
7215,train
7216,train
7217,train
7218,test
7219,train
7220,test
7221,train
7222,test
7223,train
7224,test
7225,train
7226,train
7227,train
7228,train
7229,train
7230,train
7231,test
7232,train
7233,train
7234,train
7235,train
7236,train
7237,train
7238,test
7239,train
7240,train
7241,train
7242,test
7243,train
7244,train
7245,train
7246,test
7247,train
7248,train
7249,train
7250,train
7251,test
7252,test
7253,test
7254,test
7255,train
7256,train
7257,train
7258,test
7259,train
7260,train
7261,train
7262,test
7263,test
7264,test
7265,test
7266,test
7267,test
7268,train
7269,train
7270,test
7271,train
7272,train
7273,train
7274,train
7275,train
7276,test
7277,test
7278,train
7279,test
7280,train
7281,train
7282,train
7283,train
7284,test
7285,test
7286,train
7287,train
7288,train
7289,train
7290,test
7291,test
7292,test
7293,train
7294,test
7295,test
7296,train
7297,train
7298,test
7299,train
7300,train
7301,train
7302,test
7303,test
7304,train
7305,test
7306,train
7307,train
7308,train
7309,train
7310,test
7311,test
7312,test
7313,train
7314,test
7315,test
7316,test
7317,test
7318,test
7319,test
7320,train
7321,train
7322,train
7323,test
7324,test
7325,train
7326,test
7327,train
7328,train
7329,train
7330,train
7331,train
7332,train
7333,test
7334,test
7335,train
7336,train
7337,test
7338,test
7339,test
7340,train
7341,test
7342,test
7343,test
7344,train
7345,train
7346,train
7347,test
7348,test
7349,train
7350,train
7351,test
7352,test
7353,test
7354,train
7355,train
7356,test
7357,test
7358,test
7359,train
7360,train
7361,train
7362,train
7363,test
7364,train
7365,test
7366,train
7367,train
7368,train
7369,train
7370,train
7371,train
7372,test
7373,test
7374,train
7375,train
7376,test
7377,test
7378,train
7379,test
7380,test
7381,test
7382,test
7383,test
7384,train
7385,train
7386,test
7387,test
7388,test
7389,train
7390,train
7391,test
7392,test
7393,train
7394,train
7395,train
7396,train
7397,test
7398,train
7399,test
7400,test
7401,test
7402,train
7403,train
7404,train
7405,train
7406,test
7407,test
7408,train
7409,test
7410,train
7411,test
7412,train
7413,train
7414,test
7415,train
7416,test
7417,train
7418,train
7419,test
7420,train
7421,train
7422,test
7423,train
7424,test
7425,test
7426,test
7427,test
7428,train
7429,train
7430,train
7431,train
7432,train
7433,test
7434,test
7435,train
7436,train
7437,train
7438,test
7439,train
7440,test
7441,train
7442,test
7443,train
7444,train
7445,train
7446,test
7447,train
7448,train
7449,test
7450,test
7451,test
7452,train
7453,test
7454,train
7455,train
7456,test
7457,train
7458,train
7459,train
7460,test
7461,train
7462,train
7463,train
7464,test
7465,train
7466,train
7467,train
7468,train
7469,test
7470,test
7471,train
7472,train
7473,train
7474,test
7475,train
7476,test
7477,test
7478,train
7479,train
7480,test
7481,train
7482,train
7483,train
7484,train
7485,test
7486,test
7487,train
7488,test
7489,test
7490,train
7491,train
7492,train
7493,train
7494,test
7495,train
7496,test
7497,train
7498,train
7499,test
7500,train
7501,test
7502,test
7503,test
7504,test
7505,test
7506,test
7507,train
7508,test
7509,train
7510,test
7511,test
7512,test
7513,test
7514,train
7515,train
7516,train
7517,train
7518,train
7519,train
7520,train
7521,train
7522,train
7523,test
7524,train
7525,train
7526,test
7527,test
7528,train
7529,test
7530,test
7531,test
7532,train
7533,test
7534,test
7535,train
7536,test
7537,test
7538,train
7539,train
7540,test
7541,train
7542,test
7543,train
7544,test
7545,train
7546,train
7547,test
7548,test
7549,test
7550,train
7551,train
7552,train
7553,train
7554,test
7555,test
7556,train
7557,train
7558,test
7559,train
7560,test
7561,train
7562,test
7563,train
7564,test
7565,test
7566,train
7567,train
7568,train
7569,test
7570,train
7571,train
7572,test
7573,train
7574,test
7575,train
7576,test
7577,train
7578,test
7579,train
7580,test
7581,train
7582,test
7583,train
7584,test
7585,train
7586,test
7587,train
7588,train
7589,train
7590,train
7591,train
7592,train
7593,test
7594,train
7595,train
7596,test
7597,test
7598,test
7599,train
7600,train
7601,train
7602,train
7603,test
7604,test
7605,test
7606,train
7607,train
7608,test
7609,train
7610,train
7611,test
7612,train
7613,train
7614,train
7615,train
7616,train
7617,test
7618,train
7619,train
7620,train
7621,train
7622,test
7623,test
7624,test
7625,train
7626,train
7627,test
7628,train
7629,test
7630,test
7631,test
7632,train
7633,train
7634,train
7635,test
7636,test
7637,train
7638,train
7639,train
7640,train
7641,train
7642,test
7643,test
7644,train
7645,train
7646,train
7647,train
7648,train
7649,train
7650,train
7651,train
7652,test
7653,test
7654,train
7655,train
7656,test
7657,train
7658,train
7659,train
7660,test
7661,test
7662,train
7663,train
7664,train
7665,test
7666,test
7667,train
7668,test
7669,train
7670,train
7671,test
7672,train
7673,train
7674,train
7675,test
7676,test
7677,train
7678,test
7679,train
7680,train
7681,train
7682,test
7683,train
7684,train
7685,test
7686,train
7687,test
7688,train
7689,test
7690,train
7691,test
7692,test
7693,test
7694,train
7695,train
7696,train
7697,test
7698,train
7699,train
7700,train
7701,train
7702,train
7703,test
7704,test
7705,train
7706,test
7707,train
7708,test
7709,test
7710,test
7711,train
7712,train
7713,test
7714,train
7715,train
7716,train
7717,train
7718,train
7719,train
7720,test
7721,test
7722,train
7723,test
7724,test
7725,train
7726,train
7727,test
7728,test
7729,train
7730,test
7731,train
7732,train
7733,test
7734,train
7735,train
7736,train
7737,train
7738,test
7739,test
7740,train
7741,train
7742,train
7743,train
7744,train
7745,test
7746,test
7747,train
7748,test
7749,train
7750,train
7751,test
7752,test
7753,train
7754,train
7755,test
7756,train
7757,train
7758,train
7759,train
7760,train
7761,train
7762,train
7763,test
7764,test
7765,train
7766,test
7767,train
7768,test
7769,test
7770,train
7771,train
7772,train
7773,test
7774,train
7775,train
7776,test
7777,train
7778,train
7779,test
7780,test
7781,test
7782,test
7783,train
7784,test
7785,test
7786,test
7787,train
7788,test
7789,test
7790,train
7791,test
7792,test
7793,test
7794,train
7795,train
7796,test
7797,train
7798,test
7799,test
7800,test
7801,train
7802,train
7803,train
7804,test
7805,test
7806,train
7807,test
7808,test
7809,test
7810,train
7811,train
7812,test
7813,train
7814,test
7815,test
7816,train
7817,test
7818,test
7819,train
7820,train
7821,test
7822,test
7823,test
7824,train
7825,train
7826,train
7827,train
7828,train
7829,test
7830,test
7831,train
7832,train
7833,train
7834,test
7835,train
7836,test
7837,test
7838,test
7839,train
7840,test
7841,train
7842,train
7843,test
7844,train
7845,train
7846,test
7847,train
7848,train
7849,train
7850,train
7851,train
7852,test
7853,test
7854,test
7855,test
7856,train
7857,train
7858,train
7859,train
7860,train
7861,train
7862,test
7863,train
7864,train
7865,test
7866,train
7867,test
7868,train
7869,test
7870,train
7871,train
7872,test
7873,test
7874,train
7875,train
7876,train
7877,train
7878,test
7879,train
7880,test
7881,train
7882,test
7883,train
7884,train
7885,test
7886,train
7887,train
7888,test
7889,test
7890,test
7891,test
7892,train
7893,test
7894,test
7895,train
7896,train
7897,test
7898,train
7899,train
7900,train
7901,train
7902,train
7903,train
7904,test
7905,train
7906,train
7907,test
7908,train
7909,train
7910,test
7911,train
7912,test
7913,train
7914,test
7915,test
7916,train
7917,test
7918,train
7919,train
7920,train
7921,test
7922,train
7923,train
7924,test
7925,train
7926,train
7927,train
7928,test
7929,train
7930,train
7931,test
7932,train
7933,test
7934,train
7935,train
7936,train
7937,train
7938,train
7939,test
7940,train
7941,train
7942,test
7943,test
7944,train
7945,test
7946,train
7947,train
7948,test
7949,train
7950,test
7951,train
7952,train
7953,train
7954,test
7955,train
7956,test
7957,test
7958,test
7959,test
7960,train
7961,test
7962,test
7963,test
7964,train
7965,train
7966,test
7967,train
7968,train
7969,train
7970,train
7971,train
7972,train
7973,test
7974,train
7975,train
7976,train
7977,test
7978,test
7979,test
7980,test
7981,train
7982,train
7983,train
7984,train
7985,test
7986,train
7987,test
7988,train
7989,train
7990,test
7991,test
7992,test
7993,test
7994,train
7995,train
7996,train
7997,train
7998,test
7999,test
8000,train
8001,train
8002,train
8003,train
8004,train
8005,train
8006,train
8007,test
8008,train
8009,train
8010,test
8011,train
8012,test
8013,train
8014,train
8015,train
8016,train
8017,train
8018,train
8019,train
8020,train
8021,train
8022,test
8023,train
8024,test
8025,train
8026,train
8027,test
8028,train
8029,test
8030,test
8031,test
8032,test
8033,test
8034,train
8035,test
8036,test
8037,test
8038,train
8039,test
8040,train
8041,train
8042,train
8043,train
8044,train
8045,train
8046,train
8047,train
8048,test
8049,train
8050,test
8051,train
8052,test
8053,train
8054,train
8055,test
8056,test
8057,train
8058,test
8059,test
8060,train
8061,train
8062,test
8063,train
8064,test
8065,train
8066,test
8067,train
8068,train
8069,train
8070,train
8071,train
8072,train
8073,train
8074,train
8075,train
8076,train
8077,train
8078,test
8079,test
8080,train
8081,train
8082,train
8083,test
8084,train
8085,test
8086,test
8087,train
8088,train
8089,train
8090,train
8091,test
8092,train
8093,train
8094,test
8095,test
8096,train
8097,train
8098,test
8099,test
8100,train
8101,test
8102,train
8103,train
8104,test
8105,test
8106,test
8107,test
8108,test
8109,test
8110,train
8111,train
8112,train
8113,train
8114,train
8115,train
8116,train
8117,test
8118,test
8119,test
8120,train
8121,train
8122,train
8123,test
8124,train
8125,train
8126,test
8127,train
8128,test
8129,test
8130,test
8131,test
8132,train
8133,train
8134,test
8135,test
8136,train
8137,test
8138,test
8139,test
8140,test
8141,test
8142,train
8143,train
8144,train
8145,train
8146,test
8147,test
8148,train
8149,test
8150,train
8151,test
8152,test
8153,test
8154,train
8155,train
8156,test
8157,test
8158,train
8159,test
8160,train
8161,train
8162,test
8163,test
8164,train
8165,test
8166,train
8167,train
8168,test
8169,train
8170,test
8171,train
8172,train
8173,train
8174,train
8175,train
8176,train
8177,test
8178,train
8179,train
8180,train
8181,test
8182,train
8183,train
8184,test
8185,train
8186,test
8187,test
8188,train
8189,test
8190,train
8191,train
8192,test
8193,train
8194,test
8195,test
8196,train
8197,test
8198,test
8199,train
8200,train
8201,train
8202,test
8203,test
8204,train
8205,train
8206,train
8207,train
8208,test
8209,test
8210,train
8211,train
8212,train
8213,train
8214,train
8215,test
8216,train
8217,train
8218,train
8219,test
8220,test
8221,test
8222,test
8223,train
8224,test
8225,test
8226,test
8227,test
8228,train
8229,train
8230,train
8231,test
8232,train
8233,train
8234,test
8235,train
8236,train
8237,train
8238,test
8239,test
8240,train
8241,train
8242,train
8243,train
8244,train
8245,test
8246,train
8247,train
8248,test
8249,train
8250,test
8251,test
8252,train
8253,test
8254,test
8255,train
8256,train
8257,train
8258,train
8259,train
8260,train
8261,train
8262,train
8263,test
8264,train
8265,test
8266,train
8267,train
8268,test
8269,train
8270,test
8271,train
8272,train
8273,train
8274,train
8275,train
8276,train
8277,train
8278,test
8279,test
8280,train
8281,test
8282,train
8283,test
8284,test
8285,test
8286,train
8287,train
8288,test
8289,train
8290,test
8291,train
8292,train
8293,train
8294,train
8295,train
8296,train
8297,train
8298,train
8299,test
8300,train
8301,test
8302,train
8303,train
8304,train
8305,train
8306,train
8307,test
8308,train
8309,test
8310,test
8311,train
8312,test
8313,test
8314,train
8315,train
8316,test
8317,test
8318,train
8319,train
8320,test
8321,train
8322,test
8323,train
8324,test
8325,train
8326,test
8327,test
8328,test
8329,test
8330,train
8331,test
8332,train
8333,train
8334,test
8335,test
8336,train
8337,test
8338,train
8339,train
8340,test
8341,train
8342,train
8343,test
8344,test
8345,train
8346,train
8347,train
8348,train
8349,train
8350,train
8351,train
8352,train
8353,train
8354,train
8355,train
8356,train
8357,train
8358,train
8359,train
8360,train
8361,test
8362,train
8363,train
8364,test
8365,train
8366,test
8367,test
8368,test
8369,train
8370,train
8371,test
8372,train
8373,train
8374,train
8375,train
8376,test
8377,train
8378,train
8379,test
8380,train
8381,test
8382,train
8383,train
8384,test
8385,train
8386,train
8387,train
8388,train
8389,test
8390,train
8391,test
8392,test
8393,train
8394,train
8395,test
8396,train
8397,train
8398,test
8399,test
8400,train
8401,train
8402,train
8403,test
8404,train
8405,train
8406,test
8407,train
8408,train
8409,test
8410,train
8411,test
8412,train
8413,test
8414,test
8415,train
8416,test
8417,train
8418,train
8419,test
8420,test
8421,test
8422,train
8423,test
8424,test
8425,test
8426,test
8427,train
8428,test
8429,test
8430,train
8431,test
8432,train
8433,test
8434,test
8435,train
8436,train
8437,test
8438,train
8439,train
8440,train
8441,train
8442,train
8443,train
8444,test
8445,train
8446,train
8447,train
8448,train
8449,test
8450,train
8451,train
8452,test
8453,test
8454,train
8455,train
8456,test
8457,test
8458,test
8459,train
8460,test
8461,train
8462,train
8463,train
8464,test
8465,test
8466,test
8467,test
8468,test
8469,test
8470,train
8471,test
8472,test
8473,train
8474,train
8475,train
8476,test
8477,test
8478,test
8479,train
8480,train
8481,test
8482,train
8483,train
8484,test
8485,train
8486,test
8487,train
8488,train
8489,test
8490,train
8491,test
8492,train
8493,test
8494,train
8495,test
8496,train
8497,train
8498,test
8499,train
8500,test
8501,test
8502,train
8503,train
8504,train
8505,test
8506,train
8507,train
8508,train
8509,test
8510,test
8511,train
8512,train
8513,train
8514,train
8515,train
8516,test
8517,train
8518,train
8519,train
8520,train
8521,train
8522,train
8523,train
8524,test
8525,train
8526,test
8527,train
8528,test
8529,train
8530,test
8531,train
8532,test
8533,test
8534,test
8535,train
8536,test
8537,train
8538,test
8539,test
8540,train
8541,test
8542,train
8543,test
8544,test
8545,train
8546,train
8547,train
8548,test
8549,train
8550,test
8551,train
8552,train
8553,test
8554,train
8555,train
8556,train
8557,test
8558,test
8559,train
8560,train
8561,train
8562,train
8563,test
8564,test
8565,test
8566,test
8567,train
8568,train
8569,test
8570,train
8571,train
8572,train
8573,test
8574,train
8575,train
8576,train
8577,test
8578,test
8579,test
8580,test
8581,train
8582,test
8583,test
8584,test
8585,test
8586,train
8587,train
8588,test
8589,train
8590,train
8591,test
8592,train
8593,test
8594,test
8595,train
8596,train
8597,train
8598,train
8599,train
8600,test
8601,test
8602,test
8603,train
8604,train
8605,test
8606,train
8607,train
8608,train
8609,train
8610,train
8611,train
8612,test
8613,train
8614,train
8615,train
8616,test
8617,train
8618,test
8619,test
8620,test
8621,train
8622,train
8623,test
8624,test
8625,test
8626,test
8627,train
8628,test
8629,train
8630,test
8631,train
8632,test
8633,test
8634,train
8635,train
8636,test
8637,train
8638,test
8639,train
8640,train
8641,train
8642,train
8643,test
8644,train
8645,test
8646,test
8647,train
8648,test
8649,train
8650,train
8651,train
8652,train
8653,test
8654,train
8655,train
8656,train
8657,test
8658,train
8659,test
8660,train
8661,test
8662,test
8663,test
8664,train
8665,test
8666,train
8667,train
8668,train
8669,test
8670,test
8671,test
8672,train
8673,train
8674,test
8675,train
8676,test
8677,train
8678,test
8679,train
8680,train
8681,train
8682,train
8683,train
8684,test
8685,test
8686,test
8687,test
8688,train
8689,train
8690,train
8691,test
8692,train
8693,train
8694,train
8695,train
8696,train
8697,test
8698,train
8699,train
8700,train
8701,test
8702,test
8703,train
8704,test
8705,test
8706,train
8707,test
8708,test
8709,train
8710,test
8711,train
8712,train
8713,test
8714,test
8715,train
8716,test
8717,test
8718,train
8719,test
8720,train
8721,test
8722,train
8723,test
8724,train
8725,train
8726,train
8727,test
8728,test
8729,train
8730,train
8731,train
8732,train
8733,train
8734,test
8735,train
8736,test
8737,test
8738,train
8739,train
8740,test
8741,train
8742,train
8743,test
8744,train
8745,test
8746,test
8747,test
8748,test
8749,test
8750,train
8751,train
8752,test
8753,train
8754,train
8755,train
8756,test
8757,train
8758,train
8759,test
8760,train
8761,train
8762,train
8763,train
8764,test
8765,train
8766,test
8767,train
8768,train
8769,train
8770,train
8771,train
8772,train
8773,train
8774,test
8775,test
8776,train
8777,test
8778,test
8779,train
8780,test
8781,train
8782,train
8783,train
8784,test
8785,train
8786,train
8787,train
8788,train
8789,test
8790,train
8791,train
8792,train
8793,test
8794,train
8795,test
8796,test
8797,test
8798,train
8799,train
8800,test
8801,train
8802,train
8803,train
8804,test
8805,test
8806,test
8807,train
8808,train
8809,test
8810,test
8811,test
8812,train
8813,train
8814,train
8815,test
8816,test
8817,train
8818,train
8819,test
8820,train
8821,train
8822,test
8823,test
8824,train
8825,test
8826,train
8827,train
8828,train
8829,train
8830,train
8831,test
8832,train
8833,test
8834,test
8835,test
8836,train
8837,train
8838,train
8839,test
8840,train
8841,train
8842,train
8843,train
8844,train
8845,train
8846,train
8847,test
8848,test
8849,train
8850,train
8851,train
8852,test
8853,train
8854,train
8855,train
8856,test
8857,test
8858,train
8859,test
8860,train
8861,train
8862,train
8863,train
8864,test
8865,test
8866,train
8867,test
8868,train
8869,test
8870,test
8871,train
8872,train
8873,train
8874,train
8875,test
8876,test
8877,train
8878,train
8879,test
8880,test
8881,train
8882,train
8883,test
8884,test
8885,test
8886,train
8887,test
8888,train
8889,test
8890,train
8891,test
8892,test
8893,train
8894,train
8895,train
8896,test
8897,test
8898,train
8899,test
8900,train
8901,train
8902,train
8903,train
8904,train
8905,train
8906,train
8907,train
8908,train
8909,train
8910,train
8911,test
8912,train
8913,train
8914,train
8915,train
8916,test
8917,train
8918,test
8919,test
8920,train
8921,test
8922,train
8923,test
8924,test
8925,train
8926,train
8927,test
8928,test
8929,train
8930,test
8931,test
8932,train
8933,test
8934,test
8935,train
8936,test
8937,train
8938,train
8939,train
8940,train
8941,train
8942,test
8943,train
8944,test
8945,train
8946,train
8947,test
8948,train
8949,train
8950,train
8951,train
8952,test
8953,test
8954,train
8955,train
8956,test
8957,test
8958,train
8959,train
8960,test
8961,train
8962,train
8963,train
8964,test
8965,train
8966,test
8967,train
8968,test
8969,train
8970,test
8971,train
8972,test
8973,train
8974,test
8975,test
8976,train
8977,train
8978,test
8979,train
8980,test
8981,train
8982,test
8983,train
8984,train
8985,test
8986,train
8987,train
8988,train
8989,train
8990,train
8991,train
8992,train
8993,train
8994,test
8995,train
8996,test
8997,test
8998,test
8999,train
9000,train
9001,test
9002,test
9003,test
9004,test
9005,train
9006,train
9007,train
9008,train
9009,test
9010,test
9011,train
9012,train
9013,train
9014,test
9015,train
9016,train
9017,test
9018,test
9019,train
9020,train
9021,test
9022,test
9023,test
9024,train
9025,train
9026,train
9027,train
9028,test
9029,train
9030,train
9031,train
9032,train
9033,train
9034,test
9035,train
9036,train
9037,train
9038,train
9039,train
9040,train
9041,test
9042,train
9043,train
9044,train
9045,train
9046,test
9047,test
9048,test
9049,test
9050,train
9051,test
9052,train
9053,train
9054,train
9055,train
9056,train
9057,train
9058,train
9059,test
9060,test
9061,train
9062,test
9063,test
9064,test
9065,train
9066,test
9067,test
9068,test
9069,test
9070,test
9071,test
9072,train
9073,train
9074,test
9075,train
9076,train
9077,train
9078,train
9079,train
9080,test
9081,train
9082,train
9083,train
9084,test
9085,train
9086,train
9087,train
9088,train
9089,test
9090,train
9091,train
9092,test
9093,train
9094,test
9095,train
9096,train
9097,train
9098,test
9099,test
9100,train
9101,train
9102,train
9103,train
9104,train
9105,train
9106,train
9107,test
9108,test
9109,train
9110,test
9111,test
9112,test
9113,train
9114,test
9115,train
9116,train
9117,test
9118,test
9119,train
9120,train
9121,train
9122,train
9123,train
9124,train
9125,train
9126,train
9127,train
9128,train
9129,test
9130,train
9131,train
9132,test
9133,train
9134,train
9135,train
9136,test
9137,test
9138,train
9139,train
9140,train
9141,train
9142,test
9143,test
9144,train
9145,train
9146,test
9147,train
9148,train
9149,train
9150,train
9151,train
9152,test
9153,test
9154,test
9155,test
9156,train
9157,train
9158,train
9159,train
9160,test
9161,train
9162,train
9163,train
9164,train
9165,test
9166,test
9167,train
9168,train
9169,test
9170,test
9171,train
9172,train
9173,train
9174,test
9175,test
9176,train
9177,train
9178,test
9179,train
9180,train
9181,train
9182,test
9183,test
9184,test
9185,train
9186,test
9187,test
9188,train
9189,test
9190,test
9191,train
9192,train
9193,train
9194,train
9195,test
9196,test
9197,train
9198,train
9199,train
9200,train
9201,train
9202,train
9203,train
9204,train
9205,train
9206,train
9207,test
9208,train
9209,test
9210,test
9211,test
9212,test
9213,train
9214,test
9215,test
9216,train
9217,test
9218,test
9219,test
9220,test
9221,test
9222,train
9223,train
9224,train
9225,train
9226,train
9227,test
9228,train
9229,train
9230,train
9231,test
9232,train
9233,train
9234,test
9235,train
9236,train
9237,train
9238,train
9239,train
9240,test
9241,train
9242,train
9243,train
9244,test
9245,test
9246,train
9247,train
9248,test
9249,train
9250,test
9251,train
9252,train
9253,test
9254,train
9255,test
9256,train
9257,train
9258,test
9259,test
9260,test
9261,train
9262,test
9263,test
9264,train
9265,train
9266,train
9267,train
9268,test
9269,test
9270,train
9271,train
9272,train
9273,test
9274,test
9275,test
9276,test
9277,train
9278,test
9279,test
9280,train
9281,train
9282,train
9283,train
9284,test
9285,train
9286,train
9287,train
9288,train
9289,test
9290,test
9291,test
9292,train
9293,train
9294,train
9295,test
9296,train
9297,test
9298,test
9299,test
9300,train
9301,test
9302,test
9303,test
9304,train
9305,train
9306,test
9307,test
9308,train
9309,test
9310,test
9311,train
9312,train
9313,train
9314,train
9315,train
9316,test
9317,test
9318,train
9319,test
9320,train
9321,test
9322,train
9323,test
9324,train
9325,train
9326,test
9327,test
9328,test
9329,train
9330,test
9331,test
9332,train
9333,train
9334,train
9335,train
9336,test
9337,train
9338,train
9339,train
9340,train
9341,train
9342,train
9343,test
9344,test
9345,test
9346,train
9347,test
9348,train
9349,train
9350,train
9351,test
9352,test
9353,train
9354,train
9355,test
9356,train
9357,train
9358,train
9359,test
9360,test
9361,train
9362,train
9363,train
9364,test
9365,train
9366,train
9367,train
9368,test
9369,test
9370,train
9371,test
9372,train
9373,train
9374,test
9375,test
9376,train
9377,train
9378,test
9379,test
9380,train
9381,train
9382,train
9383,test
9384,test
9385,test
9386,test
9387,train
9388,test
9389,train
9390,test
9391,test
9392,train
9393,train
9394,test
9395,train
9396,train
9397,train
9398,train
9399,test
9400,train
9401,train
9402,train
9403,train
9404,test
9405,test
9406,train
9407,train
9408,train
9409,train
9410,train
9411,test
9412,train
9413,test
9414,test
9415,train
9416,test
9417,train
9418,train
9419,test
9420,train
9421,train
9422,test
9423,test
9424,train
9425,train
9426,test
9427,train
9428,train
9429,test
9430,train
9431,train
9432,train
9433,test
9434,train
9435,test
9436,train
9437,test
9438,train
9439,test
9440,train
9441,test
9442,train
9443,test
9444,train
9445,test
9446,train
9447,test
9448,test
9449,test
9450,test
9451,test
9452,train
9453,train
9454,train
9455,train
9456,test
9457,test
9458,train
9459,train
9460,test
9461,train
9462,train
9463,train
9464,test
9465,test
9466,train
9467,train
9468,test
9469,train
9470,train
9471,train
9472,train
9473,test
9474,test
9475,test
9476,train
9477,test
9478,train
9479,test
9480,test
9481,test
9482,test
9483,train
9484,test
9485,train
9486,train
9487,train
9488,train
9489,train
9490,train
9491,train
9492,train
9493,train
9494,train
9495,test
9496,train
9497,test
9498,test
9499,test
9500,train
9501,test
9502,test
9503,test
9504,train
9505,train
9506,train
9507,train
9508,train
9509,train
9510,test
9511,train
9512,test
9513,train
9514,train
9515,train
9516,test
9517,train
9518,train
9519,train
9520,test
9521,train
9522,train
9523,train
9524,test
9525,train
9526,train
9527,train
9528,test
9529,train
9530,train
9531,test
9532,train
9533,train
9534,test
9535,test
9536,test
9537,test
9538,train
9539,test
9540,test
9541,train
9542,test
9543,test
9544,test
9545,train
9546,train
9547,test
9548,train
9549,test
9550,test
9551,train
9552,train
9553,test
9554,train
9555,test
9556,test
9557,train
9558,test
9559,train
9560,test
9561,test
9562,test
9563,test
9564,train
9565,test
9566,test
9567,train
9568,train
9569,train
9570,train
9571,train
9572,train
9573,test
9574,train
9575,train
9576,train
9577,train
9578,test
9579,train
9580,train
9581,test
9582,test
9583,test
9584,test
9585,train
9586,train
9587,train
9588,train
9589,train
9590,test
9591,train
9592,train
9593,test
9594,train
9595,train
9596,train
9597,train
9598,train
9599,test
9600,train
9601,test
9602,train
9603,train
9604,test
9605,test
9606,train
9607,test
9608,test
9609,test
9610,test
9611,train
9612,train
9613,train
9614,train
9615,test
9616,train
9617,train
9618,train
9619,test
9620,test
9621,test
9622,test
9623,train
9624,test
9625,train
9626,train
9627,test
9628,train
9629,test
9630,test
9631,train
9632,train
9633,train
9634,train
9635,test
9636,train
9637,test
9638,train
9639,train
9640,train
9641,test
9642,test
9643,train
9644,train
9645,test
9646,train
9647,test
9648,test
9649,test
9650,test
9651,train
9652,train
9653,train
9654,test
9655,train
9656,test
9657,test
9658,test
9659,train
9660,train
9661,train
9662,train
9663,test
9664,train
9665,train
9666,test
9667,test
9668,train
9669,test
9670,train
9671,train
9672,test
9673,train
9674,train
9675,train
9676,train
9677,train
9678,train
9679,test
9680,test
9681,train
9682,train
9683,test
9684,train
9685,train
9686,test
9687,train
9688,train
9689,test
9690,train
9691,test
9692,train
9693,test
9694,test
9695,train
9696,train
9697,train
9698,test
9699,train
9700,test
9701,test
9702,train
9703,train
9704,train
9705,train
9706,train
9707,train
9708,train
9709,test
9710,test
9711,train
9712,test
9713,train
9714,train
9715,test
9716,test
9717,train
9718,train
9719,train
9720,test
9721,test
9722,train
9723,test
9724,test
9725,test
9726,train
9727,train
9728,train
9729,train
9730,test
9731,train
9732,train
9733,test
9734,train
9735,train
9736,train
9737,test
9738,test
9739,test
9740,test
9741,test
9742,train
9743,test
9744,train
9745,train
9746,train
9747,train
9748,train
9749,test
9750,test
9751,train
9752,train
9753,test
9754,train
9755,train
9756,test
9757,test
9758,test
9759,test
9760,test
9761,test
9762,train
9763,test
9764,train
9765,test
9766,train
9767,train
9768,train
9769,test
9770,train
9771,train
9772,train
9773,train
9774,test
9775,train
9776,train
9777,test
9778,test
9779,train
9780,train
9781,train
9782,test
9783,train
9784,train
9785,train
9786,train
9787,train
9788,test
9789,train
9790,train
9791,train
9792,test
9793,train
9794,train
9795,train
9796,train
9797,train
9798,test
9799,train
9800,train
9801,test
9802,train
9803,train
9804,train
9805,test
9806,train
9807,train
9808,train
9809,train
9810,train
9811,test
9812,test
9813,test
9814,train
9815,test
9816,test
9817,test
9818,train
9819,train
9820,train
9821,test
9822,train
9823,train
9824,test
9825,test
9826,test
9827,test
9828,train
9829,train
9830,train
9831,train
9832,train
9833,train
9834,train
9835,test
9836,train
9837,train
9838,train
9839,train
9840,test
9841,test
9842,train
9843,test
9844,train
9845,test
9846,test
9847,train
9848,test
9849,test
9850,train
9851,train
9852,test
9853,test
9854,train
9855,test
9856,test
9857,train
9858,train
9859,test
9860,train
9861,train
9862,train
9863,train
9864,train
9865,test
9866,test
9867,test
9868,train
9869,test
9870,train
9871,train
9872,test
9873,train
9874,train
9875,train
9876,train
9877,train
9878,test
9879,test
9880,train
9881,train
9882,train
9883,test
9884,train
9885,test
9886,train
9887,test
9888,train
9889,train
9890,test
9891,train
9892,test
9893,train
9894,test
9895,test
9896,train
9897,test
9898,test
9899,train
9900,train
9901,train
9902,train
9903,test
9904,train
9905,train
9906,train
9907,train
9908,train
9909,train
9910,train
9911,test
9912,train
9913,train
9914,test
9915,train
9916,train
9917,test
9918,train
9919,test
9920,test
9921,train
9922,train
9923,train
9924,test
9925,train
9926,train
9927,train
9928,train
9929,train
9930,train
9931,train
9932,test
9933,train
9934,train
9935,train
9936,test
9937,test
9938,train
9939,test
9940,train
9941,train
9942,train
9943,train
9944,test
9945,test
9946,train
9947,train
9948,test
9949,test
9950,test
9951,test
9952,test
9953,test
9954,train
9955,train
9956,test
9957,train
9958,train
9959,train
9960,test
9961,train
9962,train
9963,test
9964,train
9965,train
9966,train
9967,test
9968,test
9969,train
9970,test
9971,test
9972,train
9973,train
9974,train
9975,train
9976,test
9977,train
9978,train
9979,test
9980,test
9981,test
9982,test
9983,test
9984,test
9985,train
9986,test
9987,test
9988,test
9989,train
9990,train
9991,train
9992,train
9993,train
9994,test
9995,train
9996,train
9997,test
9998,train
9999,train
