row_index,label,pyod_batch_score,fixed_training_reference_score
2285,0,23.711699898681818,23.270247567684084
8267,0,23.714564582843128,26.414927729059684
7362,0,38.13376914677445,30.696920059526505
5556,0,25.28228879609789,30.328991833417142
8733,0,23.116815513640038,23.124203735744896
3482,0,29.155119708765852,32.34602585602358
605,0,28.398650702778273,33.65098953597931
6715,0,21.6447910461208,18.726113146880945
4887,0,24.447097678748843,24.502021284002904
4200,0,20.47524348774442,21.87372194965741
2896,0,33.31748173811645,28.375919127050906
6913,0,28.59083972186953,22.617100925777205
7544,0,25.535163698038605,29.79625325943452
7321,0,18.349933763067177,18.51130512808324
7536,0,36.14379847065497,35.864964804429526
625,0,27.151839480924888,27.02364867806921
4373,0,26.510123829068686,25.4669006685891
6200,0,28.570674769950934,29.136267681960074
3896,0,25.997862616485648,31.513859994232874
7615,0,45.129788305532564,45.72000242420528
1244,0,20.93195704429826,19.149374987450045
5347,0,18.23190297743741,20.094519315639094
8875,0,27.4289044067142,28.40780251434512
285,0,35.18741085985236,42.580025738165986
887,0,27.922624451672796,24.8802838412366
1492,0,21.429682578347172,20.980632916151606
4792,0,29.401298717879765,30.265618672489975
7729,0,42.10173661573834,32.61722268923314
6355,0,24.77823173590611,24.46530915631723
9611,0,33.34253395087724,32.74408688527884
3893,0,20.579531096297643,19.495864775271873
4018,0,23.11639172341506,19.27048394592641
1331,0,27.528582131372644,31.460458636572447
791,0,26.692793847071293,30.387906872465354
2302,0,33.698180667064086,29.846862670153236
1672,0,22.504207009845793,28.81733355650985
6779,0,23.318861089058654,22.30038152106111
9726,0,33.08326511487686,29.25817773682373
9013,0,27.502011198701005,25.444842992328997
610,0,24.057968488531127,24.862856742592374
9112,0,25.51928690693542,23.690007357596084
8598,0,19.189856541635155,19.84102557625708
239,1,29.189816441235713,31.560336164137674
4378,0,31.276728164682034,30.205866317800133
4382,0,21.52539720492964,24.10278220636216
801,0,33.00084844790772,36.978688618701185
6451,0,34.93535213898161,31.299243351345368
2548,1,25.269909528001527,24.71873023870307
4303,0,22.08443524422435,25.497820391872768
2663,0,24.884841257649654,28.27765980973082
2542,0,22.411649334383924,22.521176800376065
6893,0,27.86587309903356,36.46694942941074
6314,0,25.611088512891374,21.319026790386786
9790,0,28.588079963025613,27.093016728707813
8671,0,22.112342425865208,28.593765665242213
6440,0,27.320726797946374,27.232521570338225
1872,0,19.269283458237478,22.093284956695914
3946,0,25.86846057010814,26.68240657885558
1790,0,24.951985738606837,22.706048534438853
9580,0,27.573444154663097,28.125410301509156
7548,0,27.66895498340249,27.720222979737606
4939,0,24.981066366752625,26.65445748259102
1570,0,21.301919505157926,21.410459235329885
3457,0,27.27039183825416,32.479726814035295
158,0,21.968234628453644,24.202757938303815
1787,0,25.50192079346682,26.854135838027208
1576,0,19.904548232382712,20.448030126951057
5593,0,26.026916916165533,23.670474633628935
8237,0,24.438494319066518,26.034370833378926
135,0,21.47031343942427,20.529330027084974
270,1,23.918954294769303,23.81535697136885
9033,0,27.386134103615102,29.021281300314186
4310,0,21.94687660927554,18.897995820140675
875,1,29.80059249173359,24.991094349940614
6989,0,18.75376187862524,19.172845825374505
3150,0,29.439113341503948,26.430781260466617
3717,0,24.294046598385858,24.01770298232909
2048,0,31.37729710500896,36.44911175110593
9171,0,20.784558497133958,20.015622277883697
4956,0,22.947570358113516,23.27996355579948
2168,0,29.981898285735767,27.515061014213988
9879,0,32.414672420611254,28.779205478360623
4036,0,38.63843970535937,39.431304461450814
7987,0,22.467092593308802,24.761530309292958
2497,0,27.748273661561377,23.098447311028366
8820,0,31.382708936531007,27.41832550158251
5179,0,18.034696175785715,21.33141329764293
5983,0,28.59403105786801,29.049188857025026
5794,0,18.881093117305486,19.420166967861856
6796,0,30.108534672372997,29.061590200237145
2710,0,27.1733085755399,24.52103179158086
7608,0,28.237849607422703,31.7820669121716
6297,0,31.970744910626152,30.21210931245984
1132,0,33.72710054364907,26.110495436325458
5266,0,21.907906883137592,20.81921355493875
5468,0,30.518979069264468,26.61653393967395
2569,0,24.966296093328285,29.84805951340509
8037,0,21.48401294242376,19.04513493005618
9826,0,22.278379553381153,23.579083567850734
1500,1,25.66736842880853,24.555423355488266
7882,0,22.743006915990836,24.5620544573768
8986,0,21.000427811553198,21.285265217329247
9813,0,18.214112198792993,19.80382501226625
4321,0,20.313040248927187,20.515660428323823
8062,0,33.00275664698376,30.85270933591102
563,0,32.06914141419158,28.02302959785034
4156,0,30.101888844230892,23.653472066065355
8992,0,18.839325747104457,18.290693780473102
6221,0,20.519335139641395,17.68303795420623
620,0,26.50458898007818,23.810707433192672
2660,0,28.087273085957097,28.02180540022431
9795,0,33.46420322122622,31.111220154677607
6972,0,21.091683661713112,20.008227304373918
6671,0,33.46559226965333,36.433139178535825
5939,0,21.85261179845348,23.66516816169557
6227,0,33.98196090140233,29.14479077760763
4079,0,22.88991573172312,24.86556165705391
3136,0,23.873910364229598,23.24740993496434
4684,0,28.442883834457298,30.956474346938382
9021,0,35.5905385039864,28.358082730765965
6902,0,21.92423634186824,21.5684910045106
2370,0,21.79072714928075,25.079034253228066
6737,0,27.892226459155427,26.491103414809864
4383,0,19.837340294686612,19.00693018190026
414,0,24.910126673433236,23.95086363113549
4926,0,27.700282881224503,26.813449827253272
7700,0,27.36259654541005,24.52155969273371
9284,0,18.319236547484856,18.851562431131207
6518,1,38.7609091095114,41.32255623340504
8482,0,32.62465204505755,41.74202973809884
7789,0,19.857140033386756,20.78503327584267
2461,0,34.710168172226744,38.537571632528326
6745,0,25.217187029510367,25.28569716587963
952,0,24.06048166458797,25.391883324111923
2695,0,32.33659903058849,29.81640081129298
6896,0,33.33575040030838,29.5500455532511
2981,0,19.927141642447513,20.232552334155567
2178,0,50.973074380386244,41.85121345867443
1009,0,28.433273122170586,27.51273213248454
2753,0,29.254758096595882,23.432422462497772
3029,1,24.100115935783727,27.838692390400002
2380,0,24.913114117316013,28.83455539994164
124,0,21.159627049164392,27.379539467061058
1584,0,55.994713582664396,42.87085291772124
5352,0,18.965073452533996,19.53050077170936
943,0,21.39977355473775,21.080860242688882
1715,0,24.599673069317753,23.72428578052575
599,0,27.294595028836834,33.05513257593538
9259,0,24.671395878250365,21.481319203817016
3962,0,37.614915820860034,30.919214573844425
5163,0,20.29748582225455,18.288557598297576
3064,0,23.021322157667907,26.522142626897406
8218,0,35.60732956451049,45.450946553083796
1911,0,20.118360851566944,22.149622165796497
6705,0,21.37585359327996,23.787719642009122
6502,0,30.728223881049363,29.99444152914218
4640,0,24.618617464211955,28.906035220780904
1001,0,22.34539060607808,23.484819494340734
7898,0,17.383855800983074,18.621890027628847
174,0,20.893090622930103,26.170786025332248
4590,1,21.571551380248543,23.181018801317997
9511,0,31.778140391327437,34.89711326731033
8648,0,21.122674604663068,21.067337870620136
9423,0,25.755499530587596,23.543047652753103
2689,0,23.564650005917606,20.951514199883672
7307,0,25.243469528737073,25.102699692832353
6285,0,31.049099573649254,29.40080156313913
6539,0,22.76309562553541,25.246968377225063
3230,0,24.49541690388081,23.266066531766892
3604,0,22.692258098814886,25.333157012747428
5940,0,45.85909297257128,41.58873053267968
8082,0,29.544508242585852,36.65230112245397
6933,0,40.228196162050025,38.34763197452348
1894,0,23.469762736839957,20.78245777076489
3668,1,24.474932871817703,28.032807487246192
2338,0,26.665422081502488,26.2861384625999
3824,0,24.79571005769595,25.676702709316093
2203,0,24.737114220013865,20.177927123104073
2450,0,31.323172401370183,40.10541324026642
4034,0,35.269511158786926,32.59497254871782
7171,0,21.573580150975108,22.339449243623445
3694,0,34.13821035129659,29.012564162669225
4425,1,20.41131548115703,21.151989629109526
7439,0,42.08665307656692,47.407796329704524
1815,0,24.105976846887224,20.86555418110512
951,0,27.578777117858444,23.65834741193332
2448,0,24.755538019761836,21.18195878400868
1680,0,22.66891758354336,28.024555743910824
6016,0,24.680896514351378,20.857872199474244
5622,0,23.728936135208567,21.771839666778913
5054,0,17.20130461333323,21.40439749520889
1394,0,20.82028216083812,19.21224046330792
9866,0,32.87003946745,32.013584164679195
9185,0,25.054832523973033,21.690489808391884
2673,0,30.417863121908827,30.887300574099516
549,0,31.372929222181973,29.800449930362095
3973,1,24.784187125109963,26.057641915413353
6189,0,20.464456777088376,19.644250219683272
1169,0,24.574236760993788,32.17914856039888
1863,0,42.611847914969104,41.773324123395334
8535,0,28.06218455801834,27.904424686263454
8604,0,28.235399447040987,29.410741245269456
7209,0,26.021933866239213,24.635472962530258
8133,0,30.66141516831312,30.77245849346778
9246,0,22.458311085473266,20.716594685894105
7102,0,20.289279950208996,20.30184773605159
250,0,22.18768495735969,22.547269194072896
2002,0,44.08307225993417,40.60484217777022
4549,0,51.83446038141764,41.313826503208624
7119,0,20.22638514526098,19.049560855895788
6999,0,31.087197862208217,26.51752665895056
6173,0,18.735222329253162,19.34435691288653
2208,0,28.10299708584195,26.319282448219145
212,0,23.69236509050229,26.131193196394587
946,0,22.291632376311583,22.034222449948913
6327,0,20.32687762759866,23.00181447370534
5558,0,22.92513692901774,20.572607804847493
1816,0,32.98296187192269,32.809973933810824
7494,0,21.343274154203407,21.51799489041316
2051,0,26.944088735029627,23.472221332938354
743,0,37.36679684976965,32.093621838912
9305,0,24.8401472363149,24.898499079989875
9035,0,32.42805018546927,25.597484368893834
8908,0,20.386720977897667,17.961763614776757
1420,0,30.800249368756848,31.223378430412623
4534,0,22.48791411713105,28.03772293189833
4632,0,23.67481426688044,30.174916321058422
2905,0,32.48890906269413,32.211731702524524
6833,0,22.978508056597562,19.636649997226566
809,0,23.469322414309797,19.61362582427354
4942,0,22.40867638820572,23.839952162957022
6407,0,30.370712458208775,26.048865738939018
6070,0,31.607721700984747,33.41398626606601
7782,0,21.942978706715078,25.536543425551102
9356,0,21.127070710563878,22.69337420763256
1034,0,28.51509556876341,34.66843664459882
2679,0,37.44749393461731,32.6610249044729
6085,0,37.591762055484686,32.60915133475183
7455,0,20.247740986364324,22.501248129233403
1685,0,24.43185267295603,25.807338944383623
4702,0,24.428931648619955,26.18940014708388
4405,0,33.26576696286478,29.788581953150366
8804,0,22.465188975041396,21.464846433637696
9784,0,23.614663546182754,23.43499638072562
5370,0,23.90434972337384,21.73712933056851
4096,0,24.52192747646315,27.2558321057966
7166,0,26.49732706405656,27.617939080125282
7876,0,20.425621168871928,18.843598789390462
1,0,22.155946187094397,21.656287124598304
3156,0,22.426842548638326,23.77360076148682
2149,0,24.531204264068066,21.709787179993913
7167,0,24.414444337480187,26.929383692627724
7522,0,20.619355687684592,20.068008006617543
9315,0,26.69661061136618,25.829516122543048
9077,0,23.983577545588812,22.14741565060045
7160,0,27.520526448408997,29.398939945092614
833,0,30.32389271582175,24.784717487216028
7503,0,36.40193019917689,30.994002819348733
7872,0,25.344159633632035,24.770407182324917
3454,0,20.781058882582226,19.791237057365166
8518,0,37.098547516364775,32.44688070586624
6645,0,25.730030759604386,23.91266690752684
5320,0,25.452616225174257,21.697818065406167
8745,0,39.98374224973992,30.852711599012785
2998,0,21.28228670489354,26.864834527327275
7177,0,24.04183653093901,21.969962887153265
944,0,32.112914024520244,29.800357573545394
5470,0,26.559828244607147,24.177445723023773
4504,0,37.44816241495646,32.91568706417879
6687,0,25.481430429722927,22.46758078784191
4812,0,27.377904494972658,27.222372643137476
411,0,28.241809900354955,24.35143778143311
5894,0,26.682888218858665,29.16244937691626
5788,0,25.611180788297666,25.534060164050462
7184,0,18.8745310170427,20.3544541314719
3361,0,41.3708733432672,33.54527866527197
1925,0,34.78485491726003,27.538495230512062
3836,0,27.011976596948244,26.76495496413051
4948,0,30.276983185424704,28.774275944672958
2788,0,23.866363780148188,19.47969337242058
5116,0,29.76221595415219,24.33491623216677
2309,0,29.634847566815964,27.54784951573963
9660,0,21.58622849876209,27.370747279786634
6279,0,24.578012795877267,28.290726060681152
2559,0,20.29233809632034,17.545747766362382
7512,0,28.224761610846095,39.74587082554527
548,0,26.194577425643455,28.698878033911647
2978,0,24.456154343980362,31.052170965846575
9966,0,21.546020665483326,23.904107913280548
8125,0,19.52665587144699,18.772260521505284
4508,0,18.779174081375775,22.392783502262038
2266,0,38.375125365172956,35.10150920791601
3389,0,23.90164028492397,23.276800970843823
8447,0,20.553045428309698,22.203484768030656
7756,0,26.31305570166898,28.981784742062754
1456,0,22.37136434304757,26.661792539799638
8288,0,27.996084293430414,26.015481143485747
4385,1,25.86478354128297,25.782387680376072
9010,0,23.795110634428205,26.37278619928389
8754,0,22.53503395051239,25.792269438440783
8302,0,22.919982128393197,20.443415724086808
9615,0,21.09945655643065,18.81052240888538
5623,0,36.14409825556485,39.57220629377724
8369,0,36.392519148979076,37.13391762172657
1279,0,22.09893976746357,27.61797645033429
7290,0,26.50048342205115,25.459962241353928
4087,0,21.903721270732923,19.692039939668817
2424,0,28.93366113503985,26.927020114479397
671,0,15.97056148186121,17.893126099963812
7112,0,26.723871515898495,29.253886143687215
4102,0,17.83488707685365,20.575832467668686
8249,0,27.94951761299033,32.369404808492156
8206,0,22.28832057470143,26.782954062665823
8899,0,24.957162557929514,22.337621073574844
6943,0,18.58608937035991,19.200500168998957
7144,0,25.444075504360562,26.96804746368706
2459,0,36.2350013709854,37.64534460046938
3802,0,22.482722141358977,25.862570345542522
2608,0,21.360933623270597,22.47266865011766
8475,0,21.800090190030485,20.252678005405294
1871,0,19.117167853067222,20.72306044147072
6044,0,31.64590681621802,25.94277285938123
1552,0,21.495636185669795,22.981783764718863
663,0,17.38623802875794,18.76175780927174
2520,0,22.655624587962684,21.977855986166247
468,0,18.46958140285519,21.414350285416408
9202,0,27.781220522119867,25.224849729252558
6918,0,21.34630423673854,24.694188427013692
7547,0,27.63704652168758,28.444585075670492
5578,0,16.708209676355228,18.12680557346629
2250,0,25.26304178200119,23.13799233383313
6190,0,30.40319147528469,34.79313393572682
5780,0,38.5569595973511,34.68589529489661
3656,0,20.2751914619648,21.76724684751129
1622,0,51.05266136275426,47.31787827714862
5921,0,22.155431324700487,20.409364396190977
2125,0,24.260396483572674,24.30866920282643
9233,0,23.634015256606382,24.845779454507948
8832,0,22.29810812818259,20.038466210150933
2277,0,27.3294872015866,27.906019115920934
2755,0,29.08908760104942,34.04941297744539
4132,0,25.79938402011038,26.512047059597577
8224,0,28.849248167196887,24.045032314028752
3695,0,23.865417814446168,27.721326459918576
3465,0,20.096056894652783,21.496598681193984
9333,1,21.712245272800832,24.711028291414582
5531,0,25.368377249939964,20.371536361640956
2639,0,28.60451780043877,27.238417994268445
1222,0,29.220329685052825,40.963549179598076
9451,0,25.43339769293223,25.121367116291147
5198,0,24.359511505313506,23.995817753555432
4930,0,26.543035576212798,28.39544846649484
664,0,20.051143116830993,24.94212844030103
8166,0,18.542023772671484,19.239831270681673
7438,0,23.536581376739804,25.242755103765084
9182,0,41.810523116082834,38.67182169062164
9223,0,28.09709486797848,24.724787123048834
251,0,21.642321772159228,23.46514414011506
5647,0,33.25447921997618,33.69727872870968
5474,0,24.95324018239966,25.769626510850344
4502,0,25.32274741518344,32.23518410750847
6232,0,31.34811194657433,31.348154823551226
5395,0,21.92429377775639,24.886009796849663
2282,0,31.56501854483907,30.926004295757984
4396,0,31.311314966208464,29.583768659230284
3423,0,20.04896912340433,23.325233184918268
5653,0,31.587572439107134,39.816150002200146
7464,0,20.572758913005174,20.000354749245627
2910,0,20.698463359866352,20.365485589571595
2067,0,34.8168225639393,30.687273369044224
8829,0,20.1689319193912,22.37008207124924
8000,0,34.40289900649439,27.70149855451771
8537,0,21.26675351707423,18.927665290147104
1530,0,29.610045160941493,25.459368871786502
2102,0,31.20421310765261,28.14577480891413
6607,0,22.35696729518888,22.62916316852769
2884,0,19.603019344414694,19.74879913960054
1041,0,27.6774485271616,31.621006738349525
3912,0,25.782285259395664,23.592933875604086
5854,0,18.34544656830812,20.631789144340157
7546,1,29.80598713589514,27.84140367225393
2889,0,19.50081301726689,20.55697936905454
3624,0,20.00817712621495,23.138097129568358
8907,0,26.662760080686517,31.42004971740346
8589,0,24.668679967694658,23.015538756641014
8552,0,21.07150621659822,17.581822799605515
7277,0,23.001957662597654,23.054001506736363
2308,0,26.764100081212668,35.554378475247134
641,0,19.798528997308033,19.622497562786997
3957,0,27.645579025861977,25.298937148303313
4395,0,19.172835757330805,25.36334860883134
3378,0,23.01598853264267,22.134704975679472
8221,0,23.665574152954257,30.660557492546342
8770,0,31.029818868892143,38.46572026494933
28,0,21.51837230224322,21.652800245143933
1591,0,30.89599491147224,34.41942466041199
7450,0,24.08688687923268,23.18972112318716
6226,0,33.23215531961087,31.371772614458678
1884,1,24.735200678452973,24.77318416489909
9940,0,23.356576566229222,24.435603682250996
7339,0,25.425676239898657,22.442042053387492
1050,0,27.123166150605186,26.30246708011704
5083,0,24.628077525356172,24.072702137566054
6461,0,24.271006879006297,22.490636308244184
8061,0,28.058571723766892,25.83854373696241
4415,0,32.49280982293151,28.481994451881658
9715,0,18.298863909314544,21.705662145952463
4696,0,34.20401018802116,44.04752844419739
3758,1,30.742791514304173,30.23043895631855
4262,0,23.72059189631189,26.383846224877008
8575,0,29.377556000753927,37.18505096767444
7241,0,33.905362954205074,42.42019467016941
5292,0,44.192410351409585,37.30896476538483
9403,0,20.724616618886408,21.07281985416041
4060,0,30.752344010405178,37.81491543583884
8477,0,42.941815068557716,33.927359553173694
9913,0,23.872537598617463,21.6291668313221
1958,0,23.62831815876207,24.201639898575728
8196,0,27.308038113179244,25.782411376783404
155,0,25.36959642901816,23.326824924147488
8876,0,21.776092043879615,25.483088382528802
6223,0,18.762801825987797,21.057912855409338
3544,0,26.66303850179408,23.197294196944085
3214,0,25.176897613730027,20.572640412913852
6949,0,39.222860227460295,33.63959555871114
9504,0,18.48162855865919,20.43020480481966
2174,0,28.48324972563212,27.164708992922485
4914,0,21.982225630769413,24.854522676089644
1073,0,29.470067859560444,27.555547170402946
1063,0,25.293839353228353,24.174675315296476
5831,0,29.23999908034207,26.29219506430946
3300,0,21.628295457007745,21.162723657355365
8576,0,26.918594330831066,24.856173518164344
2364,0,28.908399711022653,26.098770929462994
8193,0,18.43218946950485,17.793657430445553
9074,0,21.721121106123157,21.774865139971652
1080,0,19.098774070832278,20.82132338734041
5679,0,29.68860516428449,29.353728893982186
8595,0,19.481363254872395,21.041699993371523
4108,0,52.01500462630727,41.34946820411665
2221,0,17.451416082172983,16.296298575387837
4485,0,30.708759351481334,25.834230420409835
6045,0,21.54070076631846,24.92123540863865
7795,0,30.964939405565747,34.416827568066005
9493,0,19.743039259433406,20.6438517493494
5193,0,36.773503208961095,37.6604671781921
2525,0,41.499387156451625,36.22726338867109
426,0,17.58514991182226,20.93865278572894
3160,0,19.99221232501969,18.736838058932967
7613,0,24.05760723365703,26.672599324032003
8229,0,24.860278266745414,21.175039222723164
2298,0,18.272712719010467,17.291391284682973
9409,0,30.234368657018464,23.89110705068464
2801,0,32.339203758014015,27.350635389980603
4356,1,25.086974112226805,25.51124408906174
193,0,22.7990831889783,20.606279488072037
3039,0,26.56319881744152,32.69915037204302
9317,0,23.20059174150492,24.462710015420367
7327,0,25.218855844013234,23.600752940516585
77,0,25.42954241970291,24.7443301378127
9300,0,17.468459893403843,16.278463040050465
4995,1,29.21362832769407,28.517882499133105
4874,0,25.394533458949798,28.11522033936681
5110,0,18.608397074810778,22.670112669201618
9200,0,25.698407892354464,26.733763516409816
7558,0,28.506968465987512,25.69336344422046
4481,0,25.012164735021557,31.278928614117643
1316,0,18.29896543311306,18.554642825351653
6238,0,31.858323696032024,33.33735634881447
6468,0,18.842997253262112,20.417712095579372
6648,0,29.640874477569795,27.431328950265517
9614,0,40.689475337131455,31.51540769535028
9770,0,21.38186252832213,24.67582834312702
2964,0,28.408581881669768,25.82349874451148
749,0,31.13070435084941,39.89693139574011
291,0,21.298378339746897,22.39873602701148
4831,0,26.117324591063067,26.412386153519048
7281,0,30.689064182533542,32.3880259732717
969,0,22.223463911798838,21.223490452935824
8815,0,32.86091895803838,28.87607951939279
1550,0,16.20474557254187,18.158702891487287
3916,0,26.99805643630458,31.073684557455994
9199,0,19.854892808491634,22.58483629320153
6829,0,20.82691137924363,19.78479133575329
4943,0,22.05630404185861,22.10708951912284
7394,0,26.115361213268702,23.756639844016206
739,0,29.689097372442887,25.593178731977236
7,0,28.26946687411878,30.70217245859025
6646,0,21.07220649578936,19.05203136008613
8313,0,20.92944354845751,24.0010518130814
8031,0,30.769032058647728,28.48475062622719
9741,0,21.439367137722336,22.42799640611001
2172,0,16.031444140590484,16.512394910108185
5248,0,25.844082729622443,25.70986013417844
2874,0,24.73156794214502,27.367049725907755
3960,0,22.23464679366357,26.196653644964464
4712,0,18.937171186188564,21.914706784343
8324,0,21.827016073289343,22.387466164303685
8717,0,20.894253879367547,25.085767515522647
6544,0,29.752954807949592,26.1790383064035
3721,0,23.443663295494357,26.984236977317206
2866,0,31.37849817873374,36.922827239308454
6583,0,23.89162704441091,19.912269551241835
6441,0,19.780954339341342,20.91129121080123
5087,0,19.927673111883472,22.46236359122674
4531,0,28.609724432719275,33.02570213780467
9507,0,35.51046446849932,29.74749221234925
6987,0,32.50049981017914,35.621795227166935
9309,0,22.439184360135005,20.67791778371328
423,0,22.683824086035646,25.54626786453778
9283,0,17.488571097435862,19.126460159455522
9475,0,24.86479367060092,24.80138970146892
3418,0,19.622483884568915,21.173075055950115
1224,0,29.824926334854258,27.20063223765339
7410,1,29.22725948416484,30.232463854693297
9564,0,31.24781185754442,30.561861174507836
6878,0,20.792582533981037,26.459970992876517
3325,0,21.01492809024079,22.787491509873536
2027,0,21.29066440191115,18.34332451248731
6124,0,22.038922945544588,28.104548033943747
7730,0,31.254714456085807,29.182140027969687
4229,0,21.50770351601532,20.36356177574873
4614,0,17.687716373250364,17.729336991579537
1969,0,24.307986130420474,28.067390340577862
5147,1,20.32949640094506,21.36060487264679
9762,0,31.835567366599896,29.21409956116397
6386,0,35.762001760287966,32.61383531554982
238,0,31.844188561508965,32.43733602249922
1746,0,17.97306532808333,20.461804115059323
7698,0,22.506848775551703,19.99685252253997
7305,0,31.824271238048656,32.52063239508683
7208,0,24.6300718061642,23.35292228952559
5652,0,24.55699592952902,25.56991925187898
2393,0,33.458386214887305,36.585774531077185
7687,1,33.08084083777789,30.543714729938394
4068,0,25.767943798969835,32.535709344309346
568,0,19.89209354669281,21.777680152041953
571,0,26.400272410804696,26.067250295255544
1395,0,27.02033193228169,25.101728310166983
3431,0,33.12164405471224,33.77838864508196
4697,0,31.864036776075366,25.422596595629287
6066,0,19.714941328695726,18.569626353694826
4118,0,31.072417124572926,33.14605227605673
9626,0,39.46556546955725,32.91196232743187
7983,0,34.527795851386024,28.19284120438878
3376,0,35.04488664547158,28.76794885077686
1523,0,23.657786474524194,22.795314372079535
4490,0,23.34789782358229,28.768369226952355
6968,0,20.175348127351654,17.989247127713273
2599,0,22.06202225672143,20.536657174283903
5498,0,27.7830965267421,29.44919132899059
8083,0,19.171676181630364,23.521104617140193
9750,0,23.795172315884837,25.011004161121317
7899,0,28.72787786207505,26.81032591979728
1145,0,26.162417247226973,30.41747519262478
9458,0,27.04457645108546,26.15527091100316
5415,0,24.99580086974137,28.164440377420203
5817,0,19.65671871507284,21.28932289530514
9613,0,32.88892886320578,37.79305753531669
1797,0,21.055201651770112,19.700230787765552
9393,0,17.72291946876773,19.277800807069436
9243,0,24.678911771323374,28.32343970134977
225,0,27.78041354210341,30.895213640042368
7104,0,26.26959791157336,21.276759100438415
5651,0,26.30509539574958,27.692361448169066
3461,0,19.28332038145705,21.516631379596397
8867,0,23.08459154171949,25.257110501627558
4131,0,25.257895455251177,27.15297292874793
6126,0,25.1787927351633,24.877808650417
2794,0,29.392461122040853,24.526625590393873
5961,0,28.452630501060828,23.78810488134486
7092,0,31.894053723156212,30.60648773396223
5375,0,21.48941236233016,21.239283537073156
4236,0,26.661170242140976,28.223277508506673
2384,0,33.58234700043488,35.13616617812232
9848,0,20.962265482979635,20.3565277938828
3823,0,17.33733467562263,17.180455840836494
918,0,25.956576594003604,25.44326693817816
968,0,31.75717331533102,25.60556013229641
2324,0,26.739084965562597,24.165992055358927
4328,1,30.83384165808231,31.395747283375297
5252,0,22.89199460480179,26.521127854991576
9571,0,22.27784577682908,21.823412174302856
4355,0,21.811601152739247,19.857914290224315
6769,0,21.60543179604009,21.419322615220647
4364,0,29.154228761182086,26.33710607463097
4636,0,35.3711257833818,41.79792061998768
173,0,44.31586180224745,32.97762225236037
4752,0,27.067999283354922,33.80332417625612
2118,0,42.245418685857814,46.60820780468467
3720,0,30.47239674491422,30.221981997998654
1496,0,31.52202278093402,28.964238442585994
330,0,28.38197881178777,34.46158239712768
6676,0,24.73492180199155,26.703163147591255
678,0,44.04976231185874,35.157515056534834
8134,0,23.702209300769102,27.413641212795724
3674,0,20.22382831461711,19.353182086171113
379,0,25.916424292908967,23.045512219735905
8471,0,22.889084343169227,23.919039467091075
6130,0,22.83818144213391,29.585729142572397
2764,0,18.372282759342216,20.224919114648696
5057,1,29.105681779667822,26.429994490597714
3342,0,30.986048089263463,27.6800667389581
6217,0,26.549239028610973,31.69342287673748
1210,0,22.847725434461793,22.13603313640426
5400,0,20.116977329139115,18.020944266450595
8774,0,20.543662665908208,23.543158681630743
836,0,24.94739240783278,31.81056014778405
7514,0,25.357452856131072,25.191666151263778
2028,0,36.71725350327502,43.92990062351435
5342,0,32.329514279100536,31.751959258942154
7713,0,20.782185010849904,20.806873506125324
9636,0,31.39631374523687,28.543580906163786
1972,0,25.481605948376046,31.00176366930972
5287,0,20.92775056123178,25.532997773955934
8139,0,19.02292735087656,18.054848780665214
6209,0,27.812395978158165,29.90196327960814
5033,0,21.619283349880163,22.129346473276208
4520,0,25.732152051345157,26.820507301754542
5334,0,18.86317926385907,18.354788095819455
410,0,26.803043862982214,24.536458360246822
4332,0,28.09271155893736,28.58081966041491
2044,0,26.25967751603671,24.09353404356538
2984,0,22.742731178242998,20.570162134885173
3733,0,22.014514025765514,21.083828683684363
981,0,23.269593055372987,24.28436786103381
3463,0,28.992490737609888,25.188717350679156
3004,1,23.864933552235197,28.03206667900335
9354,0,19.938081705631,22.254023108854906
2265,0,34.00781699138121,34.64677027928825
9133,0,24.610877201317162,28.76701173111136
4113,0,25.25082360496911,25.955405819277125
2017,0,23.0717034590669,21.937667082126712
4705,0,26.326318620057858,31.123803855372877
4845,1,25.665881770489577,24.431879993665987
3617,0,24.896331942655728,26.07098128396595
9220,0,23.3279086035059,20.04722251810671
3041,0,18.586117867885463,21.312367581277766
720,0,22.71272196688558,25.712644018570508
1628,0,37.38367796881424,32.319618692515924
5044,0,24.516778196696205,21.27864465909493
8437,0,30.654301323590857,26.456990767434917
8936,0,27.311987690995448,25.515388612754517
1470,0,25.214181676426932,22.47805769613924
5897,0,38.26682204439842,32.72239076062782
3241,0,24.61959462458849,30.083105982537592
1188,1,26.534970497280852,30.436144926720893
1776,0,18.614267683830754,19.47648875027725
6470,0,44.823690752508604,41.66351399704651
9570,0,49.46286783796071,54.632934012671136
733,0,26.424865840393384,28.743302186187066
1107,0,22.35332267839033,25.19437815019823
5696,1,27.96378849601208,29.776654866672896
9568,0,25.441714587189672,22.857353286949937
8187,0,19.80008139130291,22.483404430046978
2697,0,31.086733401265725,25.11022992388292
1881,0,22.09687625427884,19.892942622682266
9895,0,25.82691405028371,31.23481696934411
3025,0,23.63883897321375,23.445409409304872
3566,0,32.42701893658385,29.62878551357729
6898,0,16.997347486739372,15.855674814274549
5904,0,34.53004964290269,33.170147795685075
7733,0,30.771307791488294,24.28810743848413
2566,0,28.89535825046476,31.01094664493769
1003,0,31.555280881389194,34.63847449523287
5088,0,19.52110360588532,20.549569710503853
5466,0,19.01358455439402,19.356014997463706
5214,0,21.64546336576292,26.260980176525724
5228,0,35.62138173241343,31.726486363884046
2184,0,22.87995394131955,27.886353307429985
8759,0,49.3723016537977,39.29586577480741
6346,0,31.567096303878266,26.435099959941503
8679,0,20.15953452187055,18.9401440953742
9561,0,23.175184565713856,24.897158737205025
589,0,17.742764235681207,19.708541141672022
1131,0,23.375993654436076,24.469286024749962
8495,0,20.627759236516763,22.371542272812434
5535,0,20.066325046207307,21.615293353068513
4458,0,46.71242993138562,44.94526279141334
6566,0,22.9146755443077,20.197968795499328
7328,0,24.08534366595264,23.226804576028552
8548,0,27.69256036790821,24.790882785444772
2583,0,28.298600027970984,29.937487685388916
6577,0,23.65957256020411,24.682742372609837
8339,0,18.188433890617354,20.949789097158668
5735,0,20.785437974574567,23.840939527084302
3911,0,23.72774100685653,21.88077234366723
9014,0,23.531563678626664,26.862892907329993
9583,0,25.984522751404615,25.910494381131496
9986,0,19.362986389757605,18.611531136624738
1365,0,30.98173412535434,30.23147938307617
4309,0,31.02632408764597,34.12763118470828
7506,0,20.180657236315525,21.74015703664208
8265,0,23.030545934939816,21.001288009582606
3844,0,40.73759443372997,31.515755683348647
88,1,25.733907075375264,23.08334666961609
201,0,37.66394244868994,37.26352077882916
9864,0,25.393984364648976,22.899194117706156
348,0,24.458734760913718,26.650796884845747
8101,0,24.236469642742367,26.071044671776555
5209,0,30.24315314146559,31.89386076905551
9394,0,20.519055453294733,19.798940334982277
7853,0,27.163632633910925,30.60309800706925
429,0,23.49980904399316,21.181588482649524
7220,0,30.980889522563366,32.110741971968515
8954,0,29.350055052768298,24.218744069493972
9869,0,22.269175439175314,22.955045462737868
7932,0,28.00847408331632,28.293717803677115
5695,1,26.977453759162657,30.41358243645863
8507,0,21.82988299375751,21.74529391001682
1712,0,17.54278988001066,18.597675620443383
5211,0,24.490989855763342,21.366077962068704
9545,0,21.73286571955326,20.803073377978368
2194,0,21.41597539411832,19.68743854255849
5693,0,18.081775112517157,19.096357291205663
6135,0,22.67171391621174,23.50669997314629
1707,0,24.824284150146948,30.57178362885408
9370,0,23.115314016663863,24.857635427136128
8696,0,17.573263127575437,21.708349769572138
3703,0,35.15267660492337,31.3235784849315
3622,0,30.554166762882794,23.346648828303717
1619,0,21.949291159000413,22.87508694026307
6233,0,33.54998765506573,30.562454750189186
3167,0,21.469557995130987,20.930050619402046
9486,0,31.797861923086725,27.625650206627093
1548,0,36.359620895205055,35.55886285250505
2858,1,24.284037534392098,22.583634345167077
1931,0,45.00397894195555,35.694621676342024
316,0,20.369902151000225,20.61864336014553
333,0,22.768095899575705,23.239053689975723
1062,0,19.285384202937745,21.31649312323481
4443,0,31.653126195247836,29.0805266111943
6079,0,24.308773042751323,26.61831727988198
3856,0,21.594794719823028,25.43237779604283
3789,1,26.467051772289064,24.480998637389504
8452,0,26.855013849085747,31.56276335352505
311,0,22.029159656113052,22.79471135117374
7180,0,24.837124756900682,30.85809689412287
6105,0,35.07012032326837,28.93707929386902
8880,0,24.935916628282293,29.578890643509343
628,0,23.373873949277755,23.70817412947427
7559,0,27.431986201760854,36.846352019506405
5844,0,51.05364086554521,40.20539642114424
2255,0,23.624028907494527,23.641053399544557
1112,0,20.064006136261032,23.693332513354143
2328,0,23.171804613861674,19.748080090416366
3363,0,33.41969653918718,28.813402296581216
1129,0,21.692346244276987,20.621599798854707
1010,0,20.628985694060393,20.708433262710294
9919,0,32.81767496508644,34.96443388389139
914,0,20.721824825812842,24.66310029710447
3678,0,18.992179100348803,19.562894036530704
4245,0,17.60142246110324,19.293941823427055
9933,1,25.071161791719344,26.021293886012366
5787,1,29.615733153216162,27.56061349921141
7878,0,25.312286078401467,31.397027799479236
3518,0,26.250608697964545,26.746251398549663
2432,0,34.56869919900874,34.690341473104404
3111,0,39.51372707766605,34.15645831086892
4724,1,25.15745566586663,24.611473904845237
5888,0,30.33060869789742,36.19124132400549
4778,0,19.144790003871943,19.038234934528134
8251,0,31.673683568583716,35.111832071075845
6286,0,21.012895650857637,27.249524317074577
6653,0,33.533639110041534,30.631065202140004
870,0,31.12340963176273,24.69449778656793
7995,0,22.226958884285878,21.836426322231322
837,0,34.97134006568128,36.25762950576434
5433,0,33.57311622402433,34.439021581754524
551,0,22.087692034669793,27.159028371399472
9845,0,23.861459548715494,21.945032766730566
9506,0,27.00198729298916,30.72058094159315
765,0,19.035373735263917,22.83207649642343
6882,0,18.873286612559717,20.6391314284877
6363,0,28.82083867812053,28.601016700199242
9325,0,30.361138425052708,39.14045860695274
7689,0,24.1228980366146,21.156121057001855
6992,0,27.13307226617283,24.689658393097556
6111,0,25.795744027495157,28.979475986478892
9299,0,28.119248615512063,35.19866673013242
5749,0,41.39683485420378,39.8066218943621
8225,0,25.66227451731741,25.27858809556467
3351,1,30.207244827967628,29.16202799581301
6449,0,28.996839683597962,31.271729716604334
961,0,31.33105114619315,25.823812368875625
4786,0,24.34110416405494,23.2536128649153
937,0,29.957821562582975,24.978181376795416
6578,0,26.293339931069212,32.219393349270014
7031,0,47.66494009298689,48.51169140792054
9152,0,27.26343080362893,25.24286671042557
3407,0,20.897595725922645,22.183106024948568
2036,0,20.535782467812417,25.02235471209136
2484,0,27.142191461062595,27.2271561438437
1192,0,35.874371131511964,39.466457696933325
3359,0,21.965127964970478,24.40598256942491
2121,0,22.548519900024356,19.776088626562693
5893,0,29.486216310780595,37.96610409251613
1411,0,34.87613983027877,31.725696479592592
4883,0,18.918451782860828,17.986598245888295
3503,0,27.661699126440087,23.162414715324175
1228,0,34.94103716363062,35.21626602159715
6024,0,21.000127280029492,18.763418292663527
9890,0,25.185934687020573,24.477058721871536
6982,0,33.18550627406958,28.22106332360403
4320,0,38.25224016420854,32.489426624108226
9064,0,20.93276870091414,25.22223531933092
3920,0,23.185839332461235,22.768495668417813
2545,0,30.160659530051536,30.74267925385635
7042,0,29.584557541142974,29.044517618086676
8891,0,20.86652039516427,22.99961688178007
5174,0,23.889971769951686,21.40333701909793
2481,0,18.246544496264324,21.817246858667737
5886,0,36.97159171489864,38.429883776092886
2827,0,32.96948659831493,25.647021013180545
1013,0,22.587406984613015,21.650663512594793
5012,0,20.324656941880725,24.713270510869815
1203,0,24.183849383041963,28.516769585625354
2377,0,34.9368690461345,36.28942478380972
4432,0,25.13376803954475,30.99640464756562
7406,0,23.705478838327704,26.81023524471618
4489,0,21.12181375172963,25.327086423974045
2589,0,28.572118919804993,25.795196448496345
546,0,22.04669201646848,19.138672736215156
2831,0,19.936370477418212,19.982407052892615
9647,0,25.61897438632417,23.509629835187418
2501,0,22.602731048391732,23.356567259960293
3295,0,38.20616592701785,43.520987934784124
7434,0,23.80925529008929,29.333482853727304
4445,0,22.395782127616005,20.504008743527336
601,0,23.503043512642353,27.236249175047593
8036,0,21.450842648011538,22.9317049235839
4759,0,27.43074801377262,24.277796212413143
6690,0,22.754144740666856,23.515735589428786
361,0,34.37228148182546,29.24639734953483
8786,0,19.861117246529346,19.67247609728111
7540,0,22.012512651456536,21.0698452667878
4841,0,28.07119358721907,34.88256300018618
3540,0,30.228660139404703,25.040993704544285
7398,0,31.53443766160479,28.14095689642388
5068,0,25.02771296542887,24.3061824946806
3591,0,40.74136383662845,33.392105152228254
7762,0,19.600775255865777,21.457403646752706
8215,0,36.87604831391834,35.502231191215415
9271,0,26.78079225527795,22.395465927282885
9489,0,34.77521873534914,37.52270670524495
3343,0,25.037542521081207,26.87579474129951
4615,0,33.295265532677156,36.26270199864901
3197,0,52.353687962327875,53.07181383645386
995,0,22.87836829768081,20.8967963039098
9197,0,25.780437593654224,28.22663734595433
6338,0,28.671827669742626,32.47412318489467
3647,0,17.777010613871767,19.04459058148893
2318,0,29.231066675508558,26.355461161430092
9209,0,28.844705357794453,29.344024980886527
3412,0,20.75728562897153,20.522214127300824
851,1,28.476620791068697,29.808015051228722
738,0,25.95711310591635,27.06079532812044
6372,0,30.036839331727432,26.884356125644462
4916,0,20.961299768388226,23.25176826802672
2856,0,21.509534648750886,18.548526071754786
6624,0,26.190305956859063,27.277127389116757
397,0,24.002006977584475,25.03276086609951
4656,0,20.359100405631807,21.13206604249999
277,0,26.534684383972632,29.07821877818889
4537,0,20.46954676857127,18.774325376114184
9255,0,29.48611237537408,25.003470769136825
905,0,18.184258243218473,20.219030145338415
8499,0,27.282279752658265,33.14519476565228
5707,0,35.48843423545828,31.446846655744615
5765,0,25.46987235413104,23.20116951807194
3863,0,28.73243749633841,26.573067425401728
4250,0,41.95971530677281,41.164418283047524
7863,0,29.34239109230806,30.400604588420467
7557,0,20.056855965866692,23.798281532420887
57,0,22.980432732604093,21.981866751788967
7118,0,26.422714750384237,26.76314391120717
1389,0,34.32260270110837,28.113848003419506
796,1,26.17362749577014,22.0865746576831
2220,0,24.46824373630396,25.303044075021436
2607,0,21.99244234169321,23.67310985810551
5968,0,22.342568456181,21.802296385385205
4685,0,27.27825597035277,27.501558170265444
176,0,24.19353539711504,22.442753990708052
6559,0,18.629673852523993,21.209180611260113
7866,0,30.99366740555847,27.263443423932344
7190,0,22.106041835582857,21.671337632149317
5700,0,30.58858650746411,29.65370492036878
9428,0,45.13718826150641,34.38715022810862
3151,0,31.56359656656828,27.519034527146587
3535,1,22.800172600419923,23.34430538928356
8910,0,36.20401603521319,37.35409124732881
3556,0,23.47188629859172,21.48381957480696
8321,0,31.270050133863165,26.929858137324686
6626,0,27.653141395023894,36.522012335605645
2757,0,21.67645207588641,27.204935699286978
4149,0,29.838181370397724,25.211665988582425
8434,0,56.455912052997164,47.776960693945725
7814,0,18.795645292080863,22.37922289989593
287,0,22.5572843055451,20.157449685361225
4612,0,23.37855091768009,22.20296368284559
3966,0,22.89829444214881,22.06099678859733
1673,0,25.980331792889643,29.917986906627405
6162,0,19.738160306160562,21.027178493558292
169,0,26.12881887215383,21.052831170890588
4346,0,18.9554659050371,18.722760118845677
2881,0,27.900698443172477,29.716969881805937
3254,0,38.39397382311249,35.60545124934486
5125,0,26.5468897872113,26.414340771037903
1472,0,21.82445971953847,21.82838916867901
3840,0,34.2801698824627,28.16246407607396
7952,0,34.86164353075235,32.99308336751229
9902,0,26.53010306481964,25.305429666225344
2606,0,19.494423418672095,21.91146767009058
6328,0,18.750246596571948,21.107614515481426
7136,0,29.470599498909,34.96236186096717
9794,1,25.66783172575059,28.476263573823537
9599,0,36.41850532828828,37.33258828857196
672,0,18.518473900299032,18.160415332840085
273,0,35.34088576488018,36.257142686017175
799,0,32.04534701248933,34.75724065218617
466,0,38.05562821909008,32.87154556896846
684,0,32.72074083015823,32.330228889517414
4516,0,24.793619435242334,22.488568656784857
129,1,23.15006480733552,24.15693218240641
7218,0,23.837231952133486,25.635774732779794
7423,0,32.179103174057914,26.15877063541603
9823,0,22.297389484701082,29.356307834936366
6490,0,19.32120311953301,18.114505288080817
1423,0,22.65945982870231,22.182349048587348
5177,0,28.60856694968749,25.681892127835482
7797,0,31.24935821409648,30.394236108740298
7080,0,30.772435124917322,33.11913047439556
6748,0,24.43438467335049,24.402461184787033
9878,0,20.367589834936172,26.42496851608667
1205,0,34.061900330781924,28.960824649798752
2407,0,29.570689878227267,35.86245858431811
925,0,24.677243790966127,22.249476020479808
3456,0,33.78065714130024,33.66739966745925
1962,0,19.342343323366116,23.667770707776896
6434,0,34.85493184614067,36.02445738617867
1877,0,37.07825156759129,32.705314286675254
2746,0,44.17134632179966,34.37731796297831
4145,0,29.39869665883633,28.003730012736714
8510,1,25.14826392489704,27.114184995845957
3356,0,32.75521658922787,28.394579224118814
9508,0,33.72156803666274,42.2282580093557
7579,0,39.1886979802072,33.21027383929288
8272,0,23.625470816455266,20.486515596364356
8190,0,30.464975040856373,34.26243513492342
6125,1,24.447019887609652,22.22476134806398
7925,0,19.75883433780385,21.809384573202625
552,0,24.191681399361183,25.555934592476596
999,0,35.648465523163644,29.45014374071891
5241,0,23.72561688468135,25.234854575335405
9734,0,23.854191698452247,27.47779185509263
8508,0,41.16906278959213,38.99201183526467
4030,0,18.158839793737325,20.183839759076285
8059,0,31.093521780786364,25.501360540406804
1919,1,21.936154141432656,21.62245723134086
297,0,19.11395182845243,17.601072494025857
1166,0,30.433381408829312,25.186777610788713
4922,0,20.09927957234745,24.745029278873325
9355,0,27.31992514827804,26.28712914156551
1445,0,20.47188309798697,19.75582892985109
3322,0,25.084898848990445,23.293279127488862
6174,0,20.984991076584237,21.062850871848728
4806,0,34.31237410358502,29.010205719921323
1262,0,23.195966387294135,25.31850181666771
3947,0,19.765652152703197,20.75604883851908
1242,0,35.06571330952409,36.134633985506845
9775,0,18.455028760114043,18.253544543930644
1309,0,34.258733546792925,31.644224014024097
2115,0,20.909983324515686,20.12882943890944
11,0,22.477822899008103,25.324421562537857
2092,0,19.262390625299236,19.205896629976547
8328,0,22.73430310040844,25.37791498573966
5118,0,34.08660329163002,32.29268509026497
1338,0,26.886918490105522,33.10631823936291
2782,0,37.8339830588989,39.7931503203943
9924,0,27.833341437085654,24.346326421592124
6990,0,29.17401011512609,37.57463988850322
5981,0,20.865904767832973,23.527524384512663
4420,0,23.213405110856748,23.225419167758627
7790,0,23.28886902315392,20.346907788878738
115,1,24.63879514833242,23.939770377859546
2376,0,33.732156385259195,35.45368832036273
9,0,24.502823648771518,21.260697233773612
9700,0,28.758783137960584,27.136653521803495
8639,0,20.631086550528007,22.71754616567331
5486,0,18.192495345306973,22.858026896664605
6134,0,35.962251448083386,31.094451195808595
5396,0,22.867622188563352,28.473620358447516
2716,0,19.026225154935535,20.247615115226612
1027,0,22.705198030844358,25.212967168710954
2901,0,25.108892965166994,26.504178669466977
5767,0,28.967063877365767,25.239428212730974
7693,0,24.654796006837934,23.79744416438714
6891,0,23.0743472878934,21.795744169495617
394,0,17.3009715358708,18.327163730679263
4793,0,27.40194868012298,28.13929654775481
7776,0,33.38500313274201,37.66990469858404
3374,0,37.670618212142664,32.765540830188556
6376,0,19.305868543056583,20.210401233251325
7686,0,22.39993935018646,23.06104815210164
8140,0,25.269166939116587,31.98882739548848
2957,0,24.927301033700978,24.30658083666202
5956,1,29.597915644658016,28.587312770259995
2749,0,33.01966691792852,29.15541188739802
4819,0,28.768351943597295,31.3805618819277
4899,0,41.93690625839713,35.22492412499292
1706,0,25.62828491834262,23.68670234112414
2847,0,18.967270941203644,22.123826311191298
6318,0,27.884863635011946,27.884832851757125
3827,0,17.494612326533968,18.6533435904785
204,0,38.251144581361174,32.556699163770546
3983,0,21.57234407090699,24.846882347829954
7848,0,28.617256686143993,36.008245018852314
1308,0,28.980917820059776,26.912337744160933
1383,0,22.267796970066655,21.492482007723986
8436,0,33.964289542237445,32.68273099495008
8079,1,28.046523466291617,24.71829691854912
3616,0,27.871768604327677,30.077937987639167
1852,0,27.207995849566103,31.455810672077664
99,0,25.552838832047144,26.99894280085374
3420,0,35.864133488739704,39.045367862689325
4672,0,37.059922508333486,30.67063829569084
3135,0,32.139959162255124,34.12331020295777
1646,0,24.538217368039664,24.75634665435739
1640,0,32.8083487382141,28.266754295862565
6894,0,39.10204783112181,41.85573733015497
5074,0,23.883419519507317,28.27738458043123
3568,0,22.977963147490907,22.491893004999433
2230,0,30.94828433180285,24.861443051814817
5418,0,29.839601138132526,30.3577850160114
1086,0,32.68261654841827,26.240522886352778
7539,0,33.54823582294371,32.07051564182393
5036,0,31.000071377251782,28.480971041770676
2626,0,26.49014990326677,27.307852337204697
3413,0,24.197260617630292,29.556178316491426
4507,0,31.454141988738325,26.380866061608625
8379,0,31.152121869233028,31.097686386896047
494,0,22.49325607304474,25.261809166584857
4822,0,23.908171901776313,22.037919644113966
5046,0,17.042313395321376,18.548896191730236
7388,0,26.682128428080368,24.35894558606347
6394,0,23.201570161358166,26.71579330172173
5003,0,22.580012302622134,22.379291728379602
1355,0,35.36701896047159,28.389022095056383
8922,0,26.08017574970219,24.769583784225688
3930,0,18.06474849300203,20.266760740440414
1158,0,18.287659587342315,19.693890500360077
7791,0,25.540406337058904,24.882650821614384
6573,0,25.373977236335353,22.666353418162974
6681,0,26.573831242056155,24.203420190901422
7989,0,54.67209295045928,54.05426597079448
895,0,32.19519720108191,30.334213449059035
6569,0,16.631297886854576,16.269384470084766
371,1,22.66123944350792,22.99418772278225
2378,1,29.108837637778805,28.574494228624854
5634,0,42.49644982558927,34.63262750170541
7018,0,21.29779650963441,19.704100034572765
9510,0,22.037357190368734,22.20021893446165
3366,0,21.446479628802845,20.87815092824373
6638,0,26.388020479155543,26.11600098565994
6694,0,36.61447651967918,31.122903672549164
4838,0,23.319625423670413,19.950239923028644
3231,0,22.848591438332775,21.22208688872885
2524,0,35.07479104021147,29.91488222890922
6317,0,32.874376472653594,27.01599655281259
5170,0,32.280619516629294,34.20493895702617
3154,0,22.561715047540034,31.572242748798075
8593,0,28.71133534039968,24.533633224083044
3940,0,31.77067109537827,32.23439004758762
4446,0,20.240039942617724,19.78769607388113
8396,0,20.316935880811332,20.24466803982141
6935,0,29.590207729729602,30.701981811724902
7019,0,20.418385754313675,21.50191859795486
1537,0,26.141073689873735,35.59616918425198
2214,0,62.0550885308376,57.393201425460205
3895,0,48.706369127411996,45.21630651406813
668,0,33.47092951248716,27.705702023819754
3170,0,31.81059251093001,31.79145306351546
900,0,43.46434099378002,39.082020503010504
2241,0,26.55837461075497,29.448885579047857
3633,0,20.685283422600726,24.89895119145717
2739,0,39.750432052379445,42.274376376198404
7396,0,23.487560250570105,23.90107611316012
3820,0,19.71172723731911,23.09127613007687
5169,0,32.375474376008604,29.673244966469895
5538,0,21.29115965455497,25.462757713221436
8793,0,26.069946937975676,33.135678238048044
724,0,28.809573504638923,29.32324968802146
957,0,20.992886152617764,21.99211642897229
8814,0,22.906621191960674,25.002123487562976
7050,0,24.953212431378358,24.2450002430666
5751,0,17.936910255997365,20.472685316208196
2711,0,20.16651552029639,18.949951877228077
2135,0,35.70241390586657,45.969271047049205
4158,0,26.925708595980847,25.64735783764744
3550,0,38.71794387496184,32.116352081784655
7029,0,24.52193166223846,25.777835819413998
6732,0,23.80567288515126,21.890414340376147
4083,0,23.71077741195058,23.73702979829835
1122,0,34.80506927950927,30.966263940217317
2029,0,23.785201639545907,25.890415480336465
1927,0,22.502104938121846,21.788106139092793
8632,0,21.815705096355003,24.392082515135527
8118,0,24.32407866206342,22.560567202137538
8941,0,19.94614854917602,24.019201665335707
8410,0,21.389105660907127,23.46506603003462
1028,0,22.844494495456644,29.589477957061007
7505,1,29.125598365523086,29.13550396410027
1596,0,21.285892130767024,22.188594167690948
4205,0,22.542475828928122,23.990771153555947
8039,0,32.48915104520156,31.105083802354613
2113,0,20.33923650468553,23.115706579404787
8219,0,22.369863233438597,23.838484922256914
6095,0,27.80053590997705,25.087762737791106
2346,0,19.783333470112716,20.905494606521096
7198,0,29.477706796676113,30.008044822330813
3766,0,28.377030672765606,26.45220449201066
2274,0,21.375266333830258,22.011312963670242
8545,0,22.9591513688873,21.10893400857081
3087,0,33.23956963921377,36.221276519244576
7552,0,28.249976161381603,26.162007591931545
1761,0,24.295373962047655,23.44595220742534
5534,0,20.66214151227765,19.059005521571024
5159,0,30.667006625397544,27.65791972217834
8966,0,34.13740616643353,28.821475946525
2678,0,25.620563795957793,23.504849012652077
1414,0,22.609328888586955,19.818180790745664
5129,0,18.961128837926893,22.651604362941978
382,0,29.25528405674326,27.809289941514088
8223,0,30.111088691227096,24.734701633032536
9208,0,40.232055932481806,39.211604064497614
4546,0,18.679921841743383,22.243164232560186
166,0,23.499977555873592,23.90237215130424
697,0,28.775537980326376,26.377002900474054
2616,0,23.140846404097093,24.605390901070958
1198,0,21.367049259196655,26.294674155874716
702,0,29.669371574290373,27.16248655138934
5435,0,25.721308721171404,24.321231814955414
7402,0,20.054123621745653,22.641610474491948
3702,0,22.10687339840812,22.947393323225363
1059,0,22.755614541934428,23.277874135374294
1768,0,28.34921915491841,24.34811018987366
9366,0,37.523911133172895,35.3880471596542
5366,0,30.963881237788794,32.48781810790993
1254,0,32.91330399238225,29.033666740559855
2164,0,26.93640333179574,27.97423974508552
8232,0,25.559574571874567,27.89664534769937
8725,0,30.019143070694504,27.594818934763705
8932,0,27.091903987159053,26.59135188902535
1649,0,21.321534356963507,24.163275018148152
3975,0,26.387019411118423,31.09322147324019
3404,0,27.38612440621194,28.75816189965036
701,0,30.38951414985194,27.962511471917097
8374,0,25.954931281958306,28.61989249082928
6201,0,36.81434776662047,32.80159134502129
1751,0,35.861929937549725,29.418818931078153
8042,0,39.26715253110466,33.298045358490825
1110,0,23.1435482022633,28.4713724982035
3510,1,25.991264816237845,26.78466598830977
9287,0,34.50371851494449,36.063320012855414
7131,0,35.1568033948273,30.320521253878834
8150,0,23.44047015937544,24.78667115283189
8550,0,28.056413596490756,24.551297054967556
4103,1,33.82282776808285,34.12148371971599
7326,0,27.23065882450832,24.945131586741113
2704,0,29.82822825487663,30.15150005877584
8821,0,23.67319544525223,24.830008378655638
9272,0,30.856020224919078,24.68104134426958
9228,0,23.167581199705463,22.119214973724247
6858,0,21.02829941664715,23.54158125571687
9544,0,37.13194707780054,34.06687498077783
9327,0,36.59855917921922,30.359851226345526
5156,0,22.45524792272901,24.846866280674554
4591,0,36.37438731894031,29.65143849425123
8239,1,31.028186788168433,27.442253993145187
7802,0,25.58999064609271,23.35034338080845
927,0,19.224091245238082,21.113444905665993
4896,0,28.315513233847422,29.90977574794964
279,0,25.516331672084018,24.47616402788358
7717,0,24.222003400894955,22.19429007780608
996,0,35.20098205442429,35.96455093681304
8491,1,25.143193327077086,24.502367228761102
4386,0,28.272059634675387,25.236862957316866
5278,0,26.666204803238188,26.829158904205464
7015,0,18.583587402449044,18.96676210490289
2463,0,17.73981437875424,18.053055092740195
8557,0,36.72627282122268,35.851763679147005
4327,0,22.41835205569561,25.641623208162002
5925,0,41.473909122479114,39.79440346892704
3539,0,19.73751447776288,22.208711496201534
8683,0,30.45155025893947,34.78194481714953
4273,0,19.693790283985184,22.902082771280035
1821,0,22.25915410505877,24.717532199614368
4842,0,23.370255027837974,26.275789964645075
3526,0,24.44765202529015,22.854133202789857
6892,0,20.22208044272473,18.424879197269952
9542,0,36.27004127011283,30.074309490320243
3979,0,39.53753996804191,33.052718281740574
482,0,17.864200185457047,18.346191369889045
4302,0,27.967290428462828,27.3261442440001
3146,0,24.800610891158044,24.44313850795725
2131,0,21.414101527560778,21.62367656249253
7317,0,29.627380073092173,25.351410191902037
7366,0,30.415588034515014,32.24125964223106
1874,0,25.966846758265902,26.67780148657914
6575,1,26.29459467525354,26.631267508997965
930,0,34.68563559146357,26.88865191499252
731,0,22.064571094253832,19.23077588964778
3835,0,22.37428062630006,25.0591516442146
7645,0,22.7741189428309,23.869676367619622
3923,0,27.121229009143054,27.18082935251545
8542,0,34.73950532441776,30.052681226269367
6679,0,44.55440129963789,40.03980381815372
2060,0,26.068671367550166,22.199960216478356
7306,0,26.197301072146832,22.223027950162553
6610,0,26.01135922799355,29.2578155143537
613,0,26.23793937563746,22.890455829983235
6821,0,21.24672353181393,25.738516275121736
4348,0,24.35562804161921,25.313715745861316
4836,0,27.91503222434859,30.346485933553993
249,0,33.12418701058583,30.892332726163644
1733,0,22.86480584300715,24.63628108679969
4652,0,20.274790924953304,20.002194208757448
5986,0,24.35500300213808,23.31192493382431
464,0,38.169805298608544,36.210506314271015
2904,0,28.31828138286848,27.427509256219984
6208,0,40.11685187271704,39.89704466180396
3560,0,30.679294782483318,29.673049708072348
9363,0,19.513293511752106,18.948632250697194
3618,0,28.775360098779338,27.015241184669026
67,0,31.230186705913287,33.8581662088235
2619,0,34.52981280776814,30.846074367455497
4045,1,29.05715726405369,31.160814863366074
2789,0,21.470810480656212,23.888960859924644
3959,0,46.49670338775968,39.67890808808721
4353,0,20.092966983147967,19.46447170307277
7521,0,28.967192149581557,27.56205668616491
9932,0,24.02270624184153,23.404012211994495
5813,0,33.14513273645982,33.53260693174425
8559,0,18.35470117996185,18.219541117335886
1517,0,21.321410939545476,22.51864804603536
8136,0,23.599359559746325,23.797218642168183
7347,0,22.703574785608634,25.265725313180084
275,0,37.13665560375658,37.76807701877127
8094,0,19.122728906071025,22.55576783505888
7755,0,18.22691300118632,20.10002203565982
6553,0,24.286646902990793,28.803733142052742
5455,0,32.5217237514836,34.600011968560835
1197,0,21.89546925773005,22.77146329108745
602,0,24.469366087902266,23.432433594629327
1660,0,24.757779604337458,26.87075423393195
1486,0,18.129092461875803,18.688138681024075
8016,1,31.647873334342233,29.946803687813784
4053,0,29.3483951567242,33.1632509223407
6018,0,23.479805549685953,27.11368677103355
8329,0,23.810389842447524,23.442727887136442
3001,0,24.33841211580821,21.52028230898155
8151,1,25.05130484630547,24.597893901808803
2768,1,19.8826086033582,23.150189472054045
3217,1,19.71024250401347,20.010066781975798
2945,0,26.72694081372284,31.154452667836846
3036,0,23.560040306885693,24.609269983955112
3989,0,21.82548412308187,23.50835255358186
9665,0,22.14752588733082,20.083347672555156
962,0,20.109685323871616,25.47607413846956
328,0,24.837583385469625,22.74275630023794
4056,0,23.857698168673412,25.405637273945416
6523,0,30.969365072433817,26.404966169356353
808,0,25.951732997966772,22.169027486515205
1623,0,31.14340789997947,28.570161429182594
8160,0,20.243049470161054,21.36937985540407
1356,0,24.11604906886322,22.970605793345364
2995,0,19.01084033270414,21.286623329010904
3666,0,27.40253809094429,24.972484519624732
2190,0,31.673788629149968,28.596296969876
6657,0,24.77254113973922,28.268756311181054
2891,1,24.29492888731253,23.949710443656116
3255,1,27.324440376362592,28.229901663791477
2269,0,21.2086803593741,19.32145607712156
505,0,28.360527437579997,26.054193301878772
5379,0,21.76994814374015,22.66035822715366
3365,0,25.816808400125,22.027154510681964
7736,0,31.79584392432768,38.93910685929941
2007,0,21.800876490618567,22.304506793139645
3132,0,29.133735482398258,32.9379154102906
2288,0,23.924794312679587,26.88536670735239
634,1,24.654588066368856,22.451442438854503
9293,0,36.30728033048477,31.320425143970176
9285,0,22.16722136328312,19.238782241740537
7894,0,24.02867572340294,22.3746213242785
5830,0,25.77024052554543,25.285864239211655
7043,0,37.561348327837365,35.94072346905172
9807,0,23.327473777393347,29.9869899100012
9651,0,18.319688675126645,21.132588016920696
8182,0,22.499069864508364,23.69630390148904
6477,0,22.361486960117464,22.088919594288623
1128,0,31.579827720536056,29.456573302312307
1747,1,26.141757304276805,22.439592291021643
7614,0,22.94209871891689,25.066095716923872
3101,0,20.743772214041094,19.34640076990475
6051,0,23.600183720213593,20.94510219882099
1312,0,40.058432470152916,39.40540735570001
9764,0,25.181931009523893,21.720878749705918
6152,0,27.936135407409346,25.186664843016068
8432,0,25.844037720966185,22.637216857693705
5328,0,35.89896448970921,31.48129670770396
5517,0,31.137655464817072,26.645330722638388
4409,1,26.538241261956614,24.37097923144433
9829,1,30.75371714494988,28.31926567715933
1339,0,24.301409245151707,20.232962192980125
8868,0,21.647703600737636,21.467690736851026
5295,0,29.88104369919321,28.035133564790087
9977,0,33.2041077241987,31.123463350325494
6970,0,21.68765341583283,18.93392087012873
5034,0,32.89686733860913,41.237617978362685
465,0,21.082173430294652,19.40549790142635
7426,0,19.817052429984493,21.937675274243567
3890,0,22.06396698139105,24.120729521431286
4329,0,29.456501803387784,31.665323148100818
5144,0,35.885493576686,33.22964348725518
4751,0,21.145236268807466,21.316358416715843
1329,0,50.73996047323824,48.947008541310645
2316,0,32.809890859873285,28.86058826350914
9708,0,22.369578609739534,24.675740442306907
7420,0,31.423487784054153,28.03387893301911
2090,0,30.769668251235505,30.70183762621546
7586,0,24.369088183708396,24.79778116873764
6806,0,20.578236710164425,23.403985948672318
6447,0,25.210506846888723,24.773595544064985
6675,0,23.17967766370885,24.1935496972681
4161,0,18.23644120139156,18.958074757217396
1362,0,22.376210597457668,23.656703919273507
4924,0,24.498102168592272,21.784673900321923
3484,0,21.864822913766577,21.698547516323192
877,0,18.38576230345263,22.110634232929144
6144,0,30.550176847941042,33.20156016084995
1744,0,17.798106482637348,19.350988643614986
2107,0,34.82917882492014,27.304538704248348
1890,0,17.532011404828477,17.99807287141104
9106,0,25.54704715724852,22.300580655875166
7149,0,20.566388926539425,19.935785793865687
5833,0,30.51874940325246,29.91858782900366
8980,0,24.57615876811764,28.61278460946833
4377,0,20.30309834760737,20.26213370417444
8783,0,23.452163485473402,28.516484046539496
4522,0,22.656122987020286,26.727281785334572
7568,0,26.45896726099803,22.940773604718284
7588,0,26.426186277995363,27.08023707686381
8895,0,44.32409896348338,34.40408563350841
611,0,34.66946792376627,31.714792170867497
7332,0,23.36677342439719,24.584719207227913
8942,0,24.257760508586188,23.74197407148082
6594,1,33.57885510103732,31.654637721382354
5879,0,25.46402751917924,25.018004530972156
3756,0,26.597180693551966,37.68505349003516
1386,0,28.560384623701072,29.899107636608957
5604,1,29.189729655555375,27.544007383730637
7239,0,22.730395461193183,29.573873305234848
3977,0,21.62708345486225,22.770046537049172
6839,0,28.567977024299548,26.80703322681476
7356,0,22.235040760385665,24.006594209370977
4950,0,25.289939170176904,27.46026012814224
8129,0,25.911532234096583,22.566377625132876
7248,0,30.691286885157993,29.342607176603344
2116,0,26.289572111197213,30.77145354821664
5781,0,25.515962991163075,23.947626158556083
3886,0,20.706151533321957,19.315329822656125
9547,0,23.413980978663684,20.62045054124843
8901,0,26.159909088974043,26.77834504024263
6488,0,22.09051519052495,20.350922601200047
3133,0,25.074036306878913,24.3888506157999
7721,0,23.28502683092945,21.81120482711727
2091,0,28.339741204715626,26.462154987586946
3812,0,22.570852463936895,21.216506134886554
7822,0,18.1942947061414,19.700432898300352
6673,1,24.564944655213292,25.47189281457039
5544,1,36.0006047933904,34.31711350104346
2053,0,29.61387986799142,33.65087037305492
5265,0,26.977333399337986,28.281585178440174
3270,0,16.59132471788123,17.209996155230257
7554,0,24.312807186723543,24.865692315380564
2977,0,22.718501793512033,24.382716827843268
3706,0,22.813862918914243,23.3413077127486
5730,0,26.21112784711234,22.945323727394925
592,0,26.482647492348082,33.905270355748485
4336,0,23.319154321001825,22.335207549499703
1763,0,27.910797730049424,25.82785139348878
528,0,28.799678742230846,25.50801012924758
6277,0,20.218652460370826,23.026948526977314
8999,0,19.53910827416555,23.99939259672951
6266,0,20.60283168566366,24.523631764984824
7284,0,25.273651974588255,22.96823773650777
7101,0,28.697324242333604,26.418267772786685
8157,0,17.827470640851992,19.6480856138403
8978,0,29.799089215972458,27.239135283410775
2842,0,37.352683559471885,30.94721766618779
2358,0,21.91927904586531,22.089581429091588
8878,0,34.28842011017037,39.90107171334513
8400,0,28.572426488864547,29.174968678999605
5659,0,21.84892692691721,22.288754350686272
590,0,25.360023361307917,22.889159109740003
524,1,24.47342578489883,22.835381250074803
3875,0,26.35145186191776,22.76620515860622
6585,0,27.477121780752952,28.19029712752921
8631,0,30.03045599524333,29.380038180312287
2717,0,31.031503079979267,28.25509643596496
41,0,23.689191578236926,22.730979237518667
5608,0,29.583276065270535,23.993549003111053
8888,0,38.160433489465014,35.333255621888405
281,0,21.395433390945353,23.745638609056606
4972,0,21.21420897375046,22.449072128775725
810,0,23.659966681143302,20.276397575754345
1321,0,18.61997788821047,20.089106182898057
3826,0,29.26547582892265,27.591626518428722
7154,0,25.094226042556773,20.387302644844436
947,0,24.113483923723862,23.405514955535146
8716,0,32.41070811382553,27.83173646136744
5457,0,17.809230424219297,17.319999518516394
4811,0,21.085036506081547,22.13877835887674
2392,0,26.921634474604218,28.682912467844098
3014,1,21.047071790822464,22.80133379083124
7667,0,36.548173369249305,33.713264521128835
4427,0,29.03174169881662,31.16747646464146
538,0,30.71909523003591,34.833420089728705
5175,0,20.36508987917033,17.953314517445854
2572,0,23.846349752592367,21.699950708171492
7887,0,22.970255502665033,22.95368321681163
6218,1,26.27033046511801,26.95828440354527
734,0,28.655442989033475,26.94403358514815
6281,1,30.59174542640501,30.771728558295866
4434,0,20.26279556928771,23.50354723629181
6540,0,27.654907820424018,22.65025069706343
5346,0,33.80631844727766,27.704252307162538
3798,0,18.339459744755782,19.926194301245467
4335,0,39.52067694489955,36.54573969248096
974,0,22.29013127253045,26.04430940502262
1282,0,31.982227326853803,29.342493040290375
7912,0,26.11005731050766,23.378735320771906
1806,0,24.17183565280132,23.279020948238532
7681,0,27.474660182968748,24.85672998051332
8254,0,23.30250033958833,24.41602610448982
5614,0,23.470514672609774,18.507239555297005
8429,0,24.08378069923306,24.61525927509324
6382,0,19.297517601273732,22.032062776658844
3429,0,28.451792037776578,29.80732833652414
704,0,27.00531814637892,25.44171674989342
5230,0,27.291101205628003,24.623865595526713
4804,0,23.54389764351958,22.786524522700052
2480,1,28.768653272043586,29.107876489362898
1843,0,36.97443291477544,38.845226497284926
3248,0,29.635514337248143,23.39286084219055
3120,0,22.02234582270839,24.00110084791421
8881,0,47.83881079908022,40.5592706976688
4975,0,26.064017559686764,24.281622815742818
3982,0,24.84988076686756,30.752902455342365
867,0,25.227008019397967,22.808294081674305
9938,0,31.564295218198453,33.73382726763347
3287,0,18.615471063925394,19.93371512555638
6843,0,24.808809843237672,22.610780634768993
5698,0,31.028734091234625,38.5361827540807
8722,0,28.26675149368042,32.52963363010147
3268,0,25.974241980412444,21.86725761770022
786,0,21.80583555530931,23.336301404450527
2428,0,28.59933763490761,31.433102851478676
7618,0,32.185187497206485,27.307617719038994
3243,0,25.98152700555093,23.77566941099829
7632,0,22.029127454600744,26.486775193735138
1690,0,26.014804506008293,26.640266350579292
3443,0,24.112394203302962,20.93763843329521
5306,0,26.384096569340937,25.483846275471564
5739,0,28.201499147171305,23.466055478602705
8750,0,26.763446228518177,24.644372200861273
2354,0,23.641025023279063,26.073142881218335
1692,1,24.03321648385813,25.99291098850696
645,0,24.687465494273287,23.36998249020713
9457,0,27.949620183664052,34.56669630144399
8320,0,23.897573133517117,26.621330807409052
4693,0,18.16963806301406,21.195188877285705
9358,0,32.9108321825715,32.292357658652165
8384,0,29.67583187030763,26.113995332641977
6517,0,26.671017433225078,24.448643955639994
1068,0,19.989209562852043,20.429831598895458
9679,0,37.71578422554643,35.79903485085775
4033,0,34.4245005064953,27.957043233198675
2099,0,26.12467899849888,24.195360589261565
1053,0,23.041973954081012,21.940955349368178
3849,0,26.50299047184729,23.01759809648749
5051,0,29.08612696782829,36.466487766330715
2642,0,27.344560263136035,26.56623359163018
2980,0,22.762836400970198,26.76017089194276
3716,0,18.752794621987277,17.823405068589825
3870,1,34.246712765671,33.07358705336294
5120,0,30.798346839528595,39.682961538840125
2155,0,20.534484373469564,20.257695959391086
9625,0,27.66729237981034,25.592686593020932
562,0,41.73566226721328,46.475387144939184
9659,0,34.19226449506422,28.675031545645723
8897,0,22.95978285764535,24.222357981545052
7270,0,31.999806710504703,31.302266279858163
2909,0,26.66152892698383,25.784477404481738
1410,0,32.52201667622024,32.08761673738287
5760,0,29.977185287321287,28.287475073827792
3538,0,29.601855189497265,27.164615198876668
2661,0,37.602135217424106,36.40600069486372
1655,0,22.80228083579873,19.827245151028922
1015,0,24.853791988307286,23.275640316834554
8108,0,22.896868189493333,31.574803774486472
8688,0,35.629614342336744,41.657673015717286
7652,0,25.330412862917875,31.36660555511076
3677,0,24.23454998590045,24.091233042397725
1176,0,23.28561634686765,22.595581527349452
4577,0,29.244810286357236,22.96972901049543
5773,0,32.1383774045364,25.32785736854928
6420,0,19.925712820746355,17.517589019909664
4422,0,38.518428836808006,31.368128957252978
3437,0,21.735009759645866,20.96086391542426
3199,0,28.091579583754616,22.79508368995554
1105,0,33.9228213054908,28.529988925996022
1042,0,21.044602238560575,22.780018224496164
1534,0,26.13662728857314,26.570465403543093
1125,0,27.60846991540123,29.11730642647613
412,0,23.12244869665467,28.689176049941075
3432,0,33.65057264829657,29.740957159689323
8343,0,29.411533300134074,39.613809342109874
8017,0,17.28627482560963,20.793507323247322
7865,0,23.640907110127927,26.72055981533436
8676,0,33.383455787849066,26.788102740456985
5708,0,25.18017496710883,20.99737520811323
1268,0,29.811919895554755,34.20162921521679
6350,0,21.315325547790444,22.125511989694466
8806,0,24.64376676042244,22.0449669196089
4371,0,22.956858811214655,21.83236910845791
9108,0,17.0814824458062,17.98049057856318
5013,1,17.02267197227896,19.24952281888507
7495,0,21.730007002757745,21.08321425335796
9395,0,23.428629645071776,24.390744609467305
541,0,21.972227600704052,27.916587809015112
6733,0,37.580119021647455,53.25650084220259
1629,0,29.577192570593944,26.862013801078646
1404,1,25.406420759211716,24.841694234304313
2585,1,33.69124949489771,32.471064525509256
9375,0,40.78342156516665,40.55142567038492
2815,0,25.301882423507017,24.854483518183983
1954,0,25.768090061774366,24.11501968294766
989,0,23.376346440002635,20.89058691812673
6222,0,27.292774642648435,25.99930753973849
1209,0,21.84023391897165,23.993275156199427
4510,0,27.560397133432488,30.596744310907663
2595,0,28.848398955837713,35.62610002925119
3937,0,24.56710585077343,27.807906560006174
3932,0,41.38505676422105,38.565853849338524
103,0,25.106013792369886,24.172396017701956
530,0,20.80572387642519,23.465705026957746
7121,0,20.709299330701608,26.488040959135514
722,0,34.46187909240635,34.87366087343058
9847,0,21.729351845017916,20.595584430662576
7832,0,21.86368037702502,22.459717653478616
5357,0,19.344443390372756,22.051878931579317
8675,0,22.905101762527615,22.882991169634373
8145,0,26.32057360760699,22.179431588719968
6436,1,25.58708287135764,29.288408398519902
6978,0,20.405386625124848,21.30580518153435
415,0,21.51485330060689,20.731144765664727
5502,0,30.312809687667283,30.987241763275883
4530,0,20.41731607386344,26.70376074041841
6246,0,25.417261501345685,29.47911182293897
3048,0,21.297950435349847,23.907593219791504
5376,0,32.5005196544201,34.29813515095038
3848,0,29.944791825369517,24.03389546183503
9022,0,20.548598748214047,18.95650326202112
8089,0,30.455765700090407,32.032705258043656
2098,0,22.821112668578003,23.406269103814623
7794,0,38.007073940774134,48.50333202188871
454,0,19.822848893414644,20.768713072842267
1328,0,23.428687856697014,27.2463947837618
6719,0,21.62987854583484,24.967421731941535
7634,0,21.53495888839888,20.301802170397856
1678,0,30.67271867513525,25.111093733167166
7473,0,30.397944187064354,26.913060205712263
5618,0,30.619734100723733,26.01188503697051
617,0,30.47018780309401,31.826970365277724
9968,0,21.8348813540272,20.67124795207846
7956,0,27.431512742393167,33.05357769797209
7309,0,18.389959473828988,19.20715584441469
1558,0,27.842502162514563,34.25197601628698
8541,0,27.488672119569262,35.422246725389115
9099,0,20.733871037673293,23.691662282775344
3491,0,30.488867400523954,34.2111952502496
6379,0,27.97668932383509,25.028513568707424
8792,1,22.844577832058835,22.60260416034251
3821,0,24.70910679915929,23.092736449101917
9337,0,45.55847654639234,36.44289503285164
21,0,25.341816347780867,25.472661072118754
6724,0,27.618431927557403,33.15508621120955
5199,0,41.239725741160555,37.81589944524811
3652,0,23.848627941014307,25.416582258911056
9170,0,24.357570435698992,31.25000686340884
7714,0,34.57433695969339,29.259702300321276
9969,0,24.199090559885548,29.910696687546615
7293,0,28.374262098921825,27.700441346162012
581,0,21.69640816177083,20.585812211555652
9953,0,29.545914353882818,39.379777667364515
9482,0,21.795550571347878,22.77801231963645
5845,0,25.066818377820077,26.800960002405834
5536,0,16.288584204747217,16.72097197564844
1121,0,30.811107648855224,29.745880257586613
7269,0,17.175704360457292,18.659396701206017
3972,0,32.89513882540116,30.454340011506787
6026,0,23.706773552799476,24.09545715387853
7117,0,28.843892989287475,25.857032068935553
7672,0,27.181436232119182,30.284396077414844
2613,0,24.27099055491416,24.671873109540314
132,0,21.499848463018687,22.545865610300762
9015,0,22.561754507189264,27.027391900094145
2080,0,28.054426011647692,30.634490444399628
9557,0,25.740220825097726,23.55740174469624
4193,0,20.610276871147054,18.593737984858393
478,0,32.10516687146979,26.11176670300684
22,0,30.11350201232542,27.450779647308533
8651,0,24.458128142916465,21.63710985031261
2956,0,34.63591787322615,34.6030948518995
8948,0,20.003327490386646,24.219430749421278
4399,0,28.72631106963676,24.01992096300608
940,0,24.4653604610896,24.569043678729027
3621,0,20.28974832895496,21.140121665593007
4252,0,19.62627074808357,17.501732950937246
6515,0,28.581736731961456,26.565685217842184
9056,0,36.545862028970504,31.02156662638164
7498,0,37.655458028698455,34.42819699470899
1794,0,24.72631369331379,25.67063894588999
8685,0,22.9076842736813,23.712905839450464
6017,0,28.47760873544648,36.377378669071064
5550,0,24.527034011616237,23.59953719072751
4659,0,27.865036354014556,28.646342287574562
2601,0,39.33267015425083,33.45671848249457
3006,0,27.32473905347231,23.178564384254763
4317,0,22.533530450648634,23.352716567338156
3649,0,25.457411748826825,22.613069523026002
7255,0,22.71726373289552,23.243295816919026
4828,0,24.64674095932702,26.7097970373586
2951,0,27.728780944667133,25.652544303417525
8460,0,21.057555795697525,22.93883383975237
9548,0,34.06980547493174,32.03489268608278
5359,0,24.869799100850948,20.79173353894036
6369,0,36.369280391295106,36.252968730858086
4159,0,22.083254729761297,27.710492634685913
6814,0,26.149818483526126,25.375968816849763
8596,0,37.77867108159694,31.884353432972823
7515,0,24.7031716381897,26.54695171797071
3775,0,26.718017107570724,22.529056933036212
5037,0,18.633532341064537,23.39596872890536
4391,0,36.86187887029777,27.916196684909398
7367,0,24.141427749900934,24.191509854920103
831,1,24.592333008402544,23.532643484282854
5829,0,26.646119327205703,25.74049543348538
9563,0,23.583386206122924,21.23285434996023
6887,0,25.3996974562643,24.14494185475441
4393,0,20.974342743594036,23.22209792080688
7146,0,25.961631447625116,31.59416335580629
8338,0,19.255685508444195,20.871122534882826
216,0,22.600967585319896,25.626066497115755
9766,0,23.869959875309124,24.80517943721418
7070,0,21.428270546879723,21.015621966574383
1721,1,26.24486657482303,24.652124102206184
2766,0,31.874308544071454,35.55281275159262
8097,0,36.68639077900017,33.889355263421464
7445,0,20.008090866537074,21.155927481161218
9843,0,24.683140907200425,26.590780142252324
3574,0,25.01287707837295,23.654536434281404
4754,0,22.07693611581434,25.288286350819213
7401,0,20.424405894162945,25.72506099798236
3182,0,23.019738653225527,27.294866782109906
2574,0,22.857558279741557,20.24135607469729
7627,0,23.945022434760045,26.843492897622397
4746,0,41.57955808200341,49.93760821921869
1430,0,19.402948707593932,21.573672563344886
2669,0,23.991955656752804,23.430973348647342
200,0,22.732757857588158,25.772703837260394
6775,0,31.578677769953984,29.683319601995528
7818,0,25.537020563516965,26.717426564038465
3045,0,22.196985505462358,21.360506330165535
255,0,24.68281939942263,30.2464682235567
9635,0,27.24088796445448,28.822719535659207
1298,0,21.89768859069619,21.136655174181875
7310,0,37.2674902494851,49.43058703338304
6080,0,27.05201272695308,25.46214176515793
5640,0,21.58621951094504,23.621988189284263
6981,0,30.28308884551945,34.97161009892631
8637,0,22.09955642600377,23.021089020370443
4069,0,19.891452793377603,23.8400511727325
3571,0,22.39717064223645,26.70621387543879
3585,0,27.57181982637972,26.312786490078363
7353,0,25.18874774858395,27.959698447367234
3353,0,24.3669689520882,20.273040275876667
2500,0,22.209230290934126,28.327660558096103
6811,0,25.4884817096104,25.927448826226644
3727,0,23.391788719247614,25.583616311990315
434,0,22.586327958406905,22.331502323943287
4,0,22.770136469615032,22.783375615540965
4097,0,26.495107180072445,23.55305213711328
4222,0,23.52390172791688,22.265300617570453
2723,1,25.48891550821916,30.63927414299062
8969,0,21.88123587233598,27.187149273868183
4206,1,28.012526986243994,25.305006987831074
2129,0,24.499737083420193,29.049777011238085
146,0,31.76221939111297,32.56824898364951
7462,0,21.468641254077404,26.65511615394938
2197,0,31.123377341050947,24.053358255660907
958,0,35.186392028465406,33.940627582305794
2206,0,25.441398364269435,23.07188706992313
3878,0,28.44749097083465,33.156233771670365
5880,0,25.390117888466406,32.48688444970477
1469,0,22.192376160461663,26.36657615597374
6292,0,22.389858412032872,24.85640178612327
1151,0,19.492261339279178,17.5213003151541
8939,0,40.29392912784632,33.31869805059895
9699,0,19.442451139451986,21.56856319086815
9690,0,22.346271216133083,23.245637955915495
1473,0,20.979685652088737,20.54524960435738
419,0,23.425815535353017,26.599577228195358
7509,0,24.671404831023235,21.30891449655391
439,0,29.298274684356166,31.456895113769686
5404,0,40.62604256070504,34.980250684572376
9739,0,31.03653392199431,41.99053763168
5194,0,30.123033410760808,33.00671498350945
8163,0,25.94406393287463,29.897264593406895
4235,0,23.693258401882254,28.64977970013637
5105,0,20.347274418862284,20.778380410710426
9318,0,25.709637787312154,29.182637125393693
5909,0,28.376308155180347,30.158420333981883
4168,0,35.149611575938,37.342067879634534
3340,0,27.466001603396002,27.58604226955752
6073,0,23.90580754283493,24.558888571449184
8975,1,26.032665701557526,26.38943204756194
7891,0,21.575300612884767,19.595875400621953
6686,0,21.79076916744856,22.08981722329898
7027,0,20.461869465394095,20.614459638715424
4630,0,21.75758825091018,24.434454767394183
9335,0,29.04281094873021,25.58429016715622
9082,0,27.768312333976837,25.183556345662833
1256,0,31.115477264214434,24.95538585666372
2416,0,27.986792527192137,25.198823583919925
3265,0,28.38529710973871,27.139458241782137
5298,0,24.017931636337767,21.106395378983294
8367,0,36.34374169097235,34.0860261990967
2014,0,29.136173537746714,28.77238154064035
1140,0,27.0711769772128,31.739347805922346
9400,0,25.071721099339662,29.40702566775255
8553,0,30.537510167960516,29.653298862542577
3009,0,22.000692548147555,23.664668894146626
7468,0,42.493864101249805,34.51858215373473
860,0,35.69246098627015,30.740306355010727
3534,0,36.546829761633134,34.27869194020178
3631,0,24.511612358746078,31.83562476490605
6366,1,28.371324951090685,27.318509094208277
4094,0,37.2482150981604,33.41317248122968
7889,0,33.27760438998546,31.19054236748633
7990,0,20.164588319387043,21.907840188304608
1399,0,27.876484888490488,23.170362233350307
7765,0,24.544728916254446,23.078260070122663
3869,0,24.078222301658876,27.05025121204256
7414,0,23.038244583078892,21.08852511890141
6116,0,22.550537193485436,23.527478353800703
7584,0,24.363502944014922,23.032356266537313
1637,0,22.047178332670896,24.564902495893357
5227,0,36.36702246583657,28.881323980264288
8858,0,26.81201977468035,27.533619981530737
7758,0,44.39239570749038,38.49396522645045
2709,0,21.855915792334162,26.62493109834474
4526,0,22.587925008158244,25.701839774397033
2959,0,37.28218407587915,31.882137438516363
8044,0,44.18646626898633,37.089677797891675
5540,0,30.116055315166456,37.233776961171735
4428,0,30.265834526080045,30.701179901851948
5073,0,49.63601495227872,44.30893753079809
8382,0,20.323035617360617,17.82150867779722
269,0,24.002224980153443,21.824336869518973
2934,0,27.523778189856763,24.808754019539187
7371,0,40.27505941030652,35.56378321723505
6483,0,27.939021976502733,28.734933228425277
8394,0,22.86266775497443,21.05176727639987
6704,0,32.64677289420138,30.839016516007547
8483,0,25.965064779600098,22.970164526840293
4046,0,17.10742826966015,19.160842691967748
7478,0,17.858758872418385,18.188205941807205
4418,0,36.66837697207549,29.844110576116893
6870,0,25.95201883994319,21.981042321232486
1562,0,22.835307365350335,22.255403286560078
9633,0,24.279247060199978,26.916710940533616
9981,0,29.044964871385606,36.52644635373444
6537,1,33.51830430427177,32.66435615590137
6283,0,20.990650312626283,23.967576369783043
7419,0,32.44987233580165,31.245524013963
6861,0,25.769623934130244,22.275043280555725
7815,1,24.661995249513193,23.512470446634584
2565,1,21.837930673766397,24.197867993828073
3582,1,30.52794250723813,27.90978507875071
7267,0,30.969122074770365,33.42346698440005
3642,0,35.582508703238155,32.00427280854338
7067,0,19.424869030027953,20.676917235195106
9445,0,26.34314193903735,24.303756936578914
9740,0,27.511722191884683,24.42773085481767
9425,0,19.050353642526733,19.51468061314956
1607,0,30.673590908213498,25.350722812850602
7967,0,28.51919253405735,28.879945692721023
9084,0,23.119120304931815,20.08854122518174
7479,0,24.925582796790497,20.88953005685073
9289,0,25.417402939901347,27.34505009245857
5944,0,18.842853948702043,18.311636178792988
8970,0,30.622935891127053,31.07487883025177
9685,0,25.718547229798148,20.562663717596227
2629,0,27.9605708010076,24.43386143446385
7761,0,40.535535278145105,36.958441536053776
9867,1,26.961442538445187,25.9454450452389
149,0,24.37041805120773,27.27478690554411
7621,0,30.087440086209828,33.369666378516385
7497,0,16.957698026910293,16.679034714503107
8363,0,24.28676313243749,22.23159030150613
4452,0,28.446116121534992,30.037894995250717
2399,0,20.030338240961097,18.289473362252277
5490,0,28.04120776036209,25.169988614473574
4999,0,23.400216564928318,20.203464443005686
2762,0,31.450027674229755,26.97036728266322
9268,0,27.56163994064913,32.4635735009765
721,0,24.61327888931732,21.28795367536264
4567,0,22.571530103826365,22.868732857801696
1504,0,35.61733047358847,39.8879231105628
6087,0,24.547111470517155,29.170648434559777
8870,0,36.35178465401632,38.24587421013157
4904,0,24.131520678200154,27.028105665487768
2818,1,23.335089829733814,24.01338219454528
4869,0,31.68362424852316,31.25750743914033
2132,0,24.22989511007303,22.365683288437513
7850,0,52.29529613419897,39.57978415094332
2216,0,33.97026592715887,28.730732832352466
1833,0,21.593235972305237,21.330581869413386
8677,0,20.37478385380683,19.42822255485259
3897,0,19.64598972954737,22.86102881896481
5325,0,35.93665627466178,32.614704074425944
6614,0,18.7870340896505,21.620922416643623
63,0,27.08507006715662,28.218572780781198
2865,0,37.298032165840276,29.327834920478395
2677,0,25.283206024709543,29.455857990257574
7415,0,26.751026841391525,23.89484196917259
3042,0,16.611468061318057,18.122641595786366
1775,0,25.30483358695829,24.091246444655884
6851,0,34.79919765938928,33.08841820534711
6414,0,36.248306664729085,32.04800260869681
4655,0,33.46466733800394,31.62704317917378
7675,0,32.59325895916117,35.12719495026473
5050,1,21.371187637675533,22.050036248942646
1124,0,20.26066909504116,20.05844107663575
8387,0,28.985469732587518,26.619841603780127
2997,0,23.174672582910855,30.130270357038366
3138,0,27.90184832497422,26.290148707171035
4607,0,22.867886977031645,21.616632195141953
8255,0,27.772485604181163,23.865322199035088
2075,0,26.70087736313743,29.18659175478737
1682,0,21.00148427083089,19.08254248470309
6810,0,41.353856621782754,34.466893730580225
565,0,28.476407941717945,31.222241707070403
5243,0,37.144211182476035,28.63336645965457
1755,0,35.78369656828199,35.06354944800981
8944,0,27.24556571095311,21.80656282172494
2171,0,24.999828652946988,21.891704778691093
1738,0,25.54382800348944,33.84737357621122
5255,0,23.530492248715902,26.94673586570794
2186,0,22.604516533148285,27.686303102320203
1867,0,17.509117879520673,17.08224177818881
6716,0,28.503928445843048,30.40343356051286
3803,0,22.308736081571954,20.404098957350648
3175,0,22.67938554497718,21.74864192587907
9488,0,24.772039607285514,22.14706007077747
4014,0,33.80501026168875,33.568547701777156
8270,0,21.900254923716222,21.054528394503855
5157,0,45.380824532480744,45.382153045950766
70,0,32.889725730165246,29.715388369958504
1231,1,24.403709683040592,26.659773667284497
4666,0,27.744423302566727,26.005809324647743
5420,0,32.67887852968201,31.423066606993263
849,0,22.21027059205546,25.61578483987125
8207,0,24.320563201606557,24.081253982657042
9518,0,26.236736624100953,32.8856105557577
8657,0,27.257005962560136,23.387352998598626
4761,0,32.40516147886085,33.54886792216188
7134,0,22.595151712967624,26.437263319771667
8798,0,27.71094093239285,29.957406746318743
1824,0,46.811828093684966,45.96895622332803
3969,0,23.003931974062922,22.122897431116336
7087,0,21.530347045305096,22.063086852486574
1180,0,25.442260559935313,22.0843953531052
9047,0,30.43784854709404,30.536801066740075
547,0,32.5238136285854,26.42828624636817
3992,0,20.41771941359759,21.223115379732707
1618,0,21.652436676448957,18.83047935175736
8728,0,24.253686083355205,32.844965395917214
1579,0,21.516395160836982,17.49034548730824
6692,0,22.65797304629915,22.07767846824837
9620,0,29.117387426041788,27.38590538780736
3531,0,26.468526163212992,29.056482929056916
7831,0,27.135521695751226,25.646430517908595
8284,0,22.73580764268909,25.189926935077533
2394,0,24.72997648062229,24.784426250388478
8470,0,30.424492431701587,35.22532507224953
893,0,38.825434041067524,34.70474867133128
9030,0,26.32223198552286,31.560278480516903
8070,0,36.3296124536114,36.76569998340121
1720,1,28.059354441877566,30.346236654883903
9668,0,27.717906205452717,34.21660040118435
4242,0,35.65813295010538,31.120605698952637
3847,0,24.772816562605964,22.74627373364335
8776,0,33.517922694550634,27.709060282174857
5809,0,40.84074794359856,31.974843271270917
1285,0,25.153757460897186,27.063098122771514
1582,0,27.51304071437434,30.352932461691815
383,0,17.706277574468626,19.290157303809885
8316,0,22.08731595115891,22.900019410704527
1134,0,28.031582819627594,30.701528173359346
2133,0,37.39238164151003,40.85674882032902
6801,0,21.917234056161558,18.791831136424086
3494,0,34.41073048119399,29.44842989565354
5551,0,21.575734092296887,26.32653105627762
763,0,27.260852130066183,28.765776537734624
7951,1,30.985564409400677,26.79287940928868
3578,0,24.37534717667445,21.40651581817816
6584,0,21.074239382749322,21.59974724827186
1793,0,27.91662037577352,27.941300512846745
9745,0,33.37970284757394,39.833238304209
4462,1,25.404087520878072,27.29774369785573
1975,1,23.635578968164303,25.158846680584645
4358,0,25.264203664677026,22.382267529988173
9835,0,27.277866737278444,22.394463674408957
1916,0,31.896289720029042,26.154070123534943
6622,0,23.499823972685494,23.587559211475803
3908,0,17.951690467091257,18.823611589957363
2743,0,32.20045892021275,31.537475143097065
7191,0,36.27397813965499,38.01310450382613
886,0,18.068339476705507,17.902834297739112
2323,0,35.233687308433105,33.902668816417425
7095,0,17.423954903562727,21.575371407949632
5947,1,22.035849281667527,28.72038802410156
841,0,25.454407353165553,24.978154129671523
4587,0,34.306081988097425,28.92393944368408
4602,0,27.25659839662429,26.443808869369605
5917,0,22.12816415288388,22.88292212733549
3206,0,32.65074945827867,32.179627623186285
245,0,25.375381976940183,20.9021753176455
6656,0,24.537206447846376,29.74350396322054
9779,0,17.986816029654218,18.926448411152663
8660,0,37.94179410535445,29.818962948746304
8579,0,17.129284959672372,18.132554745518284
7379,0,34.773192841123546,27.480813384788668
7361,0,18.6470747187681,20.065510697686907
9181,0,33.277376473824845,31.755123383361067
4993,0,30.7348554887972,26.235620956602748
7718,0,30.359624372511522,35.165420041058795
453,1,25.24131613053267,31.296438064623203
4192,0,37.08523678729389,34.45383947816828
5401,0,42.25521848503843,32.467583619844255
9336,0,20.268461579698933,24.87810237534311
4387,0,34.89731645362471,27.47723435028067
9528,0,40.834818198215665,37.35155622904957
6351,0,28.554797448209495,22.75472753312807
3787,0,22.968622315400136,23.41257459670475
8862,0,27.516192369267593,34.28040261001747
7082,0,20.785823941614776,22.70042681406663
6119,0,24.30900494321236,27.54869409978972
903,0,22.121500277884692,25.616720704640777
1668,0,25.231793940926572,22.844899786698843
7590,0,25.536814944886252,28.009738499178308
2816,0,33.59297909847811,31.04672901485742
6390,0,26.107558596042413,25.53409810836604
4013,0,24.20154996896986,20.49786331692272
7172,0,24.275413876433234,22.00366301475069
319,0,29.64727448766824,37.189240556175115
4580,0,20.406914371028748,22.388149972881095
2940,0,32.303693792850574,32.9025768991286
6100,0,24.587852317279495,21.826684584092288
572,0,25.921614498521517,28.826951275392492
3620,0,39.80556012272707,31.60768427188931
1957,0,29.45262256182094,27.714700930601904
9474,0,41.11043722381997,51.956494049328384
2590,0,39.89742415350732,40.16827469606321
9078,0,21.78537299528333,21.374808294113038
8934,0,17.143354240903232,19.303583398326875
3846,0,24.27922054363201,26.163176614800026
2405,0,27.22108416157137,24.009692112129766
5066,0,21.329112933709233,21.196217979018016
5923,0,21.89778687223789,18.736581515116363
6663,0,32.92528232670215,33.92685832825694
8720,0,24.837775274154147,30.283634328592136
5867,0,25.2653962960603,25.188941413190832
4072,0,25.456511916812513,22.47677807591058
4918,0,37.951282009384016,31.34479492690618
9818,0,17.8674098694331,19.411595422785393
6184,0,25.097964294379874,22.235783445570597
4064,0,26.248151327028598,25.50994706591389
7929,0,31.37808390996019,42.530412186600415
427,0,22.281310177212927,20.426252534535397
9606,0,23.34075019680027,23.14253387688
1782,0,22.476610610356524,21.800999065450736
7431,0,22.837497074101048,20.794300356985094
9158,0,27.243811906864824,34.87903562608873
7520,0,25.92689208934236,28.58684847910954
7091,1,22.89976117689877,24.22612489122448
3876,0,41.895573825865135,32.16681311641685
7874,0,22.963090411034944,25.42250524516804
2570,1,29.429038578648584,32.30447107997778
5595,0,21.937283593552483,19.667155836020285
5002,0,30.530774210435865,27.52708117003416
4908,0,38.75635295759022,36.64626041016246
6417,0,28.98759978843606,26.714768212541184
1478,0,25.900769373238916,25.915106555047124
3449,0,21.479487050786712,23.833273641045157
9477,0,29.034259533827885,23.291861611704945
3302,0,19.165310273052487,18.73986646336286
7972,0,25.74796767835939,22.32895275825809
7973,0,22.21059958271769,23.66740597838358
4474,0,18.88786873527635,19.7729335059019
2975,0,27.35148584905827,30.270655073674988
2622,0,26.91348945146294,23.60276728614062
1952,0,28.21434781602571,32.71525285064478
6603,0,33.087035003211334,29.02543796393989
8662,0,29.900598953667313,28.190926492243783
9959,0,29.352085711974475,31.681357639765885
8068,0,44.95964633673409,36.24134517197473
2526,0,19.24251647432066,20.37535117666528
1703,0,21.90699797505442,24.760551448426014
1069,0,23.282882783308565,24.270200343721392
869,0,20.038695460543533,23.227063920575464
513,0,54.883504627933945,45.26934838386443
7592,0,22.622698546444504,22.663704323402502
6110,0,29.415936648588055,24.91461863831319
577,1,34.31493145581139,34.58783587990055
3280,0,36.714641651024166,31.58037645525028
18,0,20.996921290114585,23.08053838317194
8155,0,39.07724460320094,40.555097116886735
8416,0,44.349070712810466,39.13974466916295
1924,0,46.01874976634936,38.2025705327546
1743,0,23.872280552363115,28.428313722117167
1983,0,22.287485935674727,22.35235233368935
9855,0,21.88725774664458,25.77857333234836
567,0,31.98040893531835,37.39392539444814
5805,0,24.433515734882654,24.134814942388612
6629,0,27.854979954360783,28.9673245002391
9066,0,35.94089858607176,29.73319734740846
2068,0,37.89585415872536,36.02815050061385
2322,0,29.093579672268426,27.31162257293403
6310,0,42.43368909476101,35.2114736650632
484,0,19.625929925691967,20.057858460091154
7147,0,26.830602324060163,28.157839771780754
9188,0,22.753620914618413,21.42178312738385
5430,0,24.10177146051541,24.95585408747971
4326,0,36.474438702986205,37.27098555467078
5028,0,27.93458947469802,33.32733977164807
9803,0,19.512521804908385,19.524107618850756
8614,0,25.87387165784526,21.29733317555139
873,0,21.68135471265063,22.281818476709756
7707,0,31.678920534194024,38.3045635202916
7959,0,24.47243952671536,24.694993920331562
1196,1,20.954887431859362,22.26100865202603
4706,0,19.8890354568861,19.017207655143352
8763,0,27.607390057079808,21.717050471638483
639,1,27.99501995365707,28.83171639394834
8179,0,28.635432165131135,29.888734523239595
9401,0,19.804594770124343,19.390341945035523
1293,0,33.810722112735725,44.03728915321212
694,0,47.05701545299543,41.34789133818639
384,0,38.137286558266894,35.07865679219875
1372,0,22.639666016710674,22.788352697908362
6927,0,37.22548824071696,35.246567330236374
9088,0,33.14425535051505,39.46527729375939
980,0,21.63839741189457,20.47454774727153
1319,0,23.375425954425147,25.142974485660332
1349,0,28.07231638604684,29.302892819948383
9467,0,35.895691521830116,32.61944068949296
6337,0,19.809433287122687,23.404343591902748
820,0,26.60457386655155,22.007055984539377
5949,0,31.554742653846244,36.302176007221256
9251,0,31.60685459306217,29.071704632956585
5256,1,28.051597998732795,26.400426702707776
8184,0,34.218948835689,30.08421392706819
9604,0,21.977418849209943,21.636487658410385
3026,0,20.394044650846304,19.91966000613859
7348,0,23.778114440315132,23.0540967110951
8788,0,23.078087900481496,31.710832934387938
3655,0,33.891887497451286,38.43837040788466
5887,0,23.106765361907605,26.02760338575549
7594,0,24.717956924650572,27.376494047745027
460,0,34.666361247295725,32.757320789248254
5364,0,24.07788555681925,23.17478087790981
164,0,28.53608328571304,25.93166452012879
5709,0,30.20374753759451,26.98036889359584
5876,0,22.076901704745904,27.167478355536222
9095,0,21.83182432510034,21.05642983436728
7961,0,20.848492546808124,19.884239828382167
402,0,24.902065839647758,21.918522064378564
7570,0,29.222454018924036,28.270909241551088
9952,0,30.704342682408164,32.999396916382295
6106,0,33.08341931218028,25.730183413914464
2111,0,22.711840497550025,24.89510603413647
4281,0,23.31852404632045,26.122510323354877
5862,0,32.343579373834835,27.475557594342963
5795,0,28.038136925702233,23.34798167869392
3954,0,23.739196269854894,21.47626394685146
7773,0,18.958885647701816,20.43513574773515
4542,0,22.577641258810207,19.35921135534147
1385,0,39.06315641571633,33.818308521862285
1020,0,32.35678954730099,28.18904101883929
8988,0,31.513510293518028,31.672995492773634
9329,0,25.16294170130696,28.056282592037814
8903,0,26.865738692656812,24.051151874862576
679,0,21.80584919711132,20.10039743918172
8497,0,22.233451586410588,19.858420247661147
8397,0,24.592835806781533,25.112568710722268
5759,0,33.755795186282846,40.75188856238362
6901,0,19.07476213331185,20.0858313049935
4642,0,33.23994128772375,28.00508954434528
7574,0,24.895931360819006,23.79327612547198
8624,0,19.71729603898704,22.809973857641598
5577,0,39.298505504263744,41.10661532224017
1909,0,23.44969595079256,20.96863590977561
2855,0,28.15379798836639,25.402924605677807
6597,0,20.919091504916302,26.02389412511559
3291,0,17.965432924460757,20.35907705893994
1330,0,25.131618445474025,32.82522793563689
4176,0,30.103125631324893,31.089842221807466
2081,0,26.10179779351183,26.460072231168756
6612,0,30.79462293667433,26.947242754249583
5273,1,28.685710079332157,27.10378153001271
5500,0,23.5163612491512,29.332162614912725
3130,0,27.643703056996493,28.692428315678363
214,0,38.70493037392059,38.54279148666826
1127,0,40.66215937558835,34.929607913587326
4597,0,25.366774388296253,23.563127155694154
6442,0,26.733995981218992,35.510930221219084
3021,0,22.860704826689425,22.838003837183326
4483,0,26.449629748977976,21.12224268093594
8616,0,24.891731666681984,22.94475183338025
6336,0,25.837405119035036,25.694724337442118
5527,0,18.073992347198484,19.628948366474265
1346,0,35.90088443415485,27.253532014085877
2575,0,32.020523907077965,27.017949854032068
2262,0,20.303771187578075,22.360714328555275
2474,0,27.948929551787856,22.455167786167266
6334,0,27.225282482737548,29.43841838557258
4038,0,16.724915213583277,15.671216910122935
3922,0,32.587012368316316,29.30828193432442
7392,0,19.343298076236305,19.726062969957766
8161,0,34.805079583211096,32.503385624959655
8892,0,32.67779616177397,29.895877707054485
3921,0,24.316114108512508,21.59850492713261
9778,0,21.22301660358912,21.101394070102188
7259,0,31.4770054632646,34.94429813216988
1318,0,27.53416197150562,27.19723986907859
8038,0,48.25636180387111,39.83845362024238
6003,0,34.667650349018196,36.483712908127856
3902,0,21.80536023095929,24.958896247053858
5258,0,40.46721613018605,35.12252455952131
2003,0,27.151539246601683,27.814514893639227
6284,0,26.305772548698116,24.46062020547401
690,0,27.11467279801051,30.79943985835549
2699,0,19.85499416389491,24.80069396929522
6354,0,33.00924027857256,28.896786476438223
2136,0,34.814674673383756,29.656507452720696
9539,0,19.921298213337074,22.376025282452083
3056,1,21.9159655474039,25.801472305568446
6323,0,32.26248673195215,32.600028457280644
3386,0,27.71357166973962,25.595860618645307
2722,0,22.357518625207124,22.209042047549925
8767,0,24.374280838852734,25.46054942548626
2721,0,27.994244430504565,28.87382181662194
4241,0,36.0277208898522,35.0060980481397
5972,0,21.22359056682736,24.199648476864116
1689,0,19.790345084024658,18.92028773652279
5786,0,22.875381365952947,21.318178735842636
2188,0,21.59676098005273,23.408451467797388
6137,0,42.828223913318844,33.8813710143582
2146,0,21.848164936136396,27.104456734744822
5076,0,50.43619516365128,52.774188346099784
9422,0,31.813192832496682,27.93851816170451
8984,0,29.60388317467445,26.006947906764545
1822,0,29.012146276467714,28.644380583138812
3414,1,25.33611591468464,23.02052150488492
6856,0,21.927421693558884,21.385202025655904
9362,0,20.792758878879336,21.85537763357914
6053,0,32.66772266391717,28.172370800170118
7486,0,19.460848624731597,20.08860241681735
7702,0,40.63118667901472,31.453890111277566
9536,0,28.473654721793675,28.906486429322197
3726,0,22.440617981252966,21.72652044918017
1334,0,38.89384337883605,33.74376431605646
9984,0,27.525689578384497,25.756770585264256
2509,0,28.36807012141698,24.583819156730115
6795,0,29.993798187639218,27.321494805679226
6651,0,23.745222565613005,28.674542779687314
2373,0,25.638494561711482,27.72695833800788
7846,0,24.496327994861282,22.694895753426128
3426,0,26.043224529726675,26.99733071627873
938,0,27.48108333131411,27.62936405966281
9543,0,23.90905473436424,25.31961307521258
5133,0,17.626904392219526,20.289237470562966
5649,0,18.88062159179826,21.433290769191526
2708,0,42.14954558502234,36.80568604162101
4554,0,25.944376138682973,24.71716956796079
5995,0,19.248829265333818,21.338593295566202
3900,0,29.085077551047625,33.758501082814334
3970,0,21.488495090888584,24.133709565239304
3773,0,38.98909604908214,33.51438732190103
1734,0,35.60206725151228,38.791545858248845
604,0,23.274782603373062,23.309494703297325
1938,0,26.48282626597278,27.588739228529477
7217,0,30.485792255865704,25.839707799839942
9980,0,23.397855362170475,24.08058022741217
6180,0,27.017044911498946,28.679919035263623
9558,0,47.80835773805509,45.899919970201594
1873,0,25.54778775415976,27.565275256599442
8252,0,30.520303376832725,29.98750419504618
433,0,21.01144053559901,25.854067991658557
7278,0,24.468196121392484,21.392742772805974
377,0,19.55800651117513,17.549349550400613
3005,0,28.58288116667784,23.504117630172143
3097,0,18.6442066201673,22.090820115816182
8469,0,36.13481681679164,29.491403497434668
6780,0,24.138828337027288,28.55025390299707
8332,1,28.20007442572385,29.71967116157963
8735,0,30.3310880418659,25.682265577610455
5232,0,34.670233456863336,30.732252042925747
5547,0,23.040939534026258,25.727590647932157
5872,0,24.674284190629926,23.821134224187848
3926,0,30.527942142114487,24.37630455087324
7640,0,30.674462368285425,31.259261601990183
1642,0,23.11262387313261,24.526433000499853
8046,0,32.193100589684626,29.781771411608553
9459,0,20.242305810385425,18.921583021422784
4468,0,54.71252761555832,47.13647699274248
9598,1,35.93543165594547,37.492812109985216
3746,0,40.639853509779954,35.168302063966976
9573,0,32.52782860258031,25.07126008069781
6381,1,23.130800774803333,25.23517263272631
9169,0,20.23236991430748,24.438838651621587
2436,0,26.94801680789728,28.51300588003365
1275,0,21.19659718570549,22.016732593292414
6744,0,29.843939397251344,30.702969013952966
2538,0,24.045087237268167,31.519194492766204
1876,0,19.83391306987365,20.37283055295244
4641,0,33.14439645586063,34.87943291232879
7370,0,37.63523560962447,29.92065969503834
3233,0,26.051695623788373,29.022637564016815
1912,1,25.09831942677468,24.28274189215533
7800,0,29.49573532578841,25.89232516046147
3207,0,26.524711710857286,29.76060705670316
8330,0,19.99923438178081,22.755550581711024
2071,0,32.086572745448805,26.158226191778997
9381,0,24.6249208099858,23.88750526118944
5716,0,24.139572489973244,21.76529252471701
9261,0,31.103788338168908,27.54646959531998
7459,0,17.82435715148782,17.772028744818716
5919,0,37.11042664453894,32.857915417581644
6325,0,35.23287950810998,35.34254022994636
1559,0,35.83027863908307,34.022985073609405
9551,0,34.53381184794184,29.00416577015315
3275,0,23.642227107261036,25.510307707483854
7919,0,51.73182099230005,48.978682127982616
1704,0,31.486965102983596,24.808209439691353
69,0,21.964867506397514,25.048941954039883
9641,0,18.48874823722164,17.70114899651486
2390,0,17.19700147598473,18.962603241615533
7864,0,23.42015513649479,26.07662570556726
3963,0,20.462168350167747,19.40398198601185
631,0,19.02904372375183,21.11536213819699
7377,0,23.448225922180427,24.44501220016278
1982,0,28.03826048376503,32.677681821454044
9974,0,27.47642936731889,30.871003580415433
5192,0,38.49287511913801,31.75949045087267
5721,0,22.69574905189792,20.736164886090542
8472,0,34.08384690806395,42.706012164605696
3998,1,24.205629098848636,20.775113771478317
8422,0,29.939668172916335,29.16671615110366
4269,0,37.77931919837178,32.95968428055861
2562,0,22.742718740467,24.900173364238764
7819,0,25.813463139074614,26.483316152943928
2296,0,19.517573155522747,23.433895922896376
449,0,23.57095928056858,25.257731826194554
3796,0,46.983285106258016,36.61283996549561
7405,0,37.04268765941233,30.132572362358513
7663,0,24.225008180443286,20.36448927228698
6874,0,26.317331528126417,24.39182989932081
8029,0,19.886173656426376,22.566711196159194
7313,0,30.243528737565146,32.998665823097035
104,0,24.144932711466485,27.533053006959744
5855,0,25.668221480161897,25.67931241182445
7237,0,18.02835491461165,16.418987226590808
6984,0,27.277179642070774,31.534580114727852
4104,0,44.29799957932301,38.75670295813404
2638,0,27.301214286352717,32.52128726505562
6377,0,34.05532472279759,30.31419959732802
8583,0,32.926977761101895,30.488183910304862
9113,0,29.39300443467575,30.665385228968315
1745,0,21.245178122427095,19.883976606894073
359,0,20.648301885593355,18.842050444345045
7044,0,20.863139153160898,23.289226903195246
5288,0,21.09198347762158,20.467842560706973
9711,0,26.939941150926487,27.939188479179766
7318,0,37.941356190495284,34.23820723794958
5800,0,20.11490302145956,20.484333932856227
2885,0,30.32794995221479,25.157031485648123
8643,1,22.340507590078374,21.525061566564933
9950,0,41.92195356910673,39.07542049284497
8117,0,55.239489085078624,44.292137538635224
7921,0,24.121821391343417,26.458894170652567
5675,0,27.154769203559283,27.833402818761897
587,0,23.231438810903047,26.715803131827446
5484,0,25.064235142454056,21.74730154726057
5150,0,31.873992125686474,31.347261941942858
5186,0,34.339181894572775,31.451353730421765
172,0,20.78725394066088,22.90557372105137
5452,0,23.715787108511066,24.150010824767467
824,0,20.337158012605304,23.41965850825653
1741,0,20.984031793740098,21.20033029216281
4414,0,26.05984399251331,27.22050594173794
8003,0,31.025413996526687,32.34791137249786
7737,0,21.86649897555476,19.02152056612427
9550,0,22.726234764047145,21.81169713439062
6928,0,23.941766220691193,26.359679065909035
1918,0,20.301456002354175,26.524573551459618
1479,0,20.41792770762207,19.585746261995954
9026,0,23.308028960403586,26.882314066291563
1146,0,19.084518852987152,21.198393111565398
4138,0,22.26846533590465,18.45634738248284
8127,0,21.634098943054795,21.712256481937285
6601,0,22.169296968644893,20.11540769391484
2990,0,30.168785022846933,28.336050218355137
1480,0,41.123562663842584,33.68521616700313
5515,0,25.611422283850242,29.266428172281305
6643,0,20.94633190244097,27.187063654796734
1759,0,24.24494813222777,25.49346109833278
8287,0,35.14296677323249,27.73071779763249
2643,0,28.244796522210823,29.108773478350844
1366,0,33.80823429610864,33.6653992573383
8340,0,20.455151615251093,24.64915795155774
2465,0,20.305978468877957,23.375511138157464
9163,0,21.52754358785528,21.925202075989628
4093,0,21.968215907163717,24.2986952111092
4037,0,23.15530648926601,21.00042844270784
1686,0,21.622375661211688,27.70358333912015
2025,0,23.775862505707302,23.64249179168798
6462,0,21.825022283147245,27.822033230203388
1845,0,22.53573522798084,21.356114542370328
4573,0,23.903727696643685,26.117552192830946
7273,0,23.829275537799752,26.898249084064254
5681,0,24.934569553377397,22.144515175136732
8719,0,25.39804797226577,24.445324138448438
3770,0,18.86297522902886,21.129513909255337
4961,0,20.471950439443315,21.63087048329096
6879,0,18.581727091742884,20.538348814549696
5950,0,20.941786400306757,20.285658678250766
5007,0,30.184003390179065,29.076821685131794
9630,0,25.14026374453613,20.891792067951563
4688,0,30.549359768147262,28.8579384310867
8982,0,21.9867468575955,26.46302377692152
2857,0,32.41835978099708,26.779303953856367
357,0,37.69344124449511,31.13907106517226
2729,1,28.84358741444667,27.006120058161045
3851,0,44.77247430551179,35.696064828789346
1468,0,27.844464010007815,25.252503088191677
7052,0,25.995853900631637,27.429697887183274
7340,0,23.388819071030337,23.385154908970453
1324,0,18.211932309160225,21.23253282438733
5329,0,21.80211620030816,22.508279188281676
9552,0,21.37264735000372,20.338667050802215
1978,0,18.407819773900123,17.62302935144669
6375,0,34.0759778207282,31.002304014608683
5744,0,25.217829873019344,31.4702280417956
6112,0,29.48077465456227,39.19731255255583
3190,0,21.39736216766445,23.63450946084693
2198,0,18.134719617430648,19.349901919448925
7422,0,26.49997393799026,28.51871957057621
987,0,35.14241007441202,30.36107047809721
4143,0,29.714171469968267,37.55651936789209
7017,0,46.179033299327656,41.58885439566204
652,0,26.742928678535662,30.32327792329969
1555,0,23.095744874614304,19.730591622510126
7541,0,23.65892796790354,21.526454489772394
8659,0,29.00766913139862,26.488038043647887
6305,0,42.023902775708805,36.571901177918
218,0,41.33192119549986,39.74221610613786
8152,0,30.376426920871932,32.319697355874425
8281,0,37.85412667449477,34.47458049860289
1742,0,22.67280355502042,30.167192061254568
9951,0,41.854655728815054,33.386919836763525
4834,0,19.203201516348717,19.75820216951233
8185,0,46.13283676110344,47.76922279772604
8567,0,30.665774671131803,34.689275970472174
4533,0,19.756364084031592,24.76646310304256
7135,0,46.732695566222645,41.42112252651079
1017,0,19.783247914569127,20.975604132081877
9896,0,22.26205964245386,21.177006813181592
8713,0,20.981793535805245,24.178010367133876
1261,0,22.679302704154694,26.04636037926842
8539,0,27.477314876154672,21.60141274950058
1729,0,22.493926947514883,24.690652270700475
2923,0,20.74525487696783,21.798221533749356
5503,0,19.39888226666461,21.24746653697085
1418,0,20.514731810197617,19.32515105362224
2238,0,23.504262102270435,24.855267064184293
638,0,29.97231336687657,28.62199822510504
6212,0,33.795466866831966,27.594653094885622
9532,0,17.500406304137638,18.74421714236076
7268,0,23.51656039203959,27.196879350266833
627,1,34.3669117428098,39.08458347305868
1599,0,19.643381299977754,17.713418663913977
647,0,33.12599929960518,32.66615239896759
7742,0,22.309216240602066,25.00840641539845
4880,1,26.939717742281594,28.391548668322905
4723,0,17.609876140114036,17.27776677162484
3665,0,18.93849996700727,18.399890676099226
4171,0,28.380281754207218,40.28218988122965
8698,0,22.02943935002655,24.206189844671805
3524,0,23.777368826905818,21.582863411638805
6536,0,40.22078768683077,51.97939185301347
4384,0,31.670787881704833,36.51191902084935
3266,0,27.77036052349503,24.239266295112664
6587,0,28.38162039310908,33.23351597271548
7093,0,17.3410420000018,21.92372132952514
735,0,28.24330679901603,25.99753990933297
5250,0,21.14232628498179,23.898675659881267
3985,0,21.20013617002348,26.690189764754063
3899,0,24.854555101104744,23.0486032653272
1382,0,22.465970156089746,26.284765666106843
7813,0,46.37136443578586,37.1637881294688
7900,0,24.07755096504407,25.081478389185815
323,0,40.90913706957409,36.28563670323346
9716,1,28.62348540753839,29.448417661625694
6706,1,22.951021374642508,24.250280222009387
5754,0,30.12051204077802,35.28769770810368
7824,0,17.59625925783591,19.600767980374567
1207,0,28.932006076922562,31.073418424187835
6636,0,22.700981396140016,21.61980718531926
7280,0,25.108163742210685,28.07587322869503
7748,0,27.31093484100953,29.44628436970706
4713,0,27.346837917478723,22.04780750613427
138,0,34.006472518162916,35.30630045491428
5168,0,23.520560041633274,23.89765825500387
4644,1,22.997833231805203,23.095963066863
6129,0,26.60070874599244,28.833004447438043
4151,0,24.868614202761233,27.519699502445683
5338,0,29.831986657231823,31.260737938992328
5369,0,25.16442224517166,22.16527126982318
5238,0,22.540718400052107,22.660842871514667
865,0,35.84258492930583,29.42357049665244
6,0,17.94891274417522,20.854839388174163
5390,0,19.296784499237226,23.187338579139205
5597,0,24.189695642381075,24.458661529691554
6698,0,30.4457473893603,29.263524366942303
8543,0,24.967955713890746,28.88112862112069
4893,0,29.182498240601568,27.56487789168395
8138,0,42.534108260113626,33.84158150254983
5901,0,24.50427158867958,28.888708847428077
3958,0,24.997648933387424,23.562989443774285
9231,0,22.61442070956221,20.392207772175727
425,0,29.004532625398774,34.392359618023434
1292,0,20.884636432235176,19.508652946151702
6819,0,28.52102579284692,28.033680500035018
7449,0,18.59244193024122,17.53855582178886
811,0,21.305383737482828,18.70787498406001
9731,0,41.995977328931495,36.32111402915727
1004,0,18.238327722790782,17.541436153745973
3700,0,34.13820922294847,31.201632356116143
367,1,19.53619943157609,21.650312024322723
2918,0,25.242131159931088,22.77710778794464
7049,0,28.279550045559912,31.93275956680325
5407,0,23.30692734306244,25.135273514511713
4449,0,20.28626237783719,23.382978883230955
3672,0,35.1189081552816,35.79749704078529
2096,0,29.074894771840302,25.98097022800791
9670,0,24.631542081605147,25.542219256996624
9103,0,17.51833751694376,18.767129543993295
9673,0,21.710631313934062,20.773303397221376
2713,0,28.6300981374083,36.618693217416144
1993,0,22.09346574198373,27.758344549858588
6960,0,18.234413021856792,19.89765245174815
7197,0,32.75863177733848,32.95261691629831
6256,0,20.005122770932683,21.493828841659166
3321,0,45.11703071767643,42.37368168583239
7532,0,17.579193821372904,19.916380908520082
4334,0,24.427913473497423,28.259464409050647
1609,0,25.447072055976392,25.991276998063345
5017,0,27.606753552211806,32.48607284463268
3740,0,27.673916015028027,27.403172533167282
4244,0,21.360777649460594,20.800637234646548
1817,0,24.090507798742028,21.209687052782787
970,0,21.18812043619255,26.883549699084806
888,1,29.021995760752517,27.737273969098375
7839,0,38.3731408271219,39.0936058959874
8653,0,29.342176865630616,25.311750060216667
4298,0,29.281808725674683,31.66751807799409
1944,0,26.609819890674093,26.64100979537445
5629,0,34.11683330707957,30.375334000262363
9569,0,20.422455620625513,20.5569937701133
5802,0,23.407467343424756,22.927285221624075
6799,0,22.732002928119698,25.93873749155412
2417,0,31.190478139248523,34.764638151492
4127,0,25.709784611070663,28.68689717806494
3858,0,36.2904119297862,30.388444182766197
2320,0,32.88763426872436,30.821421866383886
9380,0,20.94782918290928,20.45666111363783
2310,1,26.411919873151362,23.605213726513554
4785,0,26.385912887219085,25.322202752990815
8034,0,25.784095985730875,25.330106907271137
1351,0,29.410299131376945,27.561681392325493
6357,0,21.847917796942497,24.116556289582764
6258,0,22.38139283637651,23.07629380324914
7298,0,26.552910444049115,28.066405235747283
2167,0,30.21820631018843,34.34582407424152
3558,0,21.00270806342084,26.04224392904198
1674,0,25.58442762659839,22.04330824654607
5762,0,27.012599410818794,23.956093194371952
1432,0,36.91290934086114,35.57556801461157
8001,0,31.86168396089699,27.93493844543405
1482,0,36.76396938998501,29.11678655515443
1248,1,28.914025579327145,29.741568248964718
7637,0,22.148237793934115,24.588921078303482
8065,0,35.69476425984397,28.648750451298444
7774,0,27.396565737531407,33.98241785819306
3018,0,22.765376941864375,27.99586149161853
2878,0,31.172752986234986,44.41912906602913
480,0,25.452816948584285,29.89259157324716
4739,0,22.95055688063642,28.128890495229395
8440,0,29.117376433053714,37.57894173635265
5019,0,23.367742729249155,21.574544384041786
8756,0,19.566922027464322,21.184144827616315
8930,0,21.849682485607662,25.956365767269915
8040,0,21.490268138613484,19.156233506918667
8122,0,27.49080486120121,27.839389195611137
125,0,32.77360290055024,32.599446981334076
7165,0,24.626902870789426,22.88870987941458
2747,0,25.463185878085273,22.983922147096774
9085,0,32.60523489521715,28.20182981206179
1156,0,32.94372349544589,38.302817948094656
6252,0,21.325183208209733,20.173292115976555
1216,0,20.48593090623752,23.139790355896245
8935,1,31.91747175358806,33.34877685155765
7970,0,42.85060418027898,33.92600898195952
9398,0,26.399672814133602,23.706681699509428
3033,0,36.37669402201273,42.30886722165756
5291,0,20.08637583779312,21.960066285158742
2714,1,24.219302049374434,27.822594586063666
2137,0,21.807590327134985,21.31769319464385
6947,0,18.95339361652289,17.213807075281732
6740,0,36.241107281493164,36.50224221437252
4276,0,21.690412594867272,23.913070153357214
2245,0,21.72473686682474,23.505603480592278
483,0,30.77029514374035,27.895367047968335
728,0,22.14890005174389,20.21878335590658
8043,0,32.12845377102387,41.41472126464014
5849,0,20.28873580894032,24.40869647936933
8057,0,26.794973566006284,27.130190575199062
8530,1,26.886308652792817,26.170825182066075
992,0,23.634048067208678,22.808644335270092
506,0,21.625060345143666,26.933156965668708
6000,0,25.39334200953939,29.221756159197653
3917,0,23.102674808879094,20.523607201019306
1688,0,30.716457736664683,29.80597662395441
8431,0,19.433087222787115,23.63927203498713
9126,0,30.009537864991266,24.851291128598533
4843,0,26.646784381727553,26.696602566270244
9696,1,26.14543667266797,24.96677142275464
643,0,28.225619040666622,30.87134422443318
378,0,27.639172669543527,31.112942132638626
7825,0,22.2686696300089,26.61200120144566
9946,0,31.690808926553643,26.73224278038784
9083,0,28.06580030028096,22.7490688569283
9420,0,23.09388653900701,24.79666578130446
6662,0,28.419409367959688,27.785021077091972
5513,0,22.069651987377075,26.361434074880812
2771,0,26.065151306360868,24.501344760509582
8346,0,26.07676442196993,24.59183593833243
2876,0,24.312641423398023,24.386711811617733
5853,0,30.513546261639952,24.129513319060223
7968,0,24.677059124463916,20.805201915140763
7743,1,27.181901719943735,26.38367025035564
2482,0,25.26739949441004,26.507792404322984
2046,0,20.507867443672048,23.064843163076667
2454,0,43.61753256576569,39.07077027938175
5454,0,23.881531655344403,21.620718843565847
4864,0,26.14674705839381,23.30813836763798
7847,0,25.17196356955395,23.59601363049978
5224,0,27.492684680550642,28.81734036415188
5448,0,26.25208997291859,31.775411574667128
2737,0,29.45336950033635,40.06719794719144
2820,0,22.800314099084236,21.937978769131227
406,0,26.42518803025234,26.19364673958776
1929,0,21.76639649269555,21.48213476312938
9016,0,44.16288824444516,43.45924527998024
1900,0,29.953919919694062,26.897476502332218
4807,0,33.819463065328534,28.374900613762875
4849,0,27.897334266778426,28.408857146113757
8533,0,29.8001730923503,25.62319473342473
5285,0,23.761309901875197,23.283446497840472
9298,0,24.972775294996428,27.882865220187274
8412,0,21.905168646804164,26.961339145352557
4496,0,36.809787420825764,46.95983660694336
6254,0,49.30529084372581,42.57230009140986
1388,0,25.1344051854139,31.403664046746783
7606,0,28.570172990763332,30.029159411009637
2273,0,20.9032181455937,24.815477547561635
3007,0,27.496848349986777,35.948314959754036
9653,0,29.2307376467344,25.853475453690486
9654,0,23.669951683346497,28.831238363704443
5,0,26.866617356174153,32.733355174762906
5648,1,28.484673012947425,26.384334226645603
1913,0,31.77221163250005,29.67349385954849
35,0,27.462109540780826,24.438926361362345
4954,0,28.060478490234036,29.146390775785243
4394,0,30.262734817711063,38.756060333468895
7936,0,31.49763619569408,24.99336128272165
2783,0,29.9796212980624,27.414051118921577
5478,0,21.127585289610067,21.41582099403423
9340,0,20.086478050052214,22.279102366708756
8758,0,37.716254131921865,32.92041367042662
6255,0,21.99851322995909,20.702364098524196
3741,0,32.2434203560631,34.24350058484892
829,0,20.191852446301375,19.387887586926993
8008,0,26.312519039792814,22.608783819020733
3017,0,25.325017657699938,24.238147785390588
4649,0,27.316505593128703,24.534997804859124
2466,0,20.032272871973674,19.159620545306847
2195,0,21.454438649601904,27.21537815763178
3144,0,43.792686672050614,33.35894463564627
4900,0,26.428738838234633,29.948597991925734
2718,0,29.803094405741213,26.94118964822218
9341,0,16.58991909906697,17.545522498074256
5890,0,35.42575392015661,38.64662811132687
9523,0,25.53491973870109,20.86792364483624
27,0,20.189295444191536,19.278254252676536
385,0,24.328286120763394,21.52651510605073
5705,0,25.81080883877431,23.0073969675838
2698,1,33.670765847443604,28.05556323714472
5008,0,19.126575560069988,17.390306245666505
5865,0,19.790204680703262,17.750778574611484
2728,0,32.69615264950871,30.090419611803362
2419,0,19.434779330725753,22.07036800638952
2057,0,26.855020044607734,23.371425090769915
6229,0,22.58826768887211,23.865221871816885
1177,0,24.647335440833302,23.046075118861904
3221,0,20.78075819961187,24.998622544243045
9186,0,18.92656548453658,24.596942460752857
5477,0,32.641221069607674,25.329466793597067
1934,0,24.665134299158325,28.03780709399562
9029,0,28.15961781714733,23.048787557518736
1078,0,35.47252960230012,35.41294518465123
5692,1,23.518713013940484,28.08770559000759
1709,0,22.132761338260096,24.563118007111065
5197,0,21.80855599706169,25.51256245198865
706,0,33.422673796223854,31.929338790526888
93,0,29.172034867128463,32.529013860204685
9760,0,19.68682177964035,18.96445630907933
864,0,21.239208432267404,27.546782617310008
9717,0,24.287275386607295,28.619251716443024
2883,0,22.817590636960258,20.805327913841868
3933,0,31.448687741994586,26.868325459626103
9435,0,42.840028608175686,42.0514934172771
5997,0,28.87064953073119,35.17170022485811
7739,0,20.025561577771004,17.66791087081091
4185,0,21.938051388036854,26.084247979245006
2016,0,30.76124359324918,30.05810332392797
5996,0,27.8564449851195,30.360528927987126
9124,0,27.27874416455991,23.099334707743342
2261,0,24.466257096699955,29.077758153065183
3736,0,21.158710626513507,24.033370954715046
2089,0,21.668280447359535,21.02933666873804
5360,0,20.767898847077642,17.607838937520008
4800,0,35.27817982458797,29.199541100662994
2700,0,28.778455303597127,26.691096153880533
7516,0,27.141537246996542,28.082640116178236
5932,0,25.482539332326457,26.800839737125234
759,0,26.89070322488555,20.906384848687765
3439,0,30.25315355265943,26.18379122953012
1968,0,26.179669581613762,29.76035321258285
6591,0,23.283272995509147,25.278455470368637
5683,1,27.05823818513056,28.672785953014255
5138,0,18.957282809395895,19.164823780221074
7785,0,26.64007081139044,21.40282052660479
6979,0,28.192201819076203,25.688553165364933
6450,0,30.291721593873458,29.01862436518717
975,0,25.574915203606224,32.02981716198778
1859,0,26.713269435794672,24.27872553877936
5495,0,29.57466883158559,25.071952770769023
1459,0,20.682389597149076,18.85366024508802
6619,0,23.634106373857577,23.597717514796905
5748,0,17.32422704040146,19.00180243479169
9225,0,22.194858938287556,21.99658621321063
8729,0,24.653101523043084,29.127294779348766
3757,0,20.718268841596682,20.102322792031043
56,0,24.754625572825365,27.977214693023615
6560,0,22.25445818486533,23.985759291289035
4254,0,34.655106449929505,33.97905054480273
9692,0,24.062002472628755,25.68446365635341
6389,0,31.8711056284559,30.62025475119608
4092,0,21.111328716938246,17.902970260256406
3904,0,29.95852339039338,31.75448419203114
8293,0,29.45959423737467,28.332482870466432
5191,0,24.54423945970267,20.720607947668555
8315,0,24.120093517205543,22.702781422539406
9196,0,31.901007695035574,30.11746381933951
1724,0,20.437279056276726,22.830322374945293
4198,0,30.150617468397165,36.042397351173484
982,0,18.748055121461064,17.891432723707872
2543,0,18.98125102985761,17.57259345722743
4202,0,22.182351269268246,22.413219937244975
4153,0,29.848689648129593,39.566154653560616
6777,0,24.26067386206606,29.197394334890877
5905,0,22.409057104929232,23.694268324321175
1194,0,31.22001335120103,33.22418717796147
5384,0,47.40108635456331,39.61902052357004
9709,0,19.39108077748998,21.180410960711335
2333,1,22.249731128769174,25.58594797475171
8199,0,29.662065730285416,25.178080499415817
1284,0,35.643280772586415,37.68298112871431
8887,0,17.782281687165913,17.111465176387156
8417,0,35.95588925064634,29.941175020462406
6912,0,26.739462788218223,30.38803697862576
1246,0,23.961653864016707,20.981688220208778
7164,0,23.022777334153695,24.752761934361118
6433,0,19.59995741604348,22.982579737533968
8331,0,25.137478902508885,25.66924124896612
7397,0,22.374833242565266,24.074746300927792
4815,0,36.563763549600424,38.61333049622111
9885,0,38.61352101577205,35.168818385223794
5471,0,18.873390813326655,20.48631114814032
6194,0,18.99619650390546,17.86988893232282
37,1,27.02321581348471,29.68786687222449
4788,0,26.322924051539555,25.38795449242207
3186,0,16.288963988087737,17.773725468855236
5599,0,18.958326417655545,21.687242421611177
8825,0,26.561821621060652,26.973734450929857
2770,0,32.83993622479761,27.690329083785546
5522,1,23.693710506624583,24.101111970632424
3698,0,25.564727206105076,22.23262419131555
5406,0,23.222538787882197,24.79827414979473
9464,1,24.456945117847404,24.950886083149204
6750,0,23.399346550843056,27.971126088526848
8423,0,17.003342149325498,16.5925906428633
7788,0,22.216248649222038,27.51811068845048
2120,0,26.22308937749687,27.038247411081283
7485,0,20.869712719030307,21.155110440563373
446,0,43.42262634003293,35.58690060181157
4212,0,28.201495014735883,24.355155569599173
4698,0,26.448510309384638,25.437338823044577
9189,0,23.74045271020145,27.819473394056953
3263,0,28.745163958138022,28.97845850263082
8020,0,27.20838414724983,34.20557963449776
1753,0,29.683330730798186,25.279510702098825
6487,0,41.51042180530618,32.280067705674774
1535,0,32.750469152649515,28.81436472993763
8844,0,30.843851063865504,32.196590285859564
5314,0,36.79587364925593,35.653399710301294
4690,0,18.654533651931867,19.905538433013792
54,0,23.62269069033722,26.161006859988962
1040,0,24.715118482757873,20.89905107581468
6760,0,39.43706196320831,30.52060204347386
3521,0,26.644148365078557,25.603588464594022
5058,0,28.680916292911878,28.73126729479481
257,0,34.61310803446976,41.40628924500545
3636,0,25.805184950030867,26.216805732585566
4529,0,23.747331869028187,20.586556925589157
4980,1,25.20476848054235,26.965659910405652
7565,0,17.96555273428551,18.619214508134377
2915,1,25.092844462179563,23.697364816557354
1980,0,25.27608220514922,21.59214732831893
764,0,29.754318587807738,37.981731164714816
9693,0,39.64239225625224,35.26607278322012
9039,0,26.15492139978512,23.263213743461847
7381,1,22.974072242115728,22.257505496743985
9586,0,22.326994056086882,21.533129653081122
1789,0,17.173346505981634,17.658885770723753
6837,0,39.0532772952291,39.89852559220215
5639,0,30.239191842533554,27.327921141070917
7137,0,34.098556935592235,35.40008142291859
8195,0,25.826271896273283,29.168305884840326
2898,0,23.870902143228214,23.23679757992627
9239,0,27.5384835376303,26.782907967827796
5004,0,29.51279650903958,33.76255723782108
9311,0,20.802275386729825,22.124619322844406
2299,1,33.475174761502515,35.64052226595784
5984,0,20.820699167773828,19.193104515256273
1941,0,37.672702610396875,31.495786164004688
2420,0,27.778852103239142,24.59326616451938
4375,0,30.130890000424415,27.924528996428478
5907,0,18.520110839052073,20.859650291056173
7458,0,25.744034301042433,21.465518629826626
5137,0,25.175447904698935,26.398527666874365
901,0,35.49488644647534,31.70414907204053
3433,0,18.87599723923103,20.599719556226958
5382,0,22.02015779350902,24.497870583285962
1985,0,30.71523462019636,28.19879285537645
5030,0,22.565299263824578,25.194772518537764
3845,0,20.406951757806375,21.569421540497682
9555,0,53.91887290784503,41.77286372045034
2508,0,17.480896467460994,18.9870726490066
123,0,24.450102362029384,27.54589834694925
2680,0,33.22191819094155,28.330477426732195
1677,0,23.71761993111019,19.981870893340123
7646,0,31.27399782727548,26.3428489243891
7518,0,18.063191486695672,19.477328520439904
3071,0,23.885199484617818,20.979308599087243
6362,0,20.470162403108347,19.82163972717439
5756,0,22.129013887117363,21.017907510489852
9455,0,22.140664874320194,20.388858907606135
4121,0,42.59537207545374,36.7737170111806
1801,0,34.929695120196804,30.049332689258915
8334,0,28.359257913412538,25.659349908969947
2506,0,27.00047685672282,30.092608754263498
1844,0,30.940812181782835,38.474071434533194
5702,0,18.79973707031483,19.985310604800436
1621,0,32.73373190676515,29.33410722340689
9883,0,24.043500581064,23.830725972634927
2395,1,24.20480573299249,24.413076600838387
6513,0,23.510215643001224,30.1552111140273
6660,0,26.959259310990383,24.848531969783984
5861,0,20.689309475117106,20.860686617266918
1497,0,19.37818497238351,23.77079966785053
9432,0,25.2623311984087,22.71403347591512
9872,0,30.201625835329285,29.45498762276256
9817,0,21.142693834464083,19.167314343514267
3496,0,20.72021420489762,19.9340316535097
6234,0,19.750409433003856,19.62896125423599
8326,0,32.71101509659674,32.44773626002415
2227,0,21.64782829434769,28.24482857259352
5378,0,22.583384743203972,22.079596351062406
6358,0,25.616772265505176,23.2319426682192
7582,0,25.941764160744917,26.123825130890424
6936,0,23.73149356205381,21.57080988914699
8106,0,19.750943373444024,22.116035696695047
302,0,24.472626290476107,24.537234539964196
8684,0,21.913198244245187,23.38604289800044
9061,0,36.130776731466725,32.22730993631445
5818,0,16.710384551782063,16.17157779143644
3646,1,27.90575102026025,22.527118946178977
6784,0,26.38973792380083,32.15886042741578
4506,0,24.790612248551284,31.117501085168005
301,0,24.629013919040165,28.94199925345851
868,0,36.679277300339024,29.531878067973178
6797,0,28.385231780175225,29.564909870144735
7391,0,26.286551668568762,23.009200730316287
4224,0,31.209714358289297,35.01978879094446
3565,0,29.66697391520287,27.68181455576875
39,0,26.547634776340377,30.674919890673113
7188,0,25.962793494904147,22.754547976660728
1120,0,28.911727605107153,30.045127574413428
1732,0,26.799212461289805,27.39209877729133
5010,0,20.552920790555277,17.639023910909224
4454,0,19.49614026061256,22.839268753831604
8370,0,30.02481787715988,28.950145129276052
5684,0,23.119687926084662,21.463846513450015
508,0,33.33350360593378,29.293120872848526
8501,0,35.028697399453556,29.96189174018013
3735,0,26.583529876469925,26.778217471449732
6635,0,36.719619223929996,39.92734301859848
6197,0,21.781943124138976,22.904570730421653
4857,0,28.85954266651006,25.349898296513707
9897,0,19.682758692256456,21.11506347841471
8456,0,26.914092594556976,29.68045952511831
5801,0,24.942768668885716,28.367367609468257
8618,1,25.09729227623824,29.05425469247582
3541,0,24.041185166347084,26.6768359212388
7122,0,23.402191328232984,28.16573312024596
4307,0,26.664066798802825,26.86195454256584
9854,0,23.72687633697475,25.090789593539895
5601,0,29.12227603304585,27.915401346993775
4129,0,27.503995334315302,24.813816949793278
3419,0,24.28149489479187,24.571395777198415
6202,1,33.535825537983285,32.63002133832589
4952,0,31.077207746672144,26.713413540699
8312,0,22.332980721030435,26.646609883705022
7058,0,32.77069998631824,37.05137785407089
623,0,29.16309854671575,22.532088291005227
6652,0,24.114641413223115,22.73427753789126
4730,0,23.782883323772296,20.806900579244644
2571,0,36.281972616166115,33.76754164037105
3235,0,22.139397089316198,22.978326037002212
8208,1,22.533731449106863,21.18624192755245
7051,0,38.41684759704031,36.75795448511536
3657,0,29.451704203161658,25.771397743183346
6721,0,29.68652996329191,27.82181266064488
6876,0,23.72954510582172,25.44101632590285
9757,0,20.402431975834155,21.83605760596212
2284,0,29.916978110940672,27.352059316876336
4163,0,28.426824046417984,27.930960777902467
1617,0,25.334090333321342,26.99373215143121
7749,0,21.27086988788679,24.824523105659004
1390,0,24.1010749874956,21.95575136787749
1206,0,26.74062297381081,31.233947099266313
1092,0,24.724939751662028,23.0388498045173
828,0,17.246525640389773,16.790252665058087
7011,0,28.865143459185376,23.871374144316118
662,0,21.00319672786626,20.369836113378035
7857,0,19.761680989351134,23.42451373613215
4557,0,21.03861939363943,19.62444074410436
9081,0,32.128094165913105,33.81964836840287
9177,0,24.58189555484706,26.97209279236701
8588,0,25.670922294572925,22.756073183151724
1030,0,25.25537201490424,27.980627136925555
4470,0,27.681208657860864,30.37618148972774
213,0,22.06830264672685,18.212610923772964
8690,0,41.624911532812895,41.72148012438152
5738,0,18.78889798780151,19.858528302309203
1211,0,24.059384969865867,25.00577259332156
5480,0,30.39797345916511,23.639030259635998
972,0,20.91029658597021,19.145115221110128
6919,0,19.938865784841198,18.475602670614432
7732,0,29.299789689293263,30.236379806015
555,0,25.509927612456778,33.911046085353846
5154,0,23.239907803651846,30.55636868050289
9415,0,26.927917228397597,29.945323187476124
2651,0,25.421018081426045,24.35042545212896
61,1,30.92090019578381,29.52547552342704
4285,0,20.63425519329344,21.844989746990628
5603,0,26.246456525913537,24.255343149496696
7923,0,30.560996370300444,31.00489537518015
8813,0,28.412283502059896,36.31290648474197
8842,0,32.59898306737325,31.377764649550734
8848,0,25.880185473284044,28.456467753064963
1526,0,21.215804972740266,21.846661225702835
6718,0,22.023340296867495,24.852664277221308
6083,0,32.16708632815536,27.0060935611637
5305,0,23.720602358813665,24.27875362541301
2512,0,29.826725095906557,32.20705586572144
7807,0,27.56894959779854,24.29522270171731
7939,0,30.49593359615594,27.316891459305083
9759,0,47.899081242249075,47.460763072683996
5385,0,24.973205956650926,30.466102268319233
8455,0,29.168549505766922,28.042111133929854
4915,0,22.422745766107514,28.048142062347193
1727,0,25.353692044684756,23.93822155549119
5791,0,22.234025188287077,26.059019642250306
2536,0,23.405837037755767,23.80962838227717
9657,0,24.53897742632715,26.20605606309397
6315,0,20.65732722476168,20.90573408390387
540,0,20.429411149843478,18.431368711046137
4077,0,20.407774953320985,22.520479369900528
6444,0,38.409429824959574,36.56263963380446
1453,1,30.081863851574276,25.808869932408168
9587,0,28.41024071662783,28.276016256161085
8098,0,22.59809783000641,21.17402777559761
2175,0,35.00610347766047,30.53309051796187
9722,0,26.391563849218105,32.562299217362984
7059,0,39.56315086935862,33.50009289648148
198,0,19.79034947790835,20.008505419278208
1150,1,21.96935286587269,21.791876014772754
7335,0,30.706804393528515,29.406022544121793
1834,0,22.599549167855155,18.82299620647168
2170,0,23.257659691766,27.84622805248805
5724,0,23.3698670054881,26.70058055199005
2877,0,20.766774519054003,24.849724958176413
8286,0,43.96166922653684,47.36064720626007
3119,0,34.716340253432286,29.414415736611378
7596,0,27.247836408029936,27.069597477585564
9314,0,22.830687604767085,22.618965938259198
6239,0,22.95358161590805,27.363989577813765
170,0,27.640919527505293,24.902910102777472
6562,0,29.23032505522302,27.658026233221086
7333,0,30.907822685150972,27.260509225855813
4465,0,22.476429978533073,22.259730484889495
8414,0,31.767963180607143,30.671158958556013
7523,0,26.59610400547451,27.091385614350152
5061,0,28.046165227544467,26.342989650114315
2054,0,18.938031845756097,19.17427006402377
7828,0,25.442175989920884,22.140876484909125
8486,0,31.590296874315506,30.823825842919987
863,0,22.460889505377875,25.090130237539594
3515,0,21.33890230169876,19.096451230860193
3181,0,27.29325273107529,35.45153714406659
6964,0,47.68797330366536,43.54980377911874
1458,0,22.29416790029779,22.53786828136538
5313,0,32.89490971387654,27.536669829405174
934,0,20.670524935629786,19.145683406566597
5970,0,26.69001980718756,23.21658984508432
695,0,22.273841938741892,25.59037318473799
9386,0,20.586083017375046,20.44692104231341
9697,0,21.594543419750842,26.243183191157737
3477,0,37.71516422391237,34.106185152612426
7696,0,20.38183304041332,20.881046061189682
3615,0,23.734888514892486,29.44163066166561
6593,0,29.134138009150746,32.779039442975105
4750,0,22.790659654961253,25.890832785282544
2517,0,36.34482594546627,46.630531335487944
7809,0,30.595479902429364,26.99438362061245
80,0,19.19188206964818,17.466391525903724
2859,0,21.456485978107082,20.39895103193274
2496,0,20.36445849417668,23.47281403387183
3778,0,26.074564592261837,26.73972679670323
9390,0,24.94511033469075,21.518191965240753
1283,0,22.192605718091453,22.161122995139287
9460,0,30.41772734638628,31.199879733409713
3415,0,34.573635301491024,43.831538052995285
9043,1,25.8198635304476,25.698635852954293
6955,0,24.336321795465544,22.136127964358213
7330,0,29.59347017791512,31.111722784787045
9041,1,22.11348199445068,21.58679479374588
9754,0,18.71882166876969,18.543597676706213
8809,0,25.473600217010418,27.41930977112405
5814,0,21.986532310639376,28.640207208976076
3880,0,19.6120665697269,24.179746042157596
6259,0,35.13363657490837,29.68873672420282
3166,0,31.10901894519264,36.68647093278733
1542,0,22.85853264843212,18.51665821920592
264,0,24.443364288188096,22.89855667678381
1959,0,35.47594281342871,30.437251527689376
5374,0,22.39327209413571,19.952389605183765
7038,0,32.49931160381065,30.133812326397486
5426,0,23.73952733058403,24.130174957818877
8463,0,24.59832356926277,29.16036666772945
1885,1,27.800240025452975,24.807596750324258
6804,0,24.845262571038354,28.359176233882692
4256,0,25.68054888265613,23.406730133881986
5723,0,22.944555879768885,24.541263456312986
8130,0,30.803415852257277,27.681110923037075
5354,0,23.034943088559377,31.108566776110944
298,0,25.382893710483323,25.43907694066486
4106,0,25.305505600543423,29.312275357385534
9431,0,33.56488793648291,28.624344479729984
4370,0,19.07120231380054,21.82649566592089
2817,0,21.24530295369736,20.716241387925123
1413,0,28.626489564941473,26.280105433903135
7916,0,21.525716597530995,20.127123452379035
3918,0,18.690710297581575,17.653510912334877
4408,0,26.39704311889875,29.657002746427054
9652,0,41.6197699469356,35.70384860007208
1234,0,19.747838889471495,22.981380909050262
6041,1,20.532367308000538,22.310645353485913
4757,0,35.06272855013348,34.03904740407139
9234,0,38.17918341238999,31.006813401753803
2621,0,25.935659682204502,22.999377592590083
1161,1,38.6624502567137,38.256146982794704
9916,0,20.18593770102386,24.54569695015852
3598,1,27.201894533036935,32.5257368254866
8843,0,20.56639826313274,22.761836562677416
6008,0,46.87141775861165,39.55902190641525
6405,0,23.249061415196763,22.645657314257974
4756,0,24.4525535143953,24.51816297219542
8144,0,23.848127541725823,25.205303882516482
7428,0,28.00838153887096,36.61406257463351
6210,0,28.477189155691956,23.72611456116085
346,0,32.1032593750985,32.67181622643719
8602,0,21.3575331708531,25.621849308970642
2408,0,25.022924372064168,21.298984675893646
2403,0,25.45881329173259,23.371114188383945
3320,0,30.86909242097946,33.588147444696645
2119,0,22.26462747189162,23.360544507027555
6903,0,21.875645223809226,20.26756117862078
2554,0,19.396183522920126,19.257263096274755
5099,0,26.550682409322913,30.921399970870553
4280,0,35.87619429805952,37.047208380631965
5000,0,27.302977151843816,24.886761826859704
6438,0,33.37604611841453,27.395877795668273
7185,0,28.54132974978291,24.426706145647376
4934,0,24.213708077887496,22.624086207804922
2692,0,21.502689287653745,21.719581825888135
6650,0,30.33585091074395,35.916520685701336
6674,0,36.39467521983332,29.491556983914865
4089,0,48.18244944766619,41.91219992904354
9491,0,21.841485789312262,24.172769147241087
6590,0,28.276486734882102,30.81118908711689
7079,1,31.498069424819224,30.43211566200649
1786,0,23.959177066536718,26.24058134686952
2872,0,21.925096867945623,26.720191960576955
1116,0,19.90216665133573,20.646787974839047
3801,0,27.02438458202569,23.761842770709574
3093,0,25.81382525672625,24.7243931693623
7633,0,33.19729626327451,35.611563358885235
7452,0,18.98975541066135,17.584697994083175
5345,0,28.007946820564428,23.923256867634798
4683,0,26.12211943074919,22.182492449871408
2005,0,25.4385319613425,24.990191392471175
9865,0,36.04005165253207,29.647447564407106
3212,1,23.347476981593523,25.694016026357197
3780,0,24.493321765157887,20.892053618163235
9075,0,31.82025206492114,29.608399526943384
8107,0,34.42576238818219,45.076313486235584
8147,0,26.677128131947875,27.273220039698472
2836,0,21.62436671921067,24.73855897705769
7902,0,21.32994016682251,21.973203813502522
3852,0,27.537213133986512,25.080567938115887
8896,0,48.386738039103165,41.885267096801336
5089,0,40.45787479782837,40.00743441812773
4259,0,29.987201353771955,26.40690050281961
6424,0,34.33112462519504,38.517035561498915
4726,0,32.39944563172894,29.02763843258773
8478,0,28.671489669791043,24.215479723352143
5213,0,25.780049453256165,29.121912457480654
4860,0,23.424678323107706,29.352834124798182
621,0,23.23245650802867,28.148654415010505
2493,0,23.11358837468496,21.59972631106505
43,0,24.918264655412557,24.807639984269358
8492,0,20.954721623689817,22.988734911670356
1022,0,32.29274655200891,36.646435372320305
8973,0,36.46186518436217,30.928124396474697
4867,0,20.11921309752455,23.268491794545593
4808,0,21.92944552338337,19.455850615390112
8109,0,26.093004122795705,24.03418275829399
8929,0,20.86509304759975,19.713872129974565
954,0,24.35555645400334,25.55242205919341
271,0,32.43691800311681,27.188227847893906
3594,0,31.04531612071407,27.035947735114217
4851,0,35.84865384869933,38.21522177196663
7685,0,51.7217127692309,44.547397467982286
7295,1,28.568979160944966,32.05064743020876
1772,0,21.14427952136651,21.28331211033909
8714,0,23.68797598370913,20.784786371377866
8366,1,25.502748419531578,25.769160941116144
1099,0,28.892593728227308,23.270816617160015
3805,0,20.58381409507877,18.841736571171683
2082,0,25.481347778098588,25.658547611072898
3127,0,42.06140170416347,33.14263168511319
499,0,24.030804864897046,21.844161834237216
3192,0,39.019490868706484,32.98339896596596
9949,0,33.1402264886081,31.802098930030194
1936,0,25.87548008124284,28.976329376267287
7793,0,33.50715611721634,28.416753652959486
6915,0,31.980082548487445,33.823680405070135
5768,0,19.644469026758703,22.473848066961597
6059,0,29.189404040540378,25.932767367305214
9588,0,25.092035236739818,30.812578694764504
5225,0,17.688172448319122,17.641132588117184
4675,0,37.13031664649506,42.35862668138233
5483,0,39.783387291942404,36.59453547769788
2421,1,25.683605643700492,25.281221152791986
6931,0,24.81163230499965,30.590225937846597
4653,0,36.69428231519936,28.980894855463486
1067,0,23.048807143071844,27.700765579118997
8055,0,25.41314888468797,20.845534458231054
3481,0,20.654411639016015,19.077321067611845
6078,0,35.84695361259982,32.37500667114273
7603,0,32.70550943839568,26.336135905981653
4050,0,32.203885107531136,26.36475706553346
5843,0,44.06448387021466,44.2709397660569
6219,0,44.130479663154254,46.26245437330413
8784,0,23.486523096647595,21.46837071310891
7355,0,22.47086604339827,20.634765581886132
1378,0,30.80406903073738,31.3414209789649
4234,0,41.26083964427448,33.78527039732077
9628,0,37.39730931100552,44.02321930046801
6785,0,29.279925857597494,33.03565075806089
7997,0,25.04072519298776,25.663937597980613
5771,0,22.0367765921802,22.912997557928275
151,0,30.43290831954848,30.302875911560303
1102,0,31.784826556006536,25.759737278954862
5399,0,29.21522453496204,34.43046553974221
9144,0,23.7958008094364,23.622187438132627
9132,0,31.56655097798476,30.865760565165996
4710,0,20.909994480769523,24.720542707966985
2122,0,25.072629562129237,26.778597488929712
1905,0,22.658955919549744,20.875452071625602
4257,0,18.859150359907595,19.45743326958528
5860,0,19.057214135389835,19.905785398521243
7357,0,27.264184491187972,25.962830983894055
2475,0,25.134200822294826,23.31191303219422
2899,0,33.236301477506146,29.091812030500954
1836,1,21.90687622145351,23.818843600316754
5731,0,30.08678692334874,35.262931224362376
8573,0,37.21281078325876,38.0259646241612
2903,0,26.058186759783926,29.18869240398534
2064,0,22.795303236397693,23.170413815921204
9937,0,24.905946907279667,20.697097828645276
3399,0,20.899915873299584,20.402526961814427
6479,0,29.506318143462444,24.55721697820562
6846,0,24.62914314643752,26.526596162772424
9852,0,31.56137568844065,29.89202035533172
5799,0,21.729993105971626,23.467287519385266
2502,0,25.274119634871024,28.223824522561653
4505,0,32.80088260884564,27.644314343019147
9008,0,20.183828065125983,22.106127817168257
3872,0,36.95457724993286,38.30430428072995
9589,0,26.389553745440583,23.407764795933687
5217,0,23.046100627793173,20.956275663399353
4000,0,31.639514341893552,29.453776414087805
3776,0,18.60269371850001,20.843694173850306
9725,0,27.507376484726244,32.060650711740536
2180,0,27.600857106343714,29.442682847467196
4028,0,24.21749242746709,23.16078881812975
4976,0,25.431708249756912,21.784242071180685
6291,1,21.825070820248325,26.986938055327027
2640,0,22.248093174256898,25.548991879218253
2535,0,19.962834095249807,20.17566189231976
3584,0,19.971298850322462,21.27814958925247
5460,0,21.015371820847594,20.744059959273866
3375,0,22.460791132390057,19.125946539909837
4208,0,19.500463560638693,23.581677491035194
2259,0,28.109895043453246,26.334576216554648
2645,0,31.323373320651605,27.483016355900507
5496,0,20.427446532861076,23.8497142290566
3422,0,25.913147661096524,27.01276502160449
8547,0,25.742686234588184,25.544555366871805
389,0,29.111889161578212,26.52448127040557
5253,0,21.761797414247468,18.917855293301205
24,0,28.08471152968858,25.987759013942576
7641,0,24.53336658101036,25.841221479843067
9153,0,20.5586014131245,24.26641074460869
825,0,21.32950283111961,24.829863188058525
7168,0,23.18582829179618,25.032033971468305
4749,0,25.809951470705602,22.582191407342712
9851,0,37.60924268032479,29.27605311721554
1487,0,23.88669120572169,27.801504592682825
6481,0,39.63379608843942,46.53010479848883
7513,0,23.139714864377865,18.965698259917687
8088,0,29.4633582695752,23.66147022932711
2832,0,30.698988200766987,29.491514510841768
1837,0,35.85374159822428,34.78235831062825
3934,0,18.51197048388328,20.919941917463323
883,0,22.7804861041847,24.627153812905647
2835,0,21.077684417303136,22.856655749660487
2072,0,34.784247911909176,30.772401637078293
8220,0,24.591318040595436,24.473700920397704
5998,0,18.944887587999556,21.35122307952581
5077,0,26.772593921433334,29.89594340610463
6038,0,42.97919498935242,42.7168955998725
9385,0,18.448950198121082,19.768175217462367
1392,0,29.639672910331814,25.504101595089065
404,0,30.369095232127293,33.862224485324106
2551,0,37.5758376623211,35.36028564718107
1358,0,40.29808577261374,45.166734409201766
7175,0,31.085591483584324,30.16611519689069
4733,0,19.13591144942784,20.802364849429548
381,0,38.11446111077299,30.309679563148602
9414,0,29.11371800637991,25.784465675003812
2615,0,41.44692327077182,40.580379192318794
4479,0,23.238836704642516,20.785957142713965
9894,0,23.558189786277,23.1200979739886
1006,0,26.64290331604,34.09589677723253
1825,0,27.24194907496104,31.620782388686095
9009,0,31.556577956978998,30.359423699766413
8347,0,33.17603420061179,33.293149171103614
1214,0,29.0227750370659,31.63189256080608
8590,0,22.380307318698826,18.483066178738984
6707,0,29.829613494370285,30.66131428211514
16,0,22.881553205735678,23.035369078996144
7844,0,25.229889232447952,22.089644769954976
3219,0,26.322139547900292,27.85519327720749
6514,0,25.58262543831891,23.04298571475549
6940,0,23.424749956956248,24.477961960738625
2059,0,23.3398383145219,30.305880114122637
4472,0,18.470840548261126,19.75102145145647
9758,0,45.75776883347508,47.79108126948202
9079,0,19.399710659427296,19.232660932584114
8102,0,22.350233844828715,22.832421058161355
1455,0,35.77725187166785,34.87363496028792
9814,0,20.415210771638435,22.66247757087193
7235,0,23.843748787925232,25.934979270742563
965,0,26.180462092840294,21.60078199044329
3250,0,32.37897279681983,32.42368644790393
5625,0,23.43681329645477,24.267204038042088
9269,0,26.86124845419654,30.816503786784377
7676,0,17.541456841179535,17.684366562434676
7372,0,25.809653657200197,26.50160256244788
2807,0,28.758430425960483,34.46093950855714
9306,0,28.478370347346665,26.61127685521977
9195,0,48.55751687396217,38.04060833408716
6131,0,23.70946617089807,25.86341988543592
4357,0,30.981950926114298,26.592874750937632
6633,0,28.17244214741212,24.502032999617125
7150,0,50.98182981809159,41.35526164635765
9203,0,21.49532365148597,21.450873397137624
184,0,19.268245056734127,22.448788692351375
6836,0,25.604661375542616,22.371873737977992
7537,0,24.87857874702462,28.26117058000084
9222,0,28.983939932842105,27.96352176056609
9742,0,31.549276490304557,36.70964031069069
8428,0,21.477508173500105,24.043007563407443
5630,1,25.68180946901366,22.61372549699184
5229,0,21.258518694422484,23.086427801196297
1436,0,31.348466338247373,26.81269605328637
8175,0,16.707692061206696,17.39711282407966
586,0,20.516240877788384,19.07269022790225
7639,0,20.86841363226543,23.422494045896965
8517,0,26.486834985444126,28.133925687239714
263,0,39.39474305369346,34.51189884657142
1828,0,22.011781219184538,24.862123753276062
5219,0,44.563329771014,44.73511849880148
2578,0,20.440512946875284,18.88183774186051
3152,0,34.04235477400814,42.44332715288305
904,0,26.84796913399208,26.233449172375913
8834,0,27.16983826075584,22.351988539652535
293,0,22.198199721613758,19.48246640557071
1860,0,34.59857406356481,38.807788115422454
8137,0,17.042468150969377,17.712470024662643
8853,1,30.816507348293108,26.306090816394498
7130,0,28.3598062729282,29.22525239648851
9574,0,22.68541895432829,24.00127804296543
4611,0,29.831876540649393,27.3169929225209
1307,0,27.53888307238637,24.082671181073295
6616,0,34.25003939821994,32.28751466842721
1795,0,32.82300549656259,28.64898379970809
7074,0,34.17441428052722,35.813888849852674
5380,0,27.07307430288448,24.39689665873771
9667,0,31.40085399514576,30.642878331740228
9993,0,17.36240137808817,19.095353910363876
3328,0,18.654739703143193,17.10482058622244
490,0,41.392592679099906,40.283935993245464
753,0,17.405466962125445,20.23409358827881
4503,0,26.281611060751246,26.179431642328428
8419,0,26.852726621061528,22.68102739481639
2023,0,26.78710843801636,28.76776888734341
1971,0,25.53035328490674,21.96745312379575
8747,0,27.036918965878012,22.89012360097316
1043,0,26.059777866190107,28.038128676349196
1594,0,31.81289711483407,30.34612889826631
750,0,25.640100266722982,22.874507105677257
8238,0,18.934470871320453,21.27153000611618
9483,0,31.37315897964373,37.25402968565968
75,0,31.32559884143167,34.69142790692792
2656,0,20.506281816453978,19.262444694728615
2948,0,23.220389847706965,24.050737579043158
5377,0,42.46609470529421,34.602625271732194
4074,0,22.4207055745957,22.040621151959265
8574,0,17.020372234223775,19.36405002905609
9743,0,21.347285175408643,17.870451188288794
5392,0,24.876423192216848,22.278717561826458
4134,0,17.90200536355984,17.28961453610385
157,0,22.66905826964162,23.774210286882028
7716,0,20.901592271206237,19.574163509455296
1593,0,18.347193882909092,18.315166239576758
5796,0,30.839262762341434,29.183996447005793
6061,0,36.05734860901938,35.03629080371856
9159,0,15.851769586110901,16.699860126220848
3372,0,19.122349668834957,17.766541422748237
6828,1,32.30212798225897,28.93568831269956
2946,0,28.551632224329254,38.07925455896415
1400,1,31.85896159118833,29.217131431056814
9982,0,20.565029517358276,24.693252263279206
3860,0,35.50532088805486,27.85670830279922
1624,0,37.61238011183691,36.889841947292574
9383,0,21.924279202845383,21.415256822260268
7263,0,27.200676641183126,29.1914483898991
8371,0,23.69418508423198,24.116205457807734
9751,0,20.45861804757137,22.89055130202023
4561,0,21.051923391486504,20.06260925216886
7840,0,28.686519693418745,24.650317669377685
816,1,21.951178371757493,20.15608270075379
8636,0,41.417459480269564,40.48594815062874
9331,0,25.18832526103342,29.811131913319056
5011,0,24.812817603646263,29.75327170205093
5548,0,28.525118032274108,29.50072724784836
7279,0,17.83549126560227,19.232856798543857
2887,0,20.9697917327109,20.522623181224155
1065,1,27.875642574267157,25.773016426919416
9761,0,25.69960799055051,27.684910234077567
7193,0,29.06285407480467,23.650854214600276
2434,0,19.6692652826005,20.026506042253786
7030,0,21.664688175575343,19.72599924799377
4025,0,33.96960961585606,26.563825209967632
2952,0,24.832006142932194,21.80725126632998
5582,0,20.194757374572028,24.073412931756767
6104,0,20.842727358425215,18.591200054800332
2527,1,21.2594350743257,21.785422822059015
142,0,26.10892668620777,27.0116992296129
2646,0,36.96886268307761,41.06642744384258
6107,0,28.276180083007397,24.94876240862882
7977,0,22.72201798865849,25.41099372676182
762,0,34.78379106301488,27.344088788949392
3891,0,21.437103066298523,20.3694310163888
3710,0,22.810920932529417,27.20348171468154
4987,0,34.114962610140864,34.74747564602873
6730,0,18.708279952328148,18.58089505636728
3696,1,32.50021485249633,34.75018590479926
3282,0,23.50408541616253,22.317345450424828
8612,0,20.387978434698653,18.82969862598545
6102,0,26.453347730991478,23.475519337276182
8638,0,36.530782595478115,30.43943289540299
1213,0,19.570259295947594,19.120609120612105
1730,0,24.833511287574066,19.736765155199272
6498,0,21.23615642163121,21.828253310505577
6211,0,24.968179182409507,22.925108733611548
7156,0,21.357607951869667,26.57498573803922
5766,0,19.3919628728442,23.472782062202032
9461,0,21.762039614628993,20.962229627705074
7974,0,32.5909774514683,34.98663760230203
3747,0,20.009988845353853,20.854690783053233
2108,0,27.581855304668693,34.90213947330913
9683,0,34.73916862906677,31.628838294856234
3307,0,30.114793028906085,34.93904365624216
9841,0,22.809129209020433,27.238499911290006
6248,0,24.757743180159387,25.120539553612797
4376,0,19.93245766272343,21.720619824841698
9438,0,25.20470781989618,27.223911932896307
3935,0,28.33065149328875,25.482277484821058
8994,0,30.876497920960404,31.441162259031877
3813,0,22.992646429501193,22.70498893315002
112,0,24.19057134854231,26.25075784512144
9129,0,20.84472611834643,20.173248914345525
3123,0,23.951733121438888,22.987601426146867
1255,1,31.790983802712592,31.458834967371626
1943,0,24.379167133453752,25.58591120023206
209,0,20.58640470628806,25.69710405582443
5343,0,17.60791911642896,19.612986603017017
9122,0,20.85578972928116,24.633705310389963
8594,0,18.312731388155104,19.121673120289913
3779,0,25.95828579620549,29.811994466829862
6427,0,27.539232501232572,23.167226098641567
5635,0,30.181470122038732,30.429941172532267
1503,0,23.343687802937126,24.047234389160632
5530,0,20.289623840510764,25.288481317889207
6631,0,20.3708220174334,19.966893689326028
8192,0,24.87345584167146,30.611241224545086
2790,0,26.529812003674976,22.319731251414893
5969,0,31.288677955221864,36.34075624788712
4433,0,32.24891238458037,32.64912026434735
6765,0,32.92625281392693,28.657025123672994
9824,0,49.80469565373276,41.51342899067663
9063,0,20.356304407855184,19.642575621212888
5128,0,24.962172465327534,23.002259265373727
7203,0,29.27675906589461,24.43207842139107
1696,0,21.105946374178757,21.756086324765104
2989,0,30.562529722059477,32.83009382312734
3948,0,24.385091374902338,27.70110838593345
2231,0,32.43204430414411,34.650042383184925
8726,0,36.20634925364729,35.55991074290432
4600,0,22.535428408849462,25.312337686741593
7905,0,20.971188994749753,19.892601964305797
3945,0,24.095209356724176,30.38164733764348
6911,0,25.620320618837905,21.791035185608926
424,0,35.072371948399585,33.99406371372141
6072,0,22.54024639109805,28.052552936172056
9278,0,28.154559905138438,23.40182972606628
1155,0,22.683353519933128,25.86164524783754
1481,0,26.623428704363462,26.349017969850472
5993,0,23.46899947331925,26.907878632848096
793,1,31.818907881562726,35.196487808622145
2033,0,29.615141635175952,27.24658561791277
3986,0,22.186903515578997,28.194267416701546
6250,0,22.478684017883857,22.69477713627541
8802,0,29.71441445306508,32.94763434709991
9978,0,38.08360127496637,33.63939472714518
751,0,28.07150771456079,34.13962577535905
236,0,29.557985736228733,34.99823794879255
4272,0,34.51912768772158,29.59697709355398
4679,0,26.873005926686155,22.66018503196786
8731,0,25.035342669029866,26.003321205052764
6511,0,34.85425428224651,36.038935570559204
7334,0,33.18021264286724,31.766077624385023
7300,0,30.579158375983713,25.929818630870585
879,0,39.306317381643126,35.54393323337162
4686,0,23.91134977810539,27.91041389975339
4830,0,27.49569243826132,24.523534121517383
139,0,22.676601605427706,21.320578249129657
3808,0,32.93493636366209,31.480134337745724
7024,0,28.461487688549283,27.97748145229889
7365,0,35.462979429558594,28.116024408369874
2825,0,23.929105402737953,21.865589523008662
2156,0,23.105545128853098,26.231778792676092
6522,0,28.408135900216127,26.63347618110079
9616,0,22.677061236291248,25.02330762192583
2160,0,28.889668589676596,26.39112148689741
7564,0,28.46023534231563,29.88688304341843
2350,0,26.215323744578882,26.996627933967588
7988,0,24.92158440894723,24.12469980548076
3561,0,19.299850163207203,23.415047626961886
9892,0,23.05168594710672,23.16207218055287
9054,1,21.352635438657213,20.831553135024414
6384,0,21.043836404378663,24.10525619893804
8245,0,18.74424576094276,19.179531854942983
7833,0,39.563477454557294,35.096154293448954
7113,0,31.44531446902032,32.56836288590495
3692,1,28.73097604194829,28.338000806627267
7214,0,30.590127190604964,32.324241895491475
5884,0,22.54308830778146,21.11942460906052
1740,0,19.157126603203224,19.238233443053662
4881,0,36.73243000027468,34.022539360849734
4946,0,21.337963216645846,22.843570596722095
9911,0,19.463424015915923,17.715723854286352
5654,0,31.73899769885321,27.435660131241285
5246,0,30.701150173002667,25.856576232259968
1082,0,25.889654733177046,24.30627596876866
5838,0,20.208232839905218,25.396293115079807
2760,0,50.019745901956284,52.02674035640591
3713,0,22.084585496669067,24.337185088642844
4938,0,31.137599552514004,32.652211165759404
5272,0,25.612376504043382,24.052965426493852
4210,0,25.661046842257285,21.832110270001127
8667,0,35.13738080616392,47.48985537313509
6909,0,22.263355500813894,23.12693574711684
334,0,28.174197224415774,25.265038126768804
6341,0,35.014391100881234,28.554896564543636
9996,0,31.223157136451544,25.572734040011333
6088,0,48.79309403110699,45.612107760893245
3504,0,19.317364488352617,23.627698148549474
8424,0,23.939507302489254,22.651852636361365
5941,1,22.34566026566989,24.19352686315326
5948,0,34.47951152478162,29.788522621046816
7543,0,28.047520035480563,28.154055809499308
5980,0,21.877571331122862,26.603397738692788
5858,0,34.64441899376458,37.119228991466045
9232,0,28.45380851837782,25.248000702633927
3650,0,35.537548127057725,33.86723432095516
3533,0,25.222409192682964,27.59050941206015
5825,0,22.741405454040336,19.68219313922387
4457,0,25.249967973041894,24.029240138127328
165,0,27.91345560179547,31.310710424707768
5327,1,21.084520960834677,20.709890898964794
1869,0,19.84753243861107,20.344038683156885
9442,0,22.834829872765816,21.669386921739733
2490,0,24.214915156222972,24.59910085653214
7607,0,29.478665074648763,35.55133231695403
852,0,36.26521231157928,30.472295016264077
13,0,32.549524051437835,35.30597437498814
9680,0,36.16916389279486,37.556193893008654
5274,0,31.148833426971834,35.33651907243513
1038,0,19.808450475422383,24.83674031846827
8630,0,16.756683160955486,18.074484126171416
9987,0,24.289789821344684,27.476412449116054
5155,0,31.444502137597702,26.804128682120425
8613,0,27.010411976398053,26.38745320254933
3377,0,21.235595510213788,18.164834192178645
7351,0,26.364252698550867,28.130562804719727
1544,0,33.868456352915366,32.423667020796564
6853,1,31.331264034353914,29.673507296264788
8956,0,30.830187646898995,34.062701493185536
8826,0,39.78076613214698,35.19597046182179
3113,0,21.338278296327395,19.904947932603065
8489,0,35.66912548963954,35.43575884175369
2522,0,21.485132596926046,19.1034423326893
3763,1,27.16932488376308,24.69482485268902
1886,0,30.13157526306325,36.17235586360583
4186,0,43.30434627851024,51.677021601178154
5955,0,28.90053853935353,35.95432463224586
1970,0,26.877733245439565,25.132595203451405
3599,0,23.623448257507384,23.06009517439206
8960,0,35.057953804446704,35.2637067959231
3855,0,25.500833560587058,22.81981176835592
5261,0,27.29168845689803,29.841593203354623
2483,0,20.634606269280102,25.58658809505607
6301,0,21.001361698582134,20.918467164377617
1693,0,27.1486562681413,25.861732535598193
358,0,28.98125950003672,34.745021318433494
545,0,20.381040928636178,24.24120174728607
5062,0,23.91616088465373,20.763062102358585
1253,0,25.0845430325259,20.629669408827105
7703,0,34.83850786504664,33.37516350887242
1072,0,18.7183686047814,19.44632963369679
3783,0,29.7174655545413,25.694796113326912
3360,0,26.733305057070098,23.93141237248217
2523,0,45.530674728487256,39.34996083206146
3811,0,25.997010440706134,21.800035073358327
2345,0,21.81927230631983,23.08282811659997
1942,0,21.69129398983338,22.53811998726516
7460,0,26.344598770802932,26.577739039950238
6588,0,29.33009104984282,31.672143232783803
2795,0,23.377573848468742,24.460105923810083
3347,0,22.095252165896895,23.724941522793365
6702,0,17.554053879369427,18.18171996788691
3915,0,35.40969819859358,39.16358104794562
7387,0,28.203862906421293,25.146083934862197
5489,0,31.649134813239034,34.8937030808517
3553,0,32.67679698642157,31.497502696379364
9887,0,26.63661005079659,23.50252316615001
9985,1,28.83308747653296,27.795774528873004
7954,1,21.65706210434566,23.129454880850634
7551,0,24.58691915936398,23.99348297038708
276,0,29.267862457765972,24.449618334537583
7395,0,46.380751013235205,41.11080857728453
390,0,19.427359578926986,18.87735421770939
6316,0,30.151207365498518,28.99030089344555
2209,0,18.417536505776106,18.392924106229085
6139,0,31.510093172721202,28.497767875280257
9998,1,27.165745817998722,28.292012561715623
4560,0,24.822633519910287,24.196383996519206
2013,0,23.289046706153815,22.934024836727346
2591,0,23.946425253753297,29.832407083049958
910,0,23.379035547828035,23.701473069822736
1771,0,28.631383128086476,22.905398310058725
5436,0,17.564202873549156,19.91179000868023
5473,0,25.740753358598305,24.143954191433945
3771,0,21.884599973187232,23.11468043846664
6011,0,29.44464747261651,33.3708917314505
6117,0,21.196161642175085,26.159073978481324
1431,0,38.27318512405218,29.023872066203072
3337,0,21.79943513817446,21.24893035954713
2803,0,21.99105585692616,21.289505630902184
3096,0,27.088876885285895,30.79634571572254
9643,0,35.76778373731048,33.019469639414844
4703,0,19.638055662913867,20.633123928523013
5428,0,29.502746339691075,28.771000732944223
525,0,18.346002290660426,19.480560670679953
1554,0,38.56854175299187,34.934164216277075
9127,0,23.133651267074757,24.06160810220415
1039,0,29.907857524858326,37.068580508459355
1055,0,34.23638681021436,27.633719062248908
3815,0,20.420653529032275,20.064012901019193
7965,0,36.60732224412569,29.19260120700899
871,0,21.17399429915811,19.291738176795516
2300,0,30.22943859977355,25.0217203957116
3104,0,26.113879087025033,31.455072359322948
2793,0,22.27932496117809,18.934616727354687
8403,0,27.324498725567853,26.384801243480993
9453,0,28.03337822150352,33.373804548166255
6910,0,23.137960111821563,22.835136549494603
8002,0,21.256648673110856,23.09964922823363
8168,0,22.784966704452884,21.877601005026392
6140,0,25.414694217727593,30.02882456597972
2653,0,21.347541047276962,22.634303073832097
3867,0,23.686250428130826,26.034894161275798
6015,0,31.61663631929606,27.26431873552431
7010,0,29.640023951282227,25.886102971392933
7161,0,45.32191996986617,36.32015947206917
4720,0,30.718921530902623,27.965532192905698
4678,0,18.317945041326755,18.79527364553962
8819,0,24.572060109660825,26.35882964448792
5318,0,36.65547237179657,33.62951973528652
2429,0,26.192419035527188,28.278145890591603
7778,0,18.71723893430266,20.810327799955537
2875,0,24.203961292871842,25.339098883774255
9470,0,20.536928790660106,23.786646765984194
7005,0,33.2991224449253,36.366687314706276
4743,0,25.433706541100527,23.690958189178236
3850,0,22.997752857218067,26.54442631131779
4608,0,45.47422000066678,42.26142016414676
5289,0,24.683304797950917,29.83097710662253
6401,0,29.02159534724183,26.36620763444576
9396,0,17.70203575314536,17.905411886536054
9627,0,20.890524239951034,22.788106902956873
81,0,27.04423865236298,29.586723309283155
1373,0,31.566997415070585,25.769589262062777
8071,0,31.20041300926604,29.514370177977728
1442,0,22.855593042842,23.68386581083792
9034,0,21.02585124335943,19.32506974829654
8697,0,32.38220276563509,34.50384455263259
5589,0,27.14760148925901,23.297311432753173
8128,0,35.98976269041172,41.667068183504966
445,0,22.28885442942618,23.684404176901392
8524,0,23.967490475747848,26.889244448899365
9389,0,27.893041423743327,32.419632158335155
3424,0,29.84923491968081,27.62075323023991
4190,0,18.429260687117143,19.772084201667962
3012,0,21.631824467634562,23.53712784132921
5368,0,20.813984643054557,20.047315404505802
8965,0,38.26993209094009,34.28329998605746
7183,0,25.545016437425524,25.95365361837609
2696,1,32.7643546048772,30.02120567037069
8805,0,21.670476160414037,21.15514011910201
3590,0,20.3305181619537,25.736461350012764
976,0,27.045552210240835,25.55603034139891
9172,0,27.9190544585974,29.966875558710928
5082,0,35.511026908779435,38.55120418558362
3660,0,20.32726749145463,21.89049078137841
1267,0,33.47723135463499,30.47470134255886
838,0,23.121516382750364,22.81762936985285
2840,0,21.2680682960238,20.978350740238636
6492,0,37.38018877778466,32.46261242818286
5444,0,22.894225756737573,25.990044368650047
9227,0,28.21595864924006,30.91006618023687
3530,0,18.750792541989245,17.425104637621242
9230,0,33.00076543992934,32.672666832021285
8505,0,26.15417934641258,28.674026565186786
3388,0,21.647055796469047,23.253692435840847
667,0,21.062109774282078,19.40527269551849
4404,0,34.53861242248379,27.135147683359392
9324,0,24.57735041395835,22.251745356288314
1089,0,32.747498549728796,33.64358512361215
3324,0,37.69487377528399,34.69955444767947
8591,0,23.609323709253438,22.963828948025387
1625,0,27.298005161492604,28.51969627377584
2797,0,24.52792483199201,24.211614101545724
6759,0,34.19318835009518,30.37415608408778
2908,0,20.73060039662615,21.14285478594333
4460,0,27.901263891195587,23.56916968118726
7575,0,19.793940444954192,18.82636808902972
7801,0,21.880347766359453,18.436960155323636
2353,0,21.829944024263384,26.496294412792093
2650,0,25.76020582564101,24.976555967854466
2532,0,20.99743509421762,21.319692871949655
6895,0,28.79091621383677,22.70138581788801
1557,1,29.502708158395812,26.36079288575531
2189,0,22.529898302125943,21.595687925600227
7953,0,25.75447030738846,25.66453462425547
2967,0,26.049349470184893,24.535794624557344
988,1,24.941168371235083,22.74352552406379
6264,1,29.54395405318656,28.677909423851304
1812,0,38.20690738366107,30.943982080709976
7654,0,36.354256596656185,31.914143132599794
2819,0,24.954439396715387,31.484577691266367
3142,0,19.13075522981455,23.332358292122823
6763,0,42.11339025888305,34.86292826877605
6538,0,23.801038557818455,20.766343746859633
8641,0,35.021596924695885,36.911250268613266
6391,0,18.842740931061925,18.965810831778924
3589,0,22.489641019569007,21.653628994192395
5728,0,21.429488440932698,19.798258907689796
1096,0,28.15583074108784,27.380179760198743
2330,0,28.83460687466068,23.54660593097407
4947,0,20.288349763085847,20.856772990964533
9147,0,23.444880149703103,28.683547322668463
289,0,41.12849724161038,54.129126519388684
8513,0,19.910353531462302,23.761993671723456
7798,0,33.25203661556554,33.52642686168767
8996,0,27.02728321695384,26.408880022551045
812,0,28.40100859156931,25.637262204040983
5165,0,25.621266346074556,30.174740363055363
6767,0,18.380680275330953,20.341952606154827
8304,0,21.88200131308544,18.59610297376587
9449,0,39.89774238183315,34.58624896705564
299,0,26.454686288009476,31.57805484020784
392,0,23.00792454604239,23.530120732684658
1631,0,23.26539788361367,21.598392010666252
7881,0,26.96155719512245,34.04988741464867
5084,0,26.17535963908744,33.15606584563032
7040,0,32.630175322324874,29.852915562612857
4223,0,25.07894240389016,24.285218345354167
5024,0,36.84590516020792,37.41675585500233
2173,0,26.456398523342145,24.46992486971778
6485,1,19.310191794086034,20.153205893446774
9224,0,29.57977014243159,27.49571802788612
3699,0,41.45041203756605,40.20162113109234
5371,0,30.06419297349518,24.534982980787927
8857,0,23.092431136008294,24.262621362877322
2537,0,23.318169014307767,24.57087935959925
488,0,33.002898078705755,28.091256054160468
4421,0,27.26507755650347,31.896542169379284
7969,0,31.92495949773709,33.0301775361782
3061,0,37.827709672049465,31.37819089515244
3761,0,25.19422661772788,26.991578837312435
3579,1,25.68142118484122,25.65519023436476
723,0,25.180549220267935,21.66008737720003
7511,0,26.538344453011725,25.459908606668414
6642,0,20.90068082100747,21.112281504081782
2476,0,26.00655039533526,21.1332630551702
5136,0,20.43730385804967,24.72619966734365
8945,0,40.87154121757114,37.30714305955699
9721,0,23.523311162599274,26.53306618364817
2973,0,21.007382203822434,24.344408713394216
4022,0,25.33031558142881,27.684671864911042
8738,0,24.119517654618935,29.524066976988188
3225,0,19.84098853588973,24.230832050629246
9307,0,32.326811820931674,28.914044717934203
6101,0,39.705847564237054,45.00900880823189
355,0,24.198440699946858,28.65480849068973
817,0,23.138957771627776,22.179134907986544
5605,0,33.82243776594993,27.279946049954155
665,0,32.113531621559055,26.346207549463102
9825,0,18.305403560642706,22.548074097994157
2267,0,31.65544844597861,25.653033273761476
1322,0,22.080267069867276,21.449271575932904
8426,0,23.90070826107242,21.392924421079023
6157,0,26.916871088122694,30.372103183741284
3950,0,17.019385007189886,17.135841166539574
8785,0,20.04017293566262,20.623902955730752
771,0,47.91958963440316,42.65068067349676
3227,0,22.120639481312562,21.676228117339377
5663,0,27.565312360768072,28.114130383224143
1007,0,22.12309057854138,25.71159180769802
9979,0,19.853868718266835,20.002671640430876
472,0,19.35723940122457,20.04952115715073
6637,0,23.288271310959775,28.33561926008747
1240,0,31.732092162658343,28.66760066467398
8927,0,27.27453599241222,27.505471575106426
8628,0,20.24220516983957,23.361304279642734
5132,0,17.474593228995534,17.70101842120707
693,0,23.19087339992139,21.203037921593314
1071,1,20.0171519590098,21.57294220288412
1074,0,28.50541397237336,32.81115627708301
8562,0,22.823358918723816,20.743434781795667
9371,0,19.570077181629703,23.026224224712482
260,0,26.447850582845234,25.493825658477057
8757,0,34.623233264083424,30.223506011980938
7037,0,23.504876812410565,27.39389188520072
3854,0,26.27833476359579,28.844830744419195
6644,0,30.66255263817938,25.299972261028827
3139,1,24.79833898029074,24.13496355956494
2144,0,28.277448020738703,33.539378652059085
418,0,24.288564662501482,26.82441959459271
219,0,26.01447070005364,28.826611776777582
2165,0,25.97865747219274,25.678303501348246
7664,0,23.703537273265667,20.175417264186088
3364,0,19.531913868866383,17.71357594324721
7336,0,29.01994964510546,26.842161820737637
5725,0,29.7834976164021,35.54878168634698
1910,0,23.659123918765253,28.818792374651004
3069,0,20.73273737152049,18.31764767670355
8989,0,30.598583268208312,35.767001319040666
2052,0,32.95355329836394,27.426811528805636
8703,0,24.496885832219135,25.868304547987957
4466,0,39.88824674743485,33.31004277689809
7572,0,24.21416517777307,25.66203001945275
6224,0,33.616284672893066,33.783643155012534
1437,0,34.72447819157899,29.862171181063992
3498,1,22.851021561339984,28.00003459102598
8566,0,23.958743102628368,20.060794697058906
9256,0,26.43272727963558,23.913139594211632
3331,0,21.175109615301164,21.234822648868107
7948,0,26.72990786923946,29.83636153375186
4057,0,22.887973019063814,24.53821253309746
6739,0,21.53916107627341,21.01155087155683
8699,0,32.960910580928044,28.625097533171868
2336,0,28.731147632053858,22.844456645656837
3628,0,28.04750938320172,24.582746937922174
5055,0,19.956496460615345,19.98739184300417
3952,0,29.63437833635284,24.33988398020093
3082,0,27.482116622885446,22.694694580774765
9279,0,33.53643388287855,43.55018033861238
3220,0,27.305344629223487,30.659864007971844
137,0,24.19385848247042,23.521944356355952
1800,0,21.321804554566114,25.286718768604068
9799,0,22.633307663043418,25.97200121778721
8467,1,26.439197032536928,27.435623320189457
1752,0,26.996276029800654,23.857943521838088
5093,0,57.17467546104614,49.636828476989415
6175,1,27.233013636934544,25.35733634156594
6845,1,27.257268591722205,26.496954293489853
608,0,22.84080511444591,24.047843328326817
8310,0,38.80292924451137,31.344533587347357
2112,0,34.68614216078992,33.07782101898239
3171,0,17.218513021279108,16.963997737015852
7196,0,25.255943405247773,29.491644786294067
4426,0,34.76592631748378,37.581760387871356
6661,0,23.079431953643937,22.58542896775515
7020,0,29.100305245048606,27.004258559439968
1425,1,28.267323614654874,24.920086394836567
3205,0,24.720236337127098,23.6590658227169
9815,0,33.965715441057625,26.898232078839914
5518,0,28.967268091945588,31.908144663922652
6288,0,19.138867965040774,22.121434992754033
8404,0,25.083092761398426,24.448913019899923
5112,0,42.506073940486246,37.22142087434856
3547,0,27.26975860812962,28.637122715876124
1016,0,26.67197892950174,25.010847334987744
9858,0,35.0631859774031,29.403155413313026
7412,0,49.969142467781275,54.35006163162023
1656,0,22.582427121968305,21.3165421176963
3074,0,20.998548365358463,18.229920017167306
7805,0,24.712657888536096,21.68711168237151
7013,0,24.958233648452143,27.75490403128495
2564,0,34.520981880194974,29.852547485674467
6029,0,47.90136288902389,40.47249453139128
8459,0,27.63005122833873,26.039985235277154
6873,0,29.421515696630845,25.790169953108173
2464,0,20.256331425718294,18.575010318576467
3109,0,28.908144918916673,23.380840718797717
7437,0,31.418238601350946,25.985972081709935
985,0,20.361789834843165,21.853227505779213
3793,0,20.78474464863402,19.851544650353226
9264,0,23.561953742945853,24.721244182015
6904,0,26.419693140807965,35.45845771829624
1368,0,27.905331782698276,25.06345254780832
4886,0,34.89663076004797,32.88151409317505
7125,1,33.68328979359982,28.423924955799162
5421,0,24.4637763760625,25.03387587897333
2337,0,24.443896494096286,24.74402202690719
7054,0,34.95896571020421,32.77665183419191
7483,0,19.726982942718447,21.06833630456063
9595,0,25.420048644599632,24.891154637065103
7671,0,22.91095131049,22.54833785720308
1571,0,21.86082227764272,20.44605891159329
1961,0,19.224876665046597,17.497432604257742
2933,0,22.265515902478253,21.153914474806474
3253,0,24.683173134431954,20.12880715339529
372,0,39.68324345856973,40.226413800068734
3894,0,25.64118314483278,23.01576724172353
4021,0,25.85498248553227,27.96250796143003
3403,0,35.07280919340961,33.849564229003185
2412,0,31.923473251859487,28.62601093585893
5911,0,42.16252648710915,47.404091951950996
6185,0,22.794656188979438,21.0636133679542
3569,0,16.292154992883912,17.805115539631746
2446,0,20.175931138446522,22.42007731733564
9006,0,33.62676069360795,27.07456120517669
237,0,21.80066345643241,24.402360881479577
2032,0,29.74122435019842,23.95937303908426
3318,0,43.30417446132457,36.75183242994327
2912,0,27.72825448685618,30.81559350555044
2018,0,21.634780800920986,23.489781200373994
1361,0,36.52232997795086,29.26540541332181
363,0,21.89116867571262,23.957804433041293
3653,1,27.208766810039126,25.837768485621098
7352,0,18.857615603428652,17.40240612004026
3637,0,37.48702937259519,28.19138094308105
8280,0,22.812675841257875,29.713814019936073
3627,0,21.036364615971202,18.971115471050187
4970,0,33.912305340162504,30.391719952300946
8647,0,21.95502745239332,23.622049387871982
2494,0,34.056160078594395,35.50836940745577
9840,0,19.144002234541478,21.690953331084692
4609,0,31.658897314503378,27.609696919679077
9610,0,25.389740978117498,24.298748366562563
8645,0,34.74172305591265,32.73724035045741
7941,0,25.48478494594033,24.32084149184627
9346,0,22.054574808144377,21.2252967050799
8064,0,27.456601139017152,31.34915507236865
318,0,23.852122479421833,24.326815540182054
8200,0,31.226349419928702,28.74169974569807
4616,0,31.78027588822826,30.943509218815308
294,0,45.56441448806238,44.10673419730976
8904,0,17.20872204468593,17.915540669196922
9650,0,26.65310361753671,27.648703836402305
5443,0,38.74831654747432,45.019932448240056
4041,0,23.503127200270974,28.75773205527948
1381,0,27.84829143172635,34.996441784944764
1347,0,19.24602072894513,22.176126500779965
134,0,32.34126737567292,41.90020762577544
8840,0,27.78373534707941,26.38601831618491
7897,0,22.208245904796478,29.841421481849423
4809,0,34.507768033625936,38.602062260812744
7291,0,21.329662988725804,23.848527821909336
1326,0,31.997500258255272,39.82652153247432
2286,0,31.53650072457728,26.84504856397833
1536,0,25.738598600317026,28.270092892361237
5682,0,21.466824689377777,21.350749003816528
2690,0,22.84338147329151,21.172141786573363
4949,0,18.485000819157154,17.53281519007374
9484,0,33.521969820077025,32.527513950813216
6998,0,20.19695390026991,20.855640740486724
4844,0,22.202397225843683,23.54886951204767
2682,0,31.11374470121748,31.09744930330633
2573,0,26.551828357805814,28.151617913781696
2938,0,26.461837654549928,26.634280578107713
7276,0,31.40783429752897,32.97392702546499
3817,0,25.19361468184797,28.803838169641946
8760,0,21.681713042976053,25.167248025189373
6365,0,19.903774261294206,19.696453645760815
4173,0,26.400413801477253,21.904354182356144
9566,0,38.55703840187381,31.930975018907777
6742,0,34.81207622750287,32.89250977941039
3572,0,20.71021276427352,22.878473043047467
9062,0,18.597356068654964,20.96822086180529
8673,0,33.15610695025965,33.637971946936744
1317,0,23.26590847957334,23.84662081169838
147,0,21.22560902594188,28.345567312397204
8291,0,35.37806731784044,31.292262011878414
2655,0,24.16164462111762,29.044554949854383
8461,0,27.06545815038749,31.94685427221851
9490,0,23.259718704023012,20.572374588230062
441,0,31.53410494598352,28.650501000659595
3125,0,28.353135381660728,27.539659175002647
5943,0,35.140888410141265,32.43889037359826
6835,0,19.989508082829463,22.043690686587077
8149,0,30.331972067517228,29.509336293408357
7342,0,34.894798818034346,36.865807166170086
5114,0,25.844314043842907,24.8522664521396
248,0,18.372121581041366,21.635947369792053
4219,0,19.42562450275834,21.362729993591543
20,0,17.79153595370142,21.904757172195776
8427,0,25.261717637393843,33.22392490108331
5913,0,41.290173024077966,47.70260419206771
7678,0,27.656587292807494,32.92841192391509
6268,0,30.478699698565304,34.013040625896686
2792,0,32.87250169802896,31.922992660087885
9945,0,27.14462679077301,22.00105114446089
6093,0,24.946215392598823,29.70891189142438
7808,0,42.846894335255605,40.648151431573716
8263,1,26.339982539176336,30.13776749770178
1348,0,21.34449602979419,22.13295828785717
6156,0,31.42645007450429,27.38161063587488
3683,0,19.9733962732506,21.29487829386931
6974,0,23.092373048053144,27.71129961870547
1474,0,26.12729924730332,26.378887626228675
3819,0,25.059874814553478,24.23766882842401
752,0,20.048268826893068,22.261235141940777
8605,0,25.292829257261708,23.31315367304863
1914,0,25.47899461787916,24.07585014513728
9920,0,21.07141166877196,19.775305534536333
2471,0,32.69779353419152,27.285218282376317
7436,0,24.418587419636516,20.629904418766856
6822,0,22.249543598350744,21.052523505587004
6551,0,41.635682871952525,38.52051239961324
6862,0,19.859945463308506,19.136599695086844
9447,0,28.97662034255956,24.386820970800063
9512,0,37.5012483942223,42.10212568448417
4003,0,42.89732764747411,37.28117670790253
8473,0,24.75609182933662,23.069181411271103
1144,0,19.04594641106292,18.483775865373264
7817,0,20.297678486845214,21.69967037573614
7779,0,25.681738759741215,29.37973368256521
4737,0,23.50162155352376,22.153992262156546
3084,0,22.513909881079034,23.01532810952642
7035,0,22.539194864679107,20.73282738516451
4920,0,29.63527539468204,28.250490570480338
5469,0,33.94886381158192,30.890578837654818
6641,0,35.3868621574197,34.770650027538665
807,0,28.596682362063426,24.081449112147254
9965,0,32.196424499130565,27.436347851651963
5541,0,23.86213855438079,24.78838976724303
2991,0,22.432272059496572,20.117988298084512
2150,0,18.63891577194702,20.747092532827548
2326,0,18.53350081889911,20.57434422994474
2070,0,30.742905439210535,28.40188483283163
5646,0,25.140334536563085,25.25634223391971
5928,0,20.1860797571574,20.43219834423385
2986,0,29.52620128213327,24.987134537418946
4059,0,21.14260644819213,20.577558375327094
926,0,17.680422872515763,19.8303858473925
4909,0,20.707893983082467,23.05406288300774
682,0,34.28505627492979,35.602867179831
3155,0,20.30126739468125,22.453505922243487
2999,0,17.342284842464245,18.667126249139013
9162,1,29.704018613165005,30.012107811270425
4491,0,31.424733960257278,26.457668275311537
9310,0,55.31905214474935,45.21366252376096
