row_index,label,pyod_batch_score,fixed_training_reference_score
2279,0,29.972321955085754,28.851640975021866
8249,0,36.71716025823666,30.62667348258693
7324,0,26.74031449901958,24.009871495272613
5527,0,20.017978062076608,21.473798675168936
8719,0,30.3914763315642,31.405349494946016
3462,0,30.489675237559837,26.797142203299067
611,0,24.941477129236596,28.8676306871731
6673,0,20.84150292381313,20.785295952547063
4847,0,30.550945035475365,30.281789186390498
4173,0,24.2204692512437,27.641835081984947
2877,0,19.402871985047017,19.9982782348356
6875,0,22.356199502594134,24.542600047260667
7509,0,21.756946225033044,25.019275089225594
7284,0,27.15509149454778,31.083948850170692
7500,0,21.213411502944705,22.07689608592501
632,0,25.040562341328105,24.350456836508926
4347,0,28.156221914781987,28.458999878202135
6170,0,23.893994639637324,28.728219830049024
3867,0,19.00818610049635,19.871069155049188
7582,0,23.3016066835928,22.25033246512278
1250,0,35.45329101906836,38.94839262217747
5319,0,23.95894851389851,22.769359871235118
8866,0,35.98797381001554,34.641255094687764
284,0,33.23555633773416,28.41101072319509
893,0,39.96488596937627,41.99485392885781
1485,0,26.338267743609116,26.85550842430342
4760,0,27.78873261825152,25.917303149122112
7699,0,30.11911364385492,31.920807034403254
6319,0,19.724912116251776,22.60513722985525
9609,0,24.110684850935534,25.967814358662785
3864,0,23.6841436388578,25.99818679657204
3993,0,38.253217095098464,35.087714808041845
1331,0,28.570596812467368,28.990573943458838
802,0,24.977039909895552,24.1430474046633
2296,0,21.13140857843865,21.41914904673702
1663,0,27.394212676250326,28.717738985290858
6738,0,22.993575176938588,20.98126588070869
9722,0,30.266967527577123,32.37582965682545
9007,0,24.034102202776328,26.923520379898513
616,0,32.0676169519044,32.97671826196155
9106,0,22.864726346825353,23.456033556188135
8587,0,17.15554086257431,17.13261224668299
275,1,27.483677857415923,27.52305099992767
4354,0,26.41071427648632,29.227759954822623
4358,0,24.518386070831014,25.623525342826884
810,0,23.147499428848395,21.983208132695513
6413,0,27.49564890503905,26.078704294955237
2783,1,30.766107981993777,27.4604558908349
4279,0,30.42247614117307,37.141810649332115
2652,0,24.732084834187862,22.558944283627696
2533,0,26.96380815060948,25.42658539156075
6856,0,25.04863217398393,23.385843423046712
6278,0,22.79759558847448,22.409996687203463
9789,0,22.24817833528024,21.727148331857276
8656,0,24.49368169393374,23.58810367680534
6400,0,26.95563018572382,27.07985237660189
1864,0,27.68675308999048,27.282678164345235
3919,0,36.64414686583869,35.71193417749015
1777,0,33.182971711582226,28.43798687343925
9579,0,34.97996562419604,36.083687594665754
7513,0,26.32173221664835,26.077173251398712
4901,0,30.283024518695132,26.379408989505826
1563,0,31.931804285059812,31.734264118766703
3437,0,20.970870436416888,22.479453798060057
154,0,35.486444734544584,30.888716763572504
1774,0,27.63284016190431,27.99316704617327
1567,0,34.066354619560094,31.311009584216315
5564,0,25.082493748661417,21.901917972608913
8221,0,25.89064249080248,28.587716351291952
129,0,31.21540726939388,27.53710427093502
282,1,24.95195925591837,23.167138998849754
9027,0,23.250979471310558,23.48004773265655
4286,0,20.009122766199376,24.158809158463075
777,1,26.076712435072682,29.903900698601543
6953,0,32.86265705145799,27.969389518537483
3130,0,20.792840231166522,21.938664756894326
3688,0,23.672528469381202,22.791734226572014
2037,0,18.24340925822045,20.315474342611
9161,0,26.06115214132292,29.610639137320568
4919,0,35.17999022525365,38.39958198252088
2157,0,24.023981211785575,28.45048029858809
9881,0,28.506686857216845,26.785963336031745
4011,0,20.78032512679947,19.263383400604603
7964,0,29.482801872661064,31.03577682139428
2485,0,32.881820221346125,33.98136905971947
8808,0,34.08143457530578,34.04664191987963
5151,0,19.72669679896274,21.482915677914875
5947,0,23.935106397515337,25.16832445932219
5754,0,35.49478279497486,32.46339837142368
6754,0,20.165530579762063,18.577215969674963
2696,0,54.972867489580416,48.188675895037086
7575,0,23.642385489174785,21.33957118413832
6262,0,44.422066447701575,42.78803883494465
1143,0,21.33369247425205,22.00939664851706
5240,0,27.67524985892209,30.14898943961984
5440,0,19.923733862835462,19.378571829931985
2558,0,32.45658106961331,30.22162661410904
8017,0,30.514710815270274,32.59176343408353
9828,0,23.96959986673075,24.684138500075406
1724,1,23.51316135969231,22.69069066468392
7859,0,30.290110776673654,31.03248437333887
8978,0,36.4189732854834,32.45613594544493
9813,0,20.841983466265667,19.770146574892163
4296,0,20.02652560118389,19.571358646426244
8042,0,24.583962750996733,21.364051715380104
571,0,33.628254267507565,28.430933320556566
4129,0,26.347249882532164,28.33823345425127
8986,0,27.133457062698938,24.374913119236975
6190,0,19.045580929017024,17.515605986945555
627,0,31.420792439379333,35.33639536090447
2649,0,24.196256391229884,27.159433674451357
9793,0,20.909212277076456,21.6733544159649
6937,0,33.01912608645593,30.20615019333306
6631,0,35.661350949968025,37.23095585734094
5904,0,40.4324297770374,40.519611332336666
6196,0,16.752212112666086,16.31336748205378
4053,0,32.80963252027055,28.177766071313556
3117,0,24.808384590208192,25.553181683310637
4656,0,16.172037176261405,15.981476805538449
9015,0,20.464962100295683,21.002515544280683
6865,0,23.037307702418147,23.076280452473952
2360,0,17.713259819028988,20.11808870338408
6696,0,19.565181851104068,18.82771383044994
4359,0,30.005809806878403,34.749845359631706
418,0,19.23592144949822,22.404035124370633
4889,0,20.996803580504455,21.242935801354932
7671,0,26.641288251584665,22.856368341191228
9276,0,29.77613841959636,34.953787821736114
7197,1,23.446063474979425,24.677195617342626
8470,0,29.380582865630025,32.70066814996357
7761,0,21.015686224587522,20.85291927077457
2451,0,21.87229994238193,22.60744339032275
6704,0,19.40046555304181,19.813136891183664
956,0,23.094669257859458,25.136485369089346
2683,0,21.32761213483619,19.74527632402116
6859,0,30.66331387548466,27.702958165071312
2962,0,18.890288539635353,18.75821005623798
2167,0,20.984743166280104,21.9866459391954
1016,0,38.96045501281676,34.48939865731604
2738,0,22.27816667397388,21.447600353300682
3397,1,31.705821198200184,30.14219774361275
2369,0,22.934657186490483,22.90675551916616
119,0,22.76647661281803,20.81149003592018
1575,0,25.294612616921242,27.686427739204177
5324,0,35.40003429211125,30.59493747856883
947,0,24.865255763572712,28.107391745238054
1706,0,46.27711417808076,41.990324994941716
605,0,25.497528558949966,24.263034957965356
9252,0,44.98050534304561,51.4971588283611
3934,0,20.12705782634324,21.20567647929667
5135,0,27.470746599726407,24.652494563227467
3041,0,27.383536926431393,23.96693092057366
8203,0,25.615216974544932,29.2826900434272
1903,0,20.472283568562293,19.6668150029903
6664,0,30.42367563954521,26.690827678306277
6461,0,23.968015378490648,24.91468845673999
4609,0,34.080266283508955,35.7551221245546
1008,0,30.667005553226453,26.754228171064554
7876,0,22.768499301580047,23.693675875816297
169,0,21.52066862658504,24.06548467335296
5102,1,22.55843039737403,20.961020482009626
9510,0,34.28780545235935,37.85462597872125
8633,0,30.98547552455008,34.95807210304565
9418,0,34.252486365688405,32.67612631226701
2677,0,27.330343332259325,24.909764575841255
7270,0,37.483969033543296,43.12451829791701
6251,0,24.59329599813012,25.818421104661134
6494,0,22.301803689025142,20.34043955499
3212,0,30.771322273731542,32.18221727002758
3580,0,20.460290828048993,20.11917155897835
5905,0,33.07943776246987,31.999434193500576
8062,0,20.519146340479594,24.329993355683964
6898,0,18.211061837502,17.60955634039047
1884,0,41.789580067540896,36.62512337433062
4057,1,31.95517354856635,32.54530254661075
2329,0,24.149032022285546,23.50899111788343
3794,0,35.440626063343785,32.823545059503104
2193,0,49.05747490523001,46.76054868043181
2439,0,23.42276787276493,21.19387748292432
4009,0,20.56253482009808,18.701654210670156
7134,0,22.983453769104667,23.805601159782448
3665,0,30.176467337922038,32.786382568171575
5025,1,27.23872090512821,26.689203932806155
7404,0,22.551544291922802,21.729797160823185
1803,0,22.37503495061735,23.33892644677508
955,0,34.31006298925691,33.05071163073034
2437,0,42.923741617551364,41.76331820164977
1671,0,37.13443401183161,33.35153321607561
5981,0,29.43043910869865,28.072546711687963
5593,0,23.940460527665365,23.802069677287538
5020,0,20.613993178057775,21.357200383839885
1394,0,30.326906473545204,31.479431239468017
9868,0,35.10244463282585,30.849884145796267
9175,0,21.05240217709154,18.72822398617819
2663,0,32.74966386384042,38.769013631938165
554,0,28.51951899852525,26.97252381302387
4640,1,29.18236167648585,24.300559972891737
6159,0,27.122592938101494,27.62463378798088
1175,0,19.71916503036466,23.64395431884673
1855,0,29.52731310513798,28.306861925050647
8522,0,19.134200713870186,20.96623746713215
8594,0,24.012334497741104,26.00909813418589
7174,0,21.442960796723202,23.525496686332648
8116,0,20.183564057216884,22.423226557806068
9237,0,21.091704159226786,22.42860830029657
7064,0,29.571271659841635,26.55943639633668
245,0,18.071836620351412,17.772791649799885
1989,0,20.66591127016239,20.28891918395145
4518,0,25.398309673813117,22.232854070654497
7082,0,19.07850934876039,19.159521265256615
6963,0,23.33540355961873,22.45455434055669
6144,0,20.06741999601109,19.07517265934682
2198,0,21.76187049361851,22.322235225418947
206,0,16.793860127037554,17.873255725987672
950,0,45.966393832994875,41.38540842378556
6291,0,19.167753682455675,18.80797332997365
5530,0,21.615718824582824,22.68997956599506
1805,0,24.860201493758304,22.617506370441642
7458,0,21.58356891808361,24.038793687454895
2038,0,23.31578561586859,22.334311973442283
750,0,23.73300713939129,21.951421125690587
9297,0,28.258223573521253,25.505913891355608
9029,0,28.59870262955259,25.943417912826384
8902,0,34.296961940630226,31.56625583617557
1416,0,35.872529667316286,37.00840216381133
4504,0,24.86122568413116,22.098564255984332
4601,0,23.93125391400105,22.635521966900832
2886,0,25.090947128063235,22.43415597297651
6793,0,22.83234189811228,21.444858605481528
817,0,24.115894087196935,23.76925317950994
4904,0,32.79740030959135,33.32997548135154
6369,0,23.680025778033734,27.39884456607885
6037,0,17.010224037307363,20.36534366823992
7753,0,20.498324842445847,22.786401630546408
9349,0,24.952441250111566,26.723235418670527
1044,0,23.808314790067076,21.79882904086339
2668,0,34.14548419793176,33.81805193470038
6053,0,23.542055670114237,27.062606443543572
7421,0,21.606712454958505,24.549538084924777
1677,0,24.49802739447992,28.82507315221741
4675,0,22.73572446666066,19.923707472059967
4381,0,32.51539438688706,34.63344127835902
8791,0,28.918394410373008,30.06260637092573
9783,0,17.827337799453815,18.728327587188275
5342,0,26.494092081628274,22.833321906931968
4072,0,22.553957210150998,22.08044268655817
7129,0,26.21454277860458,31.420846787618313
7852,0,20.3474602474684,21.65050765121818
1,0,24.466015073997863,25.256647869696145
3136,0,39.01689427461102,36.61417039286776
2139,0,20.450858081854097,22.068136927026217
7130,0,36.478183865472474,37.0739700110829
7487,0,26.889561499242095,25.490861335615637
9307,0,17.543842422223065,18.36768666934343
9068,0,26.561603769025808,30.889540057472157
7123,0,18.923534084567475,22.738447604209693
836,0,27.420705217641906,31.094711956265975
7469,0,24.69990292338151,25.847319177076372
7848,0,26.247773725369605,23.521922327050085
3434,0,23.298390950884674,26.6335823504225
8505,0,22.649518668919907,26.705493703577293
6604,0,19.286987446610866,19.436914498768495
5293,0,27.465386686609467,24.00393102929413
8731,0,31.787167561813696,35.284388672964965
2980,0,21.84424748428799,25.9570519256107
7140,0,25.28169358473981,25.23496774908645
948,0,20.112092974953004,23.628461057258846
5443,0,23.925790560158728,28.420095876291306
4474,0,35.50361858044786,35.998741126688
6647,0,21.927122387582596,25.830716540335764
4778,0,27.82769951951298,27.651855159037027
414,0,22.422243482496807,22.41586044102734
5859,0,37.337791952616236,40.3736943263919
5748,0,20.361349279478976,21.668543246333925
7147,0,24.41545553923769,27.76720928020244
3340,0,23.575622824262965,28.20609097944194
1915,0,23.102936392035208,23.867105831657714
3806,0,23.741918841669268,23.99789338126337
4910,0,29.192305111859753,31.26978742054899
2772,0,26.23360058584312,29.072982896428044
5087,0,26.595098561956526,27.684502652140146
2302,0,19.56834328196492,22.225508932567823
9658,0,32.91851881970217,32.27951663154194
6246,0,31.83186123172987,31.099307457126166
2549,0,20.42825782236817,19.417827705111012
7477,0,20.810575919363664,18.87364255406441
553,0,36.99060762709733,38.388155594632416
2958,0,34.011411668163134,30.428795350823922
9967,0,28.68643041699972,28.29607094735529
8108,0,24.6033310825459,26.85141160241123
4478,0,27.18086593269638,32.89471934489322
2259,0,29.87504862353035,25.72577907959158
3366,0,42.77641209867579,46.732857457078445
8434,0,33.72626067172188,42.11834752823795
7725,0,19.67921514951636,19.990033490946615
1449,0,31.236317588130994,28.77028526187586
8269,0,23.27987604656053,24.440803060806513
4995,1,19.26947263290083,23.72670467235409
9004,0,29.97802767363818,31.4668763198366
8739,0,26.580737638916947,27.082296829362384
8284,0,20.559309661583033,24.89676029915969
9613,0,21.802576390042617,23.977160328629683
5594,0,20.75634186537186,20.763919743883744
8350,0,19.303084934959966,21.759185531175056
1283,0,24.87789532960098,28.67639037907975
7256,0,18.390598187058067,19.15255422511108
4063,0,22.208317396086944,25.20047809227234
2413,0,19.377243469090516,21.253958905273056
679,0,20.731721275838453,25.43114042411005
7075,0,58.80820147861498,51.00965440212858
4078,0,30.869596465165202,26.726505139829957
8232,0,28.05521586104237,28.20896100402037
8192,0,22.04435471964911,26.525555405869973
8891,0,31.071468241646,31.75842069242262
6908,0,28.71153113688491,31.449369518438033
7108,0,23.931140293543738,22.931484388275383
2448,0,22.101949462895032,21.434234114542928
3770,0,19.740076431335048,20.89431204818936
2595,0,23.41309807710046,19.217825064345313
8463,0,31.453260519021995,27.720242608518586
1863,0,25.836600308352104,28.797042591317123
6008,0,25.777129733239644,27.110089788197072
1546,0,33.0926023671518,35.00299016076303
671,0,26.734456768894727,29.454812759265558
2510,0,22.725344821857533,21.656338690001263
470,0,22.537720392729828,24.063847640310634
9192,0,27.617633219739872,29.758528195382777
6881,0,25.00586997588229,26.130059046879204
7512,0,25.774533760159294,22.793476956274603
5548,0,32.640820548555006,30.782967704412677
2241,0,18.986551106356387,19.34372828886148
6160,0,29.468177198315754,35.21236913444167
5740,0,31.045890195214326,30.767650108566432
3632,0,22.511053688326605,21.043515689928384
1612,0,22.128751689252134,18.55653324451562
5884,0,38.462000556460254,38.82899061733712
2115,0,24.41798028862971,23.749747989837775
9224,0,20.223564780246924,18.777591549507047
8822,0,33.809160212586306,30.855648220930824
2271,0,29.22433819672761,28.940967816635666
2740,0,28.815418319378665,28.893956397092204
4106,0,18.244663222979163,19.721175100599986
8209,0,30.09675920376799,29.940006300798323
3666,0,35.849612530412266,32.78668045418011
3445,0,26.613777393705938,24.634976456311506
9416,1,31.08433621350961,31.211846361408064
5500,0,29.81701119843402,33.949383716410765
2627,0,27.188512149788277,26.997115242551757
1226,0,22.268819302391,21.392434951438094
9447,0,26.898301705974212,27.219573743904782
5173,0,33.78456337311047,37.44904982762474
4893,0,32.22871088473362,33.88142374221844
672,0,25.03825487640959,27.20758308854257
8152,0,21.88810839934669,20.9960431778796
7403,0,26.9130703951818,24.589363170289978
9172,0,28.221827805040395,30.204575468365363
9214,0,20.698038726446164,20.800505469235933
246,0,18.747516686664632,19.094674139001295
5616,0,23.29238353270859,23.722810522261796
5446,0,20.989973255515945,19.578908120983428
4472,0,38.48863482931397,39.994769083426704
6201,0,24.65307144344122,30.29482560394244
5369,0,27.33447895669641,31.959718080671546
2276,0,28.047193860836447,31.40698019472331
4372,0,30.88674431353919,30.399096094860678
3403,0,24.715558829030794,24.931762419260004
5621,0,20.614034783491885,20.77032023903135
7431,0,21.581746041803623,21.37893256570762
2891,0,24.446774906169246,23.01458601104023
2055,0,25.182552075806598,26.82643230285528
8818,0,26.539376314423343,28.208131006171353
7979,0,18.04856812288318,18.741740111259848
8524,0,29.461982399002153,30.59927397959745
1522,0,21.234092057923966,19.980520233566605
2091,0,28.550394967358447,28.28209015006852
6562,0,26.77503937958639,27.093308246407563
2866,0,22.612218158613334,21.650723491259296
1051,0,31.772778090630172,32.38261611693104
3883,0,24.088787251652313,23.22107046787402
5815,0,44.52631089117396,47.57102471666283
8132,1,24.097205497593688,24.53694918283255
2871,0,27.004975956472347,25.47216156940912
3601,0,25.844589684011734,26.129449992074157
8901,0,26.376444727962806,28.628918329890706
8576,0,21.101228257437583,20.625694179257938
8539,0,22.691085396799007,22.806594960544984
7243,0,31.240810765006344,27.27643856412003
2301,0,29.529241387064506,33.61780160783078
645,0,31.649155059758908,28.921913616915457
3929,0,26.75705299368736,28.275125080272108
4371,0,22.87397248760116,22.503156681601777
3357,0,23.456882221585488,22.76177543464951
8206,0,31.946380878800802,27.689471887611905
8758,0,26.372198868670303,27.248227492408695
30,0,25.695295590411423,24.53293112831397
1582,0,31.20200139180502,28.710701818273858
7416,0,23.789134721983594,23.695342473165447
6195,0,24.261724637818954,22.342057049571206
2088,1,34.13714298702122,33.15066110965703
9941,0,20.141538346016276,21.60193845769863
7301,0,26.10290440947272,26.841673416093347
1060,0,24.262974244045438,22.1247074361659
5052,0,19.46444864347879,21.35324909280284
6422,0,23.11252998860019,22.402726747284408
8041,0,29.825648620675405,30.992409024222958
4389,0,58.74494490489234,50.42172820726489
9712,0,39.128403001178,34.38553526383908
4668,0,23.119054994104825,23.05144541842778
4260,1,30.89937341686718,33.60553202089412
4236,0,19.72574776227368,22.196791772790217
8563,0,22.81948359763926,25.912946372790184
7206,0,23.973054751474898,20.974779744406263
5266,0,24.111663127983057,25.338351575616535
9398,0,18.52266169243687,21.39057463342678
4033,0,30.485976669253,28.209092874009826
8465,0,22.591058060830562,21.102392381896486
9916,0,21.57579357067306,20.49140666960712
1947,0,30.62053373842222,33.67644271294031
8183,0,23.926636388473934,26.22973873779744
150,0,35.4090295917636,35.86478416513085
8867,0,33.77981946397616,30.746227090551592
6192,0,25.311723702777975,28.85064014122787
3522,0,24.645379220279384,23.063617902883973
3195,0,21.813159923987037,22.71169076216722
6915,0,33.239641045786904,31.90871043485413
9503,0,21.725832452887246,19.6903266096408
2163,0,27.128347013026307,32.06023780806145
4876,0,22.80667801808188,23.98779260674443
1086,0,27.823578861365426,26.754567816522005
1078,0,17.81378225020387,19.47877509295972
5791,0,25.345034120020454,25.776061296219922
3280,0,30.59925470775612,26.189303416700213
8564,0,25.967724449892813,25.786563264586704
2355,0,23.949266169497538,22.207148460543756
8180,0,28.23115318083636,26.95251117324837
9066,0,46.67884982005029,44.61162377412804
1092,0,40.28599157841494,43.509444036951336
5645,0,31.97062730323224,27.3879743883466
8583,0,20.88666418694227,21.974870910455355
4084,0,24.49877267778907,28.343169446094446
2212,0,43.55068752725951,37.20537017714213
4455,0,22.86992091151893,20.865384067317315
6009,0,39.16728543150504,38.88493491761648
7767,0,41.02707538996633,37.24984853219835
9491,0,18.855428073167285,19.860810265571153
5167,0,53.98142528307626,44.82648999010132
2515,0,40.40769760147572,35.31436714339818
430,0,30.060632438815915,26.323717668055853
3139,0,33.987506356086854,27.84713071481097
7580,0,26.68378110656336,27.818534652261132
8214,0,20.312561756222728,21.503631536149975
2293,0,20.05472692854429,18.721250239674518
9403,0,32.39316828345065,28.298067826389918
2786,0,18.016601986448897,17.551001358930215
4990,1,30.546864000622943,24.98620007514004
188,0,19.118217196790972,22.110488354602623
3018,0,29.530107171099043,30.93094044501181
9309,0,22.82334152649002,24.04488532802166
7290,0,22.680230773237263,22.245325597520495
77,0,24.38736810529013,25.848028515802422
9292,0,26.041142879509785,26.277388294118413
5625,1,28.921793773819633,29.424868459239143
4836,0,20.827892789102357,25.150771851086844
5081,0,37.07386456272343,34.30080115921128
9190,0,30.597016891905863,27.087945108638486
7523,0,21.077116797400326,23.228934683874375
4451,0,31.501014912738547,29.312314415727037
1318,0,48.76684654378663,42.97731006489987
6207,0,29.447193654788936,27.761770655591203
6429,0,21.881840018900323,24.359328044266658
6607,0,34.223622808121846,34.05963291496546
9612,0,25.546957721031596,24.539221053709507
9768,0,26.815103376436355,24.53830322349375
2944,0,19.734317367884685,21.049620163701327
758,0,20.077926734511593,22.237870453819397
290,0,20.599488818238104,22.27124597280883
4796,0,25.282705600129425,27.478043448427318
7247,0,19.076338858408953,19.84989534201513
974,0,25.555768763590233,31.669447243519862
8803,0,33.7168916723785,37.20712146335318
1544,0,25.352160944016887,24.151028442898202
3887,0,22.480133856021556,26.726832069217846
9189,0,32.13591376122129,30.935520871402474
6789,0,23.253280461597882,21.673193640413583
4905,0,32.2663335775458,34.58910145368893
7355,0,22.75588429684462,23.082228270553294
746,0,18.83036525123993,17.7026592293548
9,0,26.14496683876153,23.732144296279962
6605,0,17.732556809556865,18.769575006340915
8295,0,24.460693677341848,30.44030779898897
8011,0,21.566277148245266,20.828102945410397
9737,0,21.215778342445002,20.65299868991787
2161,0,21.599710642306974,20.482424280397986
5222,0,24.640059681719247,21.870247778568306
2855,0,31.954091954832418,28.293644017930202
3932,0,20.31777182565335,21.31983925136028
4684,0,32.63952044493202,30.36946874289881
8305,0,24.463383314440026,21.963270468938425
8703,0,25.69116313986261,24.343961803256622
6499,0,22.597295401251348,21.090531307517246
3692,0,23.409761476325517,23.553892424208996
2848,0,36.63390013753286,39.25771459119664
6537,0,21.44133700297568,20.803148386255575
6401,0,27.183862695959295,25.022839352664366
5056,0,32.27616349130661,38.20443834168833
4500,0,23.34307328207962,21.30370046787642
9506,0,29.10595767465946,24.937973767738956
6951,0,20.222780426805787,21.695730206365344
9301,0,22.486114775888666,22.541283400205916
427,0,23.006466578785073,20.4980584577364
9275,0,21.327203591526857,23.639479903147173
9472,0,33.344048841908425,37.461473613369606
3398,0,19.717860443298,20.700425655097916
1229,0,26.034919986193167,22.206330991605125
7983,1,26.674941668281274,29.354816889477497
9562,0,21.70603092952747,22.7353915473828
6840,0,36.69752384446607,33.070511370428285
3305,0,33.93536807399331,31.51224578943203
2014,0,44.02717716612838,42.65710019619516
6095,0,23.417330328086834,21.73505325854555
7700,0,30.201157190971827,31.5378315579268
4202,0,31.781727530376422,29.928108923232212
4583,0,22.309370879777,22.87830816206074
1958,0,25.730839786635414,29.26701400991073
5822,1,24.79775474853592,26.269044704438507
9760,0,23.5504621219956,26.589771329472992
6348,0,28.296023240263075,24.835944123366104
233,0,23.417474239976503,23.48986206909937
1735,0,19.446566567054457,19.38353896204267
7669,0,23.829111780992346,21.630809149614088
7268,0,22.303558241721344,22.246679965158556
7173,0,18.621283315605048,18.835830342142135
5620,0,24.535509712949363,23.121974747189793
2383,0,35.147156477591,35.18434671226761
8150,1,25.41794226076904,25.671141763169526
4042,0,28.15714740831191,27.467379811033037
576,0,32.689277455698225,36.98579329481865
579,0,39.44645645418142,39.470001811385636
1395,0,23.12367075785537,21.817486707744383
3411,0,23.29311944505071,22.262874208840113
4669,0,20.486270537240866,23.016634764337102
6032,0,19.263509550664654,18.334327917397143
4094,0,26.21582217408314,31.09682485948944
9623,0,26.833210060412185,27.795350666512256
7960,0,33.11076632068089,28.423747707106067
3355,0,29.375388816077095,27.554584611880355
1515,0,31.509213589064736,31.79214376270189
4460,0,26.674909464326095,27.592315849007623
6933,0,19.46429645835322,22.400082207766097
2586,0,26.236241927108985,27.51365676924323
5470,0,26.934291316144517,26.983463259349755
8063,0,25.570306068835,23.57155423133488
9748,0,21.94102716239986,22.199176030541214
7877,0,40.89953110214899,34.61084802110746
1154,0,20.484880755788563,20.10803535650184
9455,0,27.810151084726414,32.095914594926995
5387,0,23.040632502408453,22.284193711004534
5777,0,21.74052192079038,21.699602899578323
9611,0,23.647286241162387,24.800728446313844
1784,0,23.834790080723106,21.639041749963777
9388,0,24.222906684383535,26.32516750668972
9234,0,22.859925720969844,25.128914024812442
220,0,30.938795864051873,27.97464368002168
7066,0,30.84468027764588,28.569395420440955
5619,0,23.91446430044715,23.029517040087338
3441,0,28.064369127065852,27.550136721774244
8857,0,24.556835645913015,29.118278184255328
4105,0,24.961141372539846,28.48274171361441
6096,0,19.968253693672835,22.674204036209037
2778,0,18.468748203295156,18.74149253631994
5924,0,30.221937713008447,30.91147020765318
7055,0,27.73968860371327,24.497153518480733
5348,0,24.67203010953845,23.2010353793505
4209,0,26.97051763714228,23.92487679616154
2374,0,17.662823490699708,19.542152575705025
9849,0,23.397676948080576,22.010923681180568
3793,0,23.640752889203306,23.80249737106044
921,0,32.20298363502849,29.67829657057255
973,0,34.56152794030321,31.503672640496173
2317,0,24.764614360420627,23.541138747688883
4987,1,24.138512727888614,23.725452343560203
5227,0,39.24398077362053,34.09049219354016
9569,0,37.89015580716368,37.78196831665526
4329,0,29.50889638925267,26.580725951940764
6729,0,31.74976403860077,30.13854165578786
4338,0,19.59738694326548,20.429191290236343
4605,0,18.19699816841399,18.89421460517584
168,0,23.598627670422584,23.955066899254856
4722,0,29.844543390033447,28.96026472947867
2107,0,25.427953497803937,29.70701813637238
3691,0,30.372469926901697,30.64252117688854
1490,0,33.646942838082715,37.02947091261423
335,0,26.88082721304479,28.68493778688256
6635,0,21.475794770555595,21.27195450373789
686,0,20.588488924095053,20.180802772101348
8117,0,25.522884335578652,27.057414508236885
3648,0,23.711095471610832,23.03350752239576
382,0,26.140997079043196,29.369160208998622
8460,0,20.840066040185764,23.52133295322596
6100,0,27.071745614889895,24.306259957779332
2750,0,23.242008015818215,22.93675839984399
5734,1,27.621206732275912,27.25216146199194
3321,0,30.458020343320975,27.42219320983568
6187,0,18.293093789450147,21.534021725474265
1213,0,22.862572462923268,24.86287447181037
5374,0,25.03923518392126,26.078172254945557
8762,0,19.878036313562916,22.813705760248972
840,0,25.326110107730937,25.6968926455356
7479,0,22.402123335915856,20.777850425788728
2015,0,24.402429364631303,29.601058616570807
5313,0,19.26210250803611,18.943694392100415
7684,0,32.01915497236239,36.40177043986759
9634,0,22.688465597316302,22.840576793714543
1961,0,31.758445251124346,26.512975738580653
5261,0,22.637397560728722,23.0615351105347
8123,0,36.31681730177187,30.81613922869252
6178,0,27.077245491885368,24.032243301497896
4998,0,25.480654546901494,23.673999034977022
4489,0,27.29251568472753,25.10435651940291
5305,0,27.153743970868504,25.32106824451813
413,0,33.922090600097604,35.51858977711834
4306,0,25.901769474114726,27.226169737092796
2032,0,38.83483226033161,31.060007516819464
2965,0,23.009132334251724,21.181918456987017
3704,0,31.507096064604358,30.953930144252322
987,0,28.185006564100618,28.132676043539128
3443,0,39.56773929903351,42.29860631147585
3389,1,22.566231939737634,25.636337758127834
9347,0,17.641734973263347,18.407697208359973
2257,0,22.28881746147037,25.430417661538122
9125,0,28.491737787799465,33.83130245315594
4089,0,31.286339870493588,33.20202695209744
2004,0,32.68388720796047,28.209503857071933
4678,0,25.521079827403646,21.996833003737542
5395,1,26.063562238657674,27.661241946522225
3594,0,31.313402022082357,29.98565616644768
9211,0,23.060597670206274,21.36066757741242
3020,0,23.780950390234157,26.689815137979057
727,0,25.59290576526968,23.355393718956172
1618,0,19.435830771880124,18.60741187460765
5010,0,28.772153468447723,25.968205803173717
8424,0,32.041686029660056,33.108013141695096
8928,0,27.018427507288617,29.02680712340287
1464,0,20.145990596897086,18.500821450272248
5862,0,25.790361045522236,29.061061560974302
3222,0,20.175487597398103,18.843123531832536
1120,1,27.37180153300443,27.36274749890205
1763,0,27.38338965479195,25.809828923275283
6431,0,23.58056386358221,24.40226038061345
9568,0,25.021247435625,23.225278210065717
740,0,31.88751340544165,32.29234404284737
1116,0,24.62861626092548,21.514018870314843
6582,1,28.367179138096024,29.438423192372092
9566,0,32.337122570128294,38.60685795831244
8174,0,44.37599185437142,37.58211675152057
2684,0,18.40626645787874,18.729566110261754
1873,0,18.990690244066595,22.252199847288903
9898,0,22.619324040820857,23.54149517630347
3005,0,20.35402410689502,19.902578829297596
3546,0,24.851326679366196,20.596929801229773
6861,0,39.61243618975743,35.15280886002017
5869,0,17.84942449464772,20.366120575457753
7703,0,22.249753289290055,21.862157517453703
2555,0,26.871191192707535,25.14572429004205
1010,0,29.440327455067173,37.039711688691725
5057,0,18.426080546616188,19.882274182580392
5438,0,19.72353549756273,21.09949557536862
5189,0,20.085448586936334,21.629951884772886
5202,0,36.52381189888548,39.394844464032374
2173,0,30.159886580192804,34.139737645319464
8744,0,23.49043293700619,27.022517222567963
6310,0,29.27174360835221,24.270183847353433
8664,0,21.27279997945556,20.374117808594566
9559,0,28.985717794788926,25.247427646754474
593,0,21.50007496503925,20.477657067051624
1142,0,29.603530982163438,31.57418831725241
8483,0,19.515017985676224,19.173708263678165
5504,0,42.13952568155506,38.209601640019855
4429,0,31.930997369289926,30.51175400936337
6521,0,23.58757334948744,22.083487107644174
7291,0,38.92065359526068,37.71143968424374
8535,0,43.91912999794517,42.57134014927515
2570,0,22.857545914302328,25.30828396871003
6531,0,25.40205973651744,31.43020184510325
8320,0,29.505187521403407,25.076623934487014
5696,0,30.607832438836425,31.260457027195923
3882,0,20.136161939178262,22.61374446877564
9008,0,29.562768676598804,28.478887640583807
9582,0,21.84177040370875,21.906276581930314
9987,0,25.732392540456537,29.299656210124372
1366,0,28.331231425072104,27.278676060858892
4285,0,23.02187372743233,23.016320939431186
7471,0,21.753976805144287,21.697960017686125
8247,0,21.837523712484824,20.726475165862816
3816,0,25.069409399208595,22.74259697544447
136,1,22.349190749106185,24.405644770301127
196,0,25.420771418344422,30.955465711690813
9866,0,22.59953065162095,19.394019246902264
354,0,25.39982355283774,25.952307889755964
8083,0,24.071416754262934,27.931753311724947
5183,0,19.956306318022794,19.068962431139145
9389,0,23.907378858746014,25.408753554032714
7828,0,23.645312982221768,23.39304470002846
434,0,33.907780317203,30.990898716197854
7185,0,25.457636037526786,27.062276623881736
8947,0,24.912878496403813,26.283198612422847
9871,0,34.290094118957164,35.775770270098405
7908,0,27.333739385538664,31.680774415328486
6579,1,26.79432829282929,27.960496049936022
8495,0,21.32412121976646,20.025392375765726
1703,0,34.02955464248775,32.01467002217904
5186,0,26.6404972366437,23.651580261737035
9543,0,29.270185130261915,26.13281797748548
2184,0,35.714956751702026,30.019615403464016
5655,0,21.54549431116784,24.154469611370885
6105,0,28.57861457204813,26.674412705234644
1698,0,22.726021148831613,23.379256435841725
9363,0,17.23950385885768,18.94735198302442
8682,0,25.837091673818968,22.3688278451361
3674,0,16.8412970054167,17.172422730979225
3599,0,35.96291652793399,36.653491943850476
1609,0,27.61426801499079,28.67993791403692
6202,0,18.34280735039458,17.400271539931
3146,0,28.828048111977726,26.104981767296508
9483,0,24.574661666601983,26.59656338633722
1542,0,33.42761277644745,31.26780409875858
3277,1,21.847019524318533,21.971098970237843
1921,0,24.925935488095693,23.384455786293344
320,0,35.16828241478453,36.10400246586805
338,0,22.345559304697254,23.794876362713843
1077,0,30.490869793245878,33.474925425495016
4414,0,29.16566483196687,26.326313562334512
6046,0,33.53906896164987,29.271821586872033
3828,0,34.47308061483336,33.130139368565004
4361,1,30.633578288704875,28.19011687841052
8440,0,33.58644900728522,30.912275012329314
315,0,32.83941732823913,37.32542908203106
7143,0,20.09334478652772,20.349592884802036
6074,0,26.593935751830532,26.625929699982283
8871,0,26.38552901145817,24.65397978298456
634,0,23.534500761878398,27.54455617315216
7524,0,41.697519049044864,34.540839256903226
5804,0,32.570131465544364,29.537246468719975
2248,0,22.32108402446589,21.181596738019675
1122,0,21.822499384050023,21.93398061779165
2322,0,25.90647190729027,24.565051415919967
3342,0,30.796248137610863,27.229502962973523
1139,0,31.00138589910893,31.141857271085836
1017,0,37.378941696939336,32.97317745106228
9921,0,31.03938382819285,26.84065303055601
917,0,43.92137557119899,41.93327824129805
3652,0,32.65028845716768,33.68113106419963
4219,0,35.44386968544435,31.707571330046534
9896,1,30.923286992022263,27.096759936595515
6636,1,20.09293336555318,20.988176835128236
7854,0,30.456784562231856,35.77175903585301
3498,0,28.274545569876228,25.43327419010961
2421,0,24.045955036929286,22.307349920912873
3092,0,27.498184544355652,24.7275571413876
5163,1,29.76807027414265,28.00957440512842
5853,0,21.844473776713865,21.041750788344626
4746,0,20.838868054014725,22.357696306130983
8234,0,27.716022733001537,25.872483678867525
6252,0,36.347935074851854,40.234319277941694
6613,0,20.248102402557215,20.39632833674595
877,0,27.35810643254693,28.216567452673825
7972,0,27.774529041782547,29.164457082271166
841,0,25.521758734809428,21.330970358584253
5405,0,28.585557366433363,29.17572689288353
556,0,27.627324964537486,26.292951622865218
9846,0,26.44651613976682,28.202123363271088
9505,0,23.140709959346633,22.351342795342553
775,0,29.25862999598381,32.29575240704377
6844,0,33.14529426389647,30.375881189899495
6327,0,21.290879473445372,22.488452287095395
9317,0,20.475112075053087,20.03495224050194
7659,0,31.679849381258908,29.109025961680153
6956,0,24.489646572337303,25.85388310850768
6082,0,30.98311286743488,29.420524018357142
9291,0,26.36561424184593,31.302149540539983
5710,0,20.603327223885543,21.6375432458415
8210,0,28.60822721458684,30.922462738216822
3779,1,28.839182601376205,28.81405216067221
6411,0,21.947797052537016,25.618274531542458
965,0,27.3315622356743,30.92775122081871
4754,0,28.629736387747187,29.48810163841866
941,0,22.80790601760572,20.69552973853471
6532,0,31.206908417702248,32.72751454565157
6995,0,23.721398750614018,25.308747594310727
9143,0,24.194846752529433,20.560457729527027
3386,0,38.04111238187232,35.525145543896244
2024,0,32.17751314411468,28.530292600181387
2472,0,26.977813474535616,30.31544585596589
1196,0,40.23931120708842,38.61161413054951
3338,0,24.338598846482252,23.616834544710947
2111,0,19.430753970837596,22.943683190787173
5858,0,18.52520858481516,19.773298592242455
1408,0,34.55528042240138,31.489308975325752
4843,0,23.008287779613788,21.71326456655911
3483,0,29.099885286891976,25.148970336367853
1234,0,31.778669688079457,29.6787055954102
5989,0,26.726316141238243,23.648132145429976
9892,0,32.608849093653234,29.172691516043372
6947,0,22.17678488473085,21.468916226888176
4295,0,21.508853276353467,21.202523978068946
9055,0,28.948496737891578,27.66086658845321
3891,0,27.032090863157173,24.681200768820396
2536,0,34.69361100815554,38.845386361804444
7006,0,20.373645228323014,23.068761126181986
8883,0,22.353558550612703,25.201665037880325
5145,0,22.366446501775524,24.17726638632596
2469,0,29.053804290052124,26.405889269338168
5850,0,37.19002002872454,39.448901850856096
2810,0,33.64272479521653,34.41862831608976
1020,0,17.917287708447073,18.070132563276637
4975,0,25.799375557849263,23.70662655043951
1206,0,25.309763108271344,27.56796263913898
2368,0,27.191236494632992,31.35439506985225
4403,0,30.502312635942182,31.61046702183794
7368,0,27.69051000692133,23.345273908528483
4459,0,23.126783518384947,27.04365188431301
2575,0,28.92631418189856,28.815630045655933
551,0,26.169090376408818,25.045209493378387
2814,0,20.72203731732685,18.556918521406317
9645,0,26.6358277376888,28.71272224542158
2489,0,36.048312781079225,31.776944197644784
3274,0,23.173129208062456,24.363666215983937
7398,0,27.16738884636317,26.06413821215683
4416,0,20.586348051524965,19.513143578030068
607,0,42.78381751476657,41.143372875300436
8016,0,27.90499113124924,31.121274507599445
4727,0,19.158005351980645,23.264843702589296
6650,0,25.31951430387675,24.14745018203951
366,0,31.614741033791052,26.02632780656017
8775,0,22.026060670052075,24.310753510582032
7504,0,26.97750628969948,33.46394684785205
4806,0,30.89875452065857,26.731736903706107
3518,0,24.383861473612974,25.460839758956755
7359,0,23.670303724473257,26.443819373307967
5036,0,26.899848021318043,27.12215617268715
3568,0,25.989572171213066,25.932015680571194
7732,0,36.84012836425776,39.228452573589884
8200,0,22.3411915958052,25.67560177394346
9264,0,27.305938533022186,27.693482670676886
9486,0,24.75333100725105,28.310232196653125
3322,0,25.055598012814386,25.69935041305841
4584,0,30.249019831336554,27.624356083864324
3178,0,22.311749757328272,22.302127920096176
1002,0,22.583676778964648,22.99744158335862
9187,0,41.48720353485331,33.31731144224269
6302,0,21.53483509993915,24.44495142479811
3624,0,22.541736941080735,20.234481709497608
2311,0,25.098258414736907,23.545956056431322
9199,0,27.662081108677693,28.14319285702756
3391,0,24.85676245662898,22.120283239507092
771,1,29.322437860325255,30.32552375784494
745,0,23.9163715262538,20.710183706121537
6334,0,27.172877975119082,27.638050825743925
4878,0,22.847493083207468,21.827132511410277
2839,0,25.034556064025963,26.6663304688268
6581,0,34.85732088911369,30.918112765415838
400,0,30.139989987057497,26.931635981417134
4625,0,19.73248901106328,19.717332225594323
274,0,22.95221644920579,21.657473189895494
4507,0,28.057970137220295,24.714280187611436
9247,0,18.528068164593154,18.25582699117752
908,0,24.389716326906026,21.529702309824348
8487,0,24.896775357977823,28.567714602601438
5667,0,24.137630905114275,20.913393782642896
5725,0,23.93894635367649,25.547122378006467
3834,0,30.007305198526222,27.08837540305281
4224,0,23.032359697016265,20.760534885138796
7837,0,34.16662829095899,32.361755133677995
7522,0,26.142722633319195,26.149303853548485
58,0,66.49130501213811,60.939031701597905
7081,0,26.912410206213774,23.002988828644455
1390,0,35.09905220828592,36.50094754705934
649,1,25.735342967446122,27.64698118040912
2211,0,34.641209959290876,30.978203561655434
2594,0,25.438446636465002,27.31698759608829
5931,0,26.768611695184166,27.406495256866155
4657,0,22.509909581012355,24.288633470104156
171,0,38.37548164464771,37.52658030737499
6514,0,24.459320452555854,24.746441015812398
7840,0,22.13263716429159,20.172927647123277
7154,0,23.634415809800515,21.939766860078322
5660,0,32.39946338844295,35.31233231809347
9423,0,22.94514264055561,27.949717272074352
3131,0,37.13741347187573,28.67655619104995
3944,1,28.28310152313912,27.83237643967539
8904,0,42.51578666254327,44.24087006019346
3533,0,41.289784920845385,35.12046162478599
8302,0,20.657422106843775,20.98906984132486
6584,0,31.537769931762753,28.212959256557365
2742,0,20.452029888094344,21.281746906377794
4123,0,28.582254611957506,28.907952977717944
8421,0,29.729154599138745,29.523075599616444
7788,0,21.275293300266995,20.46511365545899
286,0,28.39909684075706,25.37746467134163
4580,0,22.999595411137026,25.775712059547764
3939,0,24.204558428561295,22.463079240824452
1664,0,22.406488871709993,23.285119807259274
6132,0,22.386618397673715,22.084560075040166
164,0,32.559051691649245,28.952132143285155
4320,0,21.54154370892112,19.667850482098842
2863,0,28.8934414601069,27.698802665312847
3235,0,20.214130726849827,20.74035472568328
5096,0,20.088774092082172,19.03441004132204
1466,0,27.334685814191268,24.692726305639745
3812,0,25.111849710524986,24.732444148306513
7927,0,34.261106493553854,29.860762301759962
9906,0,19.832709634708902,19.728973088618417
2593,0,31.531312183659843,29.943867672720266
6292,0,36.88791473844901,31.32057960509049
7099,0,28.302347473064117,28.5375767213027
9802,1,34.00859784782202,33.970794780288756
9598,0,21.90978333819395,18.881596783326998
680,0,30.292082336163222,29.592295795317458
270,0,21.507465346141828,20.733384914033177
808,0,31.77438109883425,34.40258451507848
468,0,25.613627213026728,23.83220004060913
692,0,22.78927900097067,21.718800056620285
4485,0,23.580842043850954,21.714700161802305
242,1,28.045242896182263,27.62393127782381
7183,0,26.376688480297425,26.41764263019541
7385,0,29.929085410359274,24.875471285599982
9825,0,24.960884004944603,27.478861537101917
6449,0,25.928945781173972,25.100913448294207
1419,0,20.056464407903857,23.168030250460305
5148,0,22.800989799545725,24.176960046776728
7769,0,31.38118667122171,30.44715709500682
7042,0,25.3814037627257,25.88630900575816
6707,0,19.528186826222267,21.886714750448206
9880,0,23.143116228197346,25.513365838206553
1208,0,24.20986755504846,22.417276902447394
2396,0,19.688132721943546,21.567028581659827
930,0,22.327017256008837,21.082699834638376
3436,0,21.326611614780845,21.006692782466473
1951,0,25.042721830806734,25.915956776776657
6395,0,19.74105718728965,19.74211503058707
1869,0,21.114317342023917,23.40923844376821
2731,0,29.01359900637761,31.23734979002819
4119,0,31.123494715128572,31.56783660901367
8755,1,33.333757537137345,33.15789686441572
3335,0,21.520233241245553,25.269259503254975
9507,0,25.914750482519533,24.60730509231943
7545,0,19.982455682265535,20.40721892908371
8254,0,35.58674551652942,30.277667543437882
8177,0,26.768632478313638,28.176639478543844
6823,1,26.4807640577707,26.276840430613017
7901,0,32.442991142811536,28.18899929129605
557,0,19.780685518990502,18.553708928361985
1006,0,30.91687532103241,29.536221515293164
5215,0,26.77230924390466,25.9958148246246
9731,0,27.223806768209556,26.24404328878715
8496,0,25.046808409782784,26.77660482119286
4004,0,27.094549373440366,25.443361789276793
8039,0,16.75055903835844,16.798701851351673
2201,1,27.591283319805093,26.040835790150634
295,0,28.74674579063843,24.749434820745623
1173,0,27.76303600301637,29.9705276834053
4885,0,34.53703959987859,35.6249014405028
9348,0,22.875846086071018,22.442989474781175
1440,0,24.299384188027087,25.027050026750164
3301,0,28.516759659727178,33.228816384781354
6145,0,22.8148796372125,26.639366129175297
4772,0,22.792284321945427,22.694707740597003
1266,0,26.398877357892907,25.859761673596935
3920,0,20.21479775976529,20.493404043883256
1248,0,24.466016083532008,21.376907419113298
9773,0,18.895266599107405,17.88238095334201
1310,0,31.3853599308789,34.80466100431995
2104,0,25.10951716914311,20.870048171194902
13,0,29.586982984955046,25.38965275866775
2080,0,25.8427527893494,25.304662645656624
8311,0,22.717114181828354,23.060668080726163
5089,0,30.2949798315822,32.87666113505715
1338,0,30.790723429382336,25.94411719299058
2766,0,31.052632030694852,27.690086101964372
9926,0,26.551773552920377,29.08992492718851
6954,0,36.75715721766878,33.81608610397144
5945,0,26.14195432137825,23.807170893715302
4394,0,25.537220690593042,24.29350460774751
7762,0,28.146122068614233,27.206222373209282
237,1,29.106850478743446,30.09519988697574
2367,0,24.952300128729213,26.033275627273106
11,0,25.186653828647074,26.08931123473586
9697,0,23.44920138629028,20.87713081408476
8626,0,28.72903562254432,25.866989857900474
5458,0,20.08476715311235,21.049734437841984
6104,0,17.51237482223319,18.039454541586373
5370,0,27.10014562165025,28.579886478920116
2701,0,26.118246338660764,27.34574455195871
1037,0,19.71158290186601,19.73538033282744
2882,0,35.90914144142142,30.8464718137156
5727,0,29.664006193476315,36.037748837325694
7663,0,32.799337118394625,33.74404290776202
6854,0,21.75026981858801,25.18416107902151
397,0,38.67185637755454,37.66978639742435
4761,0,17.859149908951217,18.570106512164386
7747,0,32.88923762166393,39.17281306093217
3353,0,20.614394739343084,22.889579453330903
6338,0,26.96436596978561,30.52581866297818
7657,0,26.790053728092794,27.401833877366112
8124,0,18.20737229353399,18.40988611270434
2938,0,23.325008356584846,22.94292556385063
6782,1,26.785492821403317,26.22521623645753
2734,0,27.470144626329567,28.989634284636033
4785,0,26.240236269463573,25.20846933646668
4861,0,30.815852376796318,29.51856662685441
1697,0,28.232731045206332,28.774587750072275
2830,0,19.326237618626802,20.985559462614574
6282,0,22.319722458447117,23.786463205830735
3797,0,43.840230225889826,37.56646905158953
199,0,45.17831802997912,39.36571479975892
3957,0,31.03116153355557,28.078197520645304
7823,0,31.77802874443691,32.477534740797886
1309,0,34.22831966653466,29.71422900255115
1384,0,32.27640369534792,28.768125066778
8423,0,29.179115009949424,28.439702938157755
8393,1,22.055072528335625,20.822437220177473
3593,0,27.18924822166137,27.28676403305004
1844,0,26.319498314992522,26.309112831925976
97,0,18.819563944091048,20.089189342120793
3400,0,22.82435632528077,23.452391121630754
4642,0,26.477646661235344,23.98361698776227
3116,0,21.921204428720557,25.870310667978902
1636,0,19.37942180088966,19.43296060343261
1630,0,24.825790347319142,23.617377609477206
6857,0,33.68324481265499,39.739630015080515
5042,0,27.40808419567035,31.460538815203172
3548,0,24.72577716604567,24.174390691832137
2220,0,24.93692836081968,25.111509258777414
5389,0,21.65352139718312,21.237830203521007
1097,0,24.097761639624498,20.884643580014846
7503,0,18.470645945002115,18.289122680534664
5001,0,31.87640789439799,34.14052321990702
2615,0,21.692550373476514,23.112382707556634
3392,0,31.898855672650896,27.953506598765667
4477,0,27.490674409287895,28.319699404184593
8362,0,17.355916780676896,17.069193115589016
497,0,38.640648271363744,36.427905334043
4788,0,23.47894249424106,23.76549394016091
5012,0,20.80578213758052,23.85041790944957
7349,0,29.155733032642974,32.80802445767848
6356,0,32.46702444405579,30.74773293746506
4966,0,30.449140170549757,26.166292322158164
1356,0,19.910181774904444,19.758597949406642
8915,0,41.65793404102171,46.54394150814544
3903,0,22.828736086095947,22.73287510251026
1165,0,40.78507174068716,45.50954734244503
7763,0,20.221858924761893,21.252249940254565
6528,0,32.85710528968378,32.13831959185488
6641,0,19.50763037986257,17.223163291162283
7966,0,25.8671631995405,29.572048104770204
899,0,25.27412572938363,26.633589859483607
6524,0,27.480246530766575,29.424722034711728
308,1,26.426795444456985,29.118956836176736
2612,1,28.562461989913103,27.081423790247843
5603,0,20.76869264498978,23.082768468574695
6981,0,34.83503772219637,36.19475896519441
9509,0,47.64291367813011,43.186851377585356
3345,0,26.450783523278744,24.72790032703187
6597,0,24.591921856882117,25.743085009288095
6654,0,23.44494133147007,24.47130100648173
4803,0,19.20343880849899,21.539738872160576
3213,0,27.916249846010217,31.344717918338404
2514,0,32.1233124161532,27.129631053812595
6281,0,19.59595095431383,22.134720108070898
5142,0,23.814622252756223,25.13283982429722
3134,0,23.281625783162024,26.765739913951798
8581,0,27.4611891058717,28.125001613235085
3913,0,21.75355248070702,22.01067358821362
4417,0,27.35483749829035,25.45635367813065
8379,0,23.789564481306865,25.658234266113194
6900,0,28.33807824237029,29.09144930089163
6983,0,27.04028874302129,25.837585072444217
1529,0,17.728760207486317,17.708905671080824
2205,0,37.17650366710048,41.18936728813874
3866,0,30.967698167796566,29.958131749255084
676,0,18.55191928824817,19.756140662242434
3149,0,31.58993108531921,31.229657733691575
903,0,20.599173942026177,17.93330794827513
2231,0,34.710609990365754,29.581077771208445
3611,0,23.11181845712252,22.39562536780789
2724,0,20.496449204236562,18.610956540655128
7357,0,25.07509859563001,27.60652670929469
3790,0,20.907357215253693,20.8175773196848
5141,0,21.412123577429877,24.9479682702897
5508,0,28.602311160628393,27.174830121014644
8780,0,23.623193693297278,22.960139648563217
731,0,34.103057437666,31.002199311221425
961,0,25.677645749299568,27.826846603128615
8802,0,30.88267753345006,27.22531374691008
7015,0,30.49899878782839,26.765076020507323
5712,0,42.09264141871063,38.14446916396052
2697,0,24.39697978780856,24.44843574087192
2125,0,25.547527748983292,23.95694740775067
4131,0,20.970744499631657,22.052701489417046
3528,0,28.507292245332415,29.840179021074782
6993,0,21.85900168727764,20.348301676254664
6692,0,21.047424232509925,20.973251469984667
4059,0,22.495646639778062,26.527758601905965
1132,0,29.238410553224316,24.91026422852802
2016,0,23.187732446087185,23.79793607343465
1917,0,26.341138026406774,25.98792466988676
8620,0,26.729198147425112,23.591653374988322
8100,0,29.652697137863417,32.32530048497492
8933,0,19.79012969038967,20.34297540786967
8395,0,25.362801476894084,21.602609306431184
1038,0,27.50447561944088,31.362121553469947
8070,1,24.099298920347007,24.499617748987312
1587,0,25.975072625623714,25.42482423160121
4178,0,25.64937716361165,29.23357385474085
8019,0,22.813233661730642,23.977432867908473
2102,0,27.539008934898042,30.87961187489183
8204,0,26.013949819469335,27.065693279417154
6063,0,44.61864926022369,45.56877717288787
2336,0,27.48671270340548,28.383921763732545
7162,0,23.942652142220926,26.798702819968085
3735,0,22.51767523408292,23.78425640952143
2267,0,20.21835131873446,21.67337715293762
8532,0,28.500803555891657,27.89791732730825
3066,0,24.245472570508696,22.900676563259175
7517,0,24.500057982074733,24.32496554411776
1748,0,23.2184031221472,26.059244859468826
5503,0,33.69752424958472,32.82979587782897
5131,0,21.37691233999341,23.61062162466499
8958,0,31.80101292156809,27.879101650402664
2667,0,20.770879428363536,22.011450919537328
1410,0,24.21196703320223,27.571265927770597
5100,0,32.41394452121089,28.5919673385196
385,0,23.350912238612565,27.597294080212453
8208,0,20.033952901103024,21.933446603802786
9198,0,38.358057804658635,38.60381324288095
4515,0,23.19311802024001,24.116842157020237
161,0,32.279570204844795,30.223542773892426
704,0,36.807253206018,38.87965822724898
2603,0,22.568645727830077,22.61367592804309
1201,0,32.58199132251796,33.61272457489136
709,0,20.64337320378958,22.38320391570646
5407,0,20.784244561881792,19.32688499891129
7364,0,45.85402344912528,37.13009434428605
3672,0,25.174277935865444,28.928407195451253
1072,0,19.40246863992552,18.526461752981824
1755,0,18.531365734239984,19.524334326215996
9359,0,29.304411937776063,30.232741211284388
5338,0,23.696184775925897,22.81701728438943
1259,0,25.50800858781039,24.430682193541884
2153,0,22.49095567057296,24.113872983530708
8217,0,34.87233395402112,32.69066114143604
8711,0,27.493389393190217,28.116425669276122
8925,0,22.258218790875752,24.902298194491234
1639,0,22.728676208545288,23.58599301059037
3948,0,15.972470758254406,16.18816792298791
3383,0,31.120545024892436,34.47770965105556
708,0,19.445146598807387,19.79840873617914
8357,0,22.987617983952962,22.560153381176285
6171,0,26.03795568756739,22.033617859567478
1738,0,31.883358758757762,31.65090279158729
8022,0,31.910531286663865,34.672338558097906
1119,0,41.611508954149166,37.35852738849517
3894,1,22.14475103564433,24.78456448918618
9278,0,32.30164309628251,30.262870557151597
7093,0,29.117859197691395,26.58924696346664
8136,0,21.032678169897324,20.219976512850817
8537,0,21.004923849336826,19.289057775688015
4747,1,22.451693255742622,20.387122633517183
7289,0,28.033007605929285,24.575749478490984
2690,0,26.921637989596036,24.20146412825857
8809,0,18.204750605842694,16.866154559279625
9265,0,30.3979297986017,34.56424155132218
9219,0,20.528320762121496,20.24192255936722
6817,0,27.74439323110058,32.248381808594154
9542,0,43.444963943076246,36.100776893178434
9319,0,24.924984539989524,25.429800060258568
5128,0,22.16044993547873,26.296206272750865
4559,0,42.19192212331865,34.718250997467635
8451,1,29.25193404936928,28.58781091444194
7775,0,29.82050483850477,35.03690707337002
932,0,31.01748181275912,27.066460747251973
4856,0,30.585822606947772,30.02272495871354
278,0,34.29128549132766,35.67412858216583
7688,0,26.207361697477975,27.427160079819174
1003,0,28.20189735788111,33.806149544840316
8747,1,20.050943719087456,20.836119727387764
4362,0,26.237766909012795,25.53956689785759
5252,0,34.52324334301029,29.90580109985627
6978,0,19.599188517097723,18.29977307757988
2453,0,23.297113703695565,22.37041438906899
8544,0,20.695176987948344,20.995009612319755
4302,0,35.10059486508448,31.824172474904177
5888,0,21.44252158193717,21.64785933908994
3517,0,22.4370748457017,21.32735697593634
8668,0,27.46691812231284,28.71476627645628
4247,0,34.7531687097025,38.04419674593467
1809,0,36.57492999582512,31.90152391648349
4807,0,28.444790626017728,25.00144593700399
3505,0,26.66574310363766,26.57377672103253
6855,0,23.035087683876753,24.126394332325336
9540,0,42.55603645642119,39.43486762722732
3952,0,27.18166016396081,28.44986082369855
485,0,20.101062572317996,20.912179133103297
4278,0,23.942552942184133,25.6998577514135
3126,0,36.532714435169105,33.04221772084818
2121,0,33.31249846750496,31.815639844944258
7281,0,27.166902778224316,27.879340316157556
7328,0,30.139210001869685,25.32661556548943
1866,0,21.502995281844186,23.71244461415036
7383,1,32.60025497837416,34.8320796854058
934,0,22.276796764964857,20.053244799841423
738,0,21.096917390832157,19.90310590101133
3805,0,30.592129886027077,30.286192685148166
7614,0,24.975246746737565,28.5192304517766
3896,0,23.045730968737182,24.977065667136284
8529,0,24.456941574210727,22.682585432626862
6639,0,27.626902228257908,23.82393744391541
2047,0,19.364889084090294,20.129968896122136
7269,0,31.73701436402558,31.182338717128125
6566,0,21.869601014560033,25.06838812531507
619,0,24.338550325346816,27.144803676912172
6780,0,25.44430672462218,24.035146808926715
4322,0,18.31505725051486,18.44934306475688
4801,0,22.040354796793135,22.973516351055807
244,0,18.90941544674624,21.70806373858669
1721,0,24.95226988553041,28.233908587729175
4621,0,31.124776478909023,34.5604556151494
5950,0,27.431758044989657,29.72863499625834
466,0,31.451639299586827,31.25129009175602
2885,0,33.21479883333752,34.16129518600742
6177,0,30.90664104274409,29.839938311692194
3538,0,23.189550690717805,24.80862230495161
9356,0,34.73035676576393,32.668674283823115
3595,0,26.411972896226125,24.684726964931265
67,0,22.755035720549163,26.136625024672046
2606,0,19.510356816053687,20.087574902576172
4690,1,30.317614158403533,29.740683811984827
2773,0,19.679914524331718,20.327163499165778
3931,0,29.334724609703585,29.234445350872946
4327,0,24.103852450360225,24.786813497441695
7486,0,20.223529592934803,18.783884158145238
9934,0,24.489570204899223,21.577002333483506
5773,0,26.08702777146489,30.06367526672598
8546,0,22.279625928870065,23.006357791174974
1509,0,24.725088799375797,27.357876202212577
8119,0,24.9533311207968,22.490624117013027
7309,0,22.50488563227375,22.826092954970076
272,0,27.42106867806879,28.25832732322828
8076,0,31.42767399808915,29.74738272650361
7724,0,24.3786990824639,28.0693173109541
6508,0,23.609847571095106,20.95493617082168
5427,0,28.706559910097436,26.49962483506502
1200,0,37.37819966260801,32.90823322765188
608,0,36.471514036180466,34.29997188268249
1652,0,20.069458411076525,19.454734436945397
1480,0,25.029819929274346,28.860665650757497
8389,1,31.83799084345414,29.55424607907033
4026,0,45.863339903173284,43.317620221938796
5983,0,20.99993569611417,19.157363463533915
8312,0,31.491205017734863,34.28532207188002
2983,0,18.094960664337588,18.69518719417003
8399,1,30.37104639450525,29.00142717717222
3177,1,24.50262437133653,24.248823891815263
3607,1,23.784246619446954,23.68928913276391
2926,0,20.941361894733543,22.198942598645353
3015,0,30.163202276193534,30.113495031312613
3963,0,26.10647932346806,24.65395164044085
9663,0,31.348021374954104,28.597998785713123
966,0,20.016044249720842,22.771035369563112
333,0,35.9082701521886,29.305620477159184
4030,0,44.560764656698986,38.693572124242074
6480,0,27.664522439823305,26.6599819171581
816,0,25.76966343720232,28.262168849071927
1613,0,27.032853109740973,24.47496933292357
8145,0,33.627004866764864,30.937098546551013
1357,0,25.215911264865564,23.273787217059194
2977,0,26.352111281478436,28.187214941803532
3642,0,21.460137211186396,21.001462019867986
2179,0,36.413278078097704,43.46062023291949
6617,0,22.799460223198437,22.871106723509932
3334,1,32.16077731619096,35.44979225135438
3705,1,27.356616449233677,24.08072588981731
2262,0,25.980189133885617,23.552227508538646
509,0,24.287895469807108,23.220265735199124
5352,0,26.990345493312237,29.271782697767783
3344,0,18.545530033108165,19.070798968175104
7706,0,35.26466408059365,30.501931020413075
1994,0,24.967726266739874,23.53645449019804
3113,0,27.542879619156125,27.46528336155014
2282,0,24.91888521558348,24.574745550437555
558,1,24.68130883531788,28.14150076185521
9285,0,28.92174486113472,29.05005998512366
9277,0,26.24357443431782,22.972231643893778
7872,0,31.760501000948004,40.004498520675156
5790,0,22.94361944422188,22.530320499382782
7007,0,20.981014506841266,18.537378245203282
9807,0,20.080945555546318,21.708123603729273
9649,0,32.116905250261325,32.784782034963946
8169,0,30.895524920151537,35.57936011479033
6438,0,23.705014716635855,25.338121362534757
1138,0,32.02373533485031,27.84099418748347
2009,1,32.60241468830926,29.100858901447925
7581,0,20.735362223057464,21.19712505579511
3082,0,21.066096020299682,23.26315962775634
6015,0,29.081636759231962,25.396352256614872
1313,0,27.663254782607893,29.719753108654498
9762,0,24.551382662952033,21.96988743030006
6122,0,24.071823808710217,25.18983743947441
8419,0,32.08922943110955,31.490372840440187
5299,0,24.77067654540291,24.712702807823053
5489,0,20.360886466452357,18.564742427463717
5005,1,22.635780970636162,22.492168990354948
9814,1,28.50699767277137,25.817497524782183
1339,0,29.10587321301676,27.170480093617368
8858,0,23.65688514548356,23.91736726533148
5269,0,36.087234473881786,37.557111662065715
9978,0,21.28894353379688,21.857331731136494
6935,0,23.956499810393616,25.958082178269937
4999,0,30.000490448792092,36.800845404877506
467,0,21.699700714800205,21.388199673980147
7388,0,25.77990747610629,23.46116404277924
3861,0,22.22897227830068,24.318828674579386
4303,0,30.38963461602583,27.35356589930043
5117,0,22.267903370855787,22.398636931772796
4721,0,32.25334103338651,35.60389849694532
1329,0,43.55662559765914,42.531728492985025
2309,0,20.256509547024923,23.64489229200464
9705,0,33.14295801543195,31.54609968074184
7381,0,20.097373486437554,21.77278240183245
2078,0,21.026223183132366,21.854105073704915
7552,0,16.769007977241095,18.15771507131053
6764,0,23.42794281113443,27.692377189278425
6408,0,22.51634567008258,22.334685257486743
6634,0,18.197115519735345,19.76040170870845
4134,0,24.773811808343318,23.014555777482133
1363,0,22.90910043020411,21.79029210360433
4887,0,35.10207316595752,30.44323969430477
3465,0,30.581052305280544,30.40815113415162
883,0,23.97854303073582,26.978050189275688
6114,0,29.105975804362426,30.70235300167419
1733,0,24.047238489398744,25.648437227481917
2096,0,28.933237222630638,34.55136296509514
1880,0,21.804824283892007,21.404574356712768
9099,0,24.7400826834611,26.398380988322426
7112,0,29.771883449478914,30.952151953677337
5793,0,25.088664382865925,22.15630807648698
8972,0,25.115266071685298,25.950933833857555
4353,0,19.372012511550974,20.96408396022121
8772,0,16.60272026270948,18.283305529888807
4491,0,26.011171898028927,23.977483923926634
7533,0,25.71280033979345,24.353101578599333
7554,0,28.405401219929193,30.920455016483107
8887,0,25.27895658703119,23.17035965057591
617,0,21.046265587953805,26.334824450290014
7294,0,22.89550754229266,21.476973406835356
8934,0,20.30133200824586,22.97804343562431
7390,1,31.624241087334006,31.057763115767386
5842,0,33.07938099678084,36.2750574705576
3728,0,22.33456931515438,23.070755744827327
1387,0,22.26602208113674,23.93722913511246
6225,1,25.13654532560679,25.76096861575971
7204,0,27.125717120260514,22.99283190824967
3950,0,22.842605078753753,24.90546327491733
6799,0,23.634665714163305,21.44900559100295
7318,0,26.544414117741457,27.992117300839293
4912,0,23.35440871127522,25.771206239567103
8112,0,27.19345517607798,27.282235149461062
7213,0,43.067630499045094,41.133370367447405
2105,0,21.54387898968219,23.8216452003913
5742,0,24.06027565983637,21.94195555886747
3857,0,23.485541857693754,23.92896105674562
9545,0,31.60301175374888,32.6104750522227
8894,0,28.580399160487275,30.929819614226574
6447,0,30.001038769654592,30.89194132647747
3114,0,32.42850120893755,30.78930918148401
7692,0,18.992993524043957,17.258614542801173
2079,0,25.579217232335118,23.352440418843674
3781,0,32.65238052021185,32.59529959771682
7797,0,29.28486523565517,26.10566893065637
7409,1,29.747770114377566,31.589116680542958
6080,1,23.995791107701226,25.153213827326102
2040,0,51.61681752781452,42.81845118546483
5238,0,29.096446670668236,31.587669135866786
3250,0,27.323840750999693,30.080466193130196
7519,0,31.54609064080237,32.788264937477365
2957,0,22.155416699798156,23.10272182910454
3677,0,21.378136117506102,24.053347148402693
5691,0,27.41047692797141,29.435991610636915
596,0,29.618137489565303,26.261916209837477
4310,0,25.03419662269662,26.443435183357973
1750,0,28.88218907347563,30.880766190438504
533,0,17.67112843450097,18.943653195506304
6244,0,27.321980442315102,25.201127659862827
8993,0,22.476450191243917,20.03926254327194
6235,0,43.90144961842798,43.98028746462652
7250,0,18.967244398284627,18.849677824736357
7063,0,28.51218361110622,28.9882577831386
8142,0,26.43345453063578,29.727709493831203
8970,0,21.609993859166313,21.032194267829674
2825,0,21.218113949837313,22.245943525245742
2349,0,24.63811963041838,28.54687862217105
8869,0,21.776066080429842,24.470595849180555
8383,0,25.874172140140168,24.54506979561311
5627,0,33.0990526186256,35.86398026477696
594,0,21.591824622607188,20.300870544591117
452,1,34.31176888439301,33.279948929169535
3845,0,20.34288297285098,19.204541798251817
6539,0,24.163259987415675,22.778389374172768
8619,0,28.887641250367707,31.362029257769866
2702,0,41.03930142921833,33.66870616337409
42,0,20.616880623303064,21.35884841173926
5578,0,24.330862621780117,25.565733660271068
8880,0,27.473814997128922,24.673589835433177
280,0,19.56322853681989,20.739641258103315
4937,0,18.870811332420573,18.048575212829977
818,0,24.00985414253785,24.537793754732125
1322,0,27.353991706407772,31.384825321334095
3796,0,25.477494731003393,25.19480024609367
7116,0,30.761138152249238,30.91104092139666
951,0,22.642507070079215,20.05620325205948
8702,0,28.673444116566046,24.730660543555533
5429,0,31.113345276900894,31.639735794289283
4777,0,20.453519755456828,21.76343698255182
2382,0,28.797188124895683,28.67516510940014
3394,1,42.09085923779325,34.75048727555064
7638,0,31.277096348294226,33.630152781332946
4399,0,24.69941815979058,26.168930987578268
543,0,32.76053354892266,28.60452051828369
5146,0,26.0491958957246,24.355970272295757
2560,0,32.145184755197675,27.112950053459898
7865,0,35.09725885667627,34.88042676507613
6878,1,28.287981267427384,29.37104620104375
741,0,36.70866824282564,37.76201319023645
6922,1,23.626653799494488,25.024650744138494
4405,0,34.528275875618995,35.879570673640984
6495,0,21.486033117138874,23.84776729918378
5318,0,22.044804128097535,24.249555233030964
3766,0,24.18006815974544,22.420124025971443
4309,0,29.221834084447956,31.34332989618818
980,0,28.486042704538427,28.63448932843681
1286,0,28.48649704072793,29.77697188712581
7889,0,16.00272101132203,17.81788178979153
1793,0,21.528876175138492,24.790381776531234
7652,0,31.857247838670872,30.77351174937398
8237,0,22.912491007138165,22.44251491170542
5585,0,43.482949260026984,39.90444515640394
8416,0,27.677519469799357,30.59281876140295
6344,0,25.95741666944766,23.89953061803941
3409,0,20.167913728323615,21.899920054541877
711,0,21.87380194654069,22.168291295934356
5204,0,40.7298034048907,36.004451323197195
4770,0,26.440581587814517,25.801004196849462
2717,1,31.25387310748594,31.740981199381174
1835,0,26.054299266138095,24.029723389879514
3229,0,21.54579628108907,21.24237770793872
3101,0,20.352654846357016,21.663599202952447
8872,0,22.116918581307313,21.82002554310979
4940,0,21.822221712853423,21.56144072852537
3956,0,20.035079838743503,21.08318905644309
873,0,17.600508243046168,17.564295755593715
9939,0,22.97466766534568,21.509003460930945
3266,0,27.68039268507762,31.45249295365124
6803,0,25.59446735771899,29.1786776514228
5658,0,22.806493268802953,21.73055007139622
8708,0,19.339317587206864,22.355506845315865
3248,0,32.76553391448457,30.97992798641982
797,0,29.389523303735807,29.036522226525598
2417,0,30.08330646521365,28.34219225490192
7585,0,20.92105983848291,20.745127860759894
3224,0,21.6918703059694,24.314226927950035
7601,0,24.756964463601864,22.82153266196183
1682,0,32.87930397918196,36.96892248811723
3423,0,27.91373761194595,32.75418574509535
5278,0,29.53368424799635,33.390834805933174
5700,0,32.22430639063692,30.140259174675585
8736,0,32.49229457883581,38.947763405431715
2344,0,25.83579173801282,25.189998090757673
1831,1,26.50058673438088,26.930944651698386
651,0,24.054573311392442,25.967896175220467
9454,0,23.490317290394188,28.095239568411586
8301,0,28.28879431243964,29.63968908228688
4665,0,22.413411250777553,22.066551994590416
9351,0,20.99047244547084,21.056645397192256
8368,0,25.14731970471135,29.03300641956332
6475,0,20.036852766627707,23.425619261963153
1083,0,34.80412284822026,37.705304971599524
9677,0,29.08756784209162,32.97654504079488
4008,0,29.721980352386417,29.38951653084077
2087,0,35.35402827644974,32.16330669750502
1066,0,31.54688478323122,26.783375610544674
3822,0,35.21105181340553,36.397893876394924
5017,0,24.383597494376378,27.638691485087183
2631,0,40.771935157036786,39.92624444960578
2960,0,29.194464003494442,34.10139094560035
3687,0,22.49954967177665,23.82683419847686
4582,1,26.61467619589115,28.861632512945864
5091,0,23.68005668015628,24.480509813219257
2145,0,20.608509801859295,21.177938240199335
9622,0,27.146034960100383,32.871960786467255
570,0,43.38455310041364,38.12106117723317
9657,0,24.503515303720214,22.471756685813
8889,0,24.92812037689357,24.221605636493216
7235,0,26.19169669202929,24.950220214279618
2890,0,30.599182217981408,26.046108820721383
1407,0,31.278591856100483,33.57086613693466
5720,0,27.26950923822523,28.92436554654803
3516,0,21.153960543786962,21.99081464149453
2650,0,20.35928142592862,21.77194077682675
1646,0,35.05923613110076,32.158814232942326
1022,0,20.980842270354422,23.48883386543285
8090,0,22.007133455421226,24.025546465384654
8674,0,29.86380456326973,27.977277449258985
7623,0,50.40748577279517,42.69523007746079
3651,0,54.552979749335705,46.38608730868391
1182,0,34.34399737673626,30.864417615004587
4546,0,27.13223920416452,26.80147040378999
5732,0,31.231604475026067,33.20190255763981
6382,0,30.08693068253149,25.680313586407888
4396,0,36.31444160961063,31.02591988804666
3417,0,23.617153064337053,25.88470312818797
3180,0,20.836664046103532,19.679992070079233
1114,0,25.55977172815647,23.22216191290255
1052,0,29.826515001180514,25.207164507313767
1526,0,28.75734790214704,28.625433379991595
1135,0,20.156470075784743,21.2358340974097
415,0,35.70635838808899,32.830588217548915
3412,0,34.148530339161276,38.38208976679588
8324,0,28.56070928312191,26.911906279572925
7996,0,29.317814965243308,28.13262682142022
7839,0,36.926506145813036,31.731358707845033
8661,0,24.157102565071927,24.940965320263576
5668,0,24.465905190343733,21.795462999767082
1272,0,25.291922351775604,28.3351170005667
6314,0,27.725575210007186,32.06466874491038
8794,0,23.248922042455565,21.621589008596825
4345,0,39.556571009621535,40.16190568630894
9102,0,20.308827350716093,21.649164022562932
5669,1,25.57086263452887,24.872147056989395
7459,0,20.808433248212403,23.826765800254353
9390,0,22.68771749222628,23.790790565148406
546,0,19.737523103910153,20.70117497122807
6693,0,24.821056030105066,22.376045544379746
1619,0,19.335916129009632,21.262935406442857
1454,1,27.840619051136866,26.754187620059632
2895,1,27.891160223131017,25.461453117309084
9368,0,27.921828856004954,29.232635093664683
2800,0,31.67481185099504,36.198803347523324
1943,0,23.557038567198294,24.78795529771607
995,0,30.81762608687373,30.263286264392207
6191,0,24.127098458018903,21.870428385423647
1212,0,37.28944039511282,31.85504408508951
4480,0,27.71456079984191,26.86477519353735
2582,0,24.3514483904637,22.61422904517542
3910,0,23.77541018818301,23.70027232758574
3905,0,18.30693081621563,20.447326635168
100,0,28.290475740473465,25.71039793051535
535,0,26.479802303657394,28.924280003003194
7084,0,34.11388961731787,30.443559966231412
729,0,29.084710001426977,27.160426822794207
9848,0,19.921967635546714,20.681248927576576
7807,0,31.69667211496233,30.05335752985648
5329,0,20.252210809600612,20.736283104607992
8660,0,24.746371812863124,22.903520347097523
8129,0,22.392600111166693,24.760519094934228
7094,1,28.248734755358587,29.042321786211964
6943,0,34.9056841731691,35.185330218796565
419,0,32.000172267394255,33.19647517793746
5474,0,25.224008200821213,22.023469297423365
4499,0,19.26384813740403,21.142158061525443
6215,0,21.843119576492104,25.390721895684134
3027,0,20.610983633737185,23.364295123816476
5349,0,22.76099059389039,19.338513119371544
3820,0,28.699647851450436,26.84071290711192
9016,0,27.721335276077703,26.270307240092993
8071,0,25.136222454679118,28.990227435928333
2086,0,30.17636333872185,27.52896471479434
7766,0,22.440393752921317,23.230927377821526
457,0,27.181453000300394,26.888555799412813
1328,0,23.348247280847623,26.47359781491154
6678,0,20.742784062253413,18.857697405820637
7603,0,27.031327416590308,26.039804495905848
1669,0,17.432624030001605,18.203727105035775
7439,0,25.29815915953988,23.16317300753455
5589,0,23.20192123600478,24.123260464181577
624,0,28.786884924434883,33.006944836589916
9969,0,23.658177992989074,26.538753450311187
7931,0,30.051114788455198,27.30180268721418
7272,0,20.922616943484257,22.058263329595096
1551,0,31.028993855747682,28.47804640025612
8528,0,38.11244860358396,30.429768892677163
9090,0,20.697398024101364,22.83585999427295
3471,0,22.806198295113404,21.471274271371176
6342,0,19.284861504144622,19.434563565699406
8946,1,24.11405366520129,26.584746176911594
3791,0,22.62133995653997,23.208010909790218
9330,0,22.357691409401397,21.09168858928897
23,0,30.91094309900588,29.218653142708327
6683,0,20.63389820138616,20.620540582462134
5174,0,23.73865093573853,20.897347247893805
3629,0,26.838545203043633,22.771878908226117
9160,0,35.869262156536244,30.919344194220447
7685,0,39.56485308202087,36.783636220474264
9970,0,33.595718395073106,29.161917262960884
7259,0,25.04293278828102,23.069504362874397
586,0,26.771963617050393,28.071673975428432
9954,0,26.167046363645564,25.25784587889348
9479,0,30.76973817649792,27.01623609332299
5805,0,28.793459908143657,27.778029916043543
5505,0,34.5021214505794,32.38656459118053
1131,0,21.90005878898047,20.462425868466404
7234,0,26.708246856651904,25.86805025400995
3946,0,22.112117576108027,20.46745981672262
5991,0,31.573327424662246,31.75893358864072
7080,0,39.88396699905947,44.838945848649225
7643,0,21.743917797676772,23.585135592539917
2600,0,18.199859388273186,17.691400248009927
126,0,16.729219145456355,17.2567132806959
9009,0,33.794317019272256,41.22310522477988
2068,0,17.74351414362733,19.946150203720116
9555,0,23.95969831981095,22.027718070496377
4166,0,18.125146210743146,18.08868389974728
480,0,22.513616250094614,20.25891697377444
24,0,36.60564203756141,36.610625425861876
8636,0,22.56907095296505,25.41640483427374
2937,0,27.13455983051856,28.113545038247842
8940,0,26.038538819984986,29.757289039422655
4375,0,33.032136289431186,29.84984232002792
944,0,22.214836585272973,23.349993786872584
3598,0,24.935979544951156,23.20939268099314
4226,0,42.90969400873852,38.79931884141816
6473,0,24.125701209274432,26.023379933113375
9047,0,38.978317821769885,37.90518760546457
7464,0,24.682069073868856,25.532069881148338
1781,0,29.55614052142067,25.667001489463193
8671,0,41.86370731036827,34.71955673402821
5982,0,22.269837213250792,24.504485064895576
5521,0,40.91343805639426,33.00936061626452
4628,0,23.2917573625851,22.321900197018905
2588,0,21.52076602360077,21.420294536548397
2987,0,31.031848831511283,30.058409958890724
4292,0,32.62592899740834,32.78008570708276
3626,0,31.907350598027246,36.793153467782226
7219,0,22.146105259372828,21.678659744222497
4793,0,25.220637757888763,25.619648854965405
2932,0,22.172292793125575,23.250917649740323
8450,0,35.76094785235522,37.26743238481462
9546,0,22.680078234861682,22.435978099191423
5331,0,23.020976347631315,24.34674847010099
6331,0,24.045825222276935,23.30206011674212
4132,0,21.570566882608105,22.521552562732882
6773,0,32.106536949824125,41.46767640915279
8585,0,28.202667936438353,27.25617540475384
7480,0,21.91373829638932,22.281989120546744
3743,0,22.901487307583366,21.09240965682917
5002,0,21.72363854928542,22.76859910635018
4367,0,27.299790175752353,22.938696838252156
7329,0,28.022497741628474,28.035468420456503
754,1,23.768461945938625,22.577864115951176
5789,0,16.50046533094798,18.257204754790806
9561,0,31.494566676650425,29.10841925483411
6849,0,17.82141840016937,18.81997427737509
4369,0,19.464581082647136,19.451409914978587
7109,0,26.1386027785401,23.699476431991503
8319,0,27.190788688997984,26.424443752313778
210,0,17.851946145670134,18.191349809087193
9764,0,35.712325760392474,38.11888824589976
7034,0,36.856869199966454,43.76857060345182
1902,1,27.937968824947014,29.173018697284707
2752,0,34.66249716122984,31.198660100439056
8079,0,25.843338840194644,27.37501977829016
7411,0,34.467137411307164,30.751146268602355
9844,0,21.951417007767322,26.687664554104146
3553,0,35.604857643761235,31.311512689106852
4723,0,29.566743728826523,24.726933510976753
7363,0,26.82681113382259,24.188861012062983
3162,0,29.39692077120552,27.29425455574664
2562,0,40.18440676678464,43.43550317647058
7596,0,29.290777044750733,26.09264034068345
4716,0,34.04116058138553,35.91310475622184
1424,0,17.290303577496744,19.64853963408876
2659,0,31.990854083987845,38.59895189871818
195,0,21.47827217705224,25.11350495726947
6734,0,21.681519539398124,20.57031492437355
7791,0,18.321869610919954,19.044371500731515
3024,0,32.74147325147041,30.91923642937075
250,0,23.352422213999965,25.514883477033514
9633,0,20.69808002152187,21.541020262779366
1299,0,21.440349363828357,22.05518494903856
7273,0,31.105172281667794,33.5505523701048
6047,0,26.354071377625427,27.130321327752842
5609,0,21.362664427136057,19.815805072575024
6946,0,37.525977396165864,31.599624286521063
8624,0,24.811852702383685,22.626051332999946
4043,0,32.88920182523496,36.37078706324681
3550,0,35.24566016233803,35.84318985170724
3562,0,18.66256100091701,22.01386605145829
7315,0,26.89834536522299,23.41702088555634
3331,0,37.236339349947706,44.33311348061572
2488,0,32.591397845072954,35.71558715656062
6769,0,22.74384663554979,27.86915409360834
3698,0,26.889824139592818,22.692172130155686
438,0,29.15608671547316,27.061507628944206
4,0,35.56189079119875,30.24231327858694
4073,0,23.911882128232467,21.324497984628206
4194,0,22.154201427274323,24.266561743497043
3111,1,22.910681314092574,26.320877505275977
8961,0,37.53464282527903,33.77484177623719
4915,1,33.801112221106884,35.951768778865414
2119,0,22.36843661164872,20.51329232244487
141,0,22.288851514144348,24.804050901416094
7429,0,27.445674132129813,27.498228417285766
2187,0,24.698380760870027,23.893097963332
962,0,33.71847049681315,34.46116891674087
2196,0,24.70982125610889,20.800752453998506
3848,0,20.982313376613636,19.027501957319476
5843,0,20.143426552034033,17.82163029334626
1463,0,55.24057147335777,54.493441392528105
6257,0,42.985984971049646,41.74537276238469
1159,0,47.78719743588243,49.90013686544226
8931,0,21.89605696697882,23.93820595401685
9696,0,32.61593908733543,34.861457290984205
9687,0,41.46157662812131,34.52217053635379
1467,0,17.536542291116376,18.741194141039408
423,0,39.52234101964032,33.16004576622292
7474,0,23.00968240565723,24.484539850225012
442,0,27.242944850939846,24.06335462677269
5378,0,21.313328645277675,21.632714927911746
9735,0,27.78548396052537,31.005253153940078
5168,0,31.789018359838884,29.36233955719832
8148,0,24.292647930016184,21.94463716316823
4208,0,19.592471603383217,19.328161713368676
5076,0,33.832363136542,37.10142385545658
9310,0,30.56482662705283,30.25662007799271
5874,0,26.0840079263458,27.327567357873868
4142,0,22.28682973762856,19.25318512451747
3319,0,35.62853333654442,31.83350362816349
6040,0,30.319740139729966,28.394235052701635
9100,1,26.394617874422288,27.676524750265465
7869,0,19.641450652175262,22.25243723486555
6646,0,18.398131390537177,17.409521243367507
6991,0,29.9410262464239,25.379089906851526
4599,0,27.883445200151336,29.89938281032085
9328,0,27.921640181173164,27.53428854070749
9073,0,34.81635318083574,37.930471998659335
1260,0,28.040078634040277,30.623908668689058
2405,0,26.580614016903386,24.87021573685341
3245,0,28.96477314853972,27.783557126368457
5271,0,23.78584348645404,25.75824420783527
8348,0,35.95131146541133,31.575830515557225
2001,0,37.4313553577095,37.40352651268188
1150,0,19.48639456234907,21.25477426436096
9395,0,27.09017907446895,30.924928681102962
8540,0,29.0363299929049,26.457743086810485
2990,0,29.950939889662664,26.490015274740564
7435,0,19.234797700891722,21.64503178427716
865,0,25.711802824032887,25.65529513462277
3513,0,34.07769197976,32.65796601123597
3609,0,21.918744623592808,22.44865803915196
7014,1,33.98381532723497,30.02604696714073
4070,0,19.410358259540992,21.7723809776851
7867,0,29.356506984644238,30.454793654933596
7967,0,17.469134704153962,17.61392791811831
1399,0,42.48266714151229,41.49987059204804
7735,0,23.72665311038177,22.695039039254652
3841,0,23.641464929613228,21.14575624080305
7375,0,40.11019870558822,37.02719723045153
6087,0,20.50063058102152,21.483620185217067
7550,0,26.671402262869115,30.48666609215069
1627,0,19.80430526925008,23.310527963251722
5201,0,27.984308411410346,25.659889724244298
8848,0,20.072510103089055,22.347940403684643
7727,0,21.109703891345394,20.72432245865249
2695,0,17.82413571801147,20.35598448817734
4495,0,27.959858505528214,33.58392037279308
2940,0,24.9236137666384,29.678775235482476
8024,0,31.24813798190507,28.189592265669493
5510,0,19.172974422912684,17.31327404431313
4400,0,27.752371820213533,25.37197030851157
5041,0,20.47338561450072,19.707593105373057
8365,0,41.169064582911396,42.747608169348496
267,0,18.774373784481366,19.17863418717105
2915,0,29.717809989397356,27.700307479708105
7333,0,18.240901124472472,17.579612219152565
6443,0,31.918244630867505,30.520840021718026
8377,0,21.162381004213668,20.204543143483395
6663,0,20.919017194863635,19.610988446698023
8471,0,23.84025571283999,26.796228658255014
4019,0,24.06050927191006,26.026051253977528
7443,0,32.883594924015014,30.023391396842282
4392,0,27.070774106157405,26.763028769554932
6832,0,24.737577683395067,21.659218248179343
1555,0,33.98402895205856,34.22091419753501
9631,0,20.942861079732673,20.861909452530902
9982,0,26.83132146704925,29.02097437757017
7361,1,30.95130115859065,29.16047779156329
6249,0,26.5955408015167,26.424628608802358
7380,0,28.46629085947083,30.847021146561485
6820,0,26.881530469297264,32.5392410401522
8283,1,25.262137287325764,26.511522621529902
2823,1,24.74373067901979,22.567562754409508
3991,1,25.24125883846404,25.029530983070583
7232,0,35.48007752947959,39.80366406563108
3619,0,22.239466412054153,20.744637266916346
7031,0,21.34857926840081,20.49735538595351
9441,0,22.94501119577224,20.511955049360168
9736,0,19.173078853072614,20.484276825191046
9420,0,24.796050529514908,29.228690026494235
1598,0,29.565010672627636,32.028806208439086
7943,0,31.926254047997055,29.432258155165318
9075,0,23.455106530242478,22.84170517318089
7444,0,18.448707421599224,19.055156355375335
9280,0,20.443370821832332,20.85712586422832
5909,0,31.80957800485977,29.462067544121012
8962,0,17.69670985096444,18.660351409123994
9683,0,24.5593349575456,22.950901426078115
2618,0,32.4697582123082,31.20374913772833
7731,0,37.73063959715621,40.08666185540339
9823,1,27.282527498423935,29.318527563356746
144,0,21.576608526385424,23.153681052417205
7588,0,41.66085953777677,40.404731785629814
7463,0,23.783137344909335,26.288998250929648
8345,0,22.94323278667784,26.063098031857486
4423,0,33.88948472277778,33.3251043202106
2388,0,26.43266447503547,30.419172722515697
5462,0,17.862869531752935,18.24184689713418
4962,0,28.79990286412367,26.328166767783976
2747,0,43.401115763052914,38.53423127392748
9261,0,31.605517402056687,29.780440714981527
728,0,24.855228331862822,24.882725540711405
4536,0,25.03258576652661,27.819898857792708
1496,0,34.223301752945076,35.89825803307142
6055,0,25.689473938465895,23.59915192593022
8860,0,25.654547520624106,28.045815441086063
4866,0,22.49411393648726,20.138420454869223
3188,1,32.02399141252027,31.751684616123725
4831,0,31.59811047204649,27.155131489130383
2122,0,20.581375673572033,19.906641536912847
7825,0,24.017840960538326,22.63606148873653
2207,0,33.97882152287214,30.448354939745634
1823,0,19.85229509262974,22.707095855767097
8662,0,25.71568581545546,26.227591216211007
3868,0,17.911196983233776,18.835855935652926
5298,0,33.478282369736796,32.983494932137795
6569,0,33.952680798335635,34.90603874053725
63,0,26.4698231416348,30.9474692705876
2847,0,22.088787905679755,21.10435625970677
2666,0,21.207020902494516,23.23180738438631
7376,0,21.768278188520878,21.377941090843734
3021,0,43.849520530712084,42.69961961199618
1762,0,36.19283444310678,34.98401615371337
6811,0,50.369593062980364,46.308082962403475
6376,0,26.952112604727482,29.336359591590647
4624,0,33.58721230062859,30.06865493654055
7646,0,24.008202482540778,24.62616981222704
5706,1,26.323546859499633,25.46556531655849
1134,0,19.83761238872969,20.812046017053614
8372,0,48.61979712699645,46.23866500112408
2979,0,26.22065662723404,22.75508317436742
3119,0,35.13973776917082,31.036736859788935
4575,0,30.47880437562751,26.779930954064277
8238,0,48.683075117767515,41.205449403084906
2062,0,22.771150174690302,22.244301213819142
1673,0,17.955876014195113,20.81651045230409
6768,0,29.295252591130545,26.484471934305823
573,0,28.006662081701446,24.461860766865378
5217,0,35.35803607045458,36.34683830759863
1743,0,28.739903292164076,34.27578768940676
8936,0,20.464647912903246,20.076969289832263
2160,0,23.43534812986102,27.250850707120474
1727,0,20.283508942556193,21.58513300577733
5230,0,23.379870075129265,24.23459634089481
2175,0,22.202393271603118,19.549204977692806
1859,0,26.995750407326817,25.856490150990684
6674,0,18.01139136489665,18.189750614305982
3771,0,20.19972715040855,19.911271865579792
3155,0,20.0796978043206,20.273001076714966
9485,0,35.18744932811049,32.264098492886745
3988,0,22.722195022876004,24.194473779765005
8252,0,30.296582402121278,26.997418100430945
5129,0,30.13231690254376,32.470503765404324
70,0,20.63982267695459,23.297880856546936
1172,1,24.883670030505847,22.56011487895256
4635,0,31.9655277751824,30.306141581735368
5391,0,33.682950699361186,29.730277579883023
854,0,29.672101805135725,26.43388550733427
8194,0,20.795619802950206,20.29287533359239
9517,0,26.733657774898905,28.923941383515945
8642,0,28.571686146831166,25.533963137434913
4729,0,23.016406060465307,27.636222873110036
7097,0,20.561794722398016,19.25325572918094
8785,0,18.006112290248282,18.06088869960739
1812,0,28.07779525886608,27.075752071789662
3942,0,20.03458753595759,22.427729018061328
7051,0,19.108684093230803,20.219681785371066
1186,0,23.899081500422888,25.33702165520594
9040,0,29.477467626746904,30.411220587138498
552,0,20.54245144008555,21.045563030744834
3966,0,28.257733631497008,32.84330305888844
1608,0,31.573686998813507,27.020224556258064
8714,0,25.489165267970012,27.857409081684352
1570,0,18.204364563755856,19.153654015800917
6652,0,21.132591581614687,23.892363763792684
9618,0,36.20224252557689,32.95877903464958
3510,0,22.132934289240367,20.84487218988589
7806,0,23.370478171324788,22.92389235997934
8265,0,19.56839320678261,23.453902266061288
2384,0,45.97669471924318,45.324797018214255
8459,0,17.925504125466162,18.760098478710997
898,0,27.197787955154226,31.940960953867734
9024,0,31.57675556827203,30.012984945893088
8050,0,44.91029540550433,40.354770107018446
1896,1,31.934324256322196,34.02214748314023
9666,0,26.459130980891732,31.219021981108874
4216,0,25.6226604702234,25.029469758646293
3819,0,25.380355213383588,23.724445034235554
8764,0,26.361908934405268,25.596421400715656
5769,0,27.81757979442477,26.34602536414971
1289,0,28.142018695958967,26.45970363788851
1573,0,26.775461759639978,26.44819762051564
386,0,24.746823992040753,22.17439801343678
8298,0,30.66883424924882,37.384200211982545
1145,0,22.396314260243184,23.72288658351041
2123,0,20.968111272378675,20.308676395215173
6759,0,23.237017852297747,23.6319265386113
3473,0,33.44090486769831,34.2018894693281
5522,0,34.88275290765488,37.89284048639341
773,0,20.745284910305905,20.95796621542723
8367,1,24.09288586662118,23.438799869136936
3557,0,22.583191706455306,25.856719129656515
6538,0,22.646059734863265,23.486766438517108
1780,0,23.113326893512586,24.717098058525593
9742,0,38.79923633261322,38.96617265203486
5046,1,29.865535842108656,28.94449351265286
2242,1,25.734395865699444,27.77669438428828
4331,0,19.271581510138457,22.926460628178354
9836,0,20.837041999348283,20.871084153190786
1907,0,19.83987842843086,18.997364831740125
6578,0,22.645377408563746,22.701938272380332
3879,0,34.98599721511809,32.698053986495076
2728,0,31.45604115982668,27.424514156117947
7155,0,23.277401076380357,20.919708039287784
892,0,31.499542543216215,35.0141958505491
2316,0,35.67482791739514,32.9576861764796
7058,0,28.774317194045018,29.336909259055926
6770,1,30.119121539012948,31.176542540410235
846,0,17.781293563760062,18.658235261973132
4556,0,46.55907022302399,40.91992237885394
4570,0,23.19648558122738,27.603452390340937
5880,0,30.43585410968791,26.7427021190151
3187,0,40.64993647337359,42.576951325011336
240,0,30.21077944632586,33.413674294655394
6616,0,25.249061057286724,26.55071011787441
9778,0,60.273823456293314,50.806894390242554
8645,0,20.265765216206187,23.03825643281562
8567,0,17.955570903978554,22.197106411113797
7341,0,28.727666031885814,26.810537619759344
7323,0,25.32360923919254,24.022581596809243
9171,0,33.01546251318238,34.38272418040604
4957,0,35.627687034177896,31.076502787716237
7689,0,26.12246956440687,26.70651434742156
343,1,24.085972891507936,27.50669661478428
4165,0,21.77743236538346,23.469706443014378
5375,0,33.91904028863142,29.45238724873868
9329,0,17.194171373526288,20.017873069822965
4363,0,30.41404417083737,33.76156291806733
9525,0,26.689914713806434,27.71542235396068
6315,0,21.844561870113935,20.36553993646792
3756,0,21.699597858088424,21.04172727658484
8852,0,26.48226979012414,26.018350362749317
7044,0,26.731536173110772,26.958076960467285
6090,0,26.228362148005836,25.189232320990147
906,0,36.592823220094346,38.695278759181974
1659,0,26.96790700958104,24.909908308357
7557,0,22.490582746265332,22.129781284196696
2801,0,40.88974456454592,39.737148510505115
6352,0,22.459301822931426,20.476628550473304
3987,0,33.22744616480672,41.554598545822614
7135,0,24.440613635795152,23.604394191753286
323,0,26.048864376546227,25.488824079851337
4549,0,31.620184876432365,28.711428624840217
2921,0,37.333461447930006,34.919758691525466
6069,0,33.038142679658954,28.936232645922143
580,0,29.570974331719974,27.62135270716368
3597,0,24.436020779315214,21.990766048458838
1946,0,25.967501790624876,33.32880653368621
9471,0,22.812834378112736,21.10439043332623
2576,0,20.75170551001283,22.648616058445324
9069,0,31.000325682033687,27.129035783073274
8927,0,19.03936366421654,19.056007062797356
3818,0,28.654989588736903,29.206484798936685
2394,0,32.25752804613148,37.69534994444345
5034,0,25.7799112688316,22.959358580193058
5886,0,25.269809782053546,27.261805386996503
6623,0,40.187990948444195,37.57817975072476
8706,0,25.563495761390975,26.833575489941996
5829,0,26.384332816860752,28.383326994339235
4046,0,23.22734209616383,20.704202500478416
4880,0,26.78889373227664,33.34908142667336
9819,0,23.410426310818337,22.59241045146233
6154,0,41.53796564868776,39.1521210118163
4038,0,26.95678791807289,29.656614854349282
7905,0,33.66910568954222,29.435835472874466
431,0,17.80285662711403,20.67845807320681
9605,0,20.470387893965203,24.079931642845448
1769,0,34.525694111463665,34.21230547778589
7395,0,26.974211736274416,28.045663315577773
9149,0,22.70964881587396,22.4968418197774
7485,0,20.633087987508727,19.272802531063448
7786,1,21.122245585417815,19.847153795366683
3846,0,27.936662359882934,23.461010541911243
7850,0,34.32801783078819,31.385480275616903
2831,1,24.398116541890357,26.621158379533682
5566,0,29.90194594669928,29.727548068268348
4965,0,33.576743258743974,32.461297186021326
4870,0,31.131008969732658,30.89929252697965
6379,0,16.616423843213404,18.58210201133396
1472,0,22.594744877602135,23.17674234454411
3429,0,21.175527849169807,22.396973484256357
9474,0,20.816138383962528,25.53783925490771
3282,0,28.83027278417833,28.81224482340916
7948,0,22.858828330357493,21.2419298848673
7950,0,26.32837162427994,29.0722430148797
4444,0,20.743616699269687,21.53894744974144
2955,0,26.316675768510205,26.211089734213942
2610,0,25.240115583532322,29.715787941580437
1941,0,27.364936936642252,32.319441846446736
6558,0,33.27538585226876,33.34429115195858
8647,0,33.048787111838394,34.869865048244456
9960,0,27.62532604579776,26.145861416395274
8048,0,23.617847395187262,22.589046995238153
2517,0,29.11411552359194,26.74528344093065
1694,0,26.212513785950577,26.571587967654445
1084,0,32.029278427179236,28.127534985018087
876,0,35.73954425290967,31.804313692022557
518,0,40.13052047460171,35.88477669196658
7559,0,22.8970106237814,21.058648742856427
6081,0,29.590995221731063,29.589425372166662
503,1,29.531682031764333,27.176001587207086
3259,0,27.125322231878343,25.66945930763539
20,0,23.25856245065994,22.075198643299604
8140,0,25.31880138502985,24.819458337114714
8403,0,20.19590610227807,20.526111252693976
1914,0,20.307962416099883,22.57512328772989
1732,0,30.276120829386503,29.399797981664136
1971,0,25.902302045002056,23.71928562446211
9857,0,23.675989351918687,23.787477009099153
575,0,28.360384768762586,24.487564113958687
5765,0,34.635449231561324,31.03530668888548
6587,0,27.03730396533585,27.226584347477313
9057,0,23.08459732070756,25.2112135544288
2056,0,22.678567519830924,24.012036016355555
2315,0,23.227374797628773,24.53915844473754
6274,0,33.917675752323426,29.357192467723618
487,0,25.622993894830646,24.266206170679492
7110,0,26.381201963613155,25.441043646491433
9178,0,17.74469797830259,18.360084046633
5402,0,21.24616297795014,22.677782674982318
4301,0,18.80154550106405,18.49994881764595
4992,0,25.629011773888177,23.835906076491955
9801,0,36.01343583060391,35.52653002095739
8603,0,24.42285832518678,20.23644938850553
880,0,39.94196884422741,33.279176418298064
7678,0,32.64796603332569,38.36121329075432
7934,0,20.85399324136153,21.47801349865173
1140,1,28.05955624977846,32.497056199872915
4679,0,25.70417026255708,22.508453071343233
8749,0,29.51994676336356,29.519917250616373
559,1,27.003897818012398,27.625246252457277
8165,0,23.00107987829878,26.794348047025096
9396,0,17.83776032789811,17.158355021881114
1295,0,21.159175650260075,24.188806929624153
701,0,21.173508530820126,24.87205823504119
387,0,28.81327883043429,32.20319996193731
1373,0,37.17149163874754,34.18563453521377
6891,0,33.16960355677207,33.17822342147813
9080,0,22.6876720708063,22.825486319085883
986,0,44.73722745264422,40.76825573347479
1321,0,19.265845544704465,21.67859683362038
1349,0,18.729690700682497,20.620057125949117
9464,0,28.12855788671057,28.466956467190883
6301,0,38.61561502281751,37.2198062763244
826,0,19.856132965326925,20.090635292292703
5912,0,28.403079697890444,26.213953937119328
9242,0,38.995611121405744,38.67650103075202
5891,1,26.189378288268305,27.963729421169056
8171,0,35.140864201831,37.85605303059521
9603,0,27.608591821326108,24.420706066578166
3006,0,21.80848616398449,22.439730634232383
7310,0,24.082976627569096,24.995892600010105
8777,0,31.139638604257794,33.923486065634506
3631,0,21.095215030903155,22.02281872377533
5852,0,27.435772553445087,29.53205984094387
7561,0,33.070266445503236,36.46773301308
462,0,29.888108661144635,30.618577082584466
5336,0,21.500589616422843,24.028865122905177
159,0,23.278748429819988,25.72544198028933
5670,0,28.953533568116267,24.057485244091968
5839,0,35.80492332813093,38.42509975083552
9086,0,28.754313320170677,26.995251280172717
7937,0,19.843657334829924,22.573610502612944
405,0,42.1100277119185,37.783750076212264
7535,0,18.85725241125477,21.336232056425303
9953,0,42.483070212631766,52.63997351940548
6075,0,24.224994797353464,26.625803932801528
2100,0,20.234919966713868,18.99933045184101
4255,0,20.58957221573752,21.643211569913717
5824,0,24.70535425932886,24.459410485179625
5755,0,35.848075427113216,33.47664404247644
3926,0,31.463044904995375,33.21443970379595
7743,0,28.18059737135441,28.495159962472428
4511,0,20.331205465946237,18.841150138321797
1386,0,27.53394652842366,23.406689485953503
1027,0,19.01471235452414,19.043726406793027
8980,0,31.64831602516651,32.91714342404295
9322,0,36.95921880807598,32.99424526393285
8896,0,26.464985262558343,24.193945216319225
687,0,31.341582346077775,26.974111195122454
8485,0,19.69699301240254,20.426853420127784
8380,0,25.08915510950554,24.071011713799773
5719,0,16.919359706829265,20.49760357476233
6864,0,17.61977308933754,17.476530719001918
4611,0,27.394947486655905,27.2598437479506
7539,0,32.29190366907346,30.557237929589093
8612,0,38.61627004101823,32.5166833572691
5547,0,26.222156337823986,23.270515412493218
1900,0,22.434950868890073,19.616809706678914
2838,0,27.224207302134534,27.554801664195708
6551,0,26.12262031333201,28.49250748885002
3270,0,21.429735542628258,19.649791702462547
1330,0,25.17039474717956,26.191589631857198
4150,0,20.465816076441108,22.401207239468253
2069,0,42.39830943252699,41.14311987667661
6568,0,20.39911632378047,20.328841464106056
5907,1,23.49670554036129,22.379497202986435
5472,0,20.52058954623418,19.211371238386146
3110,0,27.232362049448195,28.071185258116383
208,0,28.729453740399308,28.943718277180885
1137,0,34.53592047883732,32.57533179091291
4565,0,21.328047616385163,19.580905018573866
6402,0,26.247004653516207,30.750308512331998
3001,0,28.09129867377205,29.147731826505094
4453,0,19.320653940153075,20.069788129979457
8605,0,27.937947704282657,26.43476165005675
6300,0,24.27920644946185,21.817042382250655
5497,0,23.74940877598646,23.115597322111345
1346,0,25.627907609087547,27.405437364236224
2563,0,27.191235527798373,26.306323134004796
2255,0,27.598534639597737,30.36752364052976
2463,0,36.323981404669354,35.54958290827536
6298,0,18.345275498554987,18.858675787616146
4013,0,20.98433770805939,20.521420894548857
3895,0,28.886824629279033,25.54710009818256
7353,0,33.514284517170964,28.75411258250246
8146,0,35.629288071913756,30.028582549361996
8884,0,22.321303919291122,23.603126715946818
3892,0,23.371256992071768,23.33176642746269
9776,0,21.373335760676948,25.9767038782072
7223,0,21.925232014557643,21.86054970242581
1320,0,26.182099815024515,25.662395325565562
8018,0,33.944420393394644,35.677575729776265
5967,0,35.23404780814901,34.756152623765985
3873,0,23.98896832894776,25.96950245359912
5232,0,24.053261597577922,23.401787764550797
1990,0,25.12540872537695,26.02244598907126
6250,0,34.08950110207935,33.48363075256242
697,0,23.05383991640252,22.06291945181221
2685,0,27.076753225988803,28.000603563241928
6318,0,32.28192412285582,34.067756656230934
2126,0,21.08965468098432,22.050612329110763
9537,0,23.83925715430663,22.80780799914653
3474,1,30.008329280825702,27.18167310632504
6287,0,20.73221296928797,20.64499678080813
3363,0,33.41311055297597,31.016376000521976
2707,0,19.61905022121085,18.859330721357306
8754,0,20.464630282144945,18.569721763604974
2706,0,25.89271859446257,24.808141558861074
4215,0,22.489937624366707,22.070288617838973
5935,0,24.370945095626922,29.028846307610344
1681,0,28.089848314696166,25.476674223683425
5747,0,18.53058439096512,19.39993223020225
2177,0,21.284544486716953,24.30877402901335
6107,0,23.127976476578322,26.395396715740155
2136,0,30.985414549268548,30.071954217342462
5044,0,18.161763304202868,16.62068536750791
9417,0,19.626050108744465,19.7728928288372
8976,0,21.691539905872972,23.5680158021354
1810,0,25.454817948497887,27.26196683399738
3821,1,24.391022047799854,23.203858316773026
6815,0,28.39368000119888,27.25095932170001
9355,0,29.833090101333493,27.39035013631805
6018,0,28.685312154489864,32.21911800028114
7451,0,29.614787734339856,27.875070749614764
7673,0,25.25331081760161,24.023351708010154
9533,0,24.536709924396643,24.386399617293407
3697,0,28.232450890272553,28.257901060777844
1334,0,29.38208128656516,26.71712720958421
9985,0,18.64285657152276,18.91849868903837
2498,0,25.831220117261747,27.54354021183427
6753,0,31.409969088503054,26.868134219187418
6611,0,26.59564690506039,26.597712427338234
2364,0,21.751878889578194,23.537248964568327
7821,0,22.812477342020642,21.389919579537928
3406,0,20.202370545408332,22.541491266918722
942,0,21.4495503466129,24.44097201077831
9541,0,26.812605383039365,28.75301551691416
5105,0,39.07223519596154,34.52045065044435
5617,0,21.730519749507494,20.13032863620818
2694,0,23.734903405841074,25.508590885264116
4523,0,19.764756117559212,20.418080628738828
5959,0,24.376896133456043,22.447796844560557
3871,0,26.292571058197744,27.034181353831368
3943,0,19.329893863752833,18.14824431003124
3741,0,31.5928984093193,34.379614050089835
1722,0,27.264484343920973,27.417693427385466
610,0,34.64397166360234,37.073331473064876
1928,0,22.13297205678696,26.033316959920533
7182,0,34.65712405919794,40.17624297915374
9981,0,36.26684698996624,40.72147658443949
6150,0,29.513156895096238,34.94842758675717
9556,0,28.959386224206522,28.05433344140608
1865,0,35.77543211917968,33.78369083857595
8235,0,22.47509119999709,23.239191521500516
437,0,31.690887515604086,32.6106012626864
7244,0,32.71140801290555,39.48321923627342
380,0,22.357481103896724,22.95637715435483
2986,0,23.199084512209467,23.526993821773743
3077,0,24.88449393062089,28.245729131696976
8458,0,22.060548417172225,23.54041775974944
6739,0,27.340804411962967,28.221704557279626
8562,1,25.788896497029178,29.47540209191087
8721,0,20.20425881375432,21.081891111487582
5206,0,21.178822951872753,21.802309279432528
5517,0,21.473254578082813,22.606218313566604
5834,0,30.167247007404935,29.492574745766767
3899,0,22.626883844153475,21.501925142940863
7609,0,25.87226687545366,23.4766759368155
1632,0,23.37897986319624,25.710713572582115
8026,0,21.243569436402797,21.386523595106304
9456,0,32.480455652954994,27.871294638923533
4438,0,29.41810866383159,25.500691536401348
9624,1,25.43581755422349,22.81751889950612
3718,0,24.029842501659193,22.931111598858777
9571,0,21.30520474233493,23.831094624410543
7049,1,28.189319689909464,25.88985693290162
9159,0,17.343037139449553,16.842328427836673
2425,0,20.399433090944573,19.659391727737386
1279,0,24.626072295144237,23.83529005545807
6703,0,21.789477628648935,20.959070989221317
2529,0,35.535104837817016,32.7369495567341
1868,0,23.71799120686594,24.885930912397146
4610,0,27.923969573488765,27.927738211922595
7332,0,22.362182544082128,24.879023897285222
3215,0,30.463323782892097,36.831058791408196
2180,1,30.264705000925623,30.957075834323092
7772,0,25.648361963633327,25.066656125159238
3189,0,27.495516920557385,23.626662939809812
8313,0,26.205041598785435,27.95062619408152
2058,0,30.028352536842196,35.66919014238919
9374,0,28.92583597572903,29.811370097870835
5677,0,18.2953599734579,18.230442167231395
9254,0,18.088414519519162,18.122781392030337
7426,0,19.801126361998197,20.59689057338327
5882,0,25.58699176993671,27.588498141829405
6289,0,28.936317097325745,29.43723481912773
1552,0,22.755633404013444,25.180404020676637
9549,0,34.05467513426204,28.557811670823764
3255,0,19.372301921483974,19.906475169622325
7895,0,28.14346173734585,25.749972649640075
1695,0,30.00928428463527,32.936741349552555
69,0,26.881453826658564,31.222987786624493
9639,0,28.389345418603472,25.678356240935596
2380,0,26.217887655226946,29.733797413849533
7838,0,19.922099237795944,22.6716939055256
3935,0,29.528018119558922,29.762409450526242
637,0,24.43312150154603,22.81896557993068
7339,0,44.946976289946825,37.37460386469282
1970,0,27.202887956311745,26.933330891198164
9975,0,27.618898717515137,26.359397937344408
5166,0,24.001557401015646,22.763074272258187
5682,0,27.75823040455755,26.60165002447706
8461,0,31.238774636121896,26.6644945782972
4651,1,22.814988887602027,22.573484739971974
8409,0,25.455856853704404,27.161438589230702
4243,0,30.604972043198355,28.674074078460006
2552,0,22.658627207431145,23.711146397392362
7792,0,39.10379602849961,36.74079280113892
2291,0,23.375627038613693,22.6670767948127
453,0,22.73441602421657,20.477094680463935
3764,0,33.46809025177093,41.25433070042038
7367,0,25.389495014824124,28.366714734594492
7634,0,31.888331089226593,31.060602036379596
6836,0,26.54454269594017,31.74285068580525
8009,0,32.91409498976946,31.1792189029349
7277,0,22.37107744073044,24.40089043174306
101,0,28.966339690937343,29.929354799822057
5816,0,20.2815834814207,22.228327062954357
7202,0,27.819456536670064,25.70314891009708
6949,0,27.52309053325013,26.07980169130448
4079,0,33.20658768004576,33.149470769542965
2626,0,44.07120483091073,38.16308371330625
6339,0,26.16263938340736,29.357980153701046
8571,0,24.530400765770274,28.611763161347145
9107,0,20.556814406573636,18.496563986472125
1734,0,23.502432329282033,25.045294809647846
365,0,23.35497749090293,22.784359592095996
7008,0,27.543663549368524,27.845068474273138
5262,0,38.49862763891521,45.470903651128495
9708,0,40.60364059651597,38.08564585794572
7282,0,23.501378525608096,22.581541622940993
5760,0,20.028987397291814,21.050085125540512
2867,0,33.168643376576405,33.916266323498895
8874,1,26.42154089412985,27.912747327631514
9951,0,26.255922938555646,23.561445626582124
8099,0,22.812711745641042,21.504535961134085
7897,0,26.128020043762334,26.53651820566467
5642,0,27.85504102937063,25.928764790047378
591,0,19.420731858849727,18.126984702883536
5456,0,25.466233233099906,28.104200113682708
5122,0,25.568991956308952,27.44580647848171
5159,0,18.63564037497558,17.952208389773418
167,0,22.475291305783596,26.09337670500395
5424,0,24.792463749141373,23.675411511034703
828,0,22.49501956436063,24.29918773219751
1730,0,26.63541669738255,28.154482773110526
4388,0,20.03938231908667,18.271855230991026
7982,0,21.385666259785864,20.681861914971147
7707,0,28.67291058522564,26.514107812572647
9548,0,25.88632229864008,27.844282076966277
6892,0,33.92497396810592,36.42728974157615
1909,0,23.85515558680185,21.8738226848974
1473,0,31.124368979207492,27.551441506951015
9020,0,44.61148572605362,43.8522102503509
1155,0,20.34750969910959,20.35857196437872
4112,0,35.33673341736643,33.7375937894648
8110,0,35.30463224091676,33.01477686563479
6556,0,19.570448399198895,20.76081159880653
2972,0,28.02897410276401,25.691923226500467
1474,0,29.78990944863813,30.49047565684258
5487,0,27.936410173570778,30.43133963400661
6602,0,19.98374310535295,21.21696088609683
1746,0,32.838253309088806,32.8904132778702
8268,0,28.93698938257699,27.813295946960526
2632,0,25.79496964967583,28.186091750440674
1367,0,26.082197079760203,22.157820139179787
8321,0,22.037765096194533,21.96764876575729
2455,0,24.343669671713997,25.322218481906802
9153,0,24.89899151705778,29.246848252403648
4069,0,30.23386754575087,29.536119071898685
4012,0,27.197439247279902,30.068005602847542
1678,0,31.88681427636372,33.481196562236946
2012,0,52.74118685010941,44.34910778140716
6423,0,28.506961340518195,24.97993008910244
1837,0,30.854007291638634,29.54697105799497
4543,0,18.28359371155768,20.23175679618823
7238,0,20.611627825146844,24.251601070292693
5647,0,22.59745944630244,22.371490791342676
8705,0,19.013124312425045,19.041457584194713
3738,0,20.60480188240318,23.793942221734678
4924,0,24.708104591374408,25.908583631732714
6841,0,36.807370939721515,31.76047878362181
5913,0,21.03760010674978,20.41382600166469
4970,0,17.997186429275455,22.345571970358876
9628,0,20.005272857685355,19.030554893986693
4660,0,17.70977151082605,18.295589991499227
8974,0,22.590155155088762,19.85183141780534
2840,0,18.408669224981434,18.805707308049634
363,0,21.623961244795456,20.758654510514674
3127,1,24.474387128565375,25.21439149844111
3824,0,24.898964002666943,25.615503871249953
1462,0,23.533535375366107,27.28641202920234
7017,0,30.104743872630017,31.284504802873933
7302,0,36.37637560104292,34.73135097099587
1325,0,29.46725113102531,28.42552700643703
5300,0,21.632585281864262,23.675414178187385
9550,0,28.718200647443748,24.106373745627522
1966,0,27.655927997040408,26.191054475460714
6337,0,20.14385137942183,21.127381395453877
5705,0,26.244359986129467,29.860431334368887
6083,0,30.915676040798374,27.091044028367026
3170,0,32.69643561336976,33.93609374157306
2188,0,28.308279771591245,26.332292527716405
7384,0,31.80163838811717,32.681337269857735
994,0,31.984271962415228,32.806031754017184
4117,0,28.44592170557804,34.46676016430294
6980,0,24.070510532297238,23.518333062414413
660,0,28.430421415186238,27.493475847910634
1549,0,44.54101234855134,38.97578068525766
7505,0,23.66305464447748,21.246261172119492
8644,0,18.803216623901776,20.147223805071008
6269,0,25.716094814994428,31.09879545930614
212,0,21.43105584686428,21.05716171320836
8137,0,22.193969622618916,24.270935533329176
8263,0,26.42022246442014,31.679807235298092
1731,0,29.88473064173989,28.43666953023131
9952,0,32.25076818412549,34.39339550028962
4799,0,26.22301049001209,24.17520442699697
8172,0,42.39618111036886,40.53466277054764
8555,0,22.288806629092143,18.996230167356707
4502,0,26.88019705855643,26.740339084224622
7098,0,19.78788403902093,22.61682764230965
1024,0,24.979860426707667,25.99938716164147
9899,0,42.54209776104486,41.848855924549085
8698,0,30.485258647222746,26.107443055359845
1265,0,30.503009238876253,28.625120790438384
8526,0,23.37513816838378,22.627271832631003
1717,0,20.161647339710832,21.512852281225346
2904,0,26.346923456221763,29.978648334509966
5475,0,26.18888422598217,28.52846852867071
1414,0,31.096922071881977,35.490270373248315
2228,0,21.882136664159383,24.433227857027536
643,0,23.04925796964599,20.716685424561128
6182,0,19.880090624978713,20.179670479269973
9529,0,28.147731348494617,23.044108799688978
7233,0,21.488598093682306,19.803730805719447
532,1,30.07801223654408,26.890153234539593
1590,0,24.704928117055584,26.797411439844517
653,0,33.41344063791873,28.041126082726187
7712,0,32.9968775914744,32.80321704433707
5519,1,26.953523907939797,30.468294206638063
4696,0,23.567053117686818,23.60268935670504
3641,0,36.94421627266969,33.12930178008884
4145,0,29.208126690623097,27.75360137477507
8684,0,23.792539686368464,23.822332029116044
3504,0,23.523694663473357,24.045615238731376
6492,0,23.858792426562967,25.08753051610035
4360,0,24.777009881241735,25.18763715640404
3246,0,22.212363229359156,22.892845868837405
6541,0,20.63647911037008,19.32043908741543
7056,0,30.057659413864535,31.414106831833024
742,0,23.982927796720034,23.763295730557154
5224,0,22.804022652930175,22.16493536802718
3959,0,20.385054087999933,21.92284253422332
3870,0,24.431826112857458,22.063016856501964
1383,0,23.622992969557345,22.373949576534148
7787,0,18.946453781429625,20.410444965403162
7878,0,43.750725801625435,41.132371855291225
327,0,24.6467939122939,23.424815038771655
9746,1,25.973186625343253,28.889973173193855
7460,1,37.17693447865125,34.45713656461748
5714,0,23.44036382508827,28.896883515986286
7799,0,32.64362433804494,33.078118957799546
1210,0,24.52188790376145,26.7316367010649
6595,0,33.758963988942625,35.498805069946386
7246,0,34.2869511387737,31.47264663327643
7717,0,20.46751891067823,19.86999250003304
4685,0,18.489634780943923,19.65317276360483
132,0,19.300958803429946,19.654575993804535
5140,0,29.821369386027918,35.02512423892989
5121,1,24.413773150105808,26.568655111103908
6099,0,26.98293976685577,24.406798087739137
4125,0,25.189443344151,31.53439179817911
5309,0,41.964612691146755,41.23794560577778
5341,0,22.574564107934858,23.014368772174834
5212,0,20.826196863603727,22.306793898838333
870,0,21.28877693085823,22.868972873895384
7,0,26.865523672728003,22.726013176670364
5364,0,19.024480306811874,19.875881614198295
5568,0,39.5114236859275,35.02184168002777
6658,0,26.777818100600115,26.349125957344004
8530,0,20.303917774689005,20.7621095408356
4852,0,30.018810293844783,35.23597911654427
8121,0,20.303280861607423,22.61599946330357
5866,0,19.026300515425998,19.640547718246655
3930,0,24.66101790956704,27.793307055942527
9222,0,22.53087048539817,22.887016787536055
429,0,18.116147176423066,20.446256241174723
1294,0,44.52582434574675,44.44205096670367
6778,0,21.653542692736945,23.746328247686854
7415,0,24.87665326207359,23.140143143911008
819,0,24.492207750490522,24.732393788092324
9727,0,21.852155756185983,23.755988011751416
1011,0,31.20276921761494,31.70522692025165
3670,0,27.30348700883763,30.037145064846687
303,1,23.416343386544014,26.142478489747596
2899,0,33.925255137116686,32.45818807886267
7013,0,24.557710312504383,23.288697813095926
5381,0,32.88736838423058,35.6053392611775
4420,0,33.85323036139242,33.53150217297703
3646,0,25.604309206385288,27.29428357440376
2084,0,19.07742546393621,19.452009796694053
9668,0,21.3819949626992,23.327809184959158
9096,0,36.10858952971874,40.05933804418015
9671,0,33.131808019406996,31.31491517970229
2699,0,22.69887250528535,25.94271525634599
1980,0,20.085937765610055,21.02016039758655
6925,0,29.180590673749816,26.344589140032312
7161,0,28.283551811378413,33.89542763840983
6226,0,23.765453262238488,24.250854823666256
3300,0,25.40325186393978,26.708366766388448
7498,0,28.173707376991043,27.284795026008346
4308,0,22.969682805201032,22.694515991960646
1600,0,29.39386555552205,29.896584900626916
4979,0,25.612063185844356,29.53674983524988
3712,0,31.422123939880784,27.96848545824569
4218,0,29.0184669199129,29.825042656107193
1806,0,24.88058591107719,27.594189147282194
975,0,22.714359168796733,26.774165408495186
795,1,25.26806555598121,25.534199958227486
7814,0,17.87355291331685,19.501226682927186
8638,0,19.664920418503208,18.902704939774857
4272,0,36.462609966149145,31.368345041497697
1934,0,23.96664012737631,27.290544930410125
5600,0,37.83818681909883,34.6162265439181
9567,0,35.003199396637385,30.901110672235347
5762,0,21.246002333294946,23.963600853561434
6757,0,18.027386587463777,16.597651476375
2407,0,36.30998423371152,32.515620858927846
4101,0,27.532344554517767,26.239308346763075
3830,0,42.52008707486668,42.4281079714358
2313,0,23.807416402783602,24.71539836382532
9373,0,29.79758065806097,32.688071090064284
2495,1,23.75547850445253,22.8267363638351
4753,0,18.661668933980888,20.055608916642928
8014,0,22.04911579022785,19.980994043777258
1351,0,29.39412457261561,25.901306725408087
6321,0,23.836568336528753,24.732630589843556
6228,0,27.53353546594506,28.74375275461849
7262,0,21.970330182614617,20.925006932884735
2156,0,20.683986790776064,19.471295370324928
3535,0,29.13397748344307,28.330067526110525
1665,0,38.23807692504804,34.3320676512265
5722,0,19.12582555058612,20.584124366123767
1426,0,23.474506154738407,24.907827822498277
7980,0,19.269707950618667,20.99860260884549
1476,0,33.09184520340712,28.969932336438227
1181,1,26.12170218782774,27.22163433104233
7606,0,24.456261731861808,22.89033523184525
8045,0,19.64649290121841,19.36179588964146
7744,0,30.945473272637805,32.65978967294382
2998,0,38.58367355099919,37.14458591259369
2860,0,17.4151311689734,19.55271116895711
483,0,27.864171261949306,28.012965026476966
4709,0,24.567642702407007,24.04093523151491
8427,0,56.830802434553696,52.73387233358076
4981,0,37.89891517403164,34.1030929185505
8741,0,23.390109314490072,25.846837192831217
8923,0,39.015489473924404,35.32328560969772
8020,0,28.356754533914717,32.825635496994565
8105,0,26.274504357997472,24.871719758573963
120,0,18.521874172101096,19.461897569397195
7128,0,28.430997052278492,26.179361388557837
2732,0,30.492466487741613,26.944646259812032
9077,0,28.56497814543209,30.66114059668775
1163,0,21.173192474794195,19.700830509156972
6221,0,24.781936850710604,23.28110126600495
1220,0,35.1988556084887,35.12504462946397
9076,1,23.623548493935342,22.75404678057469
7946,0,40.21584531432554,34.84570643997808
9393,0,26.568543895329597,29.213392545389492
3012,0,27.40648646438697,28.100961210634043
5265,0,22.393696421807956,23.905316355322626
3078,1,36.30049372696723,32.399119276167944
2127,0,20.013355831322137,18.769784639507098
6913,0,36.11270336144099,36.90639849527478
6699,0,18.936109501877198,19.133892244213182
4250,0,20.816812354103334,25.965809007531185
2236,0,26.988744105006656,28.164464700692456
486,0,35.17978413275932,32.77179885964003
734,0,25.377724371528032,29.1461814520833
8023,0,28.104556349557235,27.692593576672703
5810,0,18.147804569463457,17.4700002243614
8037,0,28.10173048629173,25.437660741598982
8768,1,23.255160495697044,24.507526817046955
998,0,22.33122433464224,26.288985279487925
510,0,21.610580817450305,21.351647148407682
5964,0,23.82676776561675,25.444746749862993
3888,0,32.61833686439472,28.628760194664387
1680,0,29.799057574543454,27.6198275537013
8418,0,32.04313275289766,29.773216996005104
9118,0,31.806821807590794,36.165340090670924
4808,0,39.595413330377134,36.753873824963065
9728,1,22.24780175977398,20.9236023589853
648,0,36.37418268012903,30.60878539810955
381,0,19.250256060701116,18.829999588410825
7800,0,23.07098136847633,21.002046638062556
9947,0,22.818763405016245,20.974633100341705
9074,0,28.267520588332456,26.754201545790483
9414,0,24.179644740632654,23.791986566439665
6622,0,30.78224069728528,28.82558245176156
5485,0,33.3871393244684,40.64866566416849
2755,0,26.958357969566027,25.02091580177101
8327,0,24.47186142853833,22.869130827743675
2858,0,27.69650859723563,30.612307833116102
5814,0,36.93125986716432,36.79922786362196
7944,0,37.6297051786918,30.60238570486958
8193,1,26.31852626621648,26.888444703116036
2470,0,32.10656358995177,37.070384633833015
2034,0,26.75101962329481,24.325702288562148
2443,0,41.556754486153096,36.00660305335504
5426,0,29.657263405198005,33.563711258656994
4827,0,26.735621642307308,23.466273662991373
7822,0,52.953696115211564,49.60179569740516
5198,0,27.097346030478764,24.543502138680683
5420,0,27.4598388491631,30.605258502106768
2722,0,35.24217159613235,31.856601065486874
2804,0,24.484920789983818,25.32258070295595
409,0,27.865015137036142,27.47841312161806
1919,0,25.21258445093663,22.248059180959295
9010,0,36.154822572764395,37.9996142087544
1890,0,19.784416710339265,18.998334698406136
4773,0,22.619112305042993,25.39922735388281
4813,0,22.187065436047188,23.60496890764923
8520,0,17.231036752733328,19.180553218860563
5259,0,28.746164202723193,24.919717086679363
9290,0,23.020761807877562,24.369914857654983
8397,0,27.70674382840722,25.16158177459739
4466,0,34.91139344100879,34.48937017099111
6223,0,25.336880534707923,24.21064643313975
1389,0,52.14079442519587,46.18232335963433
7573,0,25.945630713371987,25.200977577897536
2266,0,34.961363892834015,40.575078100308694
2988,0,19.732000649831335,21.465902804171147
9651,0,28.291069004778258,29.85400409099846
9652,0,25.839678510212604,27.223148314532832
5,0,31.929516149041348,34.4046880461198
6403,1,25.713556120132143,27.216944837772825
1904,0,22.71914681329545,23.265375839202896
37,0,21.222074549656046,24.599035303699054
4917,0,30.381566401054,29.656794698240468
4370,0,36.30709977201908,33.02908589989289
7912,0,21.871502528934517,21.987352562070363
2767,0,23.169608945459697,24.995222031617978
5450,0,24.538189079698803,23.19253276967955
9332,0,27.024791067689048,26.571381105509282
8743,0,26.692454240699117,27.688792410486332
6224,0,28.15911071460024,28.360411562705444
3713,0,21.39040343106249,20.901777449292215
833,0,20.538746538620785,21.764156847218057
7988,0,26.699179394300124,28.85797332101965
2997,0,26.078540025348623,23.316336151937577
4618,0,21.727797843479742,21.2382920903174
2456,0,33.44090579833033,30.848584651178317
2185,0,25.702535234027657,28.826651345214493
3124,0,24.81249909955592,23.31374275649867
4862,0,32.817607554275334,27.810144513820305
2703,0,22.82321834629715,23.20838455726065
9333,0,19.31734752544324,19.22138276380776
5855,0,21.813834161561118,24.75866151561862
9521,0,20.612117191081555,21.65299592483396
29,0,26.954119570226954,24.48622715831809
388,0,34.81830288825297,34.336895627674515
5665,0,24.88721816785878,26.224737554378773
3072,1,27.94786192618215,29.799451842534346
4971,0,23.34263325349482,20.840974146270437
5827,0,25.97707281679545,27.241516700480048
2712,0,28.144989186157048,32.67161910895792
2409,0,24.196449107117818,25.964445702745884
2044,0,24.126274389046138,27.914094203570787
6198,0,26.72427381016046,25.27111525335381
1183,0,50.53311687617132,41.9939964138242
3202,0,21.431485183351104,21.397855843971442
9176,0,19.853952224574762,22.62416516692209
5449,0,23.408302772073554,21.91025251391082
1924,0,27.759819305207106,27.443928592679
9023,0,19.379290409682117,20.432488322888798
1090,0,32.64783365969524,38.56724277126577
6576,1,35.11964564958363,36.42180011884545
1700,0,24.4530790711035,26.984030220822333
5171,0,21.47497644991216,21.369287793907183
713,0,46.12773871710089,47.56444285817056
92,0,24.982680942029173,21.669696802908664
9758,0,21.089988118510423,21.40705330431526
869,0,34.19268781689678,30.248205004580523
9713,0,25.92203471963475,31.603552280883584
2865,0,25.858229843305086,23.756272698154408
3906,0,22.681800003574445,22.706170006651238
9431,0,24.377862165712042,23.319302290622893
5961,0,24.625473433240415,27.568686008871808
7709,0,24.4616090203688,24.231968712530865
4159,0,21.80887801539283,23.24471595815004
2003,0,25.43508325556896,24.492690049406225
5960,0,27.098666330864788,27.495667819069684
9116,0,30.112884900988306,26.346602612645626
2254,0,22.701738128222818,22.56857089385034
3708,0,31.61159714635735,28.221758692645118
2077,0,24.342202826119866,26.85884225112137
5332,0,20.779897418791915,20.538285446294726
4766,0,20.991100082113356,20.51928859243958
2686,0,24.556715815258734,26.803581364571297
7481,0,18.082905042084402,18.779232323657236
5896,0,49.75523252056748,46.74781823811221
768,0,23.90603309021674,21.982879198108108
3419,0,34.39356281312061,39.08108237071776
1957,0,18.54094392594558,20.623092097162022
6545,0,25.415688257933418,24.13492529959212
6550,1,23.69550357598263,24.13932839968198
5111,0,26.840995089571376,25.962806559965177
7757,0,18.7214999520358,21.785395596748998
6944,0,26.47902245683372,25.85328885685334
6412,0,30.927603204991602,28.0552477702242
981,0,30.88063423113948,35.523459566859074
1851,0,18.336518982952608,19.160294572729093
5467,0,33.886574910751875,34.874559908263755
1452,0,26.14566145230686,22.570385442214743
6574,0,26.674111519754614,26.576541885530926
5709,0,23.065838133548795,25.729900558262297
9216,0,34.06950143807911,30.36040879939043
8715,0,40.407622095448964,39.34571322101602
3729,0,21.80729358640755,20.586238103586016
57,0,27.728529591752615,31.857555639121454
6515,0,26.980780066317088,27.89977915360749
4228,0,24.649821216772153,27.174203296587475
9690,0,29.367504558287017,28.088720158480466
6351,0,22.260015831049568,24.078038923362325
4068,0,19.37398542468089,18.331008746365182
3875,0,32.4109192783964,29.60230692138431
8274,0,24.279473389349413,25.16473909771001
5165,0,22.490717476877276,21.657540440762833
8297,0,18.10022639022959,17.429568350426777
9186,0,19.713514934513846,19.14358975652204
1712,0,23.411989164877205,22.328921027303586
4171,0,28.2187599473812,28.90682293696041
988,0,19.061516699756915,19.55950573035314
2534,0,49.96594920662484,45.366593785701895
4175,0,22.495816111617344,23.186243300943968
4126,0,21.411778889407007,24.251681159657583
6736,0,36.94219787695323,34.072188661898295
5870,0,20.37008354708156,20.85244389200677
1198,0,23.700451208517944,27.70213103199958
5358,0,25.431242733010997,22.92070971289346
9706,0,20.902555253967055,23.59997826920029
2516,1,23.441390163815075,23.16877036212944
8186,0,19.83131748203718,21.88029375177879
1288,0,37.14769210389007,35.946826354552684
8879,0,25.027081904104985,24.904347796031704
8404,0,29.60347664791068,32.54807786391243
6874,0,26.033798639482754,23.211769642105377
1252,0,23.72984525030465,23.314034065306537
7127,0,19.58696567890121,20.489365615581935
6393,0,21.124836702879964,24.599532798553025
8314,0,26.80084923974188,27.465005454792866
7358,0,24.791604048779327,29.43575760666204
4781,0,34.64701771859089,42.13713266665672
9887,0,23.62503631740601,24.23319935687756
5444,0,35.317313730477906,31.36571403074315
6164,0,22.176509167359516,20.97399960321663
6,1,28.130478660841195,26.185789212952173
4756,0,38.365080726618615,41.02266169015268
3166,0,24.03064450817988,23.898151973938596
5570,0,32.208499370023645,31.80313485311483
8813,0,22.713915943014662,23.070252728389427
2754,0,31.843697671714338,28.394983347379704
6067,1,26.755530202308204,30.8044049329095
3668,0,22.340570593508332,20.502952313649622
5380,0,21.897342295830608,21.454946299285577
9536,1,33.35442410543479,34.66606712381855
6709,0,19.322625313856328,19.036359186303205
8410,0,25.783612452284743,25.46440154510543
7760,0,27.140867749776856,31.946798734269983
2109,0,19.438713889591423,18.42126647054801
7450,0,31.52293527936658,30.826310635769335
449,0,32.63413020585788,33.7064732102221
4184,0,24.220599594279694,27.679899330225574
4670,0,22.366731797590624,23.340306223284838
9179,0,19.28046789043993,21.31752490801895
3243,0,26.866188079104404,27.330360991630933
7999,0,23.054007344360592,23.80947853940954
1740,0,32.362568289677114,30.25980734978209
6446,0,23.219295155531313,22.84470163437054
1527,0,28.272734062416657,24.077065018556933
8834,0,18.60642624313386,18.578105278301305
5287,0,30.422178660839716,33.753214458105425
4662,0,28.143470079032053,25.307177733874145
55,0,18.665986355840637,20.232260520597563
1050,0,18.7299431347504,17.41428988787293
6720,0,19.291043770793287,23.538829081030386
3501,0,31.138983842498785,36.06508321729462
5024,0,24.310000198472682,24.52865611507214
252,0,30.32777556601788,32.03730613408451
3614,0,40.573550739114246,36.49699750983353
4498,0,22.987778638004443,23.36073440993364
5579,1,28.420320773581764,25.665581389143878
7530,0,19.901245913323308,19.057642819544988
3372,1,25.362370218195814,26.445083390190376
1968,0,35.273172430555185,34.086420474181665
774,0,25.49678198531818,21.259999811367233
9691,0,20.895047244556583,20.457525896693706
9033,0,27.53530635129981,28.822279372703328
7976,1,27.996797334875133,29.926728220802175
9585,0,22.351074560030277,20.108461829727027
1776,0,26.80739400583562,27.868464140425935
6797,0,21.50881797296168,22.792740897612124
5608,0,25.87949374239803,25.55895539388169
7100,0,47.982816244848884,45.02903066640087
8182,0,29.203769097020473,34.128846785550365
2879,0,22.16959035062202,19.61682279896453
9230,0,30.128782480833284,32.188980328667135
4967,0,30.217863772694884,35.228348886654864
9303,0,23.64272419032147,26.810075432338845
2406,1,29.881474188039117,29.223126471011675
5948,0,22.099940507723666,19.65055041361161
1931,0,28.16093447420771,27.08835817765416
2410,0,20.385267860166046,20.416918600687236
4351,0,26.931497909822887,30.343268267734686
5872,0,19.98462484130042,21.41767796724558
7425,0,26.648307224951786,23.922699676414986
5110,0,29.63111572174753,27.433924496000387
904,0,19.464890617320684,17.75687890907741
3413,0,19.608953006587242,21.406097447509218
5356,0,22.907453084562867,22.35615157472501
1973,0,24.55572789338521,23.619804962256246
4994,0,26.602668433701364,27.254913735613588
3817,0,28.733161897266775,27.027187575322273
9553,0,27.895155716721074,26.821776100746998
2497,0,36.89399368981558,32.79735193111775
118,0,21.57899597660819,24.43739494940747
2669,0,33.889810285191395,40.99709115745445
1668,0,21.02400959030754,21.10438634012671
7615,0,41.08933565372203,36.09850269287242
7483,0,29.221086000810715,33.631105445453024
3049,0,29.72801237397561,35.94179066476784
6326,0,33.28461775004648,32.39385762189034
5716,0,19.521548087275878,19.112102130882555
9452,0,25.214149359163393,23.130004684374367
4096,0,23.801586154576974,25.3234447511316
1788,0,22.7521322489094,21.337082783388762
8316,0,44.35958587378776,41.977995879932536
2494,0,47.6726957729659,51.89937504134976
1836,0,22.302721952706293,23.686277671380054
5662,0,31.349256560194714,33.59500824029977
1611,0,35.628794068823694,36.14249736682686
9885,0,24.539847979735036,26.410132542793058
2628,1,22.194649359168324,26.8613738560867
6471,0,20.038743195847914,21.185863461701228
6620,0,42.28161074800967,39.947388614773764
5823,0,22.289639781161217,21.976500719210193
1491,0,23.54831694717257,22.299694878520036
9427,0,21.94666885663686,22.29369383462464
9874,0,34.95414337631289,30.60813114279922
9818,0,18.796816975455133,20.873699646644084
3477,0,26.308573650633015,29.753987691965747
6203,0,28.64773217738621,28.453177900640846
8307,0,34.52166877114911,40.427935701992546
2217,0,19.72244126237545,19.129519061599012
5351,0,39.371283303035675,32.55898327849073
6322,0,18.592790657686677,19.694937273660273
7548,0,21.494424169188658,22.202732641386948
6901,0,29.661054307713687,28.548226803529133
8088,0,34.62000862833164,31.63809079398816
304,0,25.073410801686194,27.16569038090408
8669,0,24.497840112597537,24.32276563666074
9052,0,28.95740937460855,27.046541585807965
5778,0,22.632495127451996,20.874421855025233
4036,1,26.907635699877815,27.050241643868112
6743,0,21.940512510469155,23.52605500833831
4476,0,26.457051868565898,26.157647556898997
301,0,23.35849563326392,20.789791157498264
874,0,21.368781643010898,24.41874942544085
6755,0,24.17741399924857,27.60765920359854
7352,0,23.5410415477632,21.489474379513222
4196,0,29.88186882793917,31.423945709626228
3545,0,25.467641589733056,26.17112024683081
40,0,24.766697611544465,22.458656643250883
7152,0,19.868334638307132,20.071013155369872
1130,0,25.254736574658722,29.32608267221331
1720,0,25.907705669026157,27.53912568813443
4973,0,23.492616613651467,25.801773858004186
4425,0,24.555275747538754,24.54311695060354
8352,0,22.151570603279602,23.4504192629671
5649,0,34.402918735655064,33.8510818952339
513,0,28.152377804010225,26.083764738917562
8490,0,39.16884179093668,31.269760004120513
3707,0,19.992099597492466,21.294413953836997
6594,0,21.75203304154132,23.196032648881346
6167,0,30.78973074769108,27.34238397917112
4819,0,25.15926903662274,21.99975058571544
9900,0,21.84179123974631,20.27617836391773
8445,0,22.98156743711175,24.943791014813208
5761,0,24.71028991037585,25.224389057078533
8841,1,27.481856456626833,28.128748176835135
3519,0,33.891600220433894,29.156983801754244
7085,0,34.063868572335466,30.931618615324723
4283,0,20.24466939584028,23.678805377606643
9855,0,38.37653976335644,37.07594577435206
5572,0,21.876850106335343,23.321881368692207
4103,0,22.40591424297212,22.618755766041417
3399,0,22.636989981991995,22.68086351543967
6853,1,26.252942971880355,27.730455850402887
4914,0,26.35389263590518,23.70292905812534
8294,0,22.02851236900233,23.42501362893448
7023,0,20.745364911420598,22.54231403017034
630,0,27.457402588816375,31.611118152985796
6612,0,27.781701738183127,28.602534895675003
4701,0,26.168325856925463,25.261709973449758
2559,0,22.8004067702865,23.496135147734943
3217,0,19.728466231878055,21.981877619679842
8439,1,21.481041352746665,22.22344655065149
7016,0,26.809785368834163,24.015704915257597
3633,0,32.42555520620681,27.916352738342564
6680,0,34.9629651258003,42.10915472060538
6838,0,17.643853464541003,17.54266993845444
9755,0,31.650307995998052,29.681798170476874
2278,0,24.297682062343373,24.260483978822446
4136,0,17.45134325066728,19.691460424275505
1607,0,19.809409639436062,19.777312129304512
7718,0,18.727487149760716,18.843874689869217
1391,0,21.68980690713868,26.51479052391176
1209,0,49.82958128852732,46.01066858232691
1102,0,31.192409906213467,30.515699113662166
832,0,20.151163576260522,21.424695979618605
6974,0,32.996076405031154,29.33877934464583
670,0,31.087802721107188,26.855150938769437
7831,0,20.038558235593975,21.807312124003168
4526,0,28.30963939544059,24.772146711956704
9072,0,18.03447238307898,20.39217998655634
9167,0,18.523403156158533,22.42832468866998
8575,0,28.096576393364366,28.833812936418994
1040,0,26.956527139864434,28.08861013654454
4440,0,25.545053908968942,26.498930917401008
207,0,31.62823572556382,29.35271342180036
8676,0,24.792326420568134,26.24271713373275
5699,0,21.618488062697867,24.35720718178762
1215,0,43.47273591862673,38.58753824000614
5452,0,31.164857403148208,26.272228723920364
978,0,23.49679708059442,22.814340059520923
6882,0,19.425624244329132,20.19938012812091
7702,0,21.919671625524742,22.258402888030577
562,0,26.814966587830558,30.296994656201726
5126,0,30.48157398345376,27.357211513036408
9409,0,24.072039642877954,28.641075794351046
2640,0,32.857315540627305,29.200838351463577
47,1,26.63301010864509,25.022518273652192
4259,0,29.280310587566355,29.09072567765034
5574,0,47.51918614072449,48.79237793600412
7899,0,24.34802484726433,30.026033190576584
8801,0,22.50591148821109,20.042686476835538
8832,0,24.17469287848755,23.73517738084582
8838,0,20.295810789626834,23.379068101901964
1518,0,34.08515706511136,39.78094106850027
6677,0,31.75584913787727,40.33336137345999
6050,0,19.099310242642296,18.998601720175863
5277,0,22.13575804533718,21.651040036201955
2502,0,29.387493601502836,26.010690183896877
7780,0,35.16153215268136,30.884481847222446
7915,0,28.093610317850587,23.73414090232877
9757,0,25.069934650742972,22.650094489052897
5359,0,20.707053293210347,23.59388323125705
8443,0,26.004413958738557,27.27531112277583
4877,0,27.351593640106557,25.071682614175575
1715,0,25.986134799104168,26.469331045594934
5751,0,29.62669680595232,32.322942315364784
2527,0,21.801933655510123,21.16549290209453
9655,0,37.42098028522825,32.45536364361175
6279,0,25.903592372408255,24.658093001841
545,0,22.36336737401,23.3365896228139
4051,0,21.61579353049403,23.27212492698197
6405,0,23.57399206325408,24.087304080608313
1580,1,25.46147099018198,24.48481420752711
9586,0,26.431807093670734,29.514657548877246
8080,0,23.040232292380036,22.430578537977915
2164,0,20.093569221737173,20.352960267333838
9719,0,23.25502659735053,24.66157920717801
7024,0,31.170516204037227,35.60118198214116
193,0,20.740814725892918,20.589952041943466
1063,1,28.861633726491014,25.413096635696963
7297,0,33.061580870871346,31.62341257451719
1824,0,27.672772966144723,29.48295565167396
2159,0,26.91112357569388,30.703514889404897
5685,0,30.862364114736597,27.539658850196744
2859,0,22.845325114408702,22.24257698794304
8267,0,19.04193752205909,20.71555961615726
3100,0,23.42325187574529,24.783234276889033
7563,0,42.75046018323526,40.68566854296733
9306,0,32.49973071893692,28.57174407061658
6208,0,35.282124923788714,30.541612546218555
165,0,18.09526506452055,19.164589373209996
6517,0,31.743173663151975,34.477086160894835
7295,0,24.552173270328616,23.94080955019272
4435,0,24.576915178451767,23.110499549841705
8401,0,19.451733979898627,20.57527164376654
7488,0,24.406383149109473,21.511385982601453
5028,0,28.90754078479683,28.972737497571238
2041,0,51.54637749038007,46.6960466350642
7802,0,21.065004651689073,21.811928580125787
8474,0,22.034973678336712,22.14031678451206
868,0,36.69093498872111,33.068051727260844
3495,0,26.89104592588419,30.636995026052727
3161,0,19.584001837118375,20.524304948485145
6929,0,27.67213308442071,24.121257975767488
1451,0,21.399521506965023,22.82415434668392
5286,0,39.05213436072969,33.614414396427456
938,0,42.83044694434369,39.71968974143333
5933,0,22.908882211887214,21.353408084959156
702,0,22.58519646990254,26.346992603432394
9381,0,28.42029414003297,26.33269007888695
9694,0,25.44933248740483,25.698642688757804
3457,0,23.092858949853905,23.307464698623058
7667,0,25.74174808525541,24.535340611514954
3592,0,29.684141892431352,28.221267890346443
6547,0,22.212401447650723,21.802921502063565
4720,0,32.33787431798626,30.59680088845937
2507,0,25.702472380050015,25.97665815648487
7782,0,23.334108778211018,24.084759240830056
80,0,33.51536347225786,35.71862950365651
2841,0,25.243813555192634,23.18371722107954
2484,0,22.11548676490029,21.25921134314235
3746,0,31.947212532463592,32.56444381587247
9386,0,29.464746685014752,28.660363899736307
1287,0,51.27818715565067,49.21264668683271
9457,0,40.199455172366044,36.26272392212574
3393,0,26.929799430220324,24.419031113611055
9244,1,24.74498216029182,25.57942788710312
6921,0,24.486835984527122,22.1701092032271
7293,0,26.075588955757972,26.629536507431197
9210,1,25.720447859898893,24.84242985394495
9752,0,24.193585219243293,23.373077135541017
8797,0,34.83060256398228,33.2933227827563
5774,0,28.21008342229204,27.30468138388914
3850,0,32.002005033290914,34.849008064532214
6229,0,23.531723220939142,21.746039150066125
3145,0,23.287524181745532,20.1702789950699
1535,0,18.177593849726495,17.464174448869507
260,0,21.706291538308427,25.159630516326946
1948,0,40.80685448666327,45.989570014143084
5347,0,20.635785398740623,19.325533104035067
7002,0,31.321382040043815,28.427746742106144
5398,0,28.785000490148526,26.354723747107574
8454,0,26.090387829573807,24.879862029384675
2110,1,20.79046470886722,21.949774982033375
6762,0,29.76471558730609,30.537624310266146
4230,0,21.934577325644277,21.301104297871113
5684,0,24.004688634122523,26.27368457801599
8113,0,20.285233631681344,20.251310924933208
5326,0,26.417293450302378,24.3813544437563
296,0,19.0794551454819,20.459793450566664
4081,0,26.026613297899733,22.710594982117623
9426,0,27.158079234971268,24.88358987884038
4344,0,24.916576370847633,25.103234096250727
2802,0,17.0946309286117,17.88849552809431
1409,0,25.808177907813196,30.872601516153935
7892,0,21.204894755181982,21.284024407098464
3889,0,21.261275112194586,25.383804074218514
4384,0,23.17612202466987,28.492357612668116
9650,0,34.26203539084188,34.490910459387926
1239,0,23.084720509737494,23.080223103342384
6785,1,30.563056857168384,29.911793762143823
4725,0,54.15503755636325,47.75396991446619
9225,0,29.14823520529981,27.36150826436223
2609,0,21.391949295432052,25.073672234669576
1065,1,31.31458285867318,31.65202947756392
9919,0,21.739567536368565,24.13036863830106
4006,1,25.46555144305752,26.793238480434532
8833,0,19.307220279634816,18.565852994807827
5973,0,27.558828772670772,29.060179306208877
6367,0,27.594680883673167,24.634431785318398
4724,0,35.423796151970095,31.16540263485184
8128,0,16.695835336757217,17.738625648587135
7391,0,37.257954683373804,33.940593096525234
6180,0,31.852530106425505,26.374312874315716
352,0,23.907597490197244,21.273062136173387
8591,0,36.21471077803389,33.96867559148733
2397,0,25.886278814948486,31.940709252631045
2392,0,19.42021045123974,18.204806895619726
3299,0,25.82036893357095,27.04918541366779
2108,0,19.909835339963674,20.833370182694406
6866,0,22.814321439658528,22.43869934299947
2544,0,22.387013183895963,22.509703981406517
5068,0,35.11596611203547,36.65785524001828
4254,0,27.959212262288407,27.030401592947765
4963,0,37.1959477659312,34.044428376079054
6398,0,23.448627766755177,27.171391463947348
7148,0,20.127958834196384,21.918820155152833
4897,0,23.689334607137237,23.22413118515583
2680,0,23.15318947537454,23.310509504036787
6609,0,26.866727999909614,22.531148406750457
6633,0,20.687778329546347,20.66097071816008
4065,0,32.65380287638057,31.444402652151314
9488,0,22.386445685800812,23.540975276035354
6544,0,37.69667738198122,32.25409170640013
7774,1,34.802993312488205,27.802825518403377
1773,0,32.554503126317826,37.15626683265106
2853,0,37.491815237323934,37.10679277394588
1126,0,43.68518222811182,38.27378657268442
3769,0,26.570348300485744,28.667968215516634
3073,0,26.656615750410285,30.608603703262972
7602,0,41.36914078889174,37.45015439706315
7418,0,27.543382563864174,23.999274400825836
5317,0,19.53589014726942,19.753238787179065
4655,0,20.723846039207245,21.707605674534527
1992,0,45.55928595370645,40.930903765974605
9867,0,25.421456340723257,30.103654690274567
3591,1,27.14678269449099,27.88516875038543
3748,0,24.115611765064315,25.574196791940395
9067,0,19.59734345448589,21.219069933615188
8089,0,24.690375146987655,25.373986196544834
8131,0,36.511296764607785,35.97257742743724
2818,0,33.08047387042737,27.040772822154867
7880,0,19.359486339449468,19.4355727658704
3825,0,34.381187656738355,34.51026534236986
8888,0,29.497286363936322,27.057989369658127
5058,0,28.36763271646765,31.057692912379597
4233,0,32.84383799187777,27.598079989079576
6386,0,35.63441320057082,30.32728463800648
4698,0,23.754061921911823,24.757626670402455
8466,0,19.368498724534284,18.22267281211742
5188,0,24.19781629912474,23.709938971979806
4822,0,25.74707256245502,30.24931745382918
628,0,25.97343835943424,29.51102298958466
2481,0,21.826042277231842,23.768070447657042
44,0,30.31480808213934,26.31008167020578
8480,0,18.27319877885471,21.577719027522193
1030,0,30.238192544015305,31.847590770772307
8966,0,23.045138256367004,21.646159076681855
4830,0,29.14507025546145,27.05255117037443
4774,0,30.004716582768598,26.97877647014704
8091,0,19.896295797701768,21.601851133962697
8922,0,19.470885961579214,20.549365730063197
958,0,21.65227657657355,23.950682913363785
268,0,20.56385789797936,22.768472634947198
3571,0,27.380246080256786,31.612620267411284
4815,0,21.645694183022663,23.97543715131799
7656,0,20.47031175756026,20.481935014900465
7918,1,26.302374728795634,26.000827586199776
1759,0,21.20623492029806,21.878891226917393
8700,0,25.726596176635,24.897672414829643
8584,1,25.405796384660974,25.85393533658278
1108,0,21.154879403771677,21.86152193478337
3773,0,24.164772165109163,25.52066912851224
2070,0,24.07246727508406,24.51693692600762
3107,0,49.63650925751894,51.46469304895289
502,0,24.783190767526428,23.97249273429837
3172,0,33.74542365045747,29.673940053913004
9950,0,35.93237687490324,30.218263530052955
1926,0,27.56573773164339,27.36699047930236
7765,0,24.36548701062864,24.852570683215085
6877,0,35.91314358849178,32.9898367844123
5728,0,19.146147423774536,21.431121062420093
6025,0,21.616504297322795,21.809844087350815
9587,0,22.70538303915536,23.593749448307477
5199,0,31.579075700722832,27.579203995810946
4645,0,39.55193771678393,38.664006412178345
5455,0,33.31067720593524,34.82572152641174
2654,1,21.738284891858644,24.226512152282712
6895,0,22.233253024507242,23.9267436856763
4622,0,31.274754514527952,26.82769326142125
1081,0,22.569273681110165,23.30140661976658
8035,0,33.702584652367236,35.46928454048534
3461,0,29.109916274130985,29.552511630104473
6045,0,26.755152584828384,26.05985675042229
7570,0,22.247646530024284,21.99178049497251
4023,0,20.65511945703605,20.476421753562114
5803,0,28.701077373849333,28.3968379059911
6188,0,23.277075442766716,25.18797239421704
8773,0,34.400690880384396,33.62511780771051
7317,0,25.632421818020006,26.982451053582935
1379,0,25.033740545869385,28.793064317152748
4207,0,26.781651812440053,31.292816298197973
9626,0,32.80755737870518,33.82316101564507
6744,0,24.053333484028247,24.518594572460675
7975,0,34.17840469565533,36.94848115837031
5730,0,25.000699622378676,27.426718481548075
145,0,35.25417285969409,33.839199872601654
1111,0,18.35733564971794,20.046122653535246
5373,0,31.586790201952095,27.858771330830784
9136,0,25.61618588372126,32.53265818939297
9124,0,29.49411326568823,30.293607223957036
4682,0,30.500869193616406,27.998708629183618
2112,0,25.43051592835802,25.895801215755878
1895,0,30.591951086280837,33.721618087770146
4231,0,31.411129997921318,27.02969812754214
5821,0,24.804704097505287,24.609390200823178
7319,0,22.25017721703953,20.887970634981023
2464,0,19.105614345205048,19.63588115300457
2880,0,23.134080382597485,20.565680143841995
2065,1,24.06642675746466,24.825110054459227
5692,0,27.630468788837945,29.30645557692213
8560,0,30.060614810551257,25.980641171264185
2884,0,33.94404404018006,39.35319356434649
2052,0,25.624439681609623,25.42573630685705
9938,0,29.756743324197295,25.683055844879775
3378,0,17.952302917211416,19.074672657987463
6439,0,23.990499217419277,25.88761126158671
6805,0,40.20290541788461,47.04697802995764
9853,0,24.592801589647816,23.702559801330043
5759,0,21.151637264277294,22.290209148204603
2490,0,23.234431132360267,23.4518180083689
4475,0,33.58564512953423,33.61262857442014
9002,0,19.38586059533672,18.901635239976443
3843,0,31.059659657454294,29.882059104243968
9589,0,30.094331150243544,26.645063296361638
5191,0,26.389161893229495,30.913761488165573
3974,0,38.514296078996736,45.95402968509653
3744,0,18.110725795776833,19.3321164497665
9721,0,31.606306898080444,29.918010489049845
2169,0,36.25158023205257,30.724203237011235
4002,0,22.514879302669257,24.17992167407428
4941,0,26.612768235357134,27.296025632143788
6970,1,24.67666072004341,25.114105069015206
2629,0,21.852351850427286,21.097278092451713
2526,0,24.14805121811998,25.902428565402978
3561,0,20.829450600598847,21.86975669565384
5432,0,24.940936939588223,26.226434381372552
3354,0,19.350620589978135,21.451788351157717
4180,0,26.044338990876042,23.8588949345801
2252,0,23.66616692940142,25.140437468175733
2634,0,29.048748885475423,31.038877654545917
5468,0,29.522782130972814,27.101128195330176
3402,0,31.084676460541054,34.46713982103446
8534,0,31.607651321401057,28.563321233965354
392,0,31.303502774858483,29.108832109302824
5228,0,30.929876436239716,33.13131585776533
26,0,23.66289056491992,21.933231672869137
7610,0,25.25907968372087,25.100988927566043
9144,0,24.744263943355932,26.291710317398724
829,0,21.981387567327648,21.495490569366936
7131,0,24.641856850860993,26.207884523955723
4719,0,24.270957548221364,28.703068866851307
9852,0,32.41308756153541,37.004767569289726
1481,0,27.208871890837944,31.643027363703943
6441,0,33.92559270079233,31.210556501551274
7478,0,25.30481476477756,24.536313679270883
8069,0,23.5695413675338,23.24187248665988
2815,0,23.65166322215389,22.762015177858284
1828,0,30.141332958038646,25.925256465716245
3907,0,17.054420170287017,18.142110089167904
889,0,28.913081713027257,25.792442545960817
2817,0,22.410457847057003,22.27610467973476
2059,0,21.64367968953235,22.646103892383845
8205,0,26.0698846611633,26.32936035569604
5962,0,18.325865249393974,17.71971357028833
5045,0,22.910758080123546,26.707712947290702
6004,0,30.742268451486613,30.253091466692375
9380,0,18.620123842999423,17.730111240436365
1392,0,23.773511304619753,23.96040423498111
407,0,22.493887446306807,22.565430122731907
2541,0,26.00108003874131,27.026809020345404
1359,0,17.511378802712343,18.648508263161435
7138,0,21.53465504067435,24.759510907984957
4704,0,18.815792581041112,20.120148082989243
384,0,19.010944284488737,18.183717233056907
9408,0,26.252561490840016,23.698113683785454
2602,0,36.24297809179891,35.18359171693154
4449,0,21.68499327846218,25.471465060821114
9897,0,25.379811185589983,26.714676107490032
1013,0,29.69891542877966,28.25499339305421
1813,0,24.672634455980916,23.63508107940563
9003,0,20.91600133111284,23.7006252737223
8328,0,27.725347501892813,30.3645395056768
1218,0,21.73664502636449,24.24559257504886
8577,0,23.59280462606761,27.752729073229652
6665,0,25.799117931564762,27.739731357472355
18,0,34.74626158723234,32.057412825052715
7819,0,20.721630141479945,21.593936875946106
3200,0,35.613358517854365,34.037928942643
6472,0,21.249724878458146,22.554218673218948
6905,0,24.54640363386439,21.850465823873844
2046,0,24.561238431469636,22.73008797961969
4442,0,22.111080713212672,22.153594140404014
9756,0,15.930766379737973,17.305050930642942
9070,0,32.59607135225963,30.147767741459692
8084,0,18.387884484009156,20.850478600935993
1448,0,30.017597783865074,35.99125365398932
9815,0,28.82630753135632,32.04154774931937
7200,0,18.682264445659136,20.629920585161848
969,0,24.82794599995643,24.087326658544196
3231,0,27.88379846479751,28.737761782665235
5596,0,28.70321033290954,26.78551025199899
9262,0,39.08232577271408,33.7346282653055
7647,0,26.649644902385724,27.59248326734018
7334,0,34.13233117399796,33.84825991170596
2792,0,32.600258258595446,32.186925652701596
9298,0,25.542095234894987,27.036357844144415
9185,0,27.175465761072154,28.64227418355509
6101,0,20.069054044027183,23.78204405683854
4330,0,23.455853909473493,22.761390054118728
6592,0,20.41885428552767,19.45126582202106
7113,0,30.117944721014993,26.109778559232588
9193,0,18.838036178995058,20.363647462012455
179,0,27.933586994771513,29.113566244723522
6796,0,30.29577906958642,28.316875570043226
7501,0,28.967156707520335,29.776012812304558
9213,0,22.843975543831117,20.52628835497437
9738,0,19.05389685830021,19.93739951989885
8415,0,31.460494177229386,37.23497851323743
6341,1,24.337450417107693,27.235040127842694
5203,0,22.39394826209544,25.89360983132996
1430,0,22.686791927934944,24.510946691920232
8161,0,28.922061253797548,26.290510464341867
590,0,19.6658124820093,21.079439551671086
7608,0,23.987911114353732,23.393623058537667
8504,0,22.220276928670632,21.705986256053606
259,0,23.434103026649034,26.647706824992643
1818,0,21.945285583881603,21.12668919219297
5193,0,28.72195978326638,25.592075598345254
2566,0,25.93591870266191,26.85365403425707
3132,0,32.156548566087814,34.32022574398795
907,0,23.707745162991763,23.53595045105157
8824,0,24.41634092138075,23.212511440721148
291,0,30.50733153694452,27.838406968598708
1852,0,36.32741762783685,30.722526241102415
8120,0,25.102758441498906,25.302938032383725
8982,1,24.298515866585163,24.933465530793775
7092,0,22.12082825606861,19.809882492599524
9572,0,32.06906545565545,32.81040298030767
4579,0,34.960850163684526,33.02801388143605
1308,0,19.179088902410587,20.757302781481023
6571,0,26.1439240450354,23.541699346959454
1782,0,33.365102780424344,34.353590154548705
7037,0,19.27293311313313,18.89669283147122
5354,0,25.893789759389627,26.929395377697244
9665,0,23.396347083797085,23.76453725088392
9994,0,27.074322160202875,28.66255498241199
3308,0,26.61156462911554,25.244757714233593
493,0,29.53262335525263,26.285132561200736
762,0,32.6217679897245,30.08608624528749
4473,0,23.84082007344364,23.575173029136465
8406,0,22.594834668738287,25.075523360334063
2010,0,26.24515427880339,27.517077495168625
1960,0,26.462724045488297,24.654029441894927
8733,0,37.60886584343912,39.70631715054249
1053,0,23.40994134650348,22.910922375718645
1585,0,35.735643784697835,30.924903292727016
759,0,37.2233911858606,38.42622503781318
8222,0,25.716391323233225,24.315899667058936
9480,0,27.39114222625351,26.426135657950706
75,0,22.06295770552001,22.286744223456516
2645,0,32.15160218736145,27.858561932000306
2929,0,17.922679521179973,18.81796492469378
5350,0,25.829255313365515,31.141964766379903
4048,0,38.44523217837301,35.54753061602558
8561,0,25.921248041809545,29.540846752862517
9739,0,36.865335285766115,33.8259060967249
5366,0,16.67783342528716,16.665501119346132
4108,0,34.04387612368916,33.72906865916128
153,0,21.436616177146814,22.40238524189752
7687,0,26.22192793205398,25.903959592199
1584,0,18.261601585146526,20.4664397521987
5756,0,73.24174563518986,63.949965977933076
6027,0,23.086435557187876,25.978216069369836
9150,0,21.01425943584694,21.337862252038335
3351,0,21.401981733276518,22.962375865520087
7542,1,30.51787899948522,27.562501601706764
2927,0,18.857244722996935,21.96504484631252
1431,1,20.598125611413593,20.025576761766363
9983,0,37.11438573541181,34.42185082894942
3832,0,24.891263114389957,22.70276626935372
1614,0,20.234647396495394,19.818375372327466
9378,0,46.25572650917684,40.52302686955903
7228,0,34.1731646157376,31.904988444448588
8353,0,28.621867130469983,27.20196158661164
9749,0,31.375750392997393,35.908474776088525
4530,0,30.787683755955403,33.77833403490065
7815,0,21.50026430228558,22.034341870996798
707,1,28.484456930203738,24.947088256884445
8623,0,33.32152966026897,34.538858671236426
9324,0,27.36908135573062,31.998081386359875
4974,0,33.419657429231144,37.436925333271816
5518,0,22.92155146077632,22.946010655862462
7245,0,18.06278558129543,17.7865333335504
2869,0,22.320957563487212,23.667081382517573
927,1,22.091590141807423,20.753943324894003
9759,0,32.97514347064502,32.08430402193062
7157,0,25.266418025098677,24.03336431497199
2423,0,19.22687821590717,19.799054705778584
6994,0,21.471984353623395,21.608885787929054
4000,0,30.50514413428392,27.535881863808022
2933,0,20.71140383289403,22.087366545169623
5553,0,24.025781021154383,22.27942121079007
6073,0,19.265896155412793,21.45877371114984
2749,1,23.95779144734453,25.388148033769966
137,0,23.76430458136194,29.287296228882088
2635,0,23.91805935232051,22.660894327044943
6076,0,20.649360773998854,21.004879700450292
7954,0,23.580164657487835,23.107410515919103
772,0,23.237712456061534,21.861812571375953
3862,0,29.772913686893766,26.046757059088897
3681,0,21.462186872644494,24.241358634219637
4951,0,25.389960673167348,26.70053510403043
6690,0,22.554269219670118,20.85394369137908
4214,1,25.204674708121747,25.291951056832325
3261,0,24.163478922505867,22.549791620890698
8601,0,21.325230910525317,21.39194579691538
6071,0,26.507566107299738,29.894833965106173
8625,0,17.6514254325147,18.766064860758764
1217,0,23.947453088483876,25.89315175712062
1718,0,34.002621321534534,27.904594372567836
6457,0,41.626287359920696,46.3373765573281
6181,0,26.238686742722912,28.296542398355037
7119,0,25.34824404577557,25.22252634089928
5726,0,36.61773227401145,37.07379534048468
9458,0,30.14832637132696,34.222479470807684
7951,0,25.91924495352489,29.8636479647908
3719,0,28.608740254417178,28.427484804468662
2097,0,24.67952060918473,23.428958870836556
9681,0,20.990859418168153,23.834665791163648
3287,0,24.640683003399175,22.858172191359376
9842,0,32.589166210719284,33.675483937529606
6217,0,19.98124890506053,17.742355259850633
4352,0,30.838571545515112,35.59354171983434
9434,0,22.363141755164037,22.031103440420264
3908,0,37.23284325071614,41.69695021192507
8988,0,22.493557356570147,23.314947259180478
3783,0,20.82642946393579,22.791668737573048
108,0,23.468881144267154,24.64661560036423
9121,0,40.4594334748216,40.23962674853071
3104,0,26.26065517963678,25.371918227904292
1214,1,27.52615666905727,27.95714849964737
1933,0,30.106424023137016,27.39275154488207
203,0,36.00176701376683,31.12081845957683
5314,0,30.14973693417121,26.44275504288332
9115,0,20.990293317433014,19.722872420498973
8582,0,29.069914656197536,31.70093241653567
3747,0,26.639691394370942,26.78113667320118
6387,0,16.954007692343467,16.82791794516097
5604,0,36.3012162712572,30.680396437329446
1495,0,23.74201008564586,27.198293571870824
5499,0,31.971150277094573,30.092025314267122
6589,0,38.927838729442406,38.972489040473434
8179,0,27.001259866415843,23.53383657462758
2774,0,23.10476582695966,26.662439815176427
5932,0,27.82149381005983,25.575865965124834
4404,0,23.501376183173512,25.348863933608488
6725,0,19.73880224182138,19.14205928854246
9826,0,18.08000238882015,21.774925391496758
9054,0,23.66955219863844,22.12760759022857
5099,0,31.194554854202774,30.6237766403018
7167,0,27.238312502113835,31.596921625163475
1687,0,35.320703618135965,28.674036667304662
2970,0,28.045027273382576,27.31425187191334
3921,0,21.2218670816032,23.050077509906572
2221,0,44.50395740856371,44.56989530168806
8712,0,23.475709452134023,24.898316447498345
4568,0,28.19437511329851,27.59176991150237
7883,0,34.52725974435891,37.55067291179435
3918,0,23.977932958612815,23.244809125480224
6873,0,19.31210517129584,21.36442332611642
428,0,34.940472568445145,32.62495318772603
6039,0,21.625037017461683,22.099925164948907
9270,0,27.875926272207842,29.063224531980755
1162,0,32.228688362442334,37.06270410616415
1475,0,17.614374059963954,16.38449716656405
5957,0,23.425652867610047,24.37944815654021
647,1,28.21312537798567,33.73897274624505
2021,0,22.357087243670183,24.905120159804376
3960,0,19.54470733696508,18.445920382941758
6219,0,29.37484359360117,35.222027454196905
8789,0,25.144322211533733,23.721072999320377
9979,0,23.34873105272209,26.20085625832581
760,0,21.166244664787737,21.726309695270277
231,0,42.29669465949116,38.50048522401211
4246,0,22.888487271402692,22.121569206750067
4650,0,30.72230835197661,25.959452924534197
8717,0,23.1379218285031,24.7507268498643
6469,0,22.86162723319256,22.35758712234488
7296,0,29.48464580398646,26.401993660709987
7263,0,18.40527208731797,20.35651869865329
885,0,19.878498735663143,21.635573788441388
4658,0,22.91011780342869,23.423776029470705
4795,0,25.8734613347213,26.35173315344451
133,0,41.118038744116,34.412920987590304
3776,0,21.32609841257995,22.547241112841114
6988,0,24.792693881831273,26.965862949348026
7327,0,24.480071898331797,23.839833260540768
2808,0,17.872292045211243,18.8186777658415
2146,0,18.93706149260455,18.851743676777996
6479,0,25.382056832497593,24.86309702296686
9614,0,21.322008392035315,20.774140346888156
2150,0,22.64020887319504,22.712587913188166
7529,0,33.16516949023388,32.67416829164538
2340,0,31.024392201278015,29.28079427117641
7965,0,20.772175591464862,19.44391421793404
3539,0,23.62929540130127,20.889491100357944
9894,0,25.177493826966717,23.929848336915917
9282,1,29.00963021785603,29.63670991873174
6346,0,28.9551191501831,28.123275549134664
8228,0,25.480098861424967,26.89626216236923
7808,0,19.244267213083326,19.0930547518439
7076,0,23.726238070620635,24.99058183684535
4200,1,26.041487613318214,24.549498473874475
7179,0,19.576431295800273,20.172338647770925
5848,0,27.161330260197303,26.993464621887558
1729,0,23.357438686448408,26.50190547883667
4842,0,31.261136507730104,28.23051299250772
4908,0,18.231891455160902,21.42583435051416
9914,0,31.277143255676847,31.52695108228495
5622,0,26.5733825070273,24.111063491403296
5220,0,20.287973801664595,22.889757145424817
1094,0,22.433588623636115,22.61759156725421
5798,0,36.28950111023555,30.832655204079273
2745,0,30.98430886654258,26.97578290282413
3684,0,30.919879085551074,27.345002966607236
4900,0,32.032735953406544,32.98107793755905
5247,0,27.530795815471055,23.364581958725815
4182,0,26.53539343036416,25.4972885194803
8652,0,35.68379408972304,34.36115256095503
6871,0,30.535352746400445,28.1185948667032
339,0,39.70074752707409,38.07252106323583
6305,0,27.57380017949355,25.27614070652324
9997,0,32.75666753889235,32.319297414060564
6056,0,28.408513516566927,26.632116899121595
3484,0,32.02370654637361,34.404367410443896
8411,0,22.370576521866006,19.263818434030973
6685,1,22.01544306996632,23.735813689647628
5911,0,27.44826978732671,25.529020280777168
7508,0,16.796316517828373,17.275793830565544
5944,0,18.949873141626757,21.276135541195885
5819,0,22.38361886115318,22.0974208934309
9223,0,22.28760775183633,24.33033833233502
3627,0,29.98891017101804,29.232633271351734
3512,0,22.635296627998287,22.60291710523927
5785,0,28.688151304388853,31.461933662376925
4428,0,24.589220206814453,28.350189911752647
160,0,23.625384351144557,24.780087021447393
5997,1,28.040740446347595,29.041748488669057
1861,0,42.31514127867529,38.247064449353104
9438,0,24.561765606412656,24.20832088367756
2478,0,20.602726054228267,22.09274467888699
7574,0,24.208135314113477,29.050519541940083
856,0,23.13550033148558,22.589281195761114
15,0,23.966332962064108,26.626570713107128
9678,0,24.557619891885448,25.741607753381597
5248,0,34.210078854677505,35.462379557313454
1048,0,18.57578724150446,19.567815012154337
8618,0,31.81366130194617,27.98883817676905
9988,0,20.416573351163713,20.13235406057697
5127,0,18.184640116762704,17.62746060511597
8602,0,34.75228924809502,30.353762020798555
3356,0,23.927498151413527,24.434127395139704
7313,0,21.14166800545894,24.954421452717668
1537,0,31.756994852335744,31.92898949818713
7593,1,27.459127163798968,25.359106639358764
8949,0,37.97402707055562,40.51166245707056
8814,0,19.28062362911377,19.93604463075286
3094,0,28.25825081452065,24.51720683430452
8478,0,26.760426731719715,23.710809336624184
2512,0,20.52588096478576,22.226056070255304
4277,1,24.38416199678582,24.5994283201897
1876,0,35.0990013803448,34.16698376624264
4160,0,22.689054633927526,23.59367430785245
5918,0,39.8779715366342,42.263973952878146
1959,0,37.5020753576323,31.286521039148493
3575,0,28.850334102235557,28.180446249188783
8952,0,33.41072670612939,29.702661147062184
3827,0,34.351739695989345,31.529750304740045
5235,0,19.41651970903983,21.414192546409197
2471,0,20.35982895281074,22.281715991461173
6265,0,33.59075206884471,31.460766329839803
1684,0,24.525399912096262,24.98646754690237
364,0,25.507691573061937,22.899333747450857
550,0,25.06170389721189,26.253199030481223
5030,0,26.333146523567383,25.09148431409821
1258,0,19.882058184589773,22.224307096787733
7674,0,28.15888003567315,26.493001317260415
1085,0,26.963756111348093,28.032871095845913
3750,0,29.41812563720699,26.499765390787527
3339,0,25.659543149157056,20.82415929284908
2513,0,23.97140588343236,24.163213069985687
3780,0,35.566949360345184,30.28969139507488
2335,0,22.073857429342336,22.276924557952164
1932,0,21.535271524213922,20.054921408852074
7427,0,30.31178707810729,28.547802482108942
6542,0,19.942815422402397,18.900713637543063
2779,0,44.28904377741288,38.53476812521758
3326,0,22.13695358364156,26.734058587474536
6661,0,20.94805033958691,21.639836881255984
3886,0,32.96249285133396,32.54249645178461
7348,0,19.390986177859602,20.179216614369437
5461,0,18.33477181321925,18.584035694535057
3530,0,22.878236657942246,25.86734514544452
9889,0,42.2722005375385,46.529196181046444
9903,1,28.13953511426961,26.975684429813025
8370,1,31.31580529274282,36.23790004969869
7516,0,24.634589550945233,25.268338909818297
273,0,21.919488266506924,20.521577062125882
7356,0,33.188884508584074,32.09458325478945
393,0,20.66962709910328,20.826286940198283
6280,0,19.243205728885904,21.368161235547866
2199,0,27.77466564344438,27.583684133100906
6109,0,18.899698202086515,18.661275114750758
9986,1,28.69194679835244,25.796427836548265
4529,0,21.623216102561365,23.846455658598618
2000,0,30.18376389024799,25.60531469954395
2577,0,38.47925153454617,32.451385020471626
913,0,29.737658095582972,30.05088295016807
1758,0,33.65397172005149,39.50332821249791
5408,0,19.18851385157583,21.105754430286787
5445,0,19.24405173463971,20.130539389840514
3739,0,21.141117939527103,23.110487344079946
5976,0,24.213401171432384,24.458676230967068
6088,0,25.075575328590915,24.445665786483595
1425,0,27.0668447650347,29.44610191925186
3316,0,26.7870089876555,24.03457324441996
2788,0,17.720736738094416,20.02337532998403
3076,0,31.251984594684924,25.7151929076021
9641,0,30.20091964631001,31.610707707019674
4676,0,23.898744502661337,22.08834179896317
5400,0,44.91912876525086,42.530718770018275
529,0,26.816585608403056,26.237642634423324
1548,0,25.62929323172685,27.44308581577264
9119,0,20.86548800881545,23.017878245646372
1049,0,19.22890565376537,21.311950790689487
1068,0,32.383176721286155,34.80157212889573
3785,0,21.230809550274277,18.975129550912143
7941,0,22.81664333382208,22.57823747770448
878,0,26.557219266756057,28.801010133487026
2294,0,33.341902916625074,32.230372380659574
3085,0,26.343618455572653,26.156155735100285
2777,0,25.886786206956273,26.104897405548844
8386,0,23.508143348397155,23.980677393503402
9449,0,24.922049511021747,24.502817243831753
6872,0,37.386107028389034,31.487550394216388
7981,0,25.636061779366745,30.855759422108015
8154,0,24.46077789854333,27.01800250194028
6110,0,32.12495312019322,28.174464158600415
2642,0,25.267906560501608,27.84100129075274
3839,0,28.791623548693856,31.815165076836607
5980,0,28.890279395095956,24.39323379130852
6973,0,28.65802371944628,30.746653615456964
7124,0,19.37297491935883,20.510372193897798
4693,0,27.10464707617793,31.18126301889074
4648,0,22.767100007545768,24.73537494723019
8807,0,26.30137699800058,29.51736099589855
5291,0,42.5647128062645,45.70536718341401
2418,0,26.565949266919834,26.360135044930455
7749,0,35.728860615403335,34.725962939811
2857,0,21.888145925455973,20.9520562735299
9467,0,34.459914713507196,38.49357868452489
6968,0,21.96466227595381,20.70914372058117
4713,0,24.38428632290562,29.794622400047366
3823,0,25.435338011921434,25.8726698312802
4576,0,34.730406511170806,29.07026713655877
5263,0,22.482055991539887,22.39383779760635
6363,0,19.045747099278348,21.790181252784464
9391,0,24.642513802609773,28.3755129999469
9625,0,35.60680340149477,33.684335319362425
81,0,20.45698592871466,23.265433585502795
1374,0,30.355669174882767,28.745052622882625
8051,0,25.851155779493922,28.881685910336735
1437,0,28.611920279089208,28.354787056396823
9028,0,26.048950487282937,25.220428668324832
8683,0,32.34441676870193,27.74775088316772
5560,0,19.59397037502963,20.167815075660677
8111,0,22.228214885008143,19.747918399775784
448,0,24.208768622253825,26.567127958575536
8512,0,41.733874705089875,36.64953719251974
9385,0,27.050246657645705,30.446471525447045
3404,0,28.60955775365871,30.618323559101736
4164,0,34.56492561063949,31.350369597049376
2993,0,22.609985320460837,22.00009939135386
5340,0,38.04223613366913,31.42832991821557
8957,0,25.23832505200505,26.461014739637456
7146,0,38.982940796753276,39.328163444276285
3054,1,25.308587721066605,24.849984427129787
8792,0,23.313919523354752,21.155070753730673
3567,0,17.498365050214566,19.83121709713859
982,0,32.56517204370863,41.479649076278804
9162,0,34.83355775445625,29.11122671545694
5051,0,21.900171724989963,21.47795925477095
3636,0,18.128152611797223,19.216976137875776
1271,0,34.51467530806809,29.01327567261779
842,0,28.413626007208585,27.03522962644368
2822,0,27.06789570361209,28.943444325160446
6451,0,30.76780247108662,32.51290765056194
5416,0,28.156146309107,27.92839158165812
9218,0,21.011850492860383,24.86459947586274
3509,0,17.861486068476502,18.482023565035092
9221,0,33.408418941771586,28.938248143368263
8493,0,25.71982557336431,23.793156132609216
3365,0,25.522519329868203,29.658824556747316
675,0,26.98779252057656,23.437212008103863
4380,0,47.22876402675013,46.66078746513136
9316,0,34.330412471514215,32.44488975264452
1099,0,23.985398567268305,23.781975190675332
3303,0,21.70580851244905,22.292837617077357
8578,0,25.330165714014452,24.54897336644936
1615,0,35.87221795105583,30.26685235819041
2781,0,19.197045003816747,19.340103801894337
6719,0,28.573369990276632,34.4599943425001
2889,0,19.774028506694783,20.751087750050743
4431,0,21.901492451869107,22.185349303442464
7540,0,23.405914918752046,24.854842062007922
7773,0,19.93614587580989,19.6133257697926
2343,0,35.73134757441523,31.339597008870484
2639,0,29.82554864966234,33.4547234704232
2522,0,39.76055107251549,34.61627759058105
6858,0,24.51056911589402,27.079941672495586
1797,1,26.290416109669383,29.86570662262879
2178,0,31.522245765305694,27.972945934949735
7928,0,33.455230720500666,29.137228732790078
2947,0,22.83968448004738,22.841142107762956
875,1,23.94002930066445,26.1277300762287
6887,1,25.51648985976925,23.677638956918646
1800,0,40.78442710343005,33.61072470714636
7624,0,21.72162528639906,19.65454481718779
2803,0,24.260069392913646,26.112018180916756
3122,0,20.339550930652212,22.510557222032375
6723,0,22.21535226354502,23.02580883335107
6493,0,21.25614599402047,23.754732535704903
8628,0,25.055515497384643,26.11944588639657
6353,0,25.562589380389156,25.56603477740834
3566,0,22.61981028008124,23.29924167867181
5689,0,33.16280725578737,31.171614005278176
1106,0,27.65358248143003,26.844242490550965
2324,0,28.995060323950327,27.408890853982154
4909,0,19.196013857317226,19.227942384551994
9139,0,22.233646719134107,21.61280498990456
288,0,26.76095343686053,26.478721599667463
8500,0,26.20341470228386,27.326320131747515
7770,0,21.74441640646378,23.66972745376284
8990,0,21.426770550750106,22.869885782407998
820,0,28.75170238416373,30.043621860114865
5137,0,19.59552263187055,20.88665799474098
6727,0,37.489740071202434,40.760439984608134
8286,0,36.928881168533046,31.493309949602768
9445,0,30.28299297208027,30.441614536816147
297,0,19.521118644269777,20.370098800408385
395,0,20.762479008994195,19.299146690912636
1621,0,48.58683952030943,50.021884423760746
7858,0,22.004910840341687,20.967927168694196
5053,0,24.08541754831199,22.789065309345492
7004,0,23.840775309425858,20.827195457863237
4195,0,20.75873995139266,21.957226755571018
4986,0,38.14454268632424,34.66501729161257
2162,0,37.871929204511794,43.19221472908595
7151,1,22.427465491290878,23.983591008534912
9215,0,18.670069581037854,18.940491924054907
3669,0,16.65972252657345,16.095328680323398
5344,0,22.588931601397288,20.952111254703993
8847,0,24.756504089199986,21.977852644621812
2528,0,26.279923398582298,25.087863528027803
491,0,20.0589096037296,20.99355360048958
4395,0,25.308196940842144,30.038422956931218
7945,0,33.78553228599013,30.431302149731614
3039,0,28.22046062518609,25.929723018949105
3731,0,27.306850946467534,27.851910808650256
3971,1,29.276311325296195,29.74668554762205
730,0,19.18408581319931,18.38621960234098
7476,0,20.796423123603894,21.673191649680156
6601,0,26.803563041025562,28.63770961498536
2465,0,28.246650759841046,25.986558142828745
5109,0,26.198402595243245,24.907894054354596
8937,0,31.26747160252248,36.178253320729226
9718,0,34.094460936588774,31.604994774350715
2953,0,21.21584729615514,22.591780595284906
3997,0,25.43635449568334,27.83329212637261
8725,0,32.85726917074279,31.116251856649992
3206,0,29.78003393527881,28.19581517720183
9299,0,25.78095397573957,23.159502664444354
6070,0,21.715319287259124,20.87527852926805
361,0,27.130386832197107,28.788705213231662
823,0,34.20659778699657,33.4661654330304
5575,0,22.600721794118307,21.399643672333
673,0,29.280119574754803,31.354263788597137
9827,0,21.15392853515616,22.382174271936034
2260,0,23.630972676892654,23.420644997482572
1323,0,30.40320361809757,27.32434417029373
8413,0,22.824246864986243,21.305867183998664
6127,0,28.619061729603683,35.070346417168196
3923,0,27.21183140262355,25.079716351441075
8774,0,33.643228047865904,37.41930940249213
782,0,40.04708129686768,32.84985468726083
3208,0,35.358335930543554,29.49603742169512
5630,0,33.651346689892094,29.557840965548884
1015,0,31.282224817144293,27.523843856819013
9980,0,25.6573939437913,25.545723110854514
474,0,23.53539553980779,22.397218318039375
6596,0,23.612562490969175,21.678909135653445
1246,0,23.17889862729547,22.498216033720166
8920,0,20.30661397359077,20.47135485624261
8616,0,19.696942434328825,19.788068995945725
5104,0,28.840891280510665,25.853922316229173
700,0,20.516179592998064,19.498264941675654
976,1,25.24735768450298,23.595743106640022
1087,0,19.321405943095087,19.36041351356745
8550,0,29.62055466997725,32.7177946961229
9364,0,20.874775026775197,19.412714572793053
255,0,24.44952656018711,22.730116397574395
8742,0,33.233861568200666,29.52971541321507
7001,0,22.027881735646762,24.846610850779566
3826,0,24.949355265408435,29.462118992581043
6603,0,19.857070830003487,21.174961040505075
3536,1,23.553860266381495,21.99842813792172
2133,0,29.682774269392883,31.00608113973226
422,0,36.58210270930054,36.11790607437872
213,0,24.52565946239143,28.45147863791029
2154,0,21.881092652466027,24.88941097482964
7635,0,25.39596252632868,21.59209094375276
3343,0,23.231219957009635,22.487335192045354
7298,0,16.3511756781397,16.18780349102779
5686,0,18.294761645219154,20.55982809279227
1901,0,26.571764876233274,28.041321046141544
3047,0,18.172630709599026,18.49057148983917
8981,0,22.18989427336724,22.25239024444859
2039,0,34.94314290290967,30.72900833224958
8689,0,27.555008242760323,31.9348333765313
4436,0,22.63719735372102,26.444648580413194
7537,0,29.639912042724998,29.606973668730717
6193,0,24.27870862954987,22.09158655832789
1432,0,36.54254575876552,40.52610206346517
3893,1,25.64163884806495,23.88287903922598
8554,0,26.15879044624652,23.187172889199577
9248,0,31.960333553455122,33.58129560683831
3311,0,19.411437408070153,21.009978049653412
7924,0,22.223973823044837,20.863980447394553
4031,0,29.59552815196224,31.824820318771806
6698,0,23.40836856218745,22.482393861146196
8685,0,25.646986285266593,24.493393724305893
2327,0,25.353693055568144,22.56235312602634
3605,0,27.178200381552852,28.32839769993051
5021,0,22.696822981113932,22.43199817492435
3924,0,24.001638231050816,29.07969995363126
3061,0,32.61493848851417,28.186524142384652
9271,0,25.706886522666277,27.849235630896423
3201,0,35.809574439183976,37.10201985888346
131,0,22.57279508642558,20.693675741209738
1787,0,30.39583932195886,28.290361485471376
9797,0,20.049492294983395,20.87332685116794
8699,1,26.377520504910283,31.33131734469383
1739,0,28.11700906056319,27.732219626471576
5062,0,38.011271654421215,36.154940172031125
6828,1,28.54278668147934,30.021576004644494
7555,1,32.29688414186533,37.832467124877994
614,0,18.451425628324806,18.169693255775258
8292,0,38.140357345507745,35.561487461336135
2101,0,34.12820469657452,34.41136412495968
3150,0,29.495069998455698,29.490150308896347
7160,0,29.497620909865837,28.625874791763398
4398,0,42.17683856711007,48.091919570830385
6621,0,21.177294971577126,22.83006369680197
6984,0,22.463168015308007,26.032170753366202
1532,1,30.694512888907948,30.009036394881445
3186,0,29.955097243829954,28.468355025813707
9816,0,30.87342974469444,28.577840826681243
5490,0,28.923058799722014,29.66955578175028
6254,0,19.902038873932327,18.98674687913041
8387,0,19.942862799696787,21.755349470783564
5083,0,27.48566728556521,23.60098334363123
3525,0,37.702122217732544,35.413526711666115
1023,0,24.94701703922516,23.154343208165507
9860,0,22.362244292733145,21.825875563966918
7373,0,35.708640299240656,35.03381003267463
1647,0,21.840840662353738,23.87611325503148
3052,0,24.817238715113596,23.654886042990874
7778,0,19.177683972350177,22.203244990862732
6976,0,36.210317991274074,31.08261129040723
2554,0,25.269402025929768,23.206806549642977
5994,0,25.370891527923998,22.006108620501927
8449,0,31.01698358416964,27.292793933763075
6835,0,30.45355559619415,27.009365588069137
2454,0,23.652169841417077,21.94874768530709
3090,0,35.70276331009023,34.1414678653455
7402,0,23.255793961639633,26.9364002949784
991,0,23.25941890804493,23.324711740376184
3761,0,21.266705807385105,20.623118021038444
9257,0,18.68209737646577,17.861836161197118
6867,0,27.024539036047546,28.66580522562574
1369,0,20.06203530678121,19.697769621255205
4846,0,38.62818055839064,32.269062511439905
7803,1,34.27725605334333,29.055065089562902
5392,0,28.671445707902297,34.12976088799087
2328,0,48.20491769443478,47.367862014928576
7019,0,16.871667351116866,16.871169746546993
7448,0,19.2329277470356,18.08551907343277
9595,0,23.81532823633287,25.632064201391923
7642,0,22.484585543572006,20.85904837347763
1564,0,24.877486959456185,24.0355831127558
1950,0,34.31811322826772,30.520779971631587
2914,0,19.558817063704094,22.642827441781343
3234,0,32.34058638341077,32.79323193129726
375,0,20.07393048552887,18.92132815224051
3865,0,25.390695410698605,21.916697381377446
3996,0,20.873338009604694,20.883694966535707
3382,0,31.944374812050093,32.762323177999335
2401,0,18.752501100610132,19.608013708166624
5875,0,19.05936015267868,19.355581897740713
6155,0,52.82321117529702,51.10566308610179
3549,0,32.1622234890847,31.104842303334745
2435,0,29.714576571804052,29.478762880653996
9000,0,22.978799583612147,19.304598771814067
232,0,23.06035769216548,20.39573038187063
2019,0,29.134460740292592,31.902033237389542
3297,0,35.29136966927922,35.82311028564239
2893,0,29.045612252934255,32.552201426435545
2005,0,26.780379434705495,25.445425111459453
1362,0,20.73353714862864,18.00767471015285
368,0,22.095897056170596,23.376841523206128
4056,1,26.644381430565137,25.699140093811597
7314,0,38.47710247280025,33.621405796105456
3615,0,23.24457113400641,25.569298199584185
8262,0,25.840475487128394,26.7049668688789
3604,0,26.092121745649273,28.340494273760836
4935,0,23.645024369064476,24.649362572710242
8632,0,18.48789520070506,18.562177436743706
2482,0,38.99815175540933,35.025191617439695
9841,0,35.37008172865981,30.98154737376463
4577,0,19.77412378304619,21.445689957812533
9608,0,25.916632133644136,26.23064310019627
8630,0,41.553666274195216,36.42565114652319
7917,0,18.91361748754702,18.588348267775327
9338,0,22.22126974442262,23.248402532013756
8044,0,20.630437316100924,19.614500216645492
322,0,40.83600213478518,35.75393113188922
8187,0,26.192383057271872,28.34157707251751
4585,0,34.50639751666517,33.59019828818608
292,0,25.100275842286337,28.423976927909308
8898,0,31.845390368215586,30.277391948800584
9648,0,34.158948220370746,35.923326823858574
5415,0,27.08785954045024,24.353426276309385
4015,0,22.24635460604081,23.62826311135933
1382,0,24.21037451347393,26.899945372226764
1347,0,38.62908818304188,34.236549475085
128,0,23.978383531761104,21.553799721074135
8830,0,20.525177568681645,20.648261713773575
7875,0,33.01711611007607,38.090630381970634
4775,0,24.53612202772653,23.0964391358049
7257,0,26.57234647960313,31.574501755798924
1327,0,25.190025707974048,21.959510140962124
2280,0,27.819602903814804,26.98808557072419
1528,0,34.814109100831836,34.43956260249361
5648,0,19.179534127643432,20.070871276708942
2678,0,49.12284551407733,45.170419554133396
4911,0,29.348342805564887,30.868787425256876
9481,0,30.072550223598313,27.738738223368205
6962,0,28.177401054039958,29.09453727865967
4809,0,31.28998224808566,30.156480157480736
2671,0,20.732849386107716,20.47376869300575
2561,0,17.946517483809565,18.535780489747538
2919,0,21.179716222145665,21.894040371490945
7242,0,29.640764756444142,26.764162615638025
3787,0,26.360868063703403,28.897575252822218
8745,0,19.258405345352486,21.243919678923504
6329,0,22.86958823626811,25.344309809974092
4147,0,24.523169995573355,24.15285209479488
9564,0,20.44727841481958,23.322962430520555
6701,0,18.2140181315223,18.934331826390608
3551,0,24.055804125390626,24.042940809532062
9053,0,25.24118535995003,22.50884951066697
8658,0,31.43726309974557,33.88154055881474
1319,0,26.259776086870566,26.4314150842379
142,0,21.363324563350996,22.33068752599454
8272,0,24.324018875768733,25.979261437525587
2644,0,22.743762361233152,26.250986426814585
8452,0,28.190699047064555,27.13825663391388
9487,0,28.04485865945742,25.897425449623615
444,0,24.092233127047265,24.13344304406308
3105,0,37.6189873678849,37.01339275886899
5908,0,28.94684171641784,30.264784367180066
6795,0,25.052671490597856,27.244812673514996
8134,0,28.70606061917027,27.400281802652135
7304,0,19.22282506863036,21.60107190374102
5085,0,28.05901758716975,25.997042093201774
243,0,32.06823693126601,32.12858537696664
4191,0,26.83411915629683,26.575855508761553
22,0,33.744790586739235,28.57599637891994
8414,0,38.08019536762704,43.94086787508523
5876,0,21.106789930673674,20.86885842944147
7649,0,22.953519767342524,27.71310777803547
6237,0,22.965463810925634,20.818840704503835
2776,0,29.6183993385079,32.27539218817353
9946,0,23.377242657433793,24.76377272035175
6061,0,19.176236682575134,20.44496294280799
7781,0,22.870413284173296,20.905343786659607
8489,1,20.39303755924902,23.310013379370453
1348,0,18.943743099547554,17.255679987590646
6126,0,23.47429953633565,24.969883290879444
3656,0,19.32011438492419,21.43307564612664
6939,0,22.27370711115085,24.44776180625243
1468,0,26.198657874075288,27.584990778453676
3789,0,22.688089700430513,23.6546585311378
761,0,26.428513704185608,25.735918987856095
8595,0,23.854666211901645,22.406990870946654
1905,0,26.170251883519384,27.742103936306055
9922,0,30.894460851561586,28.30949081494992
2460,0,21.687357835816666,21.172150257220615
7400,0,26.2076325317127,27.702121419314633
6781,0,26.525830197164815,26.45313251188835
6506,0,40.52063805523454,42.31653508581424
6822,0,22.766059932216876,24.0263724319385
9443,0,28.140100409643388,29.903471154632648
9511,0,24.775291140019476,26.52098344172377
3977,0,22.71566464785392,26.446105494989546
8462,0,24.71814163873033,26.384528071411584
1153,0,37.78650910553626,38.477467879960905
7790,0,24.452636922895444,27.101356215858292
7750,0,25.014922376292706,25.704443687013157
4707,0,27.51086041990454,32.421882780215675
3063,0,32.98275582881963,33.01917020290943
6999,0,44.69905882435652,36.89128869127694
4882,0,37.18545402912752,39.330470054102534
5442,0,31.61449562173091,30.95612116409336
6600,0,29.346986575981997,27.258779188327306
815,0,21.474273645206527,18.453812440130168
9966,0,25.277313549647925,23.213049130956346
5511,0,19.7161272133584,20.966895372450363
2973,0,21.966061613577363,24.425977599279964
2140,0,23.715517284468888,25.76582630598795
2319,0,22.99565476043829,23.82504948334199
2057,0,23.171747118467508,24.983753781722406
5615,0,17.580194595478638,18.659969562408126
5892,0,26.818586806207886,29.922013357478527
2967,0,29.02179249447245,28.894349320659142
4032,0,23.172880102239514,22.87971002458173
931,0,32.498554624422844,29.73590262578534
4871,0,42.908623102750845,37.63060791491041
690,0,27.711216672712947,29.088590545055013
3135,0,19.609857079941854,19.49568639387798
2981,0,33.29505120571092,39.60539404404475
9376,1,24.191918848311474,23.540563797120164
4461,0,25.23334140670332,21.782007903877133
9302,0,22.68463431235659,21.459466304562643
