row_index,split
0,train
1,test
2,train
3,train
4,test
5,test
6,test
7,test
8,train
9,test
10,test
11,train
12,test
13,train
14,test
15,train
16,train
17,test
18,train
19,test
20,train
21,test
22,test
23,test
24,train
25,test
26,train
27,train
28,test
29,test
30,train
31,train
32,train
33,train
34,train
35,train
36,test
37,train
38,train
39,test
40,train
41,test
42,train
43,test
44,train
45,train
46,train
47,train
48,train
49,train
50,train
51,train
52,train
53,train
54,test
55,train
56,test
57,test
58,train
59,train
60,train
61,train
62,test
63,train
64,train
65,train
66,test
67,train
68,test
69,test
70,train
71,test
72,train
73,train
74,train
75,test
76,train
77,test
78,train
79,test
80,train
81,train
82,test
83,test
84,train
85,train
86,train
87,train
88,train
89,train
90,train
91,train
92,train
93,train
94,train
95,test
96,train
97,train
98,train
99,train
100,test
101,train
102,train
103,test
104,test
105,train
106,train
107,train
108,train
109,train
110,train
111,test
112,train
113,train
114,train
115,train
116,train
117,train
118,train
119,train
120,train
121,test
122,test
123,test
124,train
125,train
126,train
127,train
128,train
129,test
130,train
131,test
132,test
133,train
134,train
135,test
136,test
137,test
138,train
139,train
140,test
141,train
142,train
143,train
144,test
145,test
146,train
147,test
148,test
149,train
150,train
151,train
152,test
153,train
154,test
155,test
156,train
157,train
158,train
159,test
160,train
161,test
162,test
163,test
164,train
165,train
166,test
167,test
168,train
169,test
170,test
171,test
172,train
173,test
174,train
175,train
176,train
177,test
178,train
179,train
180,train
181,train
182,train
183,test
184,train
185,train
186,train
187,train
188,train
189,train
190,train
191,train
192,test
193,train
194,train
195,train
196,train
197,test
198,train
199,test
200,test
201,train
202,train
203,test
204,train
205,train
206,train
207,test
208,train
209,train
210,test
211,test
212,test
213,train
214,test
215,train
216,test
217,test
218,train
219,train
220,train
221,train
222,train
223,test
224,train
225,train
226,train
227,train
228,train
229,train
230,train
231,train
232,train
233,train
234,test
235,test
236,test
237,train
238,train
239,train
240,train
241,train
242,test
243,train
244,test
245,test
246,test
247,test
248,train
249,train
250,train
251,test
252,train
253,test
254,train
255,train
256,test
257,train
258,train
259,test
260,test
261,train
262,train
263,train
264,train
265,test
266,test
267,train
268,train
269,test
270,train
271,test
272,test
273,test
274,train
275,test
276,train
277,test
278,train
279,train
280,test
281,train
282,test
283,train
284,test
285,train
286,test
287,test
288,train
289,test
290,test
291,train
292,train
293,test
294,test
295,test
296,train
297,test
298,test
299,train
300,train
301,train
302,train
303,train
304,train
305,train
306,train
307,train
308,test
309,train
310,train
311,train
312,train
313,test
314,train
315,test
316,test
317,train
318,train
319,train
320,test
321,test
322,train
323,train
324,train
325,train
326,test
327,train
328,test
329,train
330,train
331,test
332,test
333,train
334,train
335,train
336,train
337,train
338,train
339,train
340,train
341,train
342,train
343,train
344,train
345,test
346,train
347,test
348,train
349,train
350,train
351,train
352,train
353,train
354,train
355,test
356,train
357,test
358,test
359,test
360,test
361,train
362,test
363,train
364,train
365,train
366,train
367,train
368,train
369,test
370,train
371,train
372,train
373,train
374,train
375,test
376,test
377,test
378,test
379,train
380,test
381,test
382,test
383,test
384,test
385,test
386,train
387,train
388,train
389,train
390,test
391,test
392,train
393,test
394,train
395,test
396,train
397,train
398,train
399,test
400,train
401,train
402,train
403,train
404,test
405,train
406,test
407,test
408,train
409,test
410,train
411,train
412,train
413,test
414,test
415,test
416,train
417,test
418,test
419,train
420,train
421,test
422,test
423,train
424,train
425,train
426,test
427,test
428,test
429,test
430,test
431,train
432,test
433,train
434,train
435,test
436,test
437,train
438,train
439,train
440,test
441,train
442,test
443,train
444,train
445,train
446,train
447,test
448,test
449,train
450,train
451,test
452,train
453,train
454,train
455,test
456,train
457,train
458,train
459,train
460,train
461,test
462,train
463,train
464,train
465,test
466,test
467,test
468,train
469,test
470,train
471,train
472,train
473,test
474,train
475,train
476,train
477,train
478,train
479,test
480,train
481,test
482,train
483,test
484,test
485,test
486,train
487,train
488,train
489,test
490,train
491,test
492,train
493,train
494,train
495,test
496,train
497,train
498,train
499,train
500,test
501,train
502,train
503,train
504,train
505,train
506,test
507,test
508,train
509,test
510,train
511,test
512,train
513,train
514,test
515,train
516,train
517,train
518,train
519,train
520,train
521,train
522,train
523,train
524,train
525,train
526,test
527,train
528,train
529,test
530,train
531,test
532,train
533,train
534,train
535,train
536,train
537,train
538,train
539,test
540,train
541,test
542,test
543,train
544,train
545,train
546,test
547,test
548,test
549,test
550,test
551,train
552,test
553,test
554,train
555,train
556,test
557,train
558,train
559,train
560,train
561,train
562,train
563,test
564,test
565,train
566,test
567,train
568,test
569,test
570,train
571,train
572,test
573,test
574,train
575,train
576,train
577,train
578,train
579,test
580,train
581,train
582,train
583,test
584,test
585,test
586,train
587,test
588,test
589,train
590,test
591,train
592,train
593,train
594,train
595,train
596,train
597,test
598,train
599,test
600,test
601,train
602,test
603,test
604,train
605,train
606,test
607,train
608,test
609,train
610,test
611,train
612,test
613,train
614,train
615,train
616,test
617,train
618,train
619,test
620,test
621,train
622,test
623,train
624,test
625,train
626,test
627,train
628,train
629,test
630,train
631,train
632,train
633,train
634,train
635,test
636,train
637,test
638,train
639,test
640,train
641,test
642,train
643,test
644,train
645,train
646,train
647,train
648,train
649,test
650,train
651,test
652,train
653,train
654,train
655,train
656,train
657,train
658,train
659,train
660,test
661,test
662,test
663,test
664,train
665,test
666,test
667,train
668,train
669,test
670,test
671,train
672,train
673,train
674,train
675,train
676,test
677,test
678,train
679,train
680,test
681,train
682,test
683,train
684,train
685,train
686,train
687,test
688,train
689,train
690,test
691,test
692,test
693,train
694,test
695,train
696,train
697,test
698,test
699,train
700,test
701,test
702,train
703,test
704,train
705,train
706,train
707,train
708,train
709,train
710,test
711,train
712,train
713,train
714,train
715,train
716,train
717,train
718,test
719,test
720,test
721,test
722,test
723,train
724,train
725,test
726,train
727,train
728,test
729,train
730,train
731,test
732,test
733,test
734,train
735,train
736,test
737,test
738,train
739,train
740,train
741,test
742,train
743,train
744,train
745,train
746,train
747,test
748,test
749,test
750,test
751,test
752,train
753,train
754,train
755,train
756,train
757,test
758,train
759,train
760,test
761,test
762,test
763,test
764,train
765,train
766,train
767,train
768,train
769,test
770,train
771,train
772,train
773,train
774,train
775,train
776,train
777,train
778,train
779,train
780,train
781,train
782,train
783,train
784,train
785,test
786,train
787,train
788,train
789,train
790,test
791,train
792,train
793,train
794,train
795,train
796,train
797,test
798,test
799,train
800,test
801,train
802,train
803,train
804,train
805,test
806,test
807,test
808,test
809,test
810,test
811,train
812,train
813,test
814,train
815,test
816,train
817,test
818,train
819,test
820,test
821,train
822,train
823,test
824,test
825,train
826,train
827,test
828,train
829,train
830,test
831,test
832,test
833,train
834,train
835,test
836,train
837,train
838,train
839,train
840,train
841,train
842,train
843,test
844,train
845,train
846,test
847,train
848,train
849,train
850,train
851,train
852,train
853,train
854,test
855,train
856,train
857,test
858,test
859,test
860,train
861,test
862,test
863,test
864,test
865,test
866,train
867,test
868,train
869,train
870,train
871,test
872,train
873,test
874,train
875,train
876,train
877,test
878,train
879,train
880,test
881,test
882,train
883,train
884,train
885,test
886,train
887,test
888,test
889,train
890,train
891,train
892,test
893,test
894,train
895,test
896,test
897,test
898,train
899,train
900,train
901,train
902,test
903,train
904,train
905,test
906,train
907,train
908,train
909,train
910,test
911,train
912,train
913,train
914,train
915,train
916,train
917,test
918,test
919,test
920,train
921,test
922,train
923,train
924,train
925,test
926,train
927,train
928,test
929,test
930,train
931,test
932,train
933,train
934,test
935,test
936,train
937,test
938,test
939,train
940,train
941,train
942,test
943,test
944,train
945,test
946,train
947,train
948,train
949,test
950,test
951,train
952,train
953,test
954,test
955,train
956,train
957,test
958,train
959,train
960,test
961,test
962,test
963,train
964,test
965,train
966,test
967,test
968,test
969,train
970,train
971,train
972,test
973,test
974,test
975,train
976,train
977,test
978,train
979,test
980,test
981,train
982,test
983,train
984,test
985,train
986,train
987,test
988,test
989,train
990,train
991,test
992,train
993,test
994,train
995,test
996,test
997,train
998,test
999,test
1000,test
1001,test
1002,train
1003,train
1004,test
1005,train
1006,test
1007,test
1008,test
1009,train
1010,train
1011,test
1012,train
1013,test
1014,train
1015,train
1016,train
1017,train
1018,test
1019,test
1020,test
1021,train
1022,test
1023,train
1024,train
1025,train
1026,test
1027,train
1028,test
1029,train
1030,train
1031,test
1032,test
1033,test
1034,test
1035,test
1036,test
1037,train
1038,train
1039,train
1040,train
1041,train
1042,test
1043,train
1044,train
1045,test
1046,train
1047,test
1048,train
1049,train
1050,train
1051,test
1052,train
1053,train
1054,test
1055,test
1056,test
1057,train
1058,train
1059,test
1060,test
1061,test
1062,train
1063,test
1064,test
1065,test
1066,train
1067,train
1068,test
1069,train
1070,test
1071,train
1072,test
1073,train
1074,train
1075,test
1076,train
1077,test
1078,train
1079,train
1080,test
1081,train
1082,train
1083,train
1084,train
1085,test
1086,train
1087,test
1088,train
1089,train
1090,test
1091,train
1092,train
1093,test
1094,train
1095,test
1096,train
1097,train
1098,test
1099,train
1100,test
1101,train
1102,train
1103,train
1104,train
1105,test
1106,train
1107,train
1108,train
1109,test
1110,test
1111,test
1112,train
1113,test
1114,train
1115,test
1116,test
1117,train
1118,train
1119,test
1120,test
1121,test
1122,train
1123,test
1124,test
1125,train
1126,test
1127,train
1128,train
1129,train
1130,train
1131,test
1132,train
1133,train
1134,test
1135,test
1136,test
1137,train
1138,train
1139,train
1140,test
1141,train
1142,train
1143,test
1144,test
1145,train
1146,test
1147,train
1148,train
1149,train
1150,train
1151,train
1152,train
1153,test
1154,train
1155,test
1156,train
1157,train
1158,train
1159,train
1160,train
1161,test
1162,test
1163,train
1164,train
1165,test
1166,train
1167,test
1168,train
1169,train
1170,train
1171,train
1172,train
1173,train
1174,train
1175,train
1176,test
1177,train
1178,test
1179,train
1180,test
1181,train
1182,test
1183,train
1184,test
1185,train
1186,train
1187,train
1188,test
1189,train
1190,test
1191,test
1192,test
1193,train
1194,test
1195,test
1196,test
1197,train
1198,test
1199,test
1200,train
1201,test
1202,train
1203,train
1204,train
1205,train
1206,test
1207,train
1208,test
1209,train
1210,train
1211,train
1212,test
1213,train
1214,train
1215,train
1216,train
1217,train
1218,test
1219,train
1220,train
1221,train
1222,train
1223,train
1224,test
1225,train
1226,test
1227,train
1228,test
1229,train
1230,test
1231,train
1232,train
1233,train
1234,train
1235,train
1236,train
1237,test
1238,test
1239,test
1240,train
1241,train
1242,train
1243,train
1244,test
1245,test
1246,train
1247,train
1248,train
1249,train
1250,test
1251,test
1252,train
1253,train
1254,train
1255,train
1256,train
1257,train
1258,train
1259,test
1260,train
1261,train
1262,train
1263,test
1264,train
1265,train
1266,test
1267,test
1268,test
1269,test
1270,train
1271,train
1272,train
1273,train
1274,test
1275,test
1276,train
1277,train
1278,train
1279,test
1280,train
1281,train
1282,train
1283,train
1284,train
1285,train
1286,train
1287,train
1288,test
1289,test
1290,test
1291,train
1292,train
1293,test
1294,train
1295,train
1296,train
1297,test
1298,test
1299,test
1300,test
1301,test
1302,test
1303,train
1304,test
1305,train
1306,test
1307,test
1308,test
1309,test
1310,test
1311,train
1312,train
1313,test
1314,train
1315,train
1316,train
1317,test
1318,test
1319,train
1320,train
1321,train
1322,train
1323,train
1324,train
1325,test
1326,test
1327,test
1328,test
1329,train
1330,test
1331,train
1332,train
1333,train
1334,test
1335,test
1336,train
1337,test
1338,train
1339,train
1340,test
1341,test
1342,train
1343,train
1344,test
1345,test
1346,train
1347,test
1348,train
1349,train
1350,train
1351,test
1352,test
1353,train
1354,train
1355,train
1356,train
1357,test
1358,train
1359,train
1360,test
1361,test
1362,test
1363,train
1364,test
1365,test
1366,train
1367,test
1368,test
1369,test
1370,test
1371,train
1372,test
1373,test
1374,train
1375,train
1376,train
1377,test
1378,train
1379,train
1380,train
1381,train
1382,train
1383,train
1384,train
1385,test
1386,test
1387,test
1388,test
1389,train
1390,train
1391,train
1392,test
1393,train
1394,test
1395,train
1396,train
1397,test
1398,train
1399,train
1400,train
1401,train
1402,test
1403,test
1404,test
1405,train
1406,train
1407,train
1408,test
1409,test
1410,train
1411,train
1412,train
1413,train
1414,test
1415,train
1416,train
1417,test
1418,train
1419,train
1420,train
1421,train
1422,train
1423,train
1424,train
1425,train
1426,test
1427,test
1428,train
1429,test
1430,test
1431,train
1432,train
1433,train
1434,train
1435,train
1436,train
1437,train
1438,test
1439,test
1440,test
1441,train
1442,test
1443,test
1444,test
1445,train
1446,train
1447,train
1448,test
1449,test
1450,test
1451,test
1452,test
1453,train
1454,train
1455,train
1456,train
1457,train
1458,test
1459,test
1460,train
1461,train
1462,train
1463,test
1464,train
1465,train
1466,train
1467,test
1468,test
1469,train
1470,train
1471,train
1472,test
1473,test
1474,train
1475,train
1476,train
1477,train
1478,train
1479,train
1480,train
1481,train
1482,train
1483,train
1484,train
1485,train
1486,train
1487,test
1488,train
1489,train
1490,train
1491,train
1492,train
1493,test
1494,train
1495,train
1496,test
1497,train
1498,train
1499,test
1500,train
1501,test
1502,train
1503,train
1504,train
1505,test
1506,test
1507,test
1508,test
1509,train
1510,train
1511,train
1512,train
1513,test
1514,train
1515,test
1516,train
1517,train
1518,train
1519,test
1520,train
1521,test
1522,train
1523,test
1524,train
1525,test
1526,test
1527,train
1528,test
1529,test
1530,train
1531,train
1532,test
1533,train
1534,train
1535,train
1536,train
1537,train
1538,train
1539,train
1540,test
1541,test
1542,train
1543,train
1544,test
1545,train
1546,train
1547,test
1548,train
1549,train
1550,test
1551,train
1552,test
1553,train
1554,train
1555,train
1556,train
1557,train
1558,test
1559,train
1560,test
1561,test
1562,train
1563,test
1564,train
1565,train
1566,train
1567,test
1568,train
1569,train
1570,train
1571,train
1572,train
1573,train
1574,train
1575,test
1576,train
1577,test
1578,train
1579,train
1580,train
1581,train
1582,train
1583,train
1584,test
1585,test
1586,test
1587,train
1588,test
1589,test
1590,test
1591,test
1592,test
1593,train
1594,train
1595,test
1596,test
1597,train
1598,test
1599,train
1600,train
1601,train
1602,train
1603,train
1604,test
1605,train
1606,train
1607,test
1608,train
1609,test
1610,train
1611,train
1612,train
1613,test
1614,test
1615,train
1616,train
1617,test
1618,train
1619,train
1620,train
1621,train
1622,train
1623,train
1624,test
1625,test
1626,train
1627,train
1628,train
1629,test
1630,train
1631,train
1632,train
1633,train
1634,train
1635,train
1636,test
1637,train
1638,train
1639,train
1640,test
1641,test
1642,test
1643,train
1644,train
1645,test
1646,test
1647,train
1648,test
1649,train
1650,test
1651,train
1652,train
1653,test
1654,test
1655,train
1656,test
1657,test
1658,test
1659,train
1660,test
1661,train
1662,train
1663,test
1664,train
1665,train
1666,train
1667,train
1668,train
1669,train
1670,train
1671,test
1672,test
1673,train
1674,test
1675,test
1676,train
1677,test
1678,train
1679,test
1680,train
1681,train
1682,test
1683,train
1684,train
1685,test
1686,train
1687,train
1688,train
1689,train
1690,train
1691,test
1692,train
1693,train
1694,test
1695,train
1696,test
1697,test
1698,train
1699,test
1700,test
1701,test
1702,train
1703,train
1704,train
1705,test
1706,train
1707,test
1708,test
1709,test
1710,test
1711,test
1712,test
1713,test
1714,train
1715,train
1716,test
1717,test
1718,test
1719,train
1720,test
1721,test
1722,train
1723,train
1724,test
1725,train
1726,test
1727,train
1728,test
1729,train
1730,train
1731,train
1732,train
1733,test
1734,train
1735,train
1736,test
1737,test
1738,train
1739,train
1740,test
1741,test
1742,train
1743,train
1744,train
1745,train
1746,train
1747,test
1748,train
1749,train
1750,train
1751,test
1752,test
1753,train
1754,test
1755,test
1756,train
1757,train
1758,test
1759,test
1760,test
1761,train
1762,test
1763,train
1764,train
1765,test
1766,test
1767,train
1768,train
1769,train
1770,train
1771,test
1772,train
1773,train
1774,train
1775,train
1776,train
1777,test
1778,train
1779,train
1780,test
1781,test
1782,test
1783,train
1784,train
1785,test
1786,test
1787,train
1788,test
1789,test
1790,train
1791,train
1792,test
1793,train
1794,train
1795,train
1796,train
1797,test
1798,test
1799,train
1800,test
1801,train
1802,train
1803,train
1804,train
1805,train
1806,test
1807,test
1808,test
1809,train
1810,train
1811,train
1812,train
1813,train
1814,train
1815,test
1816,train
1817,train
1818,train
1819,train
1820,train
1821,train
1822,test
1823,test
1824,train
1825,train
1826,test
1827,train
1828,train
1829,train
1830,test
1831,train
1832,test
1833,train
1834,test
1835,test
1836,test
1837,train
1838,test
1839,train
1840,test
1841,test
1842,train
1843,train
1844,train
1845,test
1846,train
1847,train
1848,test
1849,train
1850,train
1851,train
1852,test
1853,train
1854,train
1855,test
1856,train
1857,train
1858,train
1859,train
1860,train
1861,test
1862,train
1863,train
1864,train
1865,train
1866,test
1867,train
1868,train
1869,train
1870,test
1871,test
1872,test
1873,test
1874,test
1875,test
1876,test
1877,test
1878,train
1879,test
1880,train
1881,test
1882,train
1883,train
1884,train
1885,train
1886,test
1887,test
1888,train
1889,test
1890,train
1891,test
1892,train
1893,test
1894,train
1895,train
1896,test
1897,train
1898,train
1899,test
1900,train
1901,test
1902,train
1903,train
1904,test
1905,test
1906,test
1907,test
1908,train
1909,train
1910,train
1911,train
1912,train
1913,train
1914,test
1915,train
1916,train
1917,test
1918,train
1919,train
1920,test
1921,test
1922,test
1923,train
1924,test
1925,test
1926,train
1927,train
1928,train
1929,train
1930,train
1931,train
1932,test
1933,test
1934,test
1935,test
1936,train
1937,test
1938,train
1939,train
1940,train
1941,train
1942,test
1943,train
1944,train
1945,test
1946,train
1947,test
1948,test
1949,train
1950,test
1951,train
1952,train
1953,train
1954,train
1955,train
1956,train
1957,test
1958,train
1959,train
1960,train
1961,train
1962,train
1963,train
1964,train
1965,train
1966,test
1967,test
1968,train
1969,train
1970,test
1971,train
1972,test
1973,test
1974,train
1975,train
1976,test
1977,train
1978,train
1979,train
1980,test
1981,test
1982,train
1983,test
1984,test
1985,test
1986,train
1987,train
1988,train
1989,test
1990,train
1991,test
1992,train
1993,test
1994,test
1995,test
1996,train
1997,train
1998,test
1999,test
2000,train
2001,train
2002,test
2003,train
2004,train
2005,train
2006,train
2007,train
2008,train
2009,train
2010,test
2011,train
2012,test
2013,train
2014,test
2015,test
2016,test
2017,test
2018,test
2019,train
2020,train
2021,test
2022,train
2023,test
2024,test
2025,train
2026,train
2027,train
2028,train
2029,test
2030,train
2031,train
2032,test
2033,test
2034,test
2035,test
2036,test
2037,train
2038,train
2039,test
2040,train
2041,train
2042,train
2043,train
2044,test
2045,test
2046,test
2047,train
2048,train
2049,train
2050,train
2051,test
2052,train
2053,train
2054,train
2055,test
2056,test
2057,test
2058,test
2059,train
2060,train
2061,train
2062,test
2063,train
2064,test
2065,test
2066,train
2067,train
2068,test
2069,train
2070,train
2071,train
2072,train
2073,test
2074,test
2075,train
2076,train
2077,test
2078,test
2079,test
2080,train
2081,test
2082,test
2083,train
2084,test
2085,test
2086,test
2087,test
2088,test
2089,train
2090,train
2091,test
2092,train
2093,train
2094,train
2095,test
2096,train
2097,test
2098,test
2099,test
2100,train
2101,test
2102,test
2103,test
2104,train
2105,train
2106,train
2107,train
2108,train
2109,test
2110,train
2111,test
2112,train
2113,train
2114,train
2115,test
2116,test
2117,train
2118,train
2119,train
2120,test
2121,train
2122,train
2123,test
2124,test
2125,train
2126,train
2127,train
2128,test
2129,train
2130,train
2131,test
2132,test
2133,train
2134,test
2135,test
2136,train
2137,test
2138,test
2139,test
2140,test
2141,test
2142,train
2143,test
2144,train
2145,train
2146,test
2147,train
2148,test
2149,train
2150,train
2151,train
2152,test
2153,train
2154,test
2155,train
2156,test
2157,test
2158,test
2159,train
2160,train
2161,train
2162,test
2163,test
2164,train
2165,test
2166,test
2167,train
2168,train
2169,train
2170,train
2171,test
2172,train
2173,train
2174,test
2175,train
2176,test
2177,test
2178,train
2179,train
2180,train
2181,train
2182,test
2183,train
2184,test
2185,train
2186,train
2187,train
2188,test
2189,test
2190,train
2191,train
2192,train
2193,train
2194,test
2195,train
2196,train
2197,test
2198,test
2199,train
2200,train
2201,train
2202,train
2203,train
2204,train
2205,test
2206,train
2207,train
2208,test
2209,train
2210,train
2211,train
2212,test
2213,train
2214,train
2215,train
2216,train
2217,test
2218,train
2219,train
2220,train
2221,train
2222,test
2223,train
2224,train
2225,train
2226,test
2227,train
2228,test
2229,test
2230,train
2231,test
2232,test
2233,test
2234,train
2235,test
2236,train
2237,train
2238,train
2239,train
2240,test
2241,test
2242,train
2243,train
2244,test
2245,train
2246,train
2247,train
2248,train
2249,test
2250,train
2251,test
2252,test
2253,test
2254,train
2255,test
2256,train
2257,train
2258,train
2259,train
2260,train
2261,train
2262,test
2263,train
2264,test
2265,test
2266,train
2267,test
2268,train
2269,train
2270,train
2271,train
2272,test
2273,test
2274,train
2275,train
2276,train
2277,train
2278,train
2279,test
2280,train
2281,test
2282,train
2283,test
2284,train
2285,test
2286,test
2287,test
2288,train
2289,test
2290,train
2291,test
2292,train
2293,test
2294,train
2295,train
2296,test
2297,test
2298,test
2299,train
2300,train
2301,train
2302,train
2303,train
2304,test
2305,test
2306,train
2307,train
2308,train
2309,test
2310,train
2311,train
2312,test
2313,test
2314,train
2315,test
2316,train
2317,train
2318,test
2319,train
2320,train
2321,train
2322,train
2323,train
2324,test
2325,train
2326,train
2327,train
2328,train
2329,test
2330,train
2331,train
2332,test
2333,train
2334,train
2335,train
2336,test
2337,test
2338,test
2339,test
2340,train
2341,train
2342,train
2343,test
2344,train
2345,train
2346,train
2347,train
2348,train
2349,train
2350,test
2351,train
2352,test
2353,train
2354,test
2355,test
2356,train
2357,train
2358,train
2359,test
2360,train
2361,train
2362,train
2363,test
2364,train
2365,train
2366,test
2367,train
2368,test
2369,test
2370,train
2371,train
2372,train
2373,test
2374,train
2375,train
2376,train
2377,test
2378,test
2379,train
2380,test
2381,test
2382,train
2383,train
2384,test
2385,train
2386,train
2387,train
2388,test
2389,test
2390,train
2391,train
2392,test
2393,train
2394,test
2395,train
2396,test
2397,train
2398,train
2399,train
2400,train
2401,train
2402,train
2403,train
2404,train
2405,train
2406,test
2407,train
2408,test
2409,train
2410,test
2411,train
2412,train
2413,train
2414,test
2415,train
2416,train
2417,train
2418,train
2419,test
2420,train
2421,test
2422,train
2423,test
2424,test
2425,test
2426,test
2427,train
2428,train
2429,train
2430,train
2431,test
2432,train
2433,train
2434,test
2435,train
2436,train
2437,test
2438,test
2439,test
2440,train
2441,train
2442,train
2443,test
2444,test
2445,test
2446,test
2447,test
2448,test
2449,test
2450,train
2451,train
2452,train
2453,train
2454,train
2455,test
2456,train
2457,train
2458,test
2459,test
2460,train
2461,test
2462,test
2463,train
2464,train
2465,test
2466,test
2467,test
2468,train
2469,train
2470,train
2471,test
2472,train
2473,test
2474,test
2475,train
2476,train
2477,test
2478,train
2479,train
2480,train
2481,train
2482,test
2483,train
2484,train
2485,test
2486,train
2487,test
2488,test
2489,test
2490,test
2491,train
2492,test
2493,train
2494,train
2495,train
2496,train
2497,test
2498,train
2499,train
2500,test
2501,test
2502,test
2503,test
2504,train
2505,train
2506,train
2507,test
2508,test
2509,train
2510,test
2511,train
2512,train
2513,train
2514,train
2515,test
2516,train
2517,train
2518,test
2519,train
2520,train
2521,train
2522,train
2523,test
2524,train
2525,train
2526,test
2527,train
2528,test
2529,test
2530,train
2531,train
2532,test
2533,test
2534,test
2535,test
2536,test
2537,test
2538,train
2539,train
2540,test
2541,train
2542,train
2543,train
2544,train
2545,test
2546,train
2547,train
2548,train
2549,train
2550,test
2551,test
2552,test
2553,train
2554,train
2555,train
2556,train
2557,test
2558,test
2559,train
2560,train
2561,train
2562,test
2563,test
2564,train
2565,test
2566,train
2567,train
2568,train
2569,train
2570,test
2571,test
2572,test
2573,train
2574,train
2575,train
2576,train
2577,test
2578,test
2579,train
2580,test
2581,test
2582,train
2583,train
2584,test
2585,train
2586,test
2587,test
2588,train
2589,train
2590,train
2591,test
2592,train
2593,train
2594,test
2595,train
2596,train
2597,train
2598,test
2599,train
2600,test
2601,train
2602,train
2603,train
2604,test
2605,test
2606,test
2607,train
2608,test
2609,test
2610,train
2611,test
2612,test
2613,train
2614,train
2615,train
2616,test
2617,test
2618,train
2619,train
2620,test
2621,train
2622,test
2623,test
2624,train
2625,train
2626,train
2627,test
2628,test
2629,train
2630,test
2631,train
2632,train
2633,train
2634,train
2635,train
2636,test
2637,train
2638,test
2639,train
2640,train
2641,test
2642,train
2643,train
2644,test
2645,test
2646,test
2647,test
2648,train
2649,test
2650,train
2651,train
2652,train
2653,train
2654,train
2655,test
2656,test
2657,train
2658,test
2659,train
2660,train
2661,test
2662,test
2663,test
2664,train
2665,test
2666,train
2667,train
2668,train
2669,train
2670,test
2671,train
2672,train
2673,train
2674,test
2675,test
2676,test
2677,test
2678,train
2679,train
2680,test
2681,train
2682,test
2683,test
2684,test
2685,train
2686,train
2687,test
2688,test
2689,train
2690,train
2691,train
2692,train
2693,test
2694,train
2695,train
2696,train
2697,train
2698,train
2699,train
2700,train
2701,test
2702,train
2703,test
2704,train
2705,train
2706,train
2707,train
2708,test
2709,train
2710,train
2711,test
2712,test
2713,train
2714,test
2715,train
2716,train
2717,train
2718,test
2719,train
2720,test
2721,train
2722,test
2723,train
2724,train
2725,test
2726,train
2727,test
2728,train
2729,train
2730,test
2731,train
2732,test
2733,train
2734,test
2735,test
2736,train
2737,train
2738,train
2739,train
2740,train
2741,train
2742,train
2743,train
2744,train
2745,train
2746,test
2747,test
2748,train
2749,train
2750,train
2751,train
2752,test
2753,test
2754,test
2755,train
2756,test
2757,test
2758,test
2759,test
2760,train
2761,test
2762,train
2763,train
2764,train
2765,test
2766,train
2767,train
2768,test
2769,train
2770,train
2771,train
2772,test
2773,train
2774,train
2775,train
2776,train
2777,train
2778,train
2779,train
2780,train
2781,test
2782,test
2783,test
2784,test
2785,test
2786,train
2787,train
2788,train
2789,train
2790,test
2791,train
2792,test
2793,train
2794,train
2795,train
2796,test
2797,test
2798,train
2799,train
2800,test
2801,test
2802,train
2803,train
2804,train
2805,train
2806,test
2807,test
2808,train
2809,test
2810,train
2811,train
2812,train
2813,train
2814,train
2815,test
2816,train
2817,test
2818,train
2819,train
2820,train
2821,train
2822,train
2823,test
2824,test
2825,test
2826,test
2827,train
2828,train
2829,train
2830,train
2831,train
2832,train
2833,test
2834,test
2835,train
2836,train
2837,train
2838,train
2839,test
2840,train
2841,test
2842,test
2843,test
2844,test
2845,test
2846,train
2847,train
2848,test
2849,train
2850,test
2851,test
2852,test
2853,train
2854,test
2855,train
2856,test
2857,train
2858,train
2859,train
2860,train
2861,train
2862,test
2863,train
2864,test
2865,test
2866,train
2867,test
2868,train
2869,test
2870,test
2871,test
2872,train
2873,train
2874,test
2875,test
2876,test
2877,test
2878,train
2879,test
2880,train
2881,train
2882,train
2883,train
2884,test
2885,train
2886,train
2887,train
2888,train
2889,test
2890,train
2891,train
2892,train
2893,train
2894,train
2895,train
2896,train
2897,train
2898,train
2899,test
2900,test
2901,train
2902,train
2903,train
2904,train
2905,test
2906,train
2907,test
2908,train
2909,train
2910,train
2911,train
2912,test
2913,test
2914,train
2915,test
2916,train
2917,train
2918,test
2919,test
2920,train
2921,train
2922,train
2923,train
2924,test
2925,train
2926,test
2927,train
2928,test
2929,train
2930,train
2931,train
2932,test
2933,train
2934,train
2935,test
2936,train
2937,train
2938,train
2939,train
2940,train
2941,test
2942,train
2943,test
2944,train
2945,test
2946,test
2947,train
2948,test
2949,test
2950,train
2951,train
2952,test
2953,train
2954,test
2955,train
2956,train
2957,test
2958,test
2959,test
2960,test
2961,train
2962,train
2963,train
2964,test
2965,train
2966,test
2967,test
2968,test
2969,train
2970,test
2971,train
2972,train
2973,test
2974,test
2975,test
2976,train
2977,test
2978,train
2979,train
2980,test
2981,train
2982,train
2983,train
2984,test
2985,test
2986,train
2987,train
2988,test
2989,train
2990,train
2991,train
2992,test
2993,test
2994,train
2995,train
2996,train
2997,train
2998,train
2999,test
3000,train
3001,train
3002,test
3003,train
3004,train
3005,train
3006,test
3007,train
3008,test
3009,test
3010,train
3011,train
3012,test
3013,train
3014,train
3015,test
3016,train
3017,train
3018,train
3019,train
3020,train
3021,train
3022,train
3023,train
3024,train
3025,train
3026,test
3027,train
3028,test
3029,train
3030,train
3031,train
3032,train
3033,test
3034,train
3035,test
3036,train
3037,train
3038,test
3039,train
3040,train
3041,train
3042,train
3043,train
3044,train
3045,train
3046,test
3047,train
3048,test
3049,train
3050,train
3051,test
3052,test
3053,train
3054,train
3055,train
3056,test
3057,train
3058,train
3059,test
3060,train
3061,train
3062,test
3063,test
3064,train
3065,train
3066,train
3067,test
3068,train
3069,train
3070,test
3071,train
3072,train
3073,train
3074,train
3075,test
3076,train
3077,test
3078,train
3079,train
3080,test
3081,train
3082,train
3083,train
3084,train
3085,train
3086,test
3087,test
3088,train
3089,train
3090,test
3091,test
3092,train
3093,test
3094,test
3095,test
3096,train
3097,train
3098,test
3099,train
3100,test
3101,test
3102,train
3103,test
3104,test
3105,train
3106,test
3107,train
3108,train
3109,test
3110,train
3111,test
3112,train
3113,test
3114,train
3115,train
3116,test
3117,test
3118,test
3119,train
3120,test
3121,test
3122,test
3123,train
3124,train
3125,test
3126,train
3127,train
3128,train
3129,train
3130,train
3131,test
3132,test
3133,train
3134,train
3135,test
3136,test
3137,train
3138,train
3139,train
3140,test
3141,train
3142,train
3143,train
3144,test
3145,train
3146,train
3147,test
3148,test
3149,train
3150,train
3151,train
3152,test
3153,train
3154,train
3155,train
3156,test
3157,train
3158,test
3159,test
3160,train
3161,train
3162,train
3163,train
3164,test
3165,train
3166,test
3167,test
3168,train
3169,train
3170,train
3171,train
3172,train
3173,test
3174,test
3175,test
3176,train
3177,train
3178,train
3179,train
3180,train
3181,test
3182,train
3183,train
3184,train
3185,test
3186,test
3187,test
3188,train
3189,train
3190,train
3191,train
3192,test
3193,train
3194,test
3195,train
3196,train
3197,test
3198,test
3199,train
3200,test
3201,test
3202,train
3203,train
3204,test
3205,train
3206,train
3207,train
3208,train
3209,test
3210,test
3211,train
3212,train
3213,train
3214,train
3215,test
3216,train
3217,test
3218,train
3219,train
3220,test
3221,test
3222,train
3223,train
3224,train
3225,train
3226,train
3227,train
3228,train
3229,test
3230,train
3231,test
3232,test
3233,train
3234,test
3235,train
3236,test
3237,train
3238,train
3239,train
3240,train
3241,test
3242,train
3243,train
3244,train
3245,train
3246,train
3247,test
3248,train
3249,test
3250,train
3251,train
3252,train
3253,train
3254,test
3255,train
3256,train
3257,train
3258,test
3259,train
3260,train
3261,train
3262,test
3263,train
3264,train
3265,train
3266,train
3267,test
3268,train
3269,train
3270,test
3271,train
3272,train
3273,train
3274,train
3275,test
3276,train
3277,train
3278,train
3279,train
3280,train
3281,train
3282,train
3283,train
3284,train
3285,test
3286,test
3287,train
3288,test
3289,test
3290,test
3291,train
3292,test
3293,test
3294,train
3295,train
3296,test
3297,train
3298,train
3299,test
3300,train
3301,train
3302,train
3303,train
3304,test
3305,train
3306,train
3307,test
3308,train
3309,test
3310,test
3311,train
3312,train
3313,train
3314,test
3315,test
3316,train
3317,train
3318,train
3319,train
3320,test
3321,train
3322,train
3323,test
3324,train
3325,train
3326,test
3327,test
3328,test
3329,train
3330,test
3331,test
3332,test
3333,test
3334,train
3335,train
3336,train
3337,train
3338,train
3339,test
3340,train
3341,test
3342,test
3343,test
3344,test
3345,test
3346,test
3347,train
3348,train
3349,train
3350,train
3351,train
3352,test
3353,train
3354,test
3355,test
3356,train
3357,train
3358,train
3359,train
3360,train
3361,train
3362,train
3363,train
3364,train
3365,test
3366,train
3367,train
3368,train
3369,test
3370,test
3371,train
3372,train
3373,test
3374,train
3375,train
3376,train
3377,test
3378,test
3379,test
3380,train
3381,train
3382,test
3383,test
3384,test
3385,test
3386,train
3387,test
3388,test
3389,test
3390,train
3391,test
3392,train
3393,train
3394,test
3395,test
3396,train
3397,train
3398,test
3399,test
3400,test
3401,train
3402,train
3403,train
3404,test
3405,train
3406,test
3407,train
3408,train
3409,train
3410,test
3411,test
3412,train
3413,train
3414,train
3415,train
3416,train
3417,test
3418,train
3419,train
3420,train
3421,train
3422,test
3423,train
3424,test
3425,test
3426,train
3427,train
3428,train
3429,test
3430,train
3431,test
3432,train
3433,test
3434,train
3435,train
3436,train
3437,train
3438,train
3439,train
3440,train
3441,train
3442,train
3443,train
3444,train
3445,test
3446,train
3447,train
3448,train
3449,test
3450,test
3451,train
3452,test
3453,test
3454,train
3455,train
3456,train
3457,train
3458,train
3459,test
3460,train
3461,test
3462,train
3463,test
3464,train
3465,train
3466,train
3467,train
3468,train
3469,test
3470,test
3471,train
3472,train
3473,train
3474,train
3475,train
3476,train
3477,train
3478,train
3479,train
3480,test
3481,train
3482,train
3483,test
3484,train
3485,train
3486,test
3487,train
3488,train
3489,train
3490,test
3491,test
3492,train
3493,train
3494,train
3495,test
3496,test
3497,train
3498,test
3499,test
3500,train
3501,train
3502,test
3503,test
3504,test
3505,test
3506,train
3507,train
3508,test
3509,train
3510,train
3511,train
3512,test
3513,train
3514,train
3515,test
3516,train
3517,train
3518,test
3519,train
3520,train
3521,test
3522,train
3523,test
3524,train
3525,test
3526,test
3527,train
3528,train
3529,train
3530,test
3531,test
3532,train
3533,test
3534,test
3535,train
3536,test
3537,test
3538,test
3539,train
3540,test
3541,train
3542,train
3543,train
3544,test
3545,train
3546,train
3547,train
3548,test
3549,test
3550,test
3551,test
3552,train
3553,train
3554,train
3555,test
3556,test
3557,test
3558,train
3559,train
3560,test
3561,train
3562,train
3563,train
3564,test
3565,train
3566,train
3567,train
3568,train
3569,test
3570,train
3571,train
3572,train
3573,train
3574,train
3575,train
3576,train
3577,train
3578,train
3579,test
3580,train
3581,train
3582,test
3583,test
3584,test
3585,test
3586,train
3587,test
3588,test
3589,test
3590,train
3591,test
3592,train
3593,train
3594,test
3595,test
3596,train
3597,train
3598,test
3599,train
3600,test
3601,train
3602,train
3603,test
3604,test
3605,train
3606,train
3607,train
3608,test
3609,train
3610,train
3611,train
3612,test
3613,train
3614,test
3615,test
3616,train
3617,test
3618,test
3619,test
3620,train
3621,train
3622,test
3623,test
3624,test
3625,test
3626,train
3627,train
3628,test
3629,train
3630,train
3631,train
3632,train
3633,train
3634,test
3635,test
3636,train
3637,train
3638,train
3639,test
3640,train
3641,test
3642,train
3643,train
3644,test
3645,test
3646,train
3647,train
3648,train
3649,test
3650,train
3651,train
3652,train
3653,train
3654,train
3655,train
3656,train
3657,train
3658,test
3659,test
3660,train
3661,test
3662,test
3663,test
3664,train
3665,test
3666,test
3667,train
3668,train
3669,test
3670,train
3671,train
3672,train
3673,test
3674,train
3675,train
3676,test
3677,train
3678,train
3679,train
3680,test
3681,test
3682,train
3683,train
3684,test
3685,test
3686,train
3687,train
3688,test
3689,train
3690,train
3691,test
3692,test
3693,train
3694,train
3695,train
3696,train
3697,train
3698,test
3699,train
3700,test
3701,test
3702,train
3703,train
3704,train
3705,test
3706,test
3707,train
3708,train
3709,train
3710,train
3711,test
3712,test
3713,train
3714,train
3715,train
3716,train
3717,train
3718,train
3719,train
3720,train
3721,train
3722,test
3723,test
3724,train
3725,test
3726,train
3727,train
3728,train
3729,test
3730,train
3731,train
3732,test
3733,test
3734,train
3735,test
3736,train
3737,test
3738,test
3739,train
3740,test
3741,test
3742,test
3743,train
3744,test
3745,train
3746,train
3747,train
3748,train
3749,test
3750,train
3751,train
3752,train
3753,test
3754,train
3755,train
3756,test
3757,train
3758,test
3759,train
3760,train
3761,test
3762,test
3763,test
3764,train
3765,test
3766,train
3767,train
3768,test
3769,train
3770,train
3771,test
3772,test
3773,test
3774,train
3775,test
3776,train
3777,test
3778,train
3779,test
3780,test
3781,test
3782,train
3783,test
3784,test
3785,train
3786,test
3787,test
3788,train
3789,train
3790,train
3791,train
3792,train
3793,train
3794,train
3795,test
3796,test
3797,train
3798,train
3799,train
3800,test
3801,train
3802,train
3803,train
3804,test
3805,test
3806,test
3807,test
3808,test
3809,test
3810,test
3811,test
3812,test
3813,test
3814,test
3815,test
3816,train
3817,test
3818,train
3819,test
3820,train
3821,test
3822,train
3823,train
3824,train
3825,test
3826,train
3827,test
3828,test
3829,train
3830,test
3831,train
3832,test
3833,test
3834,train
3835,test
3836,test
3837,train
3838,test
3839,train
3840,train
3841,train
3842,train
3843,train
3844,test
3845,train
3846,train
3847,train
3848,train
3849,test
3850,test
3851,train
3852,test
3853,test
3854,train
3855,test
3856,test
3857,test
3858,train
3859,test
3860,test
3861,train
3862,test
3863,train
3864,test
3865,train
3866,test
3867,train
3868,train
3869,test
3870,train
3871,train
3872,test
3873,test
3874,train
3875,train
3876,train
3877,test
3878,test
3879,test
3880,test
3881,train
3882,train
3883,test
3884,test
3885,test
3886,test
3887,train
3888,train
3889,test
3890,train
3891,train
3892,train
3893,test
3894,train
3895,test
3896,train
3897,test
3898,test
3899,test
3900,test
3901,train
3902,test
3903,train
3904,train
3905,train
3906,test
3907,train
3908,train
3909,train
3910,train
3911,test
3912,test
3913,test
3914,test
3915,train
3916,test
3917,test
3918,train
3919,train
3920,test
3921,train
3922,train
3923,test
3924,test
3925,test
3926,test
3927,train
3928,test
3929,test
3930,train
3931,train
3932,test
3933,train
3934,train
3935,test
3936,test
3937,train
3938,test
3939,train
3940,test
3941,train
3942,test
3943,train
3944,test
3945,train
3946,test
3947,train
3948,train
3949,test
3950,test
3951,train
3952,train
3953,test
3954,test
3955,train
3956,train
3957,test
3958,train
3959,test
3960,train
3961,test
3962,train
3963,train
3964,test
3965,test
3966,train
3967,train
3968,train
3969,train
3970,train
3971,test
3972,train
3973,train
3974,test
3975,train
3976,train
3977,train
3978,train
3979,train
3980,train
3981,train
3982,train
3983,train
3984,test
3985,test
3986,train
3987,train
3988,train
3989,test
3990,train
3991,train
3992,test
3993,test
3994,train
3995,train
3996,test
3997,train
3998,test
3999,train
4000,test
4001,train
4002,train
4003,test
4004,test
4005,train
4006,test
4007,test
4008,test
4009,train
4010,train
4011,train
4012,test
4013,train
4014,train
4015,train
4016,test
4017,train
4018,train
4019,train
4020,test
4021,train
4022,train
4023,test
4024,train
4025,test
4026,train
4027,test
4028,test
4029,test
4030,test
4031,test
4032,train
4033,train
4034,train
4035,test
4036,train
4037,train
4038,train
4039,test
4040,test
4041,train
4042,train
4043,test
4044,train
4045,test
4046,train
4047,train
4048,test
4049,train
4050,test
4051,train
4052,train
4053,train
4054,test
4055,train
4056,train
4057,train
4058,test
4059,train
4060,test
4061,train
4062,test
4063,train
4064,test
4065,test
4066,test
4067,train
4068,test
4069,test
4070,train
4071,train
4072,train
4073,train
4074,train
4075,test
4076,test
4077,train
4078,test
4079,train
4080,test
4081,test
4082,train
4083,train
4084,train
4085,test
4086,train
4087,test
4088,train
4089,train
4090,train
4091,train
4092,test
4093,train
4094,test
4095,train
4096,train
4097,train
4098,train
4099,test
4100,test
4101,train
4102,test
4103,train
4104,test
4105,test
4106,train
4107,train
4108,test
4109,train
4110,train
4111,train
4112,test
4113,train
4114,train
4115,train
4116,train
4117,test
4118,train
4119,test
4120,train
4121,train
4122,train
4123,test
4124,train
4125,test
4126,test
4127,train
4128,train
4129,test
4130,train
4131,test
4132,test
4133,train
4134,test
4135,train
4136,test
4137,train
4138,train
4139,train
4140,train
4141,test
4142,train
4143,train
4144,test
4145,train
4146,test
4147,train
4148,train
4149,test
4150,train
4151,train
4152,train
4153,train
4154,train
4155,train
4156,train
4157,train
4158,train
4159,test
4160,test
4161,train
4162,train
4163,train
4164,test
4165,test
4166,test
4167,train
4168,train
4169,train
4170,train
4171,test
4172,train
4173,test
4174,train
4175,test
4176,test
4177,train
4178,train
4179,test
4180,train
4181,test
4182,train
4183,test
4184,train
4185,test
4186,train
4187,train
4188,train
4189,train
4190,train
4191,train
4192,test
4193,train
4194,train
4195,test
4196,test
4197,test
4198,train
4199,train
4200,train
4201,train
4202,test
4203,test
4204,train
4205,train
4206,train
4207,train
4208,test
4209,test
4210,test
4211,test
4212,train
4213,train
4214,train
4215,train
4216,test
4217,test
4218,train
4219,test
4220,test
4221,train
4222,train
4223,train
4224,train
4225,train
4226,test
4227,train
4228,test
4229,train
4230,test
4231,train
4232,test
4233,test
4234,train
4235,test
4236,train
4237,train
4238,test
4239,train
4240,train
4241,train
4242,train
4243,test
4244,train
4245,train
4246,test
4247,train
4248,train
4249,test
4250,test
4251,train
4252,train
4253,test
4254,train
4255,train
4256,train
4257,test
4258,test
4259,train
4260,train
4261,train
4262,test
4263,train
4264,train
4265,train
4266,train
4267,train
4268,train
4269,train
4270,train
4271,train
4272,train
4273,train
4274,train
4275,train
4276,train
4277,test
4278,test
4279,train
4280,train
4281,train
4282,train
4283,test
4284,test
4285,train
4286,train
4287,train
4288,test
4289,train
4290,test
4291,test
4292,train
4293,train
4294,train
4295,train
4296,train
4297,train
4298,test
4299,train
4300,train
4301,test
4302,test
4303,train
4304,train
4305,train
4306,train
4307,test
4308,test
4309,test
4310,train
4311,train
4312,test
4313,train
4314,test
4315,test
4316,test
4317,train
4318,train
4319,train
4320,train
4321,train
4322,train
4323,train
4324,train
4325,train
4326,test
4327,train
4328,test
4329,train
4330,train
4331,train
4332,train
4333,test
4334,train
4335,test
4336,test
4337,test
4338,train
4339,train
4340,train
4341,train
4342,train
4343,test
4344,train
4345,train
4346,train
4347,train
4348,train
4349,test
4350,test
4351,train
4352,test
4353,train
4354,test
4355,test
4356,test
4357,test
4358,test
4359,train
4360,train
4361,train
4362,train
4363,test
4364,test
4365,test
4366,test
4367,test
4368,train
4369,train
4370,train
4371,test
4372,train
4373,train
4374,test
4375,test
4376,test
4377,test
4378,train
4379,train
4380,test
4381,test
4382,train
4383,train
4384,train
4385,train
4386,test
4387,test
4388,train
4389,train
4390,test
4391,train
4392,train
4393,train
4394,test
4395,test
4396,train
4397,train
4398,test
4399,train
4400,test
4401,test
4402,test
4403,train
4404,test
4405,test
4406,test
4407,train
4408,train
4409,test
4410,test
4411,test
4412,train
4413,train
4414,train
4415,train
4416,train
4417,train
4418,train
4419,train
4420,train
4421,test
4422,train
4423,test
4424,test
4425,train
4426,train
4427,test
4428,train
4429,train
4430,test
4431,train
4432,test
4433,train
4434,train
4435,test
4436,test
4437,train
4438,test
4439,train
4440,train
4441,train
4442,test
4443,test
4444,test
4445,train
4446,test
4447,train
4448,test
4449,train
4450,test
4451,train
4452,test
4453,train
4454,train
4455,train
4456,train
4457,test
4458,train
4459,test
4460,train
4461,test
4462,train
4463,test
4464,train
4465,train
4466,train
4467,test
4468,test
4469,test
4470,train
4471,train
4472,train
4473,train
4474,test
4475,train
4476,train
4477,train
4478,train
4479,train
4480,train
4481,test
4482,test
4483,test
4484,test
4485,test
4486,test
4487,test
4488,train
4489,test
4490,train
4491,train
4492,train
4493,train
4494,test
4495,train
4496,train
4497,train
4498,test
4499,train
4500,test
4501,train
4502,train
4503,train
4504,test
4505,train
4506,train
4507,test
4508,test
4509,test
4510,train
4511,test
4512,test
4513,train
4514,train
4515,train
4516,test
4517,test
4518,train
4519,train
4520,train
4521,test
4522,train
4523,train
4524,train
4525,test
4526,train
4527,train
4528,test
4529,train
4530,train
4531,train
4532,train
4533,test
4534,train
4535,train
4536,test
4537,train
4538,train
4539,train
4540,test
4541,test
4542,train
4543,train
4544,train
4545,train
4546,train
4547,test
4548,train
4549,train
4550,train
4551,train
4552,train
4553,test
4554,train
4555,train
4556,test
4557,train
4558,train
4559,test
4560,test
4561,train
4562,train
4563,train
4564,train
4565,train
4566,train
4567,test
4568,train
4569,train
4570,train
4571,test
4572,train
4573,train
4574,train
4575,train
4576,train
4577,test
4578,train
4579,train
4580,test
4581,train
4582,test
4583,train
4584,train
4585,train
4586,train
4587,test
4588,test
4589,test
4590,train
4591,test
4592,test
4593,train
4594,test
4595,test
4596,test
4597,train
4598,train
4599,train
4600,train
4601,train
4602,train
4603,train
4604,train
4605,train
4606,train
4607,train
4608,train
4609,train
4610,test
4611,train
4612,test
4613,train
4614,train
4615,train
4616,test
4617,train
4618,train
4619,train
4620,test
4621,test
4622,test
4623,train
4624,train
4625,train
4626,train
4627,train
4628,train
4629,test
4630,train
4631,train
4632,test
4633,test
4634,train
4635,test
4636,test
4637,train
4638,train
4639,test
4640,train
4641,train
4642,train
4643,train
4644,train
4645,train
4646,test
4647,train
4648,train
4649,train
4650,train
4651,train
4652,test
4653,train
4654,train
4655,test
4656,train
4657,train
4658,test
4659,test
4660,train
4661,train
4662,train
4663,test
4664,test
4665,test
4666,test
4667,train
4668,test
4669,train
4670,test
4671,train
4672,train
4673,train
4674,test
4675,train
4676,train
4677,test
4678,test
4679,test
4680,train
4681,train
4682,test
4683,test
4684,train
4685,test
4686,test
4687,train
4688,train
4689,test
4690,train
4691,test
4692,test
4693,train
4694,train
4695,train
4696,train
4697,train
4698,train
4699,train
4700,test
4701,train
4702,train
4703,test
4704,train
4705,test
4706,test
4707,train
4708,train
4709,train
4710,test
4711,train
4712,train
4713,test
4714,train
4715,train
4716,test
4717,train
4718,test
4719,train
4720,train
4721,train
4722,test
4723,train
4724,train
4725,test
4726,train
4727,train
4728,test
4729,test
4730,test
4731,test
4732,test
4733,train
4734,test
4735,test
4736,train
4737,test
4738,train
4739,test
4740,train
4741,train
4742,train
4743,train
4744,train
4745,train
4746,train
4747,train
4748,train
4749,train
4750,test
4751,train
4752,train
4753,train
4754,train
4755,train
4756,test
4757,train
4758,train
4759,train
4760,train
4761,train
4762,test
4763,test
4764,train
4765,test
4766,train
4767,train
4768,train
4769,test
4770,test
4771,train
4772,train
4773,train
4774,test
4775,test
4776,train
4777,test
4778,train
4779,train
4780,train
4781,test
4782,train
4783,test
4784,test
4785,test
4786,test
4787,train
4788,test
4789,test
4790,train
4791,train
4792,test
4793,train
4794,train
4795,train
4796,test
4797,train
4798,train
4799,test
4800,train
4801,train
4802,train
4803,train
4804,test
4805,train
4806,test
4807,test
4808,test
4809,train
4810,train
4811,test
4812,train
4813,test
4814,train
4815,train
4816,test
4817,train
4818,train
4819,train
4820,test
4821,test
4822,test
4823,test
4824,train
4825,train
4826,train
4827,test
4828,train
4829,test
4830,train
4831,train
4832,train
4833,test
4834,train
4835,test
4836,train
4837,test
4838,train
4839,train
4840,train
4841,test
4842,train
4843,train
4844,test
4845,test
4846,train
4847,train
4848,train
4849,train
4850,test
4851,train
4852,train
4853,train
4854,train
4855,train
4856,train
4857,test
4858,test
4859,train
4860,train
4861,test
4862,test
4863,test
4864,train
4865,train
4866,train
4867,train
4868,train
4869,train
4870,test
4871,train
4872,train
4873,train
4874,test
4875,train
4876,train
4877,test
4878,test
4879,test
4880,train
4881,train
4882,train
4883,test
4884,train
4885,train
4886,train
4887,test
4888,test
4889,train
4890,train
4891,train
4892,train
4893,test
4894,test
4895,test
4896,train
4897,test
4898,train
4899,test
4900,train
4901,test
4902,train
4903,test
4904,train
4905,train
4906,test
4907,train
4908,train
4909,train
4910,test
4911,train
4912,train
4913,train
4914,test
4915,train
4916,train
4917,test
4918,test
4919,train
4920,train
4921,test
4922,test
4923,train
4924,train
4925,test
4926,test
4927,test
4928,test
4929,test
4930,train
4931,test
4932,train
4933,test
4934,train
4935,test
4936,train
4937,train
4938,train
4939,train
4940,test
4941,train
4942,train
4943,train
4944,train
4945,train
4946,train
4947,train
4948,train
4949,test
4950,train
4951,test
4952,train
4953,train
4954,test
4955,test
4956,train
4957,train
4958,train
4959,train
4960,train
4961,train
4962,train
4963,test
4964,train
4965,train
4966,test
4967,train
4968,train
4969,train
4970,train
4971,train
4972,test
4973,train
4974,train
4975,train
4976,train
4977,train
4978,test
4979,test
4980,train
4981,test
4982,test
4983,test
4984,train
4985,train
4986,test
4987,test
4988,train
4989,test
4990,test
4991,train
4992,test
4993,train
4994,train
4995,train
4996,test
4997,train
4998,test
4999,train
5000,test
5001,train
5002,train
5003,train
5004,test
5005,train
5006,train
5007,train
5008,test
5009,train
5010,test
5011,train
5012,train
5013,test
5014,test
5015,train
5016,test
5017,test
5018,train
5019,train
5020,train
5021,train
5022,train
5023,train
5024,train
5025,test
5026,train
5027,train
5028,test
5029,train
5030,train
5031,train
5032,test
5033,train
5034,train
5035,test
5036,test
5037,train
5038,test
5039,train
5040,train
5041,train
5042,test
5043,test
5044,train
5045,train
5046,train
5047,test
5048,train
5049,train
5050,test
5051,train
5052,train
5053,train
5054,train
5055,train
5056,test
5057,test
5058,train
5059,test
5060,test
5061,train
5062,train
5063,train
5064,train
5065,train
5066,test
5067,test
5068,test
5069,train
5070,train
5071,train
5072,test
5073,test
5074,test
5075,train
5076,train
5077,train
5078,test
5079,train
5080,train
5081,train
5082,train
5083,train
5084,test
5085,train
5086,train
5087,train
5088,train
5089,train
5090,test
5091,train
5092,train
5093,train
5094,train
5095,test
5096,train
5097,test
5098,train
5099,test
5100,train
5101,test
5102,train
5103,test
5104,train
5105,test
5106,train
5107,train
5108,train
5109,train
5110,test
5111,train
5112,train
5113,test
5114,test
5115,train
5116,train
5117,test
5118,test
5119,train
5120,train
5121,test
5122,test
5123,test
5124,train
5125,train
5126,train
5127,train
5128,train
5129,test
5130,train
5131,train
5132,train
5133,train
5134,test
5135,train
5136,train
5137,train
5138,test
5139,test
5140,test
5141,test
5142,test
5143,train
5144,test
5145,train
5146,train
5147,train
5148,test
5149,train
5150,test
5151,train
5152,train
5153,test
5154,test
5155,test
5156,train
5157,train
5158,test
5159,test
5160,train
5161,test
5162,train
5163,test
5164,train
5165,train
5166,train
5167,train
5168,train
5169,train
5170,test
5171,train
5172,train
5173,train
5174,train
5175,train
5176,train
5177,test
5178,test
5179,test
5180,test
5181,train
5182,train
5183,test
5184,test
5185,test
5186,train
5187,train
5188,train
5189,train
5190,train
5191,train
5192,train
5193,train
5194,test
5195,train
5196,test
5197,train
5198,test
5199,test
5200,train
5201,test
5202,train
5203,test
5204,train
5205,train
5206,train
5207,train
5208,test
5209,test
5210,train
5211,test
5212,test
5213,test
5214,test
5215,train
5216,test
5217,train
5218,train
5219,train
5220,train
5221,train
5222,test
5223,train
5224,train
5225,test
5226,train
5227,test
5228,train
5229,train
5230,test
5231,train
5232,test
5233,train
5234,test
5235,train
5236,test
5237,test
5238,train
5239,test
5240,train
5241,test
5242,train
5243,train
5244,test
5245,train
5246,train
5247,test
5248,test
5249,train
5250,train
5251,train
5252,train
5253,train
5254,test
5255,test
5256,train
5257,train
5258,train
5259,test
5260,train
5261,train
5262,train
5263,train
5264,train
5265,train
5266,train
5267,test
5268,train
5269,test
5270,test
5271,test
5272,test
5273,train
5274,test
5275,test
5276,train
5277,train
5278,test
5279,train
5280,test
5281,train
5282,train
5283,train
5284,train
5285,train
5286,test
5287,test
5288,train
5289,train
5290,train
5291,train
5292,train
5293,train
5294,test
5295,test
5296,train
5297,train
5298,train
5299,test
5300,train
5301,test
5302,train
5303,train
5304,train
5305,train
5306,test
5307,test
5308,test
5309,train
5310,train
5311,train
5312,train
5313,test
5314,train
5315,train
5316,train
5317,test
5318,train
5319,train
5320,train
5321,test
5322,test
5323,train
5324,test
5325,test
5326,test
5327,train
5328,train
5329,train
5330,train
5331,test
5332,train
5333,test
5334,train
5335,train
5336,test
5337,train
5338,test
5339,test
5340,train
5341,train
5342,train
5343,test
5344,train
5345,test
5346,train
5347,test
5348,train
5349,test
5350,test
5351,test
5352,train
5353,train
5354,test
5355,test
5356,test
5357,test
5358,test
5359,test
5360,test
5361,train
5362,test
5363,train
5364,test
5365,test
5366,train
5367,train
5368,train
5369,train
5370,train
5371,test
5372,train
5373,test
5374,train
5375,train
5376,test
5377,test
5378,train
5379,train
5380,test
5381,test
5382,test
5383,train
5384,train
5385,test
5386,train
5387,test
5388,test
5389,train
5390,train
5391,train
5392,train
5393,train
5394,test
5395,train
5396,test
5397,train
5398,test
5399,train
5400,test
5401,train
5402,train
5403,train
5404,train
5405,test
5406,test
5407,test
5408,train
5409,test
5410,train
5411,test
5412,train
5413,train
5414,test
5415,train
5416,test
5417,test
5418,train
5419,train
5420,train
5421,train
5422,train
5423,train
5424,test
5425,test
5426,test
5427,train
5428,train
5429,train
5430,test
5431,train
5432,train
5433,train
5434,test
5435,train
5436,test
5437,test
5438,train
5439,test
5440,train
5441,train
5442,test
5443,train
5444,train
5445,train
5446,train
5447,test
5448,train
5449,test
5450,train
5451,test
5452,test
5453,test
5454,test
5455,test
5456,test
5457,train
5458,train
5459,test
5460,test
5461,train
5462,test
5463,train
5464,train
5465,test
5466,test
5467,test
5468,train
5469,test
5470,train
5471,train
5472,test
5473,test
5474,train
5475,train
5476,train
5477,train
5478,train
5479,test
5480,test
5481,train
5482,test
5483,train
5484,test
5485,train
5486,test
5487,test
5488,train
5489,train
5490,train
5491,train
5492,train
5493,train
5494,train
5495,train
5496,train
5497,test
5498,train
5499,test
5500,train
5501,test
5502,test
5503,train
5504,train
5505,train
5506,train
5507,train
5508,train
5509,train
5510,test
5511,train
5512,test
5513,test
5514,train
5515,test
5516,train
5517,test
5518,test
5519,test
5520,train
5521,test
5522,train
5523,test
5524,test
5525,train
5526,train
5527,train
5528,train
5529,test
5530,test
5531,train
5532,test
5533,test
5534,train
5535,train
5536,train
5537,test
5538,train
5539,test
5540,train
5541,train
5542,train
5543,train
5544,train
5545,train
5546,train
5547,train
5548,train
5549,train
5550,train
5551,train
5552,train
5553,train
5554,train
5555,train
5556,test
5557,test
5558,train
5559,train
5560,train
5561,test
5562,train
5563,train
5564,train
5565,train
5566,train
5567,train
5568,test
5569,train
5570,train
5571,train
5572,test
5573,train
5574,test
5575,train
5576,test
5577,train
5578,test
5579,train
5580,train
5581,test
5582,train
5583,test
5584,test
5585,train
5586,train
5587,test
5588,train
5589,train
5590,train
5591,train
5592,train
5593,test
5594,train
5595,train
5596,train
5597,test
5598,train
5599,train
5600,train
5601,test
5602,test
5603,train
5604,test
5605,train
5606,train
5607,train
5608,train
5609,test
5610,train
5611,train
5612,test
5613,test
5614,train
5615,train
5616,train
5617,test
5618,test
5619,train
5620,train
5621,train
5622,train
5623,train
5624,test
5625,test
5626,test
5627,train
5628,test
5629,test
5630,test
5631,test
5632,train
5633,train
5634,train
5635,test
5636,train
5637,train
5638,test
5639,train
5640,train
5641,train
5642,train
5643,train
5644,train
5645,train
5646,train
5647,train
5648,train
5649,train
5650,test
5651,train
5652,train
5653,test
5654,train
5655,test
5656,test
5657,test
5658,train
5659,train
5660,train
5661,train
5662,train
5663,test
5664,train
5665,train
5666,test
5667,train
5668,test
5669,train
5670,test
5671,train
5672,train
5673,test
5674,train
5675,test
5676,test
5677,test
5678,train
5679,train
5680,train
5681,train
5682,train
5683,train
5684,test
5685,train
5686,train
5687,train
5688,train
5689,test
5690,train
5691,test
5692,test
5693,test
5694,train
5695,train
5696,test
5697,train
5698,test
5699,test
5700,train
5701,train
5702,train
5703,test
5704,train
5705,train
5706,test
5707,test
5708,train
5709,train
5710,train
5711,train
5712,test
5713,train
5714,train
5715,test
5716,test
5717,train
5718,test
5719,train
5720,test
5721,train
5722,test
5723,train
5724,train
5725,test
5726,test
5727,train
5728,test
5729,train
5730,train
5731,test
5732,test
5733,test
5734,test
5735,train
5736,test
5737,train
5738,train
5739,test
5740,train
5741,test
5742,train
5743,train
5744,train
5745,train
5746,train
5747,test
5748,test
5749,train
5750,train
5751,train
5752,train
5753,test
5754,test
5755,train
5756,train
5757,test
5758,train
5759,train
5760,test
5761,test
5762,test
5763,train
5764,train
5765,test
5766,test
5767,test
5768,test
5769,train
5770,train
5771,train
5772,test
5773,train
5774,train
5775,train
5776,test
5777,train
5778,train
5779,train
5780,test
5781,test
5782,test
5783,train
5784,train
5785,test
5786,test
5787,train
5788,train
5789,train
5790,train
5791,train
5792,train
5793,test
5794,train
5795,train
5796,train
5797,test
5798,test
5799,test
5800,train
5801,test
5802,train
5803,train
5804,train
5805,train
5806,test
5807,train
5808,train
5809,train
5810,train
5811,test
5812,test
5813,test
5814,train
5815,train
5816,train
5817,test
5818,train
5819,train
5820,train
5821,test
5822,test
5823,test
5824,train
5825,train
5826,test
5827,train
5828,test
5829,test
5830,test
5831,train
5832,train
5833,test
5834,train
5835,test
5836,train
5837,train
5838,train
5839,train
5840,train
5841,test
5842,train
5843,train
5844,train
5845,test
5846,train
5847,train
5848,test
5849,train
5850,test
5851,train
5852,train
5853,train
5854,test
5855,train
5856,test
5857,test
5858,test
5859,train
5860,train
5861,test
5862,train
5863,train
5864,test
5865,test
5866,train
5867,train
5868,test
5869,train
5870,train
5871,train
5872,test
5873,train
5874,train
5875,test
5876,test
5877,train
5878,test
5879,train
5880,test
5881,test
5882,test
5883,train
5884,train
5885,train
5886,test
5887,train
5888,test
5889,train
5890,test
5891,train
5892,test
5893,train
5894,test
5895,train
5896,train
5897,test
5898,train
5899,train
5900,train
5901,test
5902,train
5903,train
5904,train
5905,train
5906,train
5907,train
5908,test
5909,test
5910,train
5911,test
5912,test
5913,train
5914,test
5915,test
5916,test
5917,train
5918,test
5919,train
5920,train
5921,train
5922,train
5923,test
5924,train
5925,train
5926,train
5927,train
5928,test
5929,train
5930,train
5931,train
5932,train
5933,train
5934,train
5935,test
5936,test
5937,test
5938,train
5939,train
5940,test
5941,train
5942,train
5943,train
5944,train
5945,train
5946,train
5947,train
5948,train
5949,test
5950,test
5951,train
5952,test
5953,test
5954,train
5955,test
5956,train
5957,train
5958,train
5959,train
5960,train
5961,train
5962,test
5963,train
5964,test
5965,train
5966,test
5967,test
5968,test
5969,train
5970,test
5971,train
5972,train
5973,test
5974,train
5975,train
5976,train
5977,train
5978,test
5979,train
5980,train
5981,test
5982,train
5983,train
5984,train
5985,train
5986,test
5987,test
5988,test
5989,test
5990,train
5991,train
5992,train
5993,train
5994,train
5995,test
5996,train
5997,test
5998,train
5999,train
6000,test
6001,train
6002,train
6003,train
6004,train
6005,train
6006,train
6007,train
6008,train
6009,test
6010,train
6011,train
6012,train
6013,test
6014,test
6015,train
6016,train
6017,train
6018,train
6019,train
6020,test
6021,train
6022,test
6023,train
6024,train
6025,train
6026,train
6027,train
6028,test
6029,train
6030,test
6031,train
6032,train
6033,train
6034,test
6035,train
6036,test
6037,train
6038,train
6039,test
6040,train
6041,test
6042,test
6043,train
6044,train
6045,train
6046,train
6047,test
6048,test
6049,test
6050,train
6051,train
6052,test
6053,train
6054,test
6055,train
6056,test
6057,test
6058,train
6059,train
6060,train
6061,train
6062,test
6063,train
6064,test
6065,train
6066,train
6067,train
6068,train
6069,test
6070,test
6071,test
6072,train
6073,train
6074,test
6075,test
6076,test
6077,test
6078,train
6079,train
6080,test
6081,test
6082,test
6083,train
6084,train
6085,test
6086,train
6087,test
6088,test
6089,train
6090,train
6091,test
6092,train
6093,train
6094,train
6095,train
6096,test
6097,test
6098,train
6099,train
6100,train
6101,test
6102,test
6103,test
6104,train
6105,train
6106,test
6107,test
6108,train
6109,train
6110,test
6111,train
6112,test
6113,test
6114,train
6115,train
6116,train
6117,test
6118,train
6119,train
6120,train
6121,train
6122,train
6123,train
6124,train
6125,test
6126,train
6127,train
6128,train
6129,test
6130,test
6131,train
6132,train
6133,train
6134,train
6135,test
6136,train
6137,train
6138,train
6139,train
6140,train
6141,train
6142,train
6143,train
6144,train
6145,train
6146,test
6147,test
6148,train
6149,test
6150,train
6151,train
6152,train
6153,test
6154,train
6155,train
6156,train
6157,test
6158,test
6159,train
6160,train
6161,train
6162,test
6163,test
6164,train
6165,train
6166,train
6167,test
6168,test
6169,train
6170,train
6171,train
6172,test
6173,train
6174,train
6175,test
6176,test
6177,train
6178,test
6179,train
6180,train
6181,train
6182,train
6183,train
6184,test
6185,test
6186,test
6187,test
6188,test
6189,train
6190,train
6191,train
6192,train
6193,test
6194,test
6195,train
6196,test
6197,test
6198,test
6199,test
6200,train
6201,test
6202,test
6203,train
6204,test
6205,train
6206,train
6207,test
6208,test
6209,test
6210,train
6211,train
6212,train
6213,test
6214,test
6215,train
6216,train
6217,train
6218,train
6219,train
6220,test
6221,train
6222,test
6223,train
6224,test
6225,train
6226,test
6227,train
6228,test
6229,test
6230,test
6231,train
6232,test
6233,test
6234,train
6235,train
6236,train
6237,train
6238,train
6239,test
6240,train
6241,test
6242,train
6243,train
6244,train
6245,train
6246,train
6247,train
6248,test
6249,train
6250,train
6251,test
6252,train
6253,train
6254,test
6255,test
6256,test
6257,test
6258,train
6259,test
6260,train
6261,train
6262,test
6263,train
6264,train
6265,train
6266,train
6267,test
6268,train
6269,train
6270,test
6271,train
6272,train
6273,train
6274,test
6275,train
6276,train
6277,train
6278,train
6279,train
6280,test
6281,train
6282,train
6283,train
6284,test
6285,test
6286,test
6287,test
6288,test
6289,train
6290,test
6291,train
6292,train
6293,train
6294,test
6295,train
6296,test
6297,train
6298,test
6299,test
6300,train
6301,train
6302,train
6303,train
6304,train
6305,test
6306,train
6307,test
6308,test
6309,test
6310,train
6311,train
6312,test
6313,train
6314,train
6315,train
6316,train
6317,test
6318,train
6319,train
6320,train
6321,test
6322,test
6323,train
6324,train
6325,train
6326,test
6327,test
6328,train
6329,test
6330,test
6331,train
6332,train
6333,train
6334,test
6335,test
6336,train
6337,test
6338,train
6339,train
6340,test
6341,train
6342,train
6343,test
6344,test
6345,train
6346,train
6347,test
6348,test
6349,test
6350,train
6351,test
6352,train
6353,test
6354,train
6355,test
6356,train
6357,test
6358,train
6359,train
6360,test
6361,test
6362,test
6363,train
6364,train
6365,test
6366,train
6367,train
6368,train
6369,train
6370,train
6371,train
6372,test
6373,train
6374,train
6375,train
6376,test
6377,train
6378,test
6379,train
6380,train
6381,train
6382,train
6383,train
6384,train
6385,test
6386,train
6387,train
6388,test
6389,train
6390,train
6391,test
6392,train
6393,train
6394,train
6395,test
6396,test
6397,train
6398,train
6399,train
6400,train
6401,train
6402,test
6403,test
6404,train
6405,train
6406,test
6407,train
6408,test
6409,test
6410,test
6411,train
6412,test
6413,test
6414,train
6415,train
6416,test
6417,test
6418,train
6419,test
6420,test
6421,test
6422,train
6423,train
6424,train
6425,train
6426,train
6427,train
6428,train
6429,train
6430,train
6431,train
6432,test
6433,test
6434,train
6435,train
6436,train
6437,train
6438,train
6439,test
6440,train
6441,test
6442,train
6443,train
6444,train
6445,train
6446,train
6447,train
6448,test
6449,test
6450,train
6451,test
6452,train
6453,test
6454,train
6455,train
6456,test
6457,test
6458,train
6459,test
6460,train
6461,test
6462,train
6463,train
6464,train
6465,train
6466,train
6467,train
6468,test
6469,train
6470,train
6471,train
6472,test
6473,train
6474,train
6475,train
6476,train
6477,train
6478,train
6479,train
6480,test
6481,train
6482,test
6483,test
6484,test
6485,train
6486,test
6487,train
6488,train
6489,test
6490,test
6491,test
6492,train
6493,train
6494,train
6495,train
6496,train
6497,train
6498,train
6499,train
6500,train
6501,train
6502,test
6503,test
6504,test
6505,test
6506,train
6507,train
6508,train
6509,test
6510,train
6511,train
6512,train
6513,train
6514,train
6515,train
6516,test
6517,train
6518,test
6519,train
6520,train
6521,train
6522,train
6523,train
6524,test
6525,test
6526,train
6527,test
6528,train
6529,train
6530,train
6531,test
6532,train
6533,train
6534,train
6535,test
6536,train
6537,train
6538,train
6539,test
6540,train
6541,train
6542,test
6543,test
6544,train
6545,train
6546,train
6547,train
6548,test
6549,test
6550,test
6551,train
6552,test
6553,test
6554,train
6555,test
6556,test
6557,train
6558,test
6559,train
6560,train
6561,test
6562,train
6563,train
6564,train
6565,test
6566,train
6567,test
6568,train
6569,train
6570,train
6571,train
6572,test
6573,train
6574,train
6575,test
6576,train
6577,test
6578,test
6579,train
6580,test
6581,test
6582,train
6583,train
6584,train
6585,test
6586,test
6587,test
6588,train
6589,train
6590,test
6591,train
6592,test
6593,test
6594,train
6595,test
6596,train
6597,train
6598,test
6599,train
6600,test
6601,train
6602,test
6603,train
6604,test
6605,train
6606,test
6607,test
6608,test
6609,train
6610,test
6611,test
6612,test
6613,test
6614,test
6615,test
6616,train
6617,train
6618,test
6619,test
6620,train
6621,test
6622,test
6623,test
6624,test
6625,train
6626,train
6627,test
6628,test
6629,train
6630,train
6631,test
6632,test
6633,test
6634,test
6635,test
6636,train
6637,train
6638,train
6639,train
6640,train
6641,train
6642,train
6643,test
6644,train
6645,test
6646,test
6647,test
6648,train
6649,train
6650,test
6651,train
6652,test
6653,train
6654,train
6655,train
6656,train
6657,test
6658,test
6659,train
6660,train
6661,test
6662,train
6663,test
6664,test
6665,train
6666,test
6667,train
6668,train
6669,test
6670,train
6671,test
6672,train
6673,train
6674,test
6675,train
6676,test
6677,test
6678,train
6679,test
6680,train
6681,train
6682,train
6683,train
6684,train
6685,train
6686,test
6687,test
6688,train
6689,test
6690,test
6691,train
6692,test
6693,train
6694,train
6695,test
6696,train
6697,train
6698,train
6699,train
6700,train
6701,test
6702,train
6703,test
6704,test
6705,train
6706,train
6707,test
6708,train
6709,test
6710,test
6711,train
6712,test
6713,test
6714,train
6715,test
6716,test
6717,train
6718,train
6719,test
6720,train
6721,train
6722,test
6723,train
6724,train
6725,train
6726,train
6727,train
6728,train
6729,train
6730,train
6731,test
6732,test
6733,train
6734,train
6735,test
6736,train
6737,test
6738,train
6739,test
6740,train
6741,test
6742,train
6743,train
6744,train
6745,train
6746,train
6747,test
6748,train
6749,test
6750,train
6751,test
6752,test
6753,train
6754,train
6755,train
6756,test
6757,test
6758,train
6759,train
6760,train
6761,train
6762,train
6763,train
6764,train
6765,train
6766,test
6767,test
6768,test
6769,train
6770,test
6771,train
6772,test
6773,train
6774,train
6775,test
6776,train
6777,test
6778,train
6779,train
6780,train
6781,test
6782,test
6783,train
6784,train
6785,test
6786,train
6787,train
6788,train
6789,train
6790,test
6791,train
6792,test
6793,test
6794,train
6795,train
6796,train
6797,train
6798,train
6799,test
6800,train
6801,train
6802,train
6803,test
6804,train
6805,test
6806,test
6807,test
6808,train
6809,test
6810,train
6811,train
6812,train
6813,test
6814,train
6815,test
6816,train
6817,test
6818,train
6819,train
6820,test
6821,train
6822,test
6823,train
6824,train
6825,train
6826,test
6827,train
6828,test
6829,train
6830,train
6831,test
6832,test
6833,train
6834,train
6835,train
6836,train
6837,train
6838,train
6839,train
6840,test
6841,train
6842,train
6843,test
6844,test
6845,train
6846,test
6847,train
6848,test
6849,test
6850,train
6851,train
6852,test
6853,train
6854,train
6855,train
6856,train
6857,test
6858,train
6859,train
6860,train
6861,test
6862,test
6863,test
6864,test
6865,test
6866,test
6867,train
6868,test
6869,train
6870,train
6871,test
6872,test
6873,test
6874,test
6875,train
6876,train
6877,train
6878,test
6879,test
6880,test
6881,test
6882,test
6883,train
6884,train
6885,test
6886,train
6887,test
6888,test
6889,train
6890,train
6891,train
6892,train
6893,train
6894,train
6895,train
6896,test
6897,test
6898,train
6899,train
6900,test
6901,train
6902,test
6903,train
6904,test
6905,test
6906,train
6907,train
6908,test
6909,train
6910,test
6911,train
6912,train
6913,test
6914,train
6915,train
6916,train
6917,test
6918,train
6919,test
6920,train
6921,train
6922,train
6923,train
6924,train
6925,test
6926,train
6927,train
6928,train
6929,test
6930,train
6931,train
6932,train
6933,test
6934,train
6935,train
6936,train
6937,test
6938,train
6939,test
6940,train
6941,test
6942,train
6943,test
6944,train
6945,train
6946,train
6947,test
6948,test
6949,train
6950,test
6951,train
6952,test
6953,test
6954,train
6955,test
6956,train
6957,test
6958,train
6959,test
6960,test
6961,train
6962,test
6963,train
6964,train
6965,train
6966,train
6967,train
6968,train
6969,test
6970,test
6971,train
6972,train
6973,train
6974,train
6975,test
6976,train
6977,train
6978,train
6979,test
6980,test
6981,train
6982,test
6983,train
6984,test
6985,train
6986,test
6987,test
6988,test
6989,test
6990,train
6991,train
6992,train
6993,test
6994,train
6995,train
6996,test
6997,train
6998,test
6999,test
7000,test
7001,train
7002,train
7003,test
7004,train
7005,test
7006,train
7007,test
7008,test
7009,train
7010,test
7011,train
7012,test
7013,test
7014,test
7015,train
7016,train
7017,train
7018,train
7019,test
7020,test
7021,test
7022,train
7023,test
7024,train
7025,test
7026,train
7027,train
7028,train
7029,test
7030,test
7031,train
7032,train
7033,train
7034,train
7035,train
7036,train
7037,test
7038,train
7039,train
7040,test
7041,train
7042,train
7043,train
7044,test
7045,train
7046,test
7047,train
7048,train
7049,train
7050,train
7051,test
7052,train
7053,test
7054,train
7055,train
7056,train
7057,train
7058,test
7059,train
7060,train
7061,train
7062,test
7063,test
7064,train
7065,test
7066,train
7067,train
7068,train
7069,train
7070,test
7071,test
7072,train
7073,test
7074,train
7075,train
7076,train
7077,train
7078,train
7079,train
7080,test
7081,test
7082,train
7083,train
7084,train
7085,test
7086,test
7087,test
7088,train
7089,test
7090,test
7091,train
7092,train
7093,train
7094,train
7095,train
7096,train
7097,test
7098,test
7099,train
7100,train
7101,test
7102,test
7103,test
7104,test
7105,train
7106,train
7107,train
7108,train
7109,train
7110,train
7111,test
7112,test
7113,test
7114,train
7115,test
7116,test
7117,train
7118,train
7119,test
7120,train
7121,test
7122,train
7123,train
7124,train
7125,test
7126,test
7127,train
7128,train
7129,test
7130,test
7131,test
7132,test
7133,test
7134,test
7135,train
7136,train
7137,train
7138,test
7139,test
7140,train
7141,train
7142,test
7143,train
7144,test
7145,train
7146,train
7147,test
7148,train
7149,train
7150,test
7151,test
7152,test
7153,train
7154,train
7155,train
7156,test
7157,train
7158,test
7159,test
7160,train
7161,test
7162,train
7163,train
7164,test
7165,test
7166,test
7167,train
7168,train
7169,train
7170,train
7171,test
7172,train
7173,train
7174,train
7175,train
7176,test
7177,test
7178,train
7179,train
7180,train
7181,train
7182,test
7183,train
7184,train
7185,test
7186,test
7187,train
7188,test
7189,train
7190,train
7191,train
7192,train
7193,train
7194,train
7195,train
7196,train
7197,train
7198,train
7199,train
7200,train
7201,train
7202,test
7203,train
7204,test
7205,train
7206,test
7207,train
7208,test
7209,train
7210,train
7211,train
7212,train
7213,train
7214,train
7215,test
7216,train
7217,test
7218,train
7219,train
7220,test
7221,train
7222,train
7223,train
7224,test
7225,test
7226,train
7227,train
7228,train
7229,test
7230,train
7231,train
7232,train
7233,train
7234,test
7235,train
7236,train
7237,train
7238,test
7239,test
7240,test
7241,train
7242,test
7243,train
7244,train
7245,test
7246,train
7247,train
7248,test
7249,test
7250,test
7251,test
7252,test
7253,test
7254,train
7255,train
7256,test
7257,train
7258,train
7259,train
7260,train
7261,test
7262,train
7263,test
7264,test
7265,train
7266,test
7267,train
7268,train
7269,test
7270,test
7271,train
7272,train
7273,train
7274,train
7275,test
7276,test
7277,test
7278,train
7279,test
7280,test
7281,train
7282,train
7283,test
7284,train
7285,train
7286,train
7287,test
7288,test
7289,train
7290,test
7291,train
7292,train
7293,train
7294,train
7295,train
7296,test
7297,test
7298,test
7299,train
7300,test
7301,test
7302,test
7303,test
7304,test
7305,test
7306,train
7307,train
7308,test
7309,test
7310,train
7311,test
7312,train
7313,train
7314,train
7315,train
7316,test
7317,test
7318,train
7319,train
7320,test
7321,test
7322,test
7323,train
7324,test
7325,test
7326,test
7327,train
7328,test
7329,train
7330,train
7331,test
7332,test
7333,train
7334,train
7335,test
7336,test
7337,train
7338,test
7339,train
7340,train
7341,test
7342,test
7343,test
7344,train
7345,train
7346,train
7347,train
7348,test
7349,train
7350,test
7351,train
7352,train
7353,train
7354,train
7355,train
7356,train
7357,test
7358,test
7359,train
7360,train
7361,test
7362,test
7363,train
7364,test
7365,test
7366,test
7367,test
7368,test
7369,train
7370,train
7371,test
7372,test
7373,train
7374,train
7375,test
7376,test
7377,train
7378,train
7379,train
7380,train
7381,test
7382,train
7383,test
7384,test
7385,train
7386,train
7387,train
7388,test
7389,test
7390,train
7391,test
7392,test
7393,train
7394,train
7395,test
7396,train
7397,test
7398,train
7399,train
7400,test
7401,train
7402,train
7403,test
7404,train
7405,test
7406,test
7407,test
7408,test
7409,train
7410,train
7411,train
7412,train
7413,train
7414,train
7415,test
7416,train
7417,train
7418,train
7419,test
7420,test
7421,train
7422,test
7423,train
7424,train
7425,test
7426,train
7427,train
7428,test
7429,test
7430,test
7431,train
7432,test
7433,train
7434,test
7435,train
7436,train
7437,train
7438,train
7439,test
7440,train
7441,train
7442,train
7443,train
7444,test
7445,train
7446,train
7447,train
7448,test
7449,test
7450,train
7451,train
7452,train
7453,test
7454,train
7455,test
7456,test
7457,train
7458,train
7459,train
7460,train
7461,train
7462,train
7463,test
7464,test
7465,train
7466,test
7467,test
7468,train
7469,train
7470,train
7471,train
7472,test
7473,train
7474,test
7475,train
7476,train
7477,test
7478,train
7479,test
7480,test
7481,test
7482,test
7483,test
7484,test
7485,train
7486,test
7487,train
7488,test
7489,test
7490,test
7491,test
7492,train
7493,train
7494,train
7495,train
7496,train
7497,train
7498,train
7499,train
7500,test
7501,train
7502,test
7503,test
7504,train
7505,test
7506,test
7507,test
7508,test
7509,train
7510,test
7511,test
7512,train
7513,test
7514,test
7515,test
7516,train
7517,train
7518,test
7519,test
7520,train
7521,test
7522,train
7523,train
7524,test
7525,test
7526,test
7527,train
7528,train
7529,train
7530,test
7531,train
7532,test
7533,test
7534,train
7535,train
7536,test
7537,train
7538,test
7539,train
7540,train
7541,test
7542,train
7543,test
7544,test
7545,train
7546,train
7547,train
7548,train
7549,test
7550,train
7551,train
7552,train
7553,test
7554,train
7555,test
7556,train
7557,train
7558,test
7559,train
7560,test
7561,train
7562,test
7563,train
7564,test
7565,train
7566,test
7567,train
7568,test
7569,train
7570,train
7571,train
7572,train
7573,train
7574,train
7575,test
7576,train
7577,train
7578,test
7579,test
7580,test
7581,train
7582,train
7583,train
7584,train
7585,test
7586,test
7587,test
7588,train
7589,train
7590,test
7591,train
7592,train
7593,test
7594,train
7595,train
7596,train
7597,train
7598,train
7599,test
7600,train
7601,train
7602,train
7603,train
7604,test
7605,test
7606,test
7607,train
7608,train
7609,test
7610,train
7611,test
7612,test
7613,test
7614,train
7615,train
7616,train
7617,test
7618,test
7619,train
7620,train
7621,train
7622,train
7623,train
7624,train
7625,test
7626,test
7627,train
7628,train
7629,train
7630,train
7631,train
7632,train
7633,train
7634,train
7635,test
7636,test
7637,train
7638,train
7639,test
7640,train
7641,train
7642,train
7643,test
7644,train
7645,test
7646,train
7647,train
7648,test
7649,test
7650,train
7651,test
7652,train
7653,train
7654,test
7655,train
7656,train
7657,train
7658,test
7659,test
7660,train
7661,test
7662,train
7663,train
7664,train
7665,test
7666,train
7667,train
7668,test
7669,train
7670,test
7671,train
7672,test
7673,train
7674,test
7675,test
7676,train
7677,train
7678,train
7679,test
7680,train
7681,train
7682,train
7683,train
7684,train
7685,train
7686,test
7687,test
7688,train
7689,test
7690,test
7691,test
7692,train
7693,train
7694,test
7695,train
7696,train
7697,train
7698,train
7699,train
7700,train
7701,train
7702,test
7703,test
7704,train
7705,test
7706,test
7707,train
7708,train
7709,test
7710,test
7711,train
7712,test
7713,train
7714,train
7715,test
7716,train
7717,train
7718,train
7719,train
7720,test
7721,test
7722,train
7723,train
7724,train
7725,train
7726,train
7727,test
7728,test
7729,train
7730,test
7731,train
7732,train
7733,test
7734,test
7735,train
7736,train
7737,test
7738,train
7739,train
7740,train
7741,train
7742,train
7743,train
7744,train
7745,test
7746,test
7747,train
7748,test
7749,test
7750,train
7751,test
7752,test
7753,train
7754,train
7755,test
7756,train
7757,train
7758,test
7759,train
7760,train
7761,test
7762,test
7763,test
7764,test
7765,test
7766,train
7767,test
7768,test
7769,test
7770,train
7771,test
7772,test
7773,train
7774,test
7775,test
7776,test
7777,train
7778,train
7779,test
7780,train
7781,test
7782,test
7783,test
7784,train
7785,train
7786,train
7787,test
7788,test
7789,train
7790,test
7791,test
7792,test
7793,train
7794,train
7795,train
7796,test
7797,train
7798,test
7799,test
7800,train
7801,test
7802,train
7803,train
7804,train
7805,test
7806,test
7807,test
7808,train
7809,train
7810,train
7811,train
7812,train
7813,test
7814,test
7815,test
7816,train
7817,train
7818,train
7819,test
7820,train
7821,test
7822,test
7823,test
7824,train
7825,test
7826,train
7827,train
7828,test
7829,train
7830,train
7831,test
7832,train
7833,train
7834,train
7835,train
7836,train
7837,train
7838,test
7839,test
7840,test
7841,test
7842,train
7843,train
7844,train
7845,train
7846,train
7847,train
7848,train
7849,test
7850,train
7851,test
7852,train
7853,test
7854,train
7855,test
7856,train
7857,train
7858,train
7859,test
7860,test
7861,train
7862,train
7863,train
7864,train
7865,test
7866,train
7867,test
7868,train
7869,test
7870,train
7871,train
7872,test
7873,train
7874,train
7875,test
7876,test
7877,test
7878,test
7879,train
7880,test
7881,train
7882,train
7883,test
7884,train
7885,train
7886,train
7887,train
7888,train
7889,test
7890,train
7891,train
7892,test
7893,train
7894,train
7895,test
7896,train
7897,test
7898,train
7899,test
7900,test
7901,train
7902,test
7903,train
7904,train
7905,train
7906,test
7907,train
7908,train
7909,train
7910,test
7911,train
7912,train
7913,train
7914,test
7915,train
7916,train
7917,test
7918,train
7919,test
7920,train
7921,train
7922,train
7923,train
7924,train
7925,test
7926,train
7927,train
7928,train
7929,train
7930,test
7931,test
7932,train
7933,test
7934,train
7935,train
7936,test
7937,train
7938,test
7939,train
7940,train
7941,train
7942,test
7943,train
7944,test
7945,test
7946,test
7947,test
7948,train
7949,train
7950,test
7951,test
7952,test
7953,train
7954,train
7955,test
7956,train
7957,train
7958,train
7959,train
7960,test
7961,train
7962,test
7963,train
7964,train
7965,train
7966,test
7967,test
7968,test
7969,test
7970,train
7971,train
7972,train
7973,train
7974,test
7975,train
7976,test
7977,train
7978,train
7979,test
7980,test
7981,test
7982,test
7983,train
7984,train
7985,train
7986,train
7987,test
7988,train
7989,train
7990,test
7991,train
7992,train
7993,train
7994,train
7995,train
7996,test
7997,train
7998,train
7999,test
8000,train
8001,train
8002,train
8003,train
8004,train
8005,train
8006,train
8007,train
8008,train
8009,test
8010,train
8011,test
8012,train
8013,train
8014,test
8015,train
8016,train
8017,test
8018,test
8019,test
8020,test
8021,test
8022,train
8023,test
8024,test
8025,test
8026,train
8027,test
8028,train
8029,train
8030,train
8031,train
8032,train
8033,train
8034,train
8035,train
8036,test
8037,train
8038,train
8039,test
8040,train
8041,test
8042,train
8043,test
8044,test
8045,train
8046,test
8047,test
8048,test
8049,train
8050,train
8051,test
8052,train
8053,train
8054,test
8055,test
8056,train
8057,train
8058,train
8059,train
8060,train
8061,train
8062,train
8063,train
8064,train
8065,test
8066,test
8067,train
8068,train
8069,train
8070,train
8071,test
8072,test
8073,train
8074,train
8075,train
8076,train
8077,test
8078,train
8079,train
8080,test
8081,test
8082,train
8083,train
8084,test
8085,test
8086,train
8087,train
8088,train
8089,train
8090,test
8091,test
8092,test
8093,test
8094,train
8095,train
8096,train
8097,train
8098,train
8099,train
8100,train
8101,test
8102,test
8103,train
8104,train
8105,test
8106,train
8107,test
8108,train
8109,train
8110,train
8111,test
8112,train
8113,test
8114,test
8115,test
8116,test
8117,train
8118,test
8119,train
8120,train
8121,test
8122,test
8123,train
8124,test
8125,test
8126,test
8127,test
8128,test
8129,train
8130,train
8131,train
8132,test
8133,test
8134,train
8135,test
8136,train
8137,test
8138,test
8139,test
8140,train
8141,train
8142,test
8143,train
8144,test
8145,test
8146,train
8147,train
8148,test
8149,test
8150,train
8151,test
8152,train
8153,train
8154,test
8155,train
8156,test
8157,train
8158,train
8159,train
8160,train
8161,train
8162,train
8163,train
8164,test
8165,train
8166,train
8167,train
8168,test
8169,train
8170,train
8171,test
8172,train
8173,test
8174,test
8175,train
8176,test
8177,train
8178,train
8179,test
8180,train
8181,test
8182,test
8183,train
8184,test
8185,test
8186,train
8187,train
8188,test
8189,test
8190,train
8191,train
8192,train
8193,train
8194,test
8195,test
8196,train
8197,train
8198,train
8199,train
8200,train
8201,test
8202,train
8203,train
8204,test
8205,test
8206,test
8207,test
8208,train
8209,test
8210,test
8211,test
8212,train
8213,train
8214,train
8215,test
8216,test
8217,train
8218,train
8219,test
8220,train
8221,train
8222,train
8223,test
8224,test
8225,train
8226,train
8227,train
8228,train
8229,train
8230,test
8231,train
8232,train
8233,test
8234,train
8235,test
8236,test
8237,train
8238,test
8239,test
8240,train
8241,train
8242,train
8243,train
8244,train
8245,train
8246,train
8247,train
8248,train
8249,train
8250,test
8251,train
8252,test
8253,train
8254,train
8255,test
8256,train
8257,train
8258,test
8259,train
8260,train
8261,train
8262,train
8263,train
8264,train
8265,train
8266,train
8267,test
8268,test
8269,train
8270,test
8271,train
8272,test
8273,test
8274,test
8275,train
8276,train
8277,test
8278,train
8279,test
8280,train
8281,train
8282,train
8283,train
8284,train
8285,train
8286,train
8287,train
8288,test
8289,train
8290,test
8291,train
8292,train
8293,train
8294,train
8295,train
8296,test
8297,train
8298,train
8299,test
8300,test
8301,train
8302,test
8303,test
8304,train
8305,train
8306,test
8307,test
8308,train
8309,train
8310,test
8311,train
8312,test
8313,train
8314,test
8315,test
8316,test
8317,test
8318,train
8319,test
8320,train
8321,train
8322,test
8323,test
8324,test
8325,train
8326,train
8327,test
8328,train
8329,train
8330,test
8331,test
8332,train
8333,train
8334,train
8335,train
8336,train
8337,train
8338,train
8339,train
8340,train
8341,train
8342,train
8343,train
8344,train
8345,train
8346,train
8347,test
8348,train
8349,train
8350,test
8351,test
8352,train
8353,test
8354,test
8355,test
8356,train
8357,train
8358,test
8359,test
8360,train
8361,train
8362,train
8363,train
8364,test
8365,train
8366,train
8367,test
8368,train
8369,test
8370,train
8371,train
8372,test
8373,train
8374,train
8375,test
8376,train
8377,train
8378,test
8379,train
8380,test
8381,test
8382,test
8383,train
8384,train
8385,test
8386,train
8387,train
8388,test
8389,test
8390,train
8391,train
8392,train
8393,test
8394,train
8395,train
8396,test
8397,train
8398,test
8399,train
8400,train
8401,test
8402,train
8403,test
8404,test
8405,train
8406,test
8407,train
8408,train
8409,test
8410,test
8411,test
8412,train
8413,test
8414,test
8415,test
8416,test
8417,train
8418,test
8419,test
8420,train
8421,test
8422,train
8423,test
8424,test
8425,train
8426,train
8427,test
8428,test
8429,train
8430,train
8431,train
8432,train
8433,train
8434,train
8435,test
8436,train
8437,train
8438,train
8439,train
8440,test
8441,train
8442,train
8443,train
8444,test
8445,test
8446,train
8447,train
8448,train
8449,test
8450,test
8451,test
8452,train
8453,test
8454,train
8455,train
8456,train
8457,test
8458,test
8459,test
8460,test
8461,test
8462,test
8463,test
8464,train
8465,test
8466,test
8467,train
8468,train
8469,train
8470,test
8471,test
8472,train
8473,train
8474,test
8475,train
8476,train
8477,test
8478,train
8479,test
8480,train
8481,train
8482,test
8483,train
8484,test
8485,train
8486,test
8487,train
8488,test
8489,train
8490,train
8491,train
8492,test
8493,train
8494,test
8495,test
8496,test
8497,train
8498,train
8499,train
8500,test
8501,train
8502,train
8503,train
8504,test
8505,test
8506,train
8507,train
8508,train
8509,train
8510,train
8511,test
8512,train
8513,train
8514,train
8515,train
8516,train
8517,train
8518,train
8519,test
8520,train
8521,test
8522,train
8523,test
8524,train
8525,test
8526,train
8527,test
8528,test
8529,test
8530,train
8531,test
8532,train
8533,test
8534,test
8535,train
8536,test
8537,train
8538,test
8539,test
8540,train
8541,train
8542,train
8543,train
8544,test
8545,train
8546,train
8547,test
8548,train
8549,train
8550,test
8551,train
8552,train
8553,train
8554,test
8555,test
8556,train
8557,train
8558,train
8559,train
8560,test
8561,test
8562,test
8563,test
8564,train
8565,train
8566,test
8567,test
8568,train
8569,train
8570,train
8571,test
8572,train
8573,train
8574,train
8575,test
8576,test
8577,test
8578,test
8579,train
8580,test
8581,test
8582,test
8583,test
8584,train
8585,test
8586,train
8587,train
8588,test
8589,train
8590,test
8591,test
8592,train
8593,train
8594,train
8595,train
8596,train
8597,train
8598,test
8599,test
8600,test
8601,train
8602,test
8603,train
8604,train
8605,train
8606,train
8607,train
8608,train
8609,test
8610,train
8611,train
8612,train
8613,test
8614,train
8615,test
8616,test
8617,test
8618,train
8619,train
8620,test
8621,test
8622,test
8623,test
8624,train
8625,test
8626,train
8627,test
8628,train
8629,test
8630,test
8631,train
8632,train
8633,test
8634,train
8635,test
8636,train
8637,train
8638,test
8639,train
8640,test
8641,train
8642,test
8643,test
8644,train
8645,test
8646,train
8647,train
8648,train
8649,train
8650,test
8651,train
8652,train
8653,train
8654,test
8655,train
8656,test
8657,train
8658,test
8659,test
8660,test
8661,train
8662,test
8663,train
8664,train
8665,train
8666,test
8667,test
8668,test
8669,train
8670,train
8671,test
8672,train
8673,test
8674,train
8675,train
8676,train
8677,train
8678,train
8679,train
8680,test
8681,test
8682,test
8683,test
8684,train
8685,train
8686,train
8687,test
8688,train
8689,train
8690,train
8691,train
8692,train
8693,train
8694,train
8695,train
8696,train
8697,test
8698,test
8699,train
8700,test
8701,test
8702,train
8703,train
8704,test
8705,test
8706,train
8707,test
8708,train
8709,train
8710,test
8711,test
8712,train
8713,test
8714,test
8715,train
8716,test
8717,train
8718,test
8719,test
8720,train
8721,test
8722,train
8723,train
8724,test
8725,train
8726,train
8727,train
8728,train
8729,train
8730,test
8731,train
8732,test
8733,train
8734,train
8735,test
8736,train
8737,train
8738,test
8739,train
8740,test
8741,test
8742,test
8743,test
8744,test
8745,train
8746,train
8747,test
8748,train
8749,train
8750,train
8751,test
8752,train
8753,train
8754,test
8755,train
8756,train
8757,train
8758,test
8759,train
8760,test
8761,train
8762,train
8763,train
8764,train
8765,train
8766,train
8767,test
8768,test
8769,test
8770,test
8771,train
8772,train
8773,test
8774,train
8775,train
8776,test
8777,train
8778,train
8779,train
8780,train
8781,test
8782,train
8783,train
8784,train
8785,test
8786,train
8787,test
8788,test
8789,test
8790,train
8791,train
8792,test
8793,train
8794,train
8795,train
8796,test
8797,test
8798,test
8799,train
8800,train
8801,test
8802,test
8803,train
8804,test
8805,test
8806,train
8807,train
8808,test
8809,train
8810,test
8811,test
8812,test
8813,train
8814,train
8815,train
8816,test
8817,train
8818,train
8819,test
8820,train
8821,test
8822,train
8823,train
8824,train
8825,train
8826,train
8827,test
8828,train
8829,test
8830,test
8831,test
8832,train
8833,train
8834,train
8835,train
8836,test
8837,train
8838,train
8839,train
8840,train
8841,train
8842,train
8843,train
8844,test
8845,test
8846,train
8847,train
8848,train
8849,test
8850,train
8851,train
8852,train
8853,test
8854,test
8855,train
8856,test
8857,train
8858,train
8859,train
8860,train
8861,train
8862,test
8863,test
8864,train
8865,test
8866,train
8867,test
8868,test
8869,train
8870,train
8871,train
8872,train
8873,train
8874,test
8875,test
8876,train
8877,train
8878,test
8879,test
8880,train
8881,train
8882,test
8883,test
8884,test
8885,test
8886,train
8887,test
8888,train
8889,test
8890,train
8891,test
8892,test
8893,train
8894,train
8895,test
8896,test
8897,train
8898,test
8899,train
8900,train
8901,train
8902,train
8903,train
8904,train
8905,train
8906,train
8907,train
8908,train
8909,train
8910,train
8911,test
8912,train
8913,train
8914,train
8915,train
8916,test
8917,train
8918,test
8919,test
8920,train
8921,test
8922,train
8923,test
8924,test
8925,train
8926,test
8927,train
8928,test
8929,train
8930,test
8931,test
8932,train
8933,test
8934,test
8935,train
8936,test
8937,train
8938,train
8939,train
8940,train
8941,train
8942,test
8943,train
8944,test
8945,train
8946,train
8947,train
8948,test
8949,train
8950,train
8951,train
8952,train
8953,test
8954,test
8955,train
8956,train
8957,test
8958,test
8959,train
8960,train
8961,test
8962,train
8963,train
8964,train
8965,test
8966,train
8967,test
8968,train
8969,test
8970,train
8971,test
8972,train
8973,test
8974,train
8975,train
8976,test
8977,test
8978,train
8979,train
8980,test
8981,train
8982,test
8983,train
8984,test
8985,train
8986,train
8987,test
8988,train
8989,train
8990,train
8991,train
8992,train
8993,train
8994,test
8995,train
8996,test
8997,test
8998,test
8999,train
9000,train
9001,train
9002,test
9003,test
9004,test
9005,test
9006,train
9007,train
9008,train
9009,train
9010,test
9011,test
9012,train
9013,train
9014,train
9015,train
9016,test
9017,train
9018,train
9019,test
9020,train
9021,test
9022,test
9023,train
9024,train
9025,test
9026,test
9027,test
9028,train
9029,train
9030,train
9031,test
9032,train
9033,train
9034,train
9035,train
9036,train
9037,test
9038,train
9039,train
9040,train
9041,train
9042,train
9043,train
9044,test
9045,train
9046,train
9047,train
9048,train
9049,test
9050,test
9051,test
9052,test
9053,train
9054,test
9055,train
9056,train
9057,train
9058,train
9059,train
9060,train
9061,train
9062,test
9063,test
9064,test
9065,test
9066,test
9067,train
9068,test
9069,test
9070,test
9071,test
9072,test
9073,train
9074,train
9075,test
9076,train
9077,train
9078,train
9079,train
9080,train
9081,test
9082,train
9083,train
9084,test
9085,train
9086,test
9087,train
9088,train
9089,train
9090,test
9091,train
9092,train
9093,test
9094,train
9095,test
9096,train
9097,train
9098,train
9099,train
9100,test
9101,test
9102,train
9103,train
9104,train
9105,train
9106,train
9107,train
9108,train
9109,test
9110,test
9111,train
9112,test
9113,train
9114,train
9115,test
9116,train
9117,test
9118,train
9119,train
9120,test
9121,test
9122,train
9123,train
9124,train
9125,train
9126,train
9127,train
9128,train
9129,train
9130,train
9131,train
9132,test
9133,train
9134,train
9135,test
9136,train
9137,train
9138,train
9139,test
9140,test
9141,train
9142,train
9143,train
9144,train
9145,test
9146,test
9147,train
9148,train
9149,test
9150,train
9151,test
9152,train
9153,train
9154,train
9155,train
9156,test
9157,test
9158,test
9159,test
9160,train
9161,train
9162,train
9163,train
9164,test
9165,train
9166,train
9167,train
9168,test
9169,test
9170,train
9171,train
9172,test
9173,test
9174,train
9175,train
9176,test
9177,test
9178,train
9179,train
9180,train
9181,train
9182,train
9183,test
9184,train
9185,test
9186,test
9187,test
9188,train
9189,test
9190,test
9191,train
9192,test
9193,test
9194,train
9195,test
9196,train
9197,train
9198,train
9199,test
9200,test
9201,test
9202,train
9203,train
9204,train
9205,train
9206,train
9207,train
9208,train
9209,train
9210,train
9211,train
9212,train
9213,test
9214,train
9215,test
9216,test
9217,test
9218,test
9219,train
9220,test
9221,test
9222,train
9223,test
9224,test
9225,test
9226,test
9227,test
9228,test
9229,train
9230,train
9231,train
9232,train
9233,test
9234,train
9235,train
9236,train
9237,train
9238,test
9239,train
9240,train
9241,test
9242,train
9243,train
9244,train
9245,train
9246,test
9247,train
9248,train
9249,train
9250,test
9251,test
9252,train
9253,train
9254,test
9255,train
9256,test
9257,train
9258,train
9259,test
9260,train
9261,train
9262,train
9263,test
9264,test
9265,train
9266,test
9267,test
9268,train
9269,train
9270,train
9271,train
9272,test
9273,test
9274,train
9275,train
9276,train
9277,train
9278,test
9279,test
9280,test
9281,test
9282,train
9283,test
9284,train
9285,train
9286,train
9287,test
9288,train
9289,train
9290,train
9291,train
9292,test
9293,test
9294,test
9295,train
9296,train
9297,train
9298,train
9299,test
9300,test
9301,test
9302,train
9303,test
9304,test
9305,test
9306,train
9307,train
9308,train
9309,test
9310,test
9311,train
9312,test
9313,test
9314,train
9315,train
9316,train
9317,train
9318,train
9319,test
9320,test
9321,train
9322,test
9323,train
9324,test
9325,train
9326,test
9327,train
9328,train
9329,test
9330,test
9331,test
9332,train
9333,test
9334,test
9335,train
9336,train
9337,train
9338,train
9339,test
9340,train
9341,train
9342,train
9343,train
9344,train
9345,train
9346,test
9347,test
9348,test
9349,train
9350,test
9351,train
9352,train
9353,train
9354,train
9355,test
9356,test
9357,train
9358,train
9359,test
9360,train
9361,train
9362,train
9363,test
9364,test
9365,train
9366,train
9367,train
9368,test
9369,train
9370,train
9371,train
9372,test
9373,test
9374,train
9375,test
9376,train
9377,test
9378,test
9379,train
9380,train
9381,test
9382,test
9383,train
9384,test
9385,test
9386,test
9387,test
9388,train
9389,test
9390,train
9391,test
9392,test
9393,train
9394,test
9395,train
9396,train
9397,train
9398,train
9399,test
9400,train
9401,train
9402,train
9403,train
9404,test
9405,test
9406,train
9407,train
9408,train
9409,train
9410,test
9411,train
9412,test
9413,test
9414,train
9415,test
9416,train
9417,train
9418,train
9419,test
9420,train
9421,train
9422,test
9423,test
9424,train
9425,train
9426,test
9427,train
9428,train
9429,test
9430,train
9431,train
9432,train
9433,test
9434,train
9435,test
9436,train
9437,test
9438,train
9439,test
9440,train
9441,test
9442,train
9443,test
9444,train
9445,test
9446,train
9447,test
9448,test
9449,test
9450,test
9451,test
9452,train
9453,train
9454,train
9455,train
9456,test
9457,train
9458,train
9459,test
9460,train
9461,train
9462,train
9463,test
9464,test
9465,train
9466,test
9467,train
9468,train
9469,train
9470,train
9471,test
9472,test
9473,test
9474,train
9475,test
9476,train
9477,test
9478,test
9479,test
9480,test
9481,train
9482,test
9483,train
9484,train
9485,train
9486,train
9487,train
9488,train
9489,train
9490,train
9491,train
9492,train
9493,test
9494,train
9495,test
9496,test
9497,test
9498,train
9499,test
9500,test
9501,test
9502,train
9503,train
9504,train
9505,train
9506,train
9507,test
9508,train
9509,train
9510,train
9511,test
9512,train
9513,train
9514,train
9515,test
9516,train
9517,train
9518,train
9519,test
9520,train
9521,train
9522,train
9523,test
9524,train
9525,train
9526,test
9527,train
9528,train
9529,test
9530,test
9531,test
9532,test
9533,test
9534,train
9535,train
9536,test
9537,test
9538,train
9539,test
9540,test
9541,test
9542,train
9543,train
9544,test
9545,train
9546,test
9547,test
9548,train
9549,train
9550,test
9551,train
9552,test
9553,test
9554,train
9555,test
9556,train
9557,test
9558,test
9559,test
9560,test
9561,train
9562,train
9563,test
9564,test
9565,train
9566,train
9567,test
9568,train
9569,train
9570,train
9571,test
9572,train
9573,train
9574,test
9575,train
9576,train
9577,test
9578,test
9579,test
9580,test
9581,train
9582,train
9583,train
9584,train
9585,train
9586,test
9587,train
9588,train
9589,test
9590,train
9591,train
9592,train
9593,train
9594,test
9595,train
9596,test
9597,train
9598,train
9599,train
9600,test
9601,test
9602,train
9603,test
9604,test
9605,test
9606,test
9607,train
9608,train
9609,train
9610,train
9611,test
9612,train
9613,train
9614,train
9615,test
9616,test
9617,test
9618,test
9619,train
9620,test
9621,train
9622,train
9623,test
9624,train
9625,test
9626,test
9627,train
9628,train
9629,train
9630,train
9631,test
9632,train
9633,test
9634,train
9635,train
9636,train
9637,test
9638,train
9639,train
9640,test
9641,test
9642,test
9643,train
9644,train
9645,train
9646,test
9647,test
9648,train
9649,train
9650,test
9651,train
9652,test
9653,train
9654,test
9655,test
9656,train
9657,train
9658,train
9659,train
9660,test
9661,train
9662,test
9663,train
9664,test
9665,train
9666,test
9667,train
9668,train
9669,test
9670,train
9671,train
9672,train
9673,train
9674,train
9675,train
9676,test
9677,test
9678,train
9679,train
9680,test
9681,train
9682,test
9683,test
9684,train
9685,train
9686,train
9687,train
9688,test
9689,train
9690,train
9691,test
9692,test
9693,train
9694,train
9695,train
9696,test
9697,test
9698,train
9699,test
9700,test
9701,train
9702,train
9703,train
9704,train
9705,train
9706,train
9707,train
9708,test
9709,test
9710,train
9711,test
9712,train
9713,train
9714,test
9715,test
9716,train
9717,train
9718,train
9719,train
9720,test
9721,test
9722,train
9723,test
9724,test
9725,test
9726,train
9727,train
9728,train
9729,train
9730,test
9731,train
9732,train
9733,test
9734,train
9735,train
9736,train
9737,test
9738,test
9739,test
9740,test
9741,test
9742,train
9743,test
9744,train
9745,train
9746,train
9747,train
9748,test
9749,test
9750,train
9751,train
9752,test
9753,train
9754,train
9755,test
9756,test
9757,test
9758,test
9759,test
9760,test
9761,train
9762,test
9763,train
9764,test
9765,train
9766,train
9767,train
9768,train
9769,train
9770,test
9771,train
9772,train
9773,train
9774,train
9775,test
9776,train
9777,train
9778,test
9779,test
9780,train
9781,train
9782,train
9783,test
9784,train
9785,train
9786,train
9787,train
9788,train
9789,train
9790,test
9791,train
9792,train
9793,train
9794,test
9795,train
9796,train
9797,train
9798,test
9799,test
9800,train
9801,train
9802,test
9803,train
9804,train
9805,train
9806,test
9807,train
9808,train
9809,train
9810,train
9811,train
9812,test
9813,test
9814,test
9815,train
9816,test
9817,test
9818,train
9819,train
9820,train
9821,train
9822,test
9823,test
9824,test
9825,test
9826,train
9827,train
9828,train
9829,train
9830,train
9831,train
9832,train
9833,test
9834,train
9835,train
9836,train
9837,train
9838,train
9839,test
9840,test
9841,train
9842,test
9843,train
9844,test
9845,train
9846,test
9847,test
9848,train
9849,train
9850,test
9851,test
9852,train
9853,test
9854,test
9855,train
9856,test
9857,train
9858,test
9859,train
9860,train
9861,train
9862,train
9863,train
9864,test
9865,test
9866,test
9867,train
9868,test
9869,train
9870,train
9871,test
9872,train
9873,train
9874,train
9875,train
9876,train
9877,test
9878,test
9879,train
9880,train
9881,train
9882,test
9883,train
9884,test
9885,train
9886,test
9887,train
9888,train
9889,test
9890,train
9891,test
9892,train
9893,test
9894,test
9895,test
9896,test
9897,train
9898,train
9899,train
9900,train
9901,test
9902,train
9903,train
9904,train
9905,train
9906,train
9907,train
9908,train
9909,test
9910,train
9911,test
9912,train
9913,train
9914,test
9915,train
9916,test
9917,test
9918,train
9919,train
9920,train
9921,test
9922,train
9923,train
9924,test
9925,train
9926,train
9927,train
9928,train
9929,train
9930,test
9931,train
9932,train
9933,train
9934,test
9935,test
9936,train
9937,train
9938,test
9939,train
9940,train
9941,train
9942,train
9943,test
9944,test
9945,train
9946,train
9947,test
9948,test
9949,train
9950,test
9951,test
9952,test
9953,train
9954,train
9955,train
9956,train
9957,train
9958,test
9959,train
9960,train
9961,train
9962,train
9963,train
9964,test
9965,test
9966,train
9967,test
9968,test
9969,train
9970,train
9971,train
9972,test
9973,train
9974,test
9975,test
9976,train
9977,train
9978,test
9979,test
9980,test
9981,test
9982,test
9983,test
9984,train
9985,test
9986,test
9987,test
9988,train
9989,train
9990,train
9991,train
9992,train
9993,test
9994,train
9995,train
9996,test
9997,train
9998,train
9999,test
