row_index,label,pyod_batch_score,fixed_training_reference_score
2268,0,22.396894952880903,25.753215505242792
8266,0,23.76755947408903,23.747177294362263
7348,0,27.594405434402667,28.76218829695334
5539,0,26.67548558342166,28.21947301529023
8725,0,20.112247265618155,20.777759917252375
3463,0,20.410809197610384,21.028167902949086
613,0,33.1185056651581,36.41435661867627
6697,0,25.20827043188015,25.59603709270423
4865,0,22.219239272157456,24.507041714779014
4163,0,26.307264577722144,28.897857519530397
2872,0,28.305890294639664,23.745054736613753
6893,0,33.55481399617623,29.827051354247217
7527,0,26.044804679725324,24.896540133125402
7304,0,19.898586399440113,20.94560288291121
7519,0,23.597774158770648,20.77389510203594
635,0,19.585778495681414,19.053427727061866
4346,0,23.44900648686502,23.339035384142644
6178,0,24.337077077536904,22.89943945494431
3860,0,27.56757201319127,34.19874435783905
7601,0,22.39614608618917,22.296369302029674
1236,0,21.683945970598245,24.31566170482784
5330,0,24.27537424408164,27.25087667731847
8864,0,27.68698303894585,26.802843932723803
287,0,25.98717440703961,22.72430189288068
893,0,22.276531103582133,19.99688459277718
1475,0,19.861384062566927,19.17768945374056
4773,0,17.023069072865137,17.809894846236446
7723,0,23.046203251450656,18.16388545340108
6329,0,29.21067053056975,24.418919504034157
9606,0,24.530277699344,23.524744016895365
3857,0,19.144093018926778,21.44245263261896
3983,0,19.363059059941417,20.934038099688784
1318,0,20.406534973859003,20.985575881787742
802,0,16.894092526987205,17.330824463566493
2283,0,28.17544668494784,30.684738891449925
1651,0,24.130175185158237,25.778093272026915
6761,0,29.313320364622715,26.51373642190625
9719,0,23.816921286398248,22.58307760713239
9005,0,16.528089019638713,16.85099119491058
618,0,20.381509722889465,21.116050066736335
9101,0,20.012558053479367,19.132532372816865
8594,0,23.604936952305188,26.075291179949236
107,1,27.22268969796626,29.033853642267932
4351,0,23.776246420904513,25.872431489762636
4355,0,22.323713575391043,23.19224246424052
813,0,27.561400733582,27.577249338556665
6426,0,18.27914868629738,18.11079873483201
2915,1,27.826170624008967,28.97620303812449
4272,0,24.191496471480107,25.23582927158925
2641,0,28.112889965332343,26.3530421779881
2522,0,49.62818267910871,44.79128687584744
6874,0,30.332308341232146,29.875957450488862
6288,0,40.607183812938594,32.6427912676396
9784,0,30.418887618714127,26.336951446117013
8662,0,20.13697239179143,21.542875857303766
6415,0,24.77313505335504,23.67075794487573
1846,0,34.7625044020737,37.94877261039992
3912,0,27.95687138081755,29.737479387561578
1765,0,30.975368095369948,33.18541247971357
9572,0,28.873814079587557,27.088355143592317
7530,0,25.267157995124908,23.860533985446715
4918,0,30.434162854320302,30.974838614014413
1552,0,29.609064754720308,32.71681902806561
3433,0,38.905514477284434,39.02226944560072
162,0,18.64936366845787,19.983652695711474
1762,0,24.440594770593155,23.743492039744776
1556,0,34.60732894873412,36.4436279120332
5576,0,25.267716317742895,26.2290914556023
8238,0,31.863874218424076,28.972663746001817
140,0,22.88118000857397,25.319016663129887
168,1,38.413307273979115,30.606947227008092
9025,0,26.604301940370586,31.26315952089485
4280,0,21.530713103389687,21.084555112390387
730,1,26.527816163792966,25.152742755570483
6969,0,24.70010347799979,24.79294692551047
3127,0,33.14787013246947,33.77970941693198
3683,0,21.59732214555792,22.545669659846716
2019,0,20.173514451440802,18.88996417408004
9160,0,19.87889262888394,20.39698676195827
4935,0,25.457821943907625,22.103564823415837
2143,0,35.40969953911777,35.242100339842054
9875,0,29.05758126418594,23.53123479227326
4000,0,29.429646496326754,26.6086595384543
7986,0,18.12129839838379,17.400950590016834
2476,0,21.956733684623575,21.214519554204045
8810,0,27.242645017160505,30.492164433016647
5155,0,23.869773393649147,28.00444117744706
5957,0,34.62643739885958,30.837408083132296
5764,0,32.89434650180566,30.490291053660254
6778,0,23.304797287768565,23.29385875440544
2684,0,18.486570106827205,16.96056160966991
7594,0,20.62525871412774,19.52313985059853
6270,0,23.267878176165766,24.808308503695088
1133,0,25.640941967202117,28.23867582411912
5250,0,31.47955756556147,33.048748387683816
5453,0,24.49456632302274,25.983998777079226
2551,0,28.824702408302926,30.58306408279905
8038,0,34.94056289492525,39.152034628708506
9820,0,21.64536346021746,23.787094437436032
2072,1,21.251501162547374,22.846761918991223
7882,0,31.40957565841454,27.3691380162428
8976,0,16.520569014512045,17.05403961164626
9807,0,32.262627312526284,31.415667896997967
4290,0,28.173169013376306,30.219387408861635
8064,0,19.674186604423213,19.617388113177636
573,0,28.88969875642077,30.17952396170567
4120,0,19.797556282235227,18.5522192582955
8983,0,26.2639845216707,28.15751508493772
6197,0,39.14080283413916,41.29225698763832
630,0,30.139922984816703,27.01460212342016
2638,0,21.60494356673165,21.589600032930377
9789,0,18.87238496058364,17.998032689015197
6953,0,25.138415175384033,28.969156459114423
6650,0,29.97206285031174,27.97183216642622
5914,0,30.73650670028948,31.713316550975584
6203,0,34.64532389352507,38.18022780872933
4042,0,17.539274614402473,19.66211159595526
3115,0,31.7848952556878,27.322224034945798
4667,0,29.676533724374366,28.02272827750305
9013,0,24.31115501424288,22.85428370041832
6883,0,24.263621559173377,25.248069404789845
2349,0,28.62441587222379,31.068588482911608
6720,0,17.535925758050425,18.344111366567958
4356,0,37.995911479712845,37.917333418229376
421,0,21.406934993205155,22.757179589428315
4906,0,38.575429716405566,43.54805103799905
7692,0,37.21414707449538,39.93196565821817
9279,0,31.60471958517516,30.86127559494386
6921,1,21.814968801095258,22.49146346416972
8479,0,20.65323986170094,23.437041167673144
7784,0,22.894476821315877,21.418566387802247
2440,0,28.544077727227577,32.474047180545
6728,0,23.177175213959842,22.024305046945983
956,0,26.39120892506058,26.240569075651763
2671,0,21.914822546758675,23.967255436289495
6877,0,33.277182450836634,35.907219476587116
2957,0,22.725899468842343,21.72741794405987
2156,0,24.181831439429654,26.943482838011857
1013,0,30.818422775372298,35.66192000514567
2727,0,23.090093582235138,22.280603968161557
3454,1,34.16755457080412,33.64531113877127
2359,0,35.316323887476756,33.711119414204525
130,0,30.85500258160967,31.79936432661843
1564,0,28.125380546122557,24.170349855664632
5335,0,31.22880333195113,25.384749068708388
947,0,24.839849851280082,27.87254565736408
1695,0,19.819143162894445,20.98562507027999
607,0,23.792958012425505,20.292066114064585
9252,0,22.049245884099502,20.502098422523414
3927,0,40.07389619194201,40.104822961355524
5140,0,41.107475586110944,42.4633399914004
3038,0,34.36745255776579,31.973819037038233
8220,0,31.639935000845178,32.16254538230677
1882,0,28.837750248029955,23.7180995459371
6687,0,27.094165246746627,31.357295496128955
6483,0,24.683570049091752,23.96500572052056
4621,0,21.173009534899013,24.8621406856979
1006,0,24.423333593656725,24.83712089963646
7898,0,19.509747821070476,19.451161720023606
178,0,18.96133036525774,18.674887526019283
4885,1,24.60489896892536,22.257054424915204
9502,0,28.055322754143056,28.488862043590938
8639,0,26.020062334989614,24.18842960529769
9413,0,19.823123776066346,22.471281162058048
2665,0,24.150845110426204,23.97862859465649
7291,0,23.198767423588574,23.74936345207943
6259,0,21.45842253954375,21.726728210979953
6517,0,23.26732978890402,21.474693290540323
3207,0,54.228360641566134,54.89259985692479
3579,0,38.675450796276444,40.83210435648609
5915,0,23.530679563319296,24.105945826362966
8083,0,23.334250495217315,22.677740201588325
6912,0,29.88398713238219,28.98383246646924
1865,0,31.542289890481797,34.4944174870949
4267,1,31.290289857985034,37.27188884214178
2316,0,24.033319608382104,23.685229865152365
3790,0,21.321577714338343,19.883183511047257
2183,0,27.021559131437442,27.001853944563333
2427,0,28.61944538520484,26.52596948003449
3998,0,30.842162179668403,32.91519025266874
7154,0,20.82953977598919,21.00434373774468
3661,0,28.419499580476266,27.564732163650383
4785,1,24.09263379898612,23.338902112945842
7426,0,28.512412664972274,29.111934182663628
1790,0,26.759848871433203,24.788757465736484
955,0,27.960993773746065,29.230999379096446
2425,0,26.961246487722878,28.273110371891
1659,0,23.6540208115118,20.480580385413898
5990,0,24.87122401421454,26.621757847793518
5606,0,31.436778737252325,35.37476085205357
5034,0,38.10393771507967,36.24662763092547
1382,0,26.606157116800745,32.09762543866997
9862,0,26.79333564631328,26.013509627697147
9175,0,19.26574237676015,18.882307665896732
2651,0,21.549967580441994,22.000301704231134
559,0,38.970289375696474,36.08511413437854
4458,1,28.697762512629566,27.13391057922846
6167,0,26.34362926587402,28.5955432015609
1164,0,25.768569082545106,28.862796140145228
1837,0,33.61253879764186,28.35882700581476
8532,0,38.83886770445411,42.07732949845442
8599,0,29.743446806790292,27.26284816181346
7196,0,24.696883278782536,21.52699550776104
8135,0,22.927036706782204,20.21995194661886
9238,0,39.11495780379355,40.62705379122659
7080,0,25.623328914272566,23.43723123144913
253,0,23.34877651303167,21.301286943345648
1972,0,27.186976187952027,29.230657152017383
4530,0,30.3000048169654,28.217031640570504
7099,0,33.1136882183401,37.160284902440836
6979,0,36.34932754053834,39.479604878794945
6151,0,37.43070340054029,36.34235736657727
2189,0,25.78170901728948,29.25522431702186
216,0,28.361652848555135,30.41200955780861
950,0,21.322463749059104,21.845071001670412
6301,0,38.55757933181018,40.97928690042944
5541,0,29.83577015176197,24.639729011744844
1791,0,22.62862589228443,19.66676626331946
7479,0,16.180565318657827,16.355317139379334
2020,0,24.102828301077405,23.84164228302388
754,0,18.079155277228274,18.13370522464804
9299,0,25.927574392262468,25.250259871695445
9027,0,23.60318448703152,25.984316405841007
8898,0,28.647366499559638,31.545126527554366
1405,0,26.487353753713165,27.36306441128048
4513,0,22.89348389696874,24.248419388285043
4612,0,31.23592220920485,32.89148160573576
2881,0,29.727265194837635,33.26059341069998
6814,0,34.37569512865718,33.540006505604865
821,0,26.79115903425975,30.147228196790202
4921,0,30.941431338306312,27.740830904868556
6384,0,37.774443879880295,33.58066963200004
6043,0,19.766895603013264,18.00700638126034
7776,0,21.673956043744386,24.018351930820312
9347,0,24.0578639199628,23.990759521829133
1040,0,17.62453468251646,16.812475394482313
2656,0,22.607303162365493,21.577886368938024
6059,0,25.248321841117825,27.53354823694349
7442,0,18.830282430565845,17.49672965284858
1665,0,24.584742408729106,22.26550798422275
4688,0,25.45804968417847,22.275406825397333
4378,0,25.8612902436685,23.44326574083195
8794,0,21.75060134646532,21.871256961635574
9778,0,17.026394772196962,17.68825831992796
5353,0,17.48324017575319,17.136137717518256
4062,0,19.768929783999656,19.068621449067425
7146,0,28.281700711068606,27.50760930443805
7876,0,24.96948935359145,26.55436343346348
1,0,21.810529762937488,23.367077636386195
3134,0,23.248669013269385,24.94573703553793
2125,0,37.87555765653876,36.35897782140452
7147,0,24.52858759142868,23.597679343978694
7507,0,27.602634732124404,24.159977158732403
9309,0,20.619705983250615,20.66142980448556
9067,0,32.69056144269326,33.40291430617587
7140,0,26.06655516271421,27.66467911060803
840,0,20.85740357914737,22.064512821962428
7489,0,36.573239620641935,37.821721367297236
7871,0,23.5250472130217,25.329537895659307
3430,0,19.1047851075072,18.696199183936596
8515,0,27.786053320257704,33.88093787036782
6622,0,34.02030473319274,31.743738731420343
5305,0,38.46174329726636,37.459811596624654
8737,0,26.07199726664905,25.855914122359557
2976,0,27.965412771779448,31.046011692887877
7161,0,21.21291246112335,22.626917178270315
948,0,33.23586649650972,36.962588905500915
5455,0,25.480587081708542,27.36481907811039
4482,0,22.904030938853747,24.77905187024917
6668,0,22.881280347788202,25.09329742332246
4793,0,30.47071019811842,26.072204681441324
417,0,23.137962306395032,26.326943362597927
5867,0,23.79154804599789,21.315216435726686
5758,0,24.251362924077736,21.70230522857437
7168,0,23.98819678572255,25.105441060518146
3338,0,20.072446644468606,19.795857044894465
1894,0,35.341775144568714,39.6310776566093
3803,0,26.968235665830804,25.269090553894078
4927,0,26.093906911478438,26.22132806873412
2761,0,28.473044266778686,28.69138122519269
5094,0,23.6509532849534,25.517248842900788
2289,0,39.359954611400795,40.84760694595157
9656,0,23.331396783257613,24.677635291470253
6254,0,21.995802609575207,22.448383575178838
2540,0,27.54069336708917,28.756587723702086
7497,0,30.174172335919003,26.633675585915743
558,0,22.844565094104475,21.597121640930744
2954,0,31.08352967800536,27.603097690355327
9965,0,36.244970273432,38.87332649836704
8127,0,24.242579783099007,23.451309064194856
4487,0,38.027231396675276,37.87957959747404
2247,0,23.34840825907826,22.162649343990196
3364,0,42.893728262066695,38.20241924376204
8447,0,24.952405387756613,22.12318780876589
7749,0,31.963563153990084,33.95041347697444
1440,0,32.99648003649205,33.735785803880276
8288,0,23.04692003623632,23.544960578517202
4715,1,28.080700101838733,30.11448622862155
9002,0,20.70824781482146,17.664658213436823
8746,0,21.068870630919566,21.58457698695046
8303,0,23.755704465920296,27.50508280179939
9610,0,22.25268610941637,21.96356871277854
5607,0,22.00297642245826,22.585215735788402
8367,0,24.95213893165009,26.212206399531023
1269,0,24.289413044862677,27.35318587762478
7277,0,24.229751568607835,20.3707023493432
4052,0,24.329009189428216,21.360914997842265
2401,0,43.965512913406876,47.36611119715501
681,0,23.10609928252264,24.599404470746837
7091,0,36.99591427520686,37.08356438271963
4069,0,30.593037296204525,27.407036173104636
8249,0,20.12368318458511,19.67144093727847
8209,0,26.209442388007428,25.48181106446656
8889,0,27.20922832424944,26.225969378611605
6923,0,21.310397798386962,20.770023879063608
7126,0,27.80968697255142,26.092056979961463
2437,0,23.294571884514898,22.893857694470313
3768,0,28.212555831516333,27.22355015586829
2587,0,20.015802173038082,21.02359499265023
8472,0,18.38192293987505,19.904291886680202
1845,0,32.87650016420824,34.33919838222157
6018,0,21.777601964653904,23.785739701037365
1535,0,25.157397331977492,27.587680790751655
672,0,21.962569576636113,22.501950861007845
2499,0,26.486123364467776,26.722341599709836
476,0,28.02121374411881,23.288144194023552
9193,0,22.204201390232424,19.95206033608361
6897,0,23.617782792629722,21.066362416394362
7529,0,20.040823945605094,21.176401976781698
5561,0,24.331323748459948,27.674075884929017
2231,0,34.463064204146384,33.762568066224276
6168,0,21.524643274809005,20.804012935950485
5751,0,45.139593963004366,45.39282237215133
3628,0,19.301542466807014,18.817109497122964
1600,0,31.312823178358144,31.945670642098964
5895,0,31.028390108847944,32.45558425895674
2098,0,20.125311107985425,18.358946484652975
9225,0,34.823606846353016,29.91372586731387
8823,0,31.22849191497513,32.62992270991905
2259,0,22.32031325313142,24.4434533868237
2729,0,36.988873442823326,35.742957881606
4097,0,26.975906256407598,28.684487252993122
8226,0,20.979916365778678,19.509429111520287
3662,0,32.68268151731163,35.16172012144302
3443,0,25.895894148905626,26.881475091904896
9560,1,23.60586095372614,28.201886403104005
5516,0,31.47262679656872,30.951191340053757
2616,0,21.250429184366773,19.288872288643798
1214,0,37.212330923160174,41.822723609183875
9440,0,29.5201344804647,25.651003009245315
5174,0,23.458955150320772,20.665236824912895
4910,0,29.225076691315458,32.42328041984105
673,0,20.480187761330306,18.404461026292836
8168,0,22.457425040448868,23.568236388325673
7425,0,26.904159422184257,27.829295926169433
9172,0,31.6871473011301,30.643076768310078
9215,0,31.86334411390907,38.05926349563128
255,0,23.46077091235195,26.853056808391912
5630,0,23.750450246281666,25.550705182272594
5458,0,38.73333890212776,44.429357596643385
4480,0,23.024274339862167,21.74348379125751
6208,0,36.93596653422276,39.68367052941904
5378,0,21.44557134370417,23.140315788152005
2264,0,30.45038434988266,31.62485943730198
4369,0,21.555997230442014,20.60823042714914
3399,0,24.82534774896667,29.73792916551103
5635,0,33.907142437744696,32.91282064549099
7451,0,18.842685400213423,19.509617927752473
2886,0,29.05687575579668,32.27494470486113
2038,0,17.923120181995174,18.716096093746636
8820,0,25.797170217122588,28.286505553077028
7999,0,20.491271076692563,20.116370118052
8534,0,30.773271977801286,35.307292496237615
1512,0,25.369727423646424,24.410058691382417
2074,0,21.219924306549512,21.75143021828016
6584,0,39.461362570549156,36.238813844973265
2860,0,22.283337824183057,22.44043490376301
1047,0,27.776917917101905,25.31510753949286
3877,0,24.271519472529846,26.039129020466515
5826,0,29.192975874031834,32.95505473670071
7779,1,45.17723830287907,44.8073141069861
2865,0,24.06162148376353,24.9108051253766
3599,0,32.4963162704965,29.797484819546554
8897,0,21.49248467671564,20.125802874576234
8585,0,34.478584403475764,32.29916282862039
8549,0,31.7848885389276,26.989947888033107
7264,0,27.781631893212335,24.64178297929931
2288,0,33.64871387852046,38.811510204427236
649,0,27.09123328412222,30.576839359263595
3922,0,17.9256366461365,18.877970020653695
4368,0,25.003469444946592,25.149783557136654
3355,0,27.392618062014076,31.66643383433299
8223,0,25.746447586476936,28.29988674756919
8762,0,25.62216149155601,22.865958416409153
35,0,26.9268193305316,26.309571341998954
1570,0,21.007361754757085,20.802577176669434
7437,0,20.35577566449403,20.92823598829365
6202,0,29.753173858858784,29.013179684001386
2314,1,21.012979577776903,24.734564988381
9937,0,30.03104038378237,32.30800417416514
7323,0,26.17702164211491,27.34786812746961
1055,0,23.2544163656234,22.787387593466253
5062,0,20.656270450634924,19.417645177051277
6437,0,21.35103656459271,20.4395518634116
8063,0,32.164776007603294,32.453276158483135
4387,0,21.861074388944417,20.89068556564149
9710,0,27.05644458732173,23.023726070724727
4682,0,19.53646264582546,19.27530514531625
4314,1,27.770718214355696,27.62042026649631
4228,0,46.477848408804014,45.32018697792462
8571,0,16.572390233392593,17.24091322304448
7228,0,34.50530396210988,39.826503798597024
5278,0,24.592435525620616,23.648423945157823
9393,0,25.40402856866071,23.22210228023927
4021,0,29.860975011348756,27.082072743600136
8474,0,30.750100578318197,33.32112030776851
9909,0,22.24153431097695,22.548828447844258
1928,0,31.35129224676626,28.295091711730624
8200,0,24.692806886605272,24.623764952845168
159,0,25.04851229864488,22.092549393605097
8865,0,32.20893428378331,31.14490024218557
6199,0,28.758045121192165,33.696793072828385
3520,0,20.072219968676077,18.492090224129047
3191,0,39.026436846025156,34.615383021110254
6930,0,20.204454315093887,19.81397235408979
9495,0,16.99933072035577,16.5379513358616
2150,0,24.633452619327585,24.946137688401347
4894,0,20.906913350687933,20.523260829121973
1075,0,24.578910737793617,25.213903015932015
1068,0,19.79789622334498,18.00806141091398
5802,0,32.35768006105381,26.379853751299585
3277,0,24.45980984875205,25.92237837685691
8572,0,21.794534384984487,21.67023379652944
2344,0,28.82262747436891,26.411065795942907
8196,0,37.407894570035666,34.497002762293505
9064,0,23.426530163123243,25.11120679472742
1081,0,29.586525285221022,31.232790887659917
5658,0,34.608749699978155,31.908626566123488
8591,0,27.307871417064508,32.58471166813809
4074,0,21.439792057862768,24.154865607910256
2202,0,22.329754676414552,24.08308672668264
4461,0,24.031535606188175,21.503279889342714
6019,0,33.527566956661246,29.670634750811626
7791,0,32.232195790571296,37.483102541027435
9483,0,23.72761133266373,24.274982634753908
5169,0,18.996012327075658,18.341325681002974
2504,0,22.22694514116429,21.48394318797178
434,0,32.50109882072753,35.12433004672989
3137,0,24.98798933979021,21.15007088159387
7599,0,26.905495024901803,27.915086837084036
8231,0,18.94426420844195,19.487216034521722
2280,0,23.262285286777807,25.838430743366388
9398,0,29.816653767930163,32.137646216339604
2777,0,27.159887238543735,24.54636757996704
4683,1,26.030384979809725,24.49893068657196
197,0,30.71443676652902,32.21468895263342
3015,0,28.108759423983383,32.0819943066426
9311,0,33.895655727410514,31.98852730580257
7310,0,21.53850774470724,20.887671321594382
83,0,26.101154636095156,23.478718225573733
9294,0,20.620437002344932,19.975342798931607
5399,1,32.65474458444443,31.215972469316572
4854,0,18.57209217640413,18.396585181844863
5088,0,24.955669656143872,22.36890930075246
9191,0,20.496333668337705,22.746783549304517
7540,0,24.521020525737924,23.450523363856334
4456,0,23.834304281872026,22.995656810984997
1305,0,29.68213183402862,30.056054656191435
6214,0,30.22434682353002,33.12797836800039
6446,0,17.53801610982455,16.808054176848643
6625,0,23.725680305694166,24.255650296196517
9609,0,21.90984965614053,24.38447602871319
9765,0,36.21841383135191,35.85356407533388
2940,0,20.85706568520405,19.03840888839286
760,0,19.092216866511478,18.62196505544525
293,0,23.615067114528877,23.6524748203391
4811,0,27.594749425711928,24.46773405463408
7268,0,20.582877769650764,21.70068339256172
974,0,24.68410998585191,26.473356071139808
8806,0,35.1302160755243,38.351522141848946
1533,0,33.65306747963725,30.800164102139462
3882,0,24.08501623477568,25.924457396827037
9189,0,27.012284329648814,27.120128249020684
6810,0,28.67947044812332,29.910100221970705
4922,0,30.077429827570718,29.86574680074334
7379,0,23.792840474060682,26.728437565621807
750,0,20.967765430648143,22.32769878549955
7,0,22.798007592704014,21.2523450187083
6623,0,18.965980062267896,17.48263394467125
8314,0,28.56215766400651,29.194680559461133
8030,0,22.327304411795406,21.69904683005711
9734,0,33.08033749490313,32.72553028646515
2147,0,59.29294261493485,67.0645546997419
5231,0,31.52267329605461,28.220445208373953
2849,0,34.17904467123529,29.66058254425775
3925,0,29.880954340278866,28.484140067554705
4697,0,29.414975864524045,32.43313319289087
8324,0,35.85512095047774,40.81998255049523
8709,0,25.203721824251193,25.942274896804218
6522,0,31.175883660155204,27.271467376214378
3687,0,23.49931843203752,22.110821097712517
2842,0,25.751935265049436,24.5945984170306
6560,0,27.365607422617163,23.36968069897345
6416,0,29.263617983274493,26.996830032415506
5066,0,28.166638900834894,29.0646998909475
4510,0,42.55871743533755,37.32491092801608
9498,0,34.05824344422436,35.669548674218206
6967,0,23.88542292938409,26.361496351515747
9303,0,33.33082879956483,37.128634522385745
430,0,20.21656680659938,20.4442739951709
9278,0,26.22047205326923,23.699243152468565
9465,0,30.032147810394708,25.73128682077661
3394,0,28.460961702482088,24.659532756780013
1216,0,25.374742055698107,27.963938818336057
7657,1,31.611221846940175,26.348640746923017
9554,0,20.700488763834265,20.805727888013436
6857,0,19.937338276740245,20.370724588903542
3304,0,22.805184800068066,21.17819989487706
1997,0,33.51904791108245,31.619503349808376
6098,0,22.58951429899877,24.43346901997246
7724,0,33.754642763448196,32.708848668749944
4191,0,29.991323662581703,28.996359908126788
4595,0,27.904894427609438,26.175770368738043
1940,0,22.525544944124455,22.125204501657
5479,1,29.94449134214414,40.20022850803393
9756,0,25.379055208729355,29.483863353866887
6361,0,25.810232481443247,26.054530852010917
242,0,19.683830742089857,19.28412569799741
1724,0,24.292850734484027,27.375843418883292
7690,0,19.351279487785792,19.670967305120662
7289,0,32.80271668026963,35.42386715519603
7195,0,26.04333260726932,25.416795115582186
5634,0,23.084639248529697,20.00384190987648
2372,0,19.909069382048862,20.676530109863396
7824,1,23.493674105264898,25.052183893014085
4031,0,27.667510957573647,23.514123734248884
578,0,21.84224216450199,24.887751183222196
581,0,25.286656468688037,25.48179845947184
1383,0,24.89233676726101,24.168547210681812
3407,0,25.148461570778707,27.148526643109758
4684,0,23.10173299695429,20.05538551700549
6039,0,28.026180775868916,28.018319712901437
4085,0,34.554530361911105,35.547227019255004
9620,0,24.630702286479927,23.93721353260026
7981,0,28.451761971535294,30.803007151507604
3353,0,35.48048370885937,35.31476174178644
1505,0,24.972217464968082,24.131258043051712
4466,0,22.873443703579735,23.72967662524253
6949,0,38.83391447923312,31.237883684395836
2578,0,29.665325438944233,27.5798523858588
5484,0,21.544072812104037,20.456803530521995
8084,0,19.071586644859718,18.327649597876185
9744,0,27.87131169390611,32.12038005970448
7899,0,24.257497311138135,23.461353906925687
1145,0,43.55253775370405,47.568056409650275
9448,0,29.98010400688346,31.183448990485317
5396,0,22.05912391731042,21.911012377096377
5788,0,28.413267493417294,29.003449258058517
9608,0,19.025650181608167,17.484305098792916
1772,0,29.923100817313504,26.903379097598382
9383,0,18.026966786135986,21.82697480517021
9235,0,31.070502336701907,29.261868652473662
229,0,25.427624080825915,23.617330786298535
7082,0,20.789032960827523,19.43567462421177
5633,0,22.578574296418818,22.6530535553987
3439,0,31.17005709504849,28.981724538277014
8856,0,24.28684935252508,25.424557770155033
4096,0,25.659969652569842,30.544207355239116
6099,0,31.196500025078635,31.97116402087666
2768,0,25.262995001775842,27.266092420720405
5935,0,20.16500147485847,20.512994352344773
7070,0,24.610706734829165,24.683509299835638
5358,0,29.479243115290302,31.87226153142346
4200,0,34.792910963633965,34.27187663753027
2363,0,39.549229036627096,44.583651752714545
9843,0,42.1972013503623,43.17612828889111
3789,0,18.619675861536255,19.342362911708594
920,0,30.532979253808467,30.869051320839503
973,0,31.304167206947547,36.09512180702882
2304,0,31.02903651260392,28.960444623643276
4674,1,32.32317125620519,33.01128958560454
5236,0,25.691124461642186,21.623992314982157
9562,0,19.742069771571018,19.75329672637487
4327,0,25.903900712045562,25.551071838702306
6752,0,22.437476916816493,23.0117622391272
4335,0,22.78709875050121,21.639436558901792
4617,0,32.32604685704344,29.791458953934622
177,0,27.31100423695763,28.142301874802662
4736,0,23.536255622737695,27.200438332838413
2091,0,21.160477170824624,19.748837767114317
3686,0,31.01308553511779,33.59236876297345
1479,0,21.757236880698034,20.490080171064353
334,0,21.882220307276793,20.09032103718326
6656,0,22.770143307797237,19.86498819909464
689,0,24.839062429789998,22.48351014892818
8136,0,21.06005210590174,18.507024041734162
3644,0,21.874159793827356,21.46761005907689
381,0,21.655192490079646,20.624166805377907
8469,0,27.973035324351727,28.018303366167686
6104,0,17.869003383389146,16.595795490963454
2738,0,21.533958605019826,23.00842238569511
5441,1,36.00709270153839,32.41204690289621
3320,0,34.58509338968082,31.914944255906605
6194,0,26.389392794327875,27.119327944261094
1202,0,26.143557545889006,29.59916855732545
5383,0,26.43904355765103,27.025446002201395
8766,0,31.96039658290167,32.276498549266435
844,0,21.184440378338994,21.541765550093874
7499,0,22.218780012565645,23.213024883537216
1998,0,22.299012348480037,20.931712543817095
5325,0,31.795461371996122,37.38586579848174
7706,0,22.34564874307872,21.353820021923877
9630,0,20.412550700420745,21.71152070336943
1943,0,35.65545549963777,34.782322367682305
5273,0,24.102190410349483,22.906207543780795
8141,0,28.421282145211006,25.0852557043146
6186,0,21.5797038342276,19.94647776116997
5013,0,17.767230950605537,18.27549394195947
4498,0,35.882715595988,31.443998547896104
5317,0,30.45752004493692,31.260604710614004
416,0,19.618598727118258,20.357049612385094
4301,0,22.1544807169498,19.99193594282752
2015,0,22.218507412305676,21.727451455891295
2960,0,18.469480497003083,17.802953100457326
3700,0,30.622320441619895,33.22891578384495
986,0,25.34945736250752,23.32626469800122
3441,0,29.606116530049235,28.107100240109105
3437,1,23.758976013768017,22.798689034454977
9345,0,20.995031290797947,21.501152960048433
2246,0,28.94997488936337,24.69445994991698
9120,0,29.489231462831587,32.95241376800356
4079,0,24.273564151380583,26.964110849987296
1988,0,20.3154881211398,20.156024219985262
4691,0,37.335111483053836,30.225338736330198
5225,1,30.28400995994639,30.963799929280416
3592,0,27.134233902730656,30.15882358715259
9212,0,23.90100891747386,21.900807664623738
3017,0,26.901124700811895,28.03940295887657
732,0,25.791425182966393,23.560196965568682
1607,0,24.108705356755383,21.395301689453387
5024,0,20.13223527135946,19.743637029229966
8437,0,20.914037173177036,20.291489902183365
8926,0,23.321623829753804,28.195279588119917
1454,0,26.797961240269135,27.080556358363378
5870,0,19.875709383639332,20.69111509453396
3217,0,28.952887072298466,33.25181492421914
1401,1,30.12777766775815,34.1915664011782
1751,0,26.443917650485453,25.01510826949203
6448,0,29.712121387375166,31.171646092401936
9561,0,31.168653119427926,31.084897989206294
744,0,36.71884040468004,42.04133937305616
1107,0,21.242369224563582,23.943870378878007
6336,1,37.9509416838367,38.01524049284895
9558,0,30.553651811262895,27.00702223789267
8190,0,20.875554327703185,22.464323025894938
2672,0,28.24288982557656,24.415360016095356
1855,0,35.62711289443782,35.86244196467278
9892,0,34.17476793951859,38.8896344328848
3002,0,20.39103067530438,17.221047265852096
3543,0,28.561214131104673,28.53578415804079
6879,0,29.495307938113953,32.682827056889636
5878,0,18.026220641836044,17.423550660320114
7727,0,24.198761030729866,21.656402677868336
2548,0,32.28852424761505,28.554867851640022
1008,0,26.259825206248834,23.534275577613183
5067,0,32.35520390674102,29.720256467077196
5451,0,28.349241601016196,29.943967088561223
5190,0,28.84142019525072,28.241696829496075
5205,0,26.597632251559297,26.69708310240235
2162,0,20.011465079288868,23.218802194926376
8751,0,22.336431600032782,19.76351145600725
6320,0,25.96620740027173,28.54102334087309
8670,0,27.819133751061432,26.635742997115493
9551,0,22.840787421986178,20.720785309621622
596,0,32.55973631239624,36.294484534591795
1132,0,30.472486119759555,26.88743755073229
8494,0,21.26820958683882,21.322803250868244
5520,0,21.188442899860767,23.70928112181782
4433,0,22.03779002872411,22.170347462787536
6544,0,33.950977570091354,35.04906431242364
7311,0,28.788012950250295,28.129978882232265
8545,0,29.111189898712222,24.44176493137832
2563,0,21.035308564352594,20.5924180214213
6554,0,20.62939547048135,22.477033373976212
8337,0,19.2271742668125,18.436702929711153
5709,0,33.546223527300455,35.58203150512126
3876,0,21.28624661776907,22.510462148896423
9006,0,34.10314596051575,35.73211318575075
9575,0,25.318278376129015,23.77991359650391
9986,0,38.55484662365698,42.95106132416915
1352,0,31.500529040094005,31.756563623155525
4279,0,19.023276534715585,18.585815265315965
7491,0,23.079957089279326,20.597473425486392
8264,0,18.39262143580351,18.437711068264953
3811,0,27.750289041708186,27.266675306894978
23,1,39.09720797209376,33.945219710968956
206,0,28.799564171465352,28.532809982721975
9860,0,37.0892009669108,34.43966056703304
353,0,26.617122719426312,26.400828765647088
8103,0,22.421675293337007,22.461059835895053
5185,0,18.374557827730396,19.003243730156633
9384,0,21.551826685034776,23.11494570742918
7850,0,25.251598434297236,24.512986311882464
437,0,18.080169024613348,17.668469955207396
7207,0,35.0689437286689,37.24340082169184
8943,0,33.290176240969274,34.67789912416272
9864,0,27.898705798895787,26.987785553192023
7932,0,18.00398861921748,18.281991547295636
6331,1,24.976599501936157,25.306249668084224
8505,0,31.396889029765376,32.28428935568188
1692,0,21.003099056841343,21.63284774597303
5187,0,17.51215146399452,17.41186639231962
9534,0,21.758686765500443,20.904685330010448
2174,0,20.23623047653674,24.06136027497133
5668,0,20.522079135995277,21.340362327475887
6110,0,21.94071873762875,21.80639841475481
1686,0,25.27961835269448,21.732909089413926
9361,0,34.62935196926747,31.153358346303897
8689,0,32.57192905922237,30.58457989285327
3669,0,31.413886645378284,33.56499958134149
3597,0,32.965427043560375,28.605693151709318
1597,0,26.88585463379882,27.416127234160562
6209,0,23.61364884456473,23.284067416766234
3144,0,25.845780922167545,21.64783285896922
9476,0,24.36761691037636,24.899774176516868
1531,0,20.14284592614156,18.24629461965501
3301,1,29.121484982257186,30.96452684171599
1900,0,17.9170470462134,16.995333999574516
319,0,22.93744591283761,23.219901596530363
337,0,28.880909958045468,29.50608370737172
1067,0,25.96352778313024,25.792144958030306
4414,0,31.51170951546213,28.770571356092667
6053,0,32.76463504877074,30.162070873215825
3823,0,27.8727450488023,28.905113094008
4404,1,25.62762521332695,21.557048040856106
8452,0,19.699288564444796,21.718825819344385
314,0,22.725152884858282,22.73926562724591
7164,0,25.120695871962713,24.176552223427215
6079,0,20.85041194653473,22.26926912566482
8869,0,26.889700011580846,29.47349853884946
637,0,23.259601475513566,25.52187884020353
7541,0,18.197450913476914,17.681439349991592
5815,0,25.30476834136374,25.644848102722317
2236,0,40.600532853865126,42.56861563741836
1112,0,20.373685046221482,20.345257841743162
2308,0,24.23552066132103,27.78571727244097
3340,0,21.147189179891576,21.550696203551496
1130,0,20.061444468101303,20.43901767682721
1015,0,37.611116190395975,33.33089705181636
9914,0,32.9340594605326,35.6495907349269
916,0,24.871319894849595,25.685516492103755
3648,0,33.33688224726966,33.90172310593414
4209,0,23.14490894590506,25.0532721419861
9966,1,35.78284018164718,37.07828308147626
6373,1,33.57965659681838,30.631619761920092
7878,0,34.075028453254184,29.980223926003298
3496,0,28.284309653399777,28.01949069393598
2409,0,35.93407975051567,34.23613019850663
3089,0,22.29590279418508,22.02869487674132
5005,1,29.367893674149585,34.15417902981184
5861,0,45.238529846412455,47.54619082655485
4759,0,22.393220770658957,24.925471447179643
8251,0,28.24609859316077,28.466357444967432
6260,0,22.44607692538282,20.84490689592071
6631,0,22.228837434126177,18.94200427238412
877,0,18.738758386285863,18.53913812269653
7994,0,20.329189451421996,22.77674585715334
845,0,22.98731867108977,25.892063856099533
5414,0,20.929942865284854,19.200232583659375
561,0,23.61670870958189,21.438897685621868
9840,0,19.072336243786374,18.566702145771703
9497,0,25.99938842699209,23.23834106842982
776,0,28.76819826496143,28.333795819966525
6862,0,17.247924370883048,17.450983541758646
6339,0,27.783637813051673,29.96362587156914
9319,0,37.159154242346254,35.09604648343685
7681,0,33.280501201518476,35.877750865217436
6972,0,27.18877894627282,27.543560992836554
6085,0,35.136168850097064,35.68360030952886
9293,0,22.27189879795602,22.889707776909937
5722,0,18.515894337811176,18.99578573951951
8227,0,31.910871920707805,31.769170494629275
3872,1,24.71640831593009,25.399446336767056
6424,0,22.36193411299863,22.978605353226932
966,0,23.6807625680369,26.557942315804702
4767,0,20.943751144155065,19.457986396937393
941,0,38.30439227419016,40.66586032352695
6555,0,34.853736840604576,35.31422471918998
7010,0,23.002723424484547,25.53170085948176
9139,0,30.172480435909026,28.418322941079634
3383,0,20.239557311146072,23.78936238941312
2006,0,28.084675722892825,29.848408699431282
2461,0,21.575449285985282,18.620122129617165
1185,0,28.096345696926992,29.81756878390312
3336,0,23.884863542166535,24.535509515168012
2094,0,26.24231297819718,22.22091023918404
5866,0,26.77115741889561,27.193699389458967
1396,0,23.910952615974125,23.634742284951354
4861,0,29.121329491976788,23.677757346060602
3481,0,21.349262617853604,22.362865764983415
1220,0,27.5898814644993,28.72905770885301
5999,0,31.95893211085917,26.964003771916023
9887,0,23.700706602333018,24.853607159503934
6963,0,35.837397461319775,28.783508964141774
4289,0,29.317814524905017,27.2544838644107
9054,0,27.724725509573183,28.352160586862794
3886,0,22.69895810576825,26.158354579262845
2525,0,19.653749194520284,19.4551173545094
7022,0,37.6554663777037,32.77548859126539
8880,0,28.419786412522964,24.758133939015867
5150,0,30.08749647721704,24.211954992247154
2458,0,18.72340861576814,20.617369880122787
5859,0,25.437059947597394,22.0948168708287
2801,0,22.2447141850607,19.575523631333017
1018,0,37.95417889401848,38.056837499146035
4992,0,31.511779033841435,31.264387452537154
1195,0,24.04213439847979,23.56946103480625
2357,0,17.658269446911035,17.744360909068277
4402,0,24.60816802394339,26.870633428270285
7393,0,31.294886554979108,28.259043865371197
4465,0,30.595627243696722,32.59311520350411
2568,0,18.976971529951104,20.328216458129845
556,0,20.52098328248963,20.026730245214395
2805,0,20.717950222498796,18.80370955127364
9641,0,25.07797856619942,27.20988066438113
2480,0,42.824296506400344,38.67338579648441
3271,0,23.741771114193014,21.965128152897222
7421,0,21.754473853230706,21.732739571573948
4416,0,24.87619924560084,27.9245165608029
609,0,17.447654628774888,18.466378388466115
8037,0,36.18325119329841,42.67635349625474
4741,0,37.724191113093696,43.00813308859376
6671,0,23.94038475409995,22.775343942677324
365,0,22.716855127661002,20.30265613864395
8778,0,22.261177823752234,22.773524832176825
7523,0,21.076002439735934,19.10625705401548
4823,0,25.55986835508283,26.532213765391667
3516,0,41.09797290201888,39.8595803472878
7384,0,31.201103108869088,28.782526224454372
5047,0,22.874975838581147,23.89861164686771
3566,0,29.36311734987003,33.63290387736001
7755,0,27.574760993551067,27.810989247513017
8217,0,26.38662634904939,26.647424493845698
9264,0,38.53142526584438,33.875380935153586
9479,0,32.58279125751508,28.365930149393233
3321,0,21.77997137758034,21.35675337439512
4596,0,24.332888717387288,20.14849355023552
3175,0,40.870400884618576,38.076014575197746
1000,0,23.232612033766472,23.51248874455811
9187,0,18.962205741046787,20.782510908584396
6312,0,18.64256749860181,16.87770714633165
3620,0,31.11198306394215,31.346203813931652
2297,0,32.922921707691096,29.18233988517394
9200,0,21.525990992870664,20.137305707655432
3387,0,32.156911631496406,30.824017221260153
720,1,30.225130070087037,28.429147483115297
749,0,21.35836072900448,19.199396363130887
6348,0,33.536821880752555,32.53037860853754
4896,0,21.41790552296454,20.98878472343445
2832,0,21.6770835280656,20.075205240993846
6601,0,19.595276764316417,19.224904800528684
400,0,34.43046238877722,28.765921696539376
4637,0,24.837985504382356,22.694751160436557
280,0,21.687357734548357,20.384865415223366
4517,0,18.326802907809117,17.78151390356437
9248,0,38.65871285256907,33.92805284831581
908,0,20.685933145109633,20.176701690290024
8498,0,26.037945416495514,29.68701948795202
5681,0,20.788377329925304,20.394625735906196
5737,0,32.791956484602935,35.67584291234556
3829,0,25.69840918817121,26.37373666875181
4215,0,27.034026901506515,25.65487109618268
7860,0,23.47223848769534,21.95311860350406
7539,0,27.363419976623867,26.50245145057158
62,0,20.070567018471994,20.984414967717584
7097,0,26.25304757920592,25.949397896564527
1378,0,19.788321733379373,18.585708282119224
620,1,30.147444975431544,30.812681572656913
2201,0,28.131313849124766,25.542483410541536
2586,0,30.183849122419165,29.5373952944321
5942,0,21.578090668791436,23.712465267099972
4668,0,29.141299145590484,32.189001261030924
180,0,25.27576206787702,23.846907330688232
6537,0,30.78934633599425,28.30696734642741
7863,0,31.047531484145356,30.182488856198386
7174,0,24.599371017601545,22.994536710705102
5673,0,25.811936548842723,22.148279535731877
9418,0,26.222069137409655,24.50335765074012
3128,0,20.093415720268645,20.514416011062742
4066,1,24.792261113389607,27.41059784462481
8900,0,34.5865937634566,35.508593864239785
3531,0,22.101686051985165,24.549293729426996
8321,0,24.66440252927428,25.718398523646698
6603,0,24.0069211740584,24.474355647051812
2731,0,29.22593452552493,28.74365237839189
4114,0,22.747095194303295,25.587753798779637
8434,0,17.55035367843256,17.98484896275736
7810,0,21.751241872897353,19.672022363008118
289,0,27.280663131956494,28.000438193211263
4593,0,27.75363213460645,24.236832467643577
3931,0,33.44244719323578,34.266463215611786
1652,0,22.617302615766594,20.476751720095223
6140,0,20.604375261192885,19.650847165284162
173,0,23.5416223074147,23.920306205171883
4318,0,29.6808715655434,28.525430097790395
2857,0,30.26054305989993,30.671188279556432
3229,0,24.021370066485037,20.642882686384674
5103,0,21.547496721437057,22.08181372118852
1456,0,27.514231436340637,23.212615673735677
3807,0,21.226178172587982,18.524385136930572
7950,0,30.760423475597587,33.998577384289845
9899,0,38.18925530240921,41.849832709607206
2585,0,22.02029734956545,23.148411938711824
6302,0,25.3994809848859,28.783896218273917
7116,0,23.71036167326591,21.51802583637184
9886,1,32.85335655822775,25.578435801214226
9594,0,31.019297777963352,27.85600193747184
682,0,18.83523985193648,18.096182652963076
276,0,30.499956118325667,32.15524300328241
810,0,22.21331792116244,19.93882925409474
474,0,24.20522781115882,28.153851217229377
695,0,28.833362563221726,31.19685097961611
4494,0,29.782324852867028,33.25684822625925
77,1,27.646737588925976,27.538414360977384
7205,0,18.854666369577377,17.755728437962283
7409,0,25.167166681044453,21.735498525880143
9817,0,26.344143892975783,29.44051718675752
6469,0,29.67423982628953,34.871595495988515
1409,0,41.598914275695016,43.828183654866415
5153,0,23.3008182629787,25.568119922770112
7793,0,24.228846521253672,26.45261853431362
7059,0,18.71593485536449,16.58903932819752
6731,0,43.60798997949381,47.68902641330442
9873,0,27.262364795449415,28.972692027774603
1197,0,37.09849893939561,29.984108264604316
2385,0,17.100622766935516,18.0989587538738
928,0,34.09347086329851,33.72309406436145
3432,0,27.373020138799202,26.14477282117111
1932,0,28.39265744792642,27.325315534647483
6410,0,21.205354647805255,21.035350495212523
1851,0,27.820835512589735,24.76103361501525
2718,0,21.624657412639813,21.21251529241631
4110,0,19.855332632868038,19.681048925130813
8611,1,38.32693497043084,43.41644380551249
3333,0,36.74907293225075,35.35582906928442
9499,0,26.830761760007476,25.719977473023636
7561,0,39.0279682527067,34.43521820377615
8271,0,24.490636493594614,26.238042028345685
8193,0,35.45075042574638,29.20811831094341
6481,1,34.83158381325957,36.909844129640234
7924,0,25.004481815272264,26.36232713940433
562,0,25.899069695279458,25.62856669541837
1004,0,19.097309261044547,20.0988402183766
5222,0,33.80028516144472,38.46983718190258
9728,0,19.524134731963013,21.144731324801946
8506,0,26.544693230920995,28.32370381058741
3994,0,24.227715085606036,26.369198968696292
8061,0,18.76709332008367,17.51063551342469
2353,1,30.397029308462116,29.83843576341128
298,0,25.579758160492155,22.813991347846958
1162,0,34.72232821695547,36.54198301745976
4902,0,20.672592754353307,23.26906545905072
9346,0,31.558242282027095,34.08726070614801
1431,0,29.403695645257688,29.71180902721025
3300,0,27.910563823520537,22.887087420152664
6152,0,21.71106374267562,21.906245807992605
4787,0,26.297244303554876,25.116860821258594
1252,0,24.92866624983433,24.00055795711123
3913,0,36.361236708505274,36.955154021633895
1234,0,19.6436307310044,18.066627181547457
9770,0,25.063130031321077,26.643809866884332
1297,0,21.671623842314744,27.56697786273123
2088,0,36.13326481666433,35.22736897908615
12,0,20.222599895233813,21.732886357020725
2063,0,24.9303260798946,24.370113327136245
8328,0,21.959853879403095,20.90533417889211
5096,0,32.42575911464624,33.21371755978544
1325,0,23.26291311980012,27.253100301384208
2755,0,24.40605379917739,26.198601029827966
9920,0,29.501967522833237,29.22183608206801
6970,0,28.788872337530016,28.483342244757903
5955,0,24.532914219857023,21.645380002751217
4392,0,21.715640084307385,17.724194723107384
7785,0,19.366724590733508,19.996772831001326
66,1,54.814679769308015,62.62700585163147
2356,0,25.44369050737055,25.416407649229782
9,0,23.32174117377192,23.23092217184236
9696,0,24.11288798741102,22.525318986133456
8632,0,29.165453577615732,31.003757294201186
5471,0,22.978298179669203,22.25545609245503
6109,0,22.048957506192355,20.061662327735725
5379,0,21.6139155770158,21.557953093423112
2690,0,30.42640107061874,31.390971275105585
1033,0,29.16484390285767,29.068904521808854
2877,0,45.6375921966548,52.88956739961386
5739,0,31.008312740333338,34.20684524695085
7685,0,31.72105440941715,31.26358784626855
6872,0,25.20229708632783,22.70278545699071
397,0,23.56199271830882,22.521918616226973
4774,0,21.871735703175844,20.890380381785036
7770,0,25.428871109619397,29.76858452221179
3351,0,27.770928184623514,31.41363109393444
6352,0,21.44706197227041,19.914563683246367
7679,0,21.012441219215827,18.627941604968036
8142,0,25.9708729137329,26.012455646707913
2934,0,19.102230915668986,20.363012929913836
6456,1,27.43122089084981,25.70097289859763
2723,0,20.04411349300225,17.99023413802296
4800,0,21.156362631532236,21.210476211743405
4876,0,23.270308070433625,22.144506095329085
1685,0,28.17569961183384,30.625723901301832
2823,0,28.591654120035752,29.221053385999294
6292,0,27.302725092446927,23.930533125442857
3793,0,24.285857786063218,22.688004876305204
209,0,39.60795960417818,44.685007795412304
3948,0,21.858795117762995,21.047463333135372
7845,0,26.11673160326571,22.97353091640062
1296,0,22.23867723021428,22.546275768630526
1372,0,30.606205297656846,32.15284506521554
8436,0,19.383615038159494,21.695934191139425
8034,1,26.419131576233692,28.852056887097987
3591,0,25.215014203059724,27.79264464419193
1826,0,20.686541698800628,21.382466008448276
106,0,30.09191211466503,32.03221354036241
3396,0,23.209993331638636,22.202650632076335
4655,0,21.616330083482186,22.227083363830992
3114,0,29.7471431168023,31.38577695921707
1625,0,27.798873231797856,22.778997826811036
1619,0,25.500862178013666,28.824729296476715
6875,0,31.026528908744545,31.68109281017468
5053,0,28.65439386633753,29.002086895156264
3545,0,32.82606064263174,32.515945933280435
2211,0,28.167986278098724,28.490066836533554
5398,0,24.734190452050292,25.40013781657571
1086,0,25.288268672727003,26.121903500144615
7522,0,29.758868883362798,24.5538284797367
5016,0,28.2014470717047,27.14317280625207
2605,0,28.64223108538943,28.991286591342806
3388,0,20.470472544013916,19.195590842997195
4485,0,31.094937043372376,31.156272153813298
8379,0,26.475702515646486,26.869062856199786
502,0,27.296397969535544,27.970469405647407
4803,0,18.647933062008224,16.73746132560728
5026,0,28.769419364644907,25.82114388851833
7373,0,19.290445733397835,17.487881979261694
6370,0,19.71657101672394,21.234079009353092
4983,0,21.813915904778014,22.548914697714707
1342,0,39.28833291764267,39.26808073571961
8913,0,22.848347887650398,24.980530004125306
3896,0,25.082715190767097,25.214323071321335
1155,0,29.276197115026932,26.298719993274297
7786,0,28.304317335839148,24.719880191318428
6551,0,34.880905146549956,32.56834072920517
6661,0,22.49218464844999,21.803000313937034
7988,0,55.190527882444194,51.20025837629038
899,0,18.225777788711586,18.90168760519653
6547,0,20.970482222855168,18.247820913954023
304,1,30.66771489916379,33.329817351414526
2809,1,29.5698050145632,32.417166205015064
5616,0,20.665331136600305,20.354593838307114
6996,0,28.664982294234484,29.106067381313963
9501,0,25.560337146916602,27.438595772395093
3343,0,25.935685974832403,23.01018030465254
6616,0,25.494314828958007,21.302693429543595
6676,0,24.285625074362564,26.347642550742503
4820,0,23.723869761201904,26.28145309793694
3208,0,20.100056107603148,20.230809133675773
2503,0,30.292403408403224,32.4603193960422
6291,0,26.3980523119841,27.126419193354742
5147,0,36.20692891926643,33.487873334510326
3131,0,41.42318150000156,39.96584531355445
8589,0,25.66526743692403,26.66831365932664
3906,0,25.167989353205662,25.06133489358305
4417,0,20.06489177733041,18.52880016833392
8395,0,37.63672121145502,36.64654334621461
6914,0,21.869702815270333,19.535873856162187
6997,0,36.14111886053221,40.56225920647576
1519,0,20.9102897574788,18.521592546040175
2195,0,40.31214577651738,42.85209939472273
3859,0,21.521776809033298,20.05796911774578
678,0,25.745471157497626,24.388447749612226
3147,0,25.517813557242317,27.629010151717758
903,0,27.13477018679243,28.760749897038345
2222,0,18.63778295455859,19.629432527919732
3608,0,21.671368734856436,23.964919948987394
2711,0,25.33544403877616,23.273780141717204
7382,0,35.83442970995806,37.05285508385384
3786,0,22.488451615489762,21.258451917273003
5146,0,30.252332417154342,31.30755501462937
5523,0,21.243954414520307,21.023039441488965
8783,0,29.009008569981127,30.63289960765901
736,0,29.55697895149928,28.086670186633008
961,0,26.044785508198768,24.869514614829303
8805,0,22.97849818115713,23.689507749381338
7031,0,26.7709525938054,28.07048871563687
5724,0,26.148477508305973,22.047985230298867
2685,0,32.608915854682344,39.924816844547266
2108,0,30.67688989291275,33.81140013765338
4122,0,20.697982797116545,19.24921825700004
3526,0,24.953291692162832,26.501227343870813
7007,0,27.325916680540004,23.58835290390796
6716,0,19.231045730351514,19.380037461668664
4047,0,21.829683509135293,22.4155548964325
1122,0,19.240838812312514,21.204378452744773
1999,0,24.508974382400577,21.86915995069592
1896,0,23.634315477592384,27.032177319187543
8626,0,35.932088472579984,33.4967016234675
8120,0,21.604042431538986,19.84312376210693
8931,0,17.4146456569659,17.58059284543498
8409,0,19.217805683695747,18.28201418576602
1034,0,19.06620686237186,19.513126088177533
7722,1,28.367631670783453,32.2034408814995
1575,0,24.224876461864604,22.862080674292176
4168,0,23.115718395503972,21.210913245430337
8040,0,23.857542974234626,22.88611234314974
2086,0,33.48082204642296,36.969682487369774
8221,0,19.9683915954768,18.16402269790626
6069,0,21.249295042911903,21.70073720930524
2325,0,26.61477189138961,25.82522491025029
7182,0,19.604649042630047,17.459017360155812
3730,0,20.174656152230448,20.43215079502766
2256,0,28.35908510421998,24.991256592639324
8542,0,22.206240908117607,23.593272970171586
3062,0,29.749364529431393,30.437502021571813
7534,0,24.134940685471268,21.446286525936518
1736,0,20.353869214375177,20.377422577755137
5519,0,27.456402418865796,25.488613885196152
5136,0,37.552534888978435,35.686853110398786
8954,0,25.361154289948377,25.724054065575185
2655,0,30.844445808102503,34.127576724778024
1398,0,17.975707524837166,19.571002563716398
5107,0,17.777624528145488,18.33727225666125
384,0,59.27528972715496,55.224846284160776
8225,0,25.359433771271668,29.846415328238116
9199,0,24.092479769595553,26.902762084919246
4527,0,20.63906460643747,20.442420414071634
170,0,26.859961485972708,26.549596343866053
708,0,22.35315490824378,25.40527378086372
2595,0,18.109272592114262,18.84012689445877
1190,0,17.438531130746366,18.1201519321721
712,0,19.816336662727853,21.40081000748375
5416,0,19.347511540662843,19.26568859786024
7389,0,22.589090112782046,22.438475735669982
3668,0,26.474876884559315,25.131417703551964
1064,0,28.755393820069003,24.046355783174015
1743,0,27.78521072928542,28.48709898762737
9357,0,25.000316787087826,25.67351148808947
5349,0,37.78435843557004,44.80054579296191
1245,0,25.166128375760188,24.15440371654733
2139,0,28.330746484839047,29.112943704255944
8234,0,20.252848304482235,20.47862633115891
8717,0,21.687637204953575,19.10628029308801
8923,0,17.72158510285211,17.70009878717314
1628,0,26.650079263166823,21.92638725855643
3939,0,20.379529689233564,20.603067382900523
3380,0,34.41694655239976,36.57288268794923
711,0,22.32420306817862,23.663284073912276
8372,0,22.899050736945494,23.802947381437587
6179,0,32.38072347839421,30.027136053931322
1727,0,27.578714042597145,28.026579164755514
8044,0,24.191777724828224,25.44064543756943
1110,0,34.665502096653285,33.18851731678437
4051,1,37.43804894290744,31.704926157183273
9281,0,20.25589330468975,20.984294038895936
7111,0,22.539904232492024,25.58133012345388
8152,0,21.186909830800182,22.391108660766385
8547,0,18.526849961128637,16.77251562691828
4526,1,29.618641120319243,28.034351312056728
7309,0,22.509749087277303,21.756890496769795
2678,0,23.65145270413374,23.083680568007146
8811,0,23.65927827249555,23.194419470302382
9265,0,30.07213891835673,28.786517306541654
9220,0,27.028674192578656,23.848791926652414
6837,0,18.282833309979104,18.402350640787002
9533,0,28.83548179001601,30.809597692339878
9321,0,33.68275320892712,35.7566421262927
5133,0,25.868703001851312,24.050423700704982
4572,0,29.013324234381766,29.787170597984787
8212,1,47.99577948707369,47.264710365406
7798,0,26.56753823227782,28.692333657441893
930,0,18.343281279859344,18.265881627452117
4873,0,25.08882960913463,22.1641531459484
282,0,29.346818150943843,31.250289793054506
7710,0,27.18350935700669,27.090328120510378
1001,0,24.590694807581976,26.794643970963286
8520,1,28.0814038319798,23.59235566274075
4358,0,27.0712421152571,24.184331171294005
5262,0,29.405568934894454,27.113124805701776
6993,0,27.378200157831408,22.66850991328281
2442,0,21.07707810835719,23.325904528265944
8554,0,28.454424090194035,31.21669438401363
4297,0,24.92359406728528,23.819152760921487
5899,0,26.234820247881718,28.41337904644967
3515,0,48.00759360799703,48.65365515236207
8674,0,26.97916032500293,24.861217160238184
4240,0,27.625388112574115,29.49884821469997
1795,0,27.024590754220593,26.1426327942626
4825,0,28.33426079679728,31.102380533799288
3503,0,32.60662226541342,30.73843335879177
6873,0,38.093562470226615,37.070604102277805
9531,0,30.177450408193593,25.19330418841717
3943,0,22.384300342367975,18.607802191896162
490,0,36.056608983041926,30.278781701494985
4271,0,26.344879498394576,32.0380786719276
3124,0,28.14108794777895,23.641262864521355
2104,0,24.47568577153562,21.89763248044856
7301,0,22.797339684022774,23.581826907234678
7352,0,25.461188874728624,30.588688649939197
1848,0,28.855138997821282,28.498767425813384
7018,1,36.82117900449213,34.32887598586794
933,0,23.02388218338846,24.436108552482423
742,0,22.474462675578003,21.41642360212555
3802,0,29.443775114419658,33.11610487050807
7635,0,21.454139545482477,20.45947965161483
3889,0,30.932292130443283,26.58674925204364
8539,0,27.290150154750247,25.586307185104875
6659,0,19.018272719610675,19.92233713987553
2030,0,23.56905479139144,22.907869349449033
7290,0,22.825296650839384,24.737761738953147
6587,0,25.06052531102455,24.269954287689217
622,0,25.177665321607048,24.86214950767458
6803,0,21.489818021151084,19.260049445403748
4320,0,28.20864421129633,24.261506354122222
4817,0,20.354506405485147,24.749226863181136
252,0,26.37479556885364,24.5093158330809
1711,0,28.442762420169426,24.71197487394508
4633,0,20.708494700586616,22.375798019114168
5960,0,31.747744677886267,32.94895333940163
472,0,25.030963310293902,27.80756308475005
2880,0,42.24648972085294,41.91568870525268
6185,0,22.0297697570781,20.867501905061136
3537,0,18.231994700628377,19.524901134792383
9354,0,29.596260850478103,27.37146152110557
3593,0,26.368007968352508,23.34583023561376
72,0,23.282944623083473,26.41221494404106
2598,0,22.560611174956932,22.53662794439846
4514,1,26.099589983659442,27.513162836992727
2763,0,22.004474173426726,22.98152931377302
3924,0,25.157907585778155,29.109802125113813
4325,0,27.789170478736494,25.333929581637463
7506,0,20.39587815172428,18.585973406885998
9930,0,21.992795150209798,20.128329712769524
5784,0,24.29036640519495,23.84396078226439
8556,0,34.78933000439276,30.389163749001426
1498,0,29.29627742898403,26.401787383964738
8138,0,44.9135053026695,45.482071904605576
7331,0,19.23274301238571,21.560889583691978
278,0,39.13091009453516,36.157515519670135
8095,0,34.12707052838677,36.88788562545442
7748,0,20.09594333659874,20.546570524458776
6531,0,29.53974337862286,32.15575957779423
5438,0,25.183849187672777,28.425850110303205
1189,0,19.282609945748874,19.138416878314082
610,0,28.965781436089127,29.831139741319262
1639,0,28.048238875248533,24.06504722355984
1470,0,24.55294735739388,24.399694309073304
8032,1,36.61541086365744,37.112247381391015
4015,0,34.9218273845803,35.96117489225574
5992,0,34.22877835689913,33.98073173859417
8329,0,25.97221746329945,27.579011676104308
2979,0,23.32203992208984,25.18489324403451
8042,1,36.09697064875184,36.49695669830475
3246,1,28.163646699079788,31.835796224830133
3739,1,22.505993676435263,22.68703270387825
2922,0,25.289997428199843,24.947205068031163
3012,0,29.91542424668806,33.18703269268314
3954,0,25.562210274528578,28.26365004535047
9661,0,21.932725076600065,19.17568509250364
967,0,29.901835252001558,27.337903880769908
332,0,28.995577485997977,31.228823215608063
4018,0,29.440647160669883,28.263963098396403
6501,0,42.19914848701834,47.59926391362276
820,0,27.55405751866985,25.95223191975593
1601,0,24.99935695132361,22.839249116689036
8162,0,27.551126559073673,27.847228470661296
1343,0,17.424606973387483,19.511731099112332
2973,0,32.989528035189174,29.341037945844505
3638,0,18.12331136864241,18.883253276599653
2169,0,22.131946352434763,23.462460374345735
6635,0,39.18087463047543,41.16518992881736
3389,1,24.22273596042259,25.215051950294058
3763,1,28.569358821057413,29.364486351363603
2250,0,28.56598574855362,34.565841853008536
513,0,27.088702148824634,26.81781535994385
5362,0,19.697615129349753,21.3487962363714
3342,0,30.883334915404117,32.33497860233825
7730,0,29.222974930309945,31.953665974172758
1977,0,20.71981523753521,20.044040150989538
3111,0,21.332643805109786,19.09330488449044
2271,0,31.334749557442095,31.951469299574494
463,1,32.256707316725596,34.242588294851274
9287,0,33.77510349922129,33.159509187651594
9280,0,33.350526367033936,33.121965512331954
7894,0,18.250590270331614,17.51257516965585
5801,0,40.884473536969466,46.27148334889307
7023,0,24.878133843163802,25.40481827263085
9801,0,19.898902071401416,18.410503200341427
9647,0,30.32406143288902,27.551836511611032
8185,0,18.02856056590326,18.257529345153298
6455,0,25.928323892127047,28.25075228444673
1129,0,21.956102663681214,25.846182048369485
2209,1,44.16170563799402,42.041800405942205
7600,0,18.39853668012776,21.327858052590468
3077,0,41.55523774316488,43.91245695404841
6025,0,34.06898542856045,36.926039090220826
1300,0,33.516038212282325,32.584348071120516
9758,0,25.594959889075717,25.15802758907786
6127,0,23.513778143745768,21.956301073762177
8432,0,18.77046310806894,20.359140673703575
5311,0,19.195437539510444,18.22764024053572
5503,0,20.034025524571927,18.622053016408017
4729,1,21.09332381332976,21.490285844119242
9921,1,22.600021468401547,21.88761608025049
1326,0,37.184519800649355,35.16076211035027
8857,0,23.29323809655776,23.54471676961105
5281,0,35.5052877086901,38.59835831262687
9978,0,25.973964773788786,24.86430775318716
6951,0,26.054486847421643,23.409856013182004
5014,0,27.073424937769854,27.89619316375261
473,0,17.35719147648474,18.341125217126212
7413,0,19.693041325820644,20.909424906721572
3854,0,19.08704178173781,20.6529139014437
4298,0,18.25470457544405,16.58850341759757
5122,0,23.77765642129341,24.099416579989583
4735,0,22.603438986532225,24.296706818375043
1316,0,26.089869005479287,25.078944344399485
2295,0,21.86877133369511,20.813559756371493
9704,0,25.394140792378494,23.34043115497525
7406,0,35.05185180915954,30.8832885837612
2061,0,17.242222308124326,17.474271868965335
7568,0,20.605769506954502,19.61170520812922
6788,0,31.78392307518418,29.346723069665426
6422,0,23.009178601672165,23.609148350668036
6655,0,18.86029910567609,20.9191660388855
4125,0,25.47363205067831,27.17940018355206
1349,0,28.734977799052768,31.797121885944176
4904,0,26.11842945696344,24.91569779996661
3465,0,25.746947585688808,29.057333158587337
883,0,21.302990227690106,22.691651180724463
6119,0,41.8746924820931,45.391082256386795
1722,0,27.049356711825347,29.190364271135632
2079,0,21.66218253457453,21.38712740585475
1862,0,43.29553681477904,42.237652636818936
9095,0,22.31284574173302,20.304827545954726
7130,0,22.3845120085503,21.665485897249507
5804,0,23.532552617326235,25.359304327045223
8969,0,25.767355341525857,27.766604991723586
4350,0,18.52918295619437,18.670961348844475
8775,0,24.498287667094605,23.757259041667186
4500,0,21.257222345443918,21.33987907426868
7550,0,41.36464822959181,39.57454363119147
7571,0,24.413662290468526,22.496538979372467
8885,0,39.59593218911931,40.711365442122464
619,0,20.174346315613583,21.7798080590902
7314,0,18.379053790322757,18.226018461389582
8932,0,20.513882531115655,22.37191270580933
7028,1,29.954230581620028,34.33366463274193
5851,0,26.644076538186308,27.741981190041663
3723,0,24.306287935508863,27.815960727673005
1375,0,21.209192969921684,20.88816726078945
6103,1,38.68507582826713,38.32969076044667
7225,0,25.939882692177804,27.441933163061318
3941,0,22.105498992096,20.81205187352902
6820,0,26.281520303232732,24.022426486827822
7341,0,28.585758670209334,26.960260570924696
4929,0,33.24377302767886,32.4641146907383
8131,0,24.948436532447268,22.888590122970097
7235,0,21.626498526291186,22.846065738639222
2089,0,22.753047569095425,23.7078958338545
5752,0,19.509528736177373,20.448769375476143
3850,0,33.99331265707014,32.30024838833846
9536,0,22.188653040320258,21.292092790683242
8891,0,25.598469485793817,26.601476850416695
6467,0,33.19600385787551,33.23181023437135
3112,0,28.001146200534706,27.131619219152576
7714,0,21.13521880383273,21.031581146341694
2062,0,21.41791919330083,20.555323451807304
3778,0,32.67473903907032,35.711430815452054
7817,0,21.74233329296498,22.501405369335448
7089,1,39.25519871061518,32.944617183424874
5934,1,31.471580081353814,27.190207155688675
2022,0,36.90176691011266,38.8842492759303
5249,0,24.366323715521602,20.622078336671525
3245,0,37.7311409039643,37.469948095429054
7536,0,23.608794421489435,23.859555292233033
2953,0,19.78199793461152,21.704991308632923
3672,0,23.35803269013679,24.209630816880125
5704,0,28.638865839783335,30.055369567693415
599,0,18.198739954068895,16.698322820873223
4305,0,28.103575138449752,27.05412946876347
1738,0,27.085329690526155,27.45418014182346
536,0,26.410408679271537,23.268601672529954
6251,0,26.97072092007725,27.782121345592365
8990,0,41.22256034929873,46.98982675487603
6242,0,19.817423147714255,20.531286789849066
7271,0,23.1513858982134,22.60424437210776
7079,0,23.433784720904,21.001041649221907
8159,0,22.990207225426484,25.770958447070793
8967,0,26.502720813522224,26.226699108312143
2818,0,25.86948912487616,26.1141974907153
2337,0,25.495788179956755,24.481517606957045
8867,0,30.15850406968816,25.59885445827262
8399,0,22.76148777976938,21.69878099806119
5640,0,18.472640882076853,19.907505819919393
597,0,33.14890919340688,35.04617319757549
415,1,36.87252918872488,37.226926606106005
3839,0,27.027629231323857,29.349678209921624
6562,0,26.57567733102067,25.019703666793884
8625,0,25.68669861170082,29.262609557082197
2691,0,23.810928827955347,23.749899713925107
47,0,24.11082146941655,24.059862705200466
5592,0,30.538119356800046,32.76611179221908
8876,0,26.481709383678186,26.965828102878447
284,0,26.00563495984208,28.536323227026145
4952,0,32.109267322037184,27.580605926419704
822,0,23.156241087647714,24.09772829896923
1309,0,20.558852306536533,20.16746695443384
3792,0,36.2929583300895,42.76222706354396
7134,0,25.326845271806064,28.62257484675558
951,0,37.23735555849583,35.074659463510045
8708,0,25.948117516978517,28.037157051412272
5440,0,20.32823762862739,21.143824322671342
4792,0,20.513593379638827,19.265899624089045
2371,0,33.036266828799796,31.852966397337028
3449,1,39.16182240242178,41.32537691323674
7659,0,19.463762811853755,18.882341594098612
4398,0,18.94525973790075,19.178611484892695
548,0,20.267572642726286,20.936155452066078
5151,0,26.11622364254812,26.10819225440614
2553,0,23.095210626488267,23.102633734892816
7887,0,24.227502618285577,26.783856531299246
6516,1,22.938591270635786,21.336097771933286
745,0,31.73454319300888,31.506321411006358
6640,1,40.86280120581053,44.94388249174328
4405,0,24.945324976763228,27.23789407444125
6518,0,38.652751898646,34.93967037999439
5329,0,37.85877874422433,29.716787227579957
3762,0,35.09703088173392,37.275609931422274
4304,0,40.649876595635796,41.61959884727049
979,0,21.97001921518549,21.6985853289296
1272,0,28.39319540330874,25.183507850504427
7911,0,17.47050237589202,17.25946746398854
1781,0,23.616970417775928,22.637638825706585
7674,0,23.46553967276448,26.750098096144427
8254,0,23.091546756087286,22.492459281225514
5598,0,25.511346958060635,25.94751582721375
8429,0,27.440258205942456,22.76644944767838
6357,0,27.929018414527775,25.085927491952255
3405,0,27.43521383553833,26.347913449922203
714,0,31.23586547343148,31.436195597153525
5209,0,21.701088442319133,22.17474755427863
4784,0,26.736786942230538,28.4241467570864
2870,1,29.223757028785258,27.156728075778542
1817,0,18.36322514825599,17.088704670749483
3223,0,25.059773612000164,25.610701494323177
3100,0,21.055275260635845,20.521722330632556
8870,0,25.04187086624137,22.72280401686282
4955,0,19.45883350676673,18.56573420444244
3947,0,27.960242625923097,28.501688268904264
874,0,26.046120018957076,25.090455060085464
9935,0,33.34863004952588,30.67486253661708
3263,0,27.837397734689596,28.60102366356808
6824,0,28.431155734232235,28.47990029284692
5671,0,26.08221059596104,22.39786161909845
8714,0,28.854629735581135,26.74299821537617
3242,0,20.710049454374143,22.71974530021433
797,0,18.70197253658917,18.581704669870906
2405,0,22.72930643492725,21.025343176955364
7605,0,30.591298022008893,29.715691901964433
3218,0,31.667852784356537,30.011965186169533
7620,0,29.94202492380223,27.075304648718834
1670,0,23.620854686985282,23.593901071525213
3419,0,22.272488334581062,22.543271629454097
5290,0,25.19807220990763,25.487455603575015
5713,0,36.942261779095325,36.498130455213214
8743,0,20.696441411859347,21.514142393726612
2333,0,35.14185112920353,32.009623740136135
2155,1,30.320033317146972,31.517445867278166
653,0,26.676502218948713,23.44664393819866
9447,0,32.878977452940646,33.458589895968316
8320,0,20.225232256717682,20.890194214548377
4679,0,35.199237281823166,37.09653357667579
9349,0,23.093593006937965,22.676699763440595
8384,0,24.654979121557574,22.140270864838058
6497,0,39.415467604382386,45.417078351365504
1072,0,18.928708237752335,18.761073425379163
9676,0,20.946205775576708,19.791491622704946
3997,0,26.92018446933449,26.616342921600538
2070,0,21.081716313246087,21.654676848834733
1058,0,22.372177351724964,20.69014888939037
3817,0,25.159285524136962,21.618879918565224
5030,0,19.70946460569379,20.581922995698267
2619,0,22.558942406101462,25.75368624452533
2956,0,16.606852984459668,16.649795696436545
3682,0,24.18805306872542,27.858754374750472
4431,1,26.138406559174364,27.581052979500146
5098,0,34.42411486864858,37.177951550087094
2131,0,40.47937467464704,40.0825786325822
9619,0,32.55261046815611,33.79806694072674
572,0,24.976033809639187,23.568179297179835
9655,0,22.968409761079926,25.07816859828935
8887,0,23.248062928840717,24.194016929852975
7257,0,20.34484170937671,21.415208099873634
2885,0,30.485545264668772,27.68516710299059
1395,0,26.206010481023707,23.042802779324152
5732,0,20.82256440635125,20.900639897115862
3514,0,23.16286789734493,25.016753403950155
2639,0,27.927827670057216,27.271630517001313
1634,0,23.654456082618207,24.45946070049742
1020,0,32.386490124168006,33.935565015220654
8110,0,27.8227285232394,25.766477221137386
8681,0,17.715718192167607,17.971592348932553
7644,0,24.874593359799544,26.426152428007217
3647,0,36.66156298415349,38.59173214446739
1171,0,24.65580765247702,28.350410752681075
4559,0,27.585216484571774,30.650615292318058
5744,0,27.965204135448893,27.597385736832546
6397,0,19.510355013420632,19.682816050471644
4394,0,27.119275583643674,28.562939032341873
3413,0,21.165670211966564,23.3089783114062
3177,0,28.1435717611792,31.55260674810723
1105,0,22.41875352138999,21.296932210742575
1048,0,27.69421390455891,30.649695099485456
1516,0,28.60035768119765,32.47561159864021
1126,0,27.227063197886626,23.208837647879058
418,0,27.104870892756487,29.14367060084359
3408,0,26.813117968372442,25.710380075656055
8341,0,23.21940566557551,24.326492165894635
8015,0,24.86363161985599,22.583232023833226
7862,0,31.514966074185455,28.276877025571522
8667,0,23.239571520988825,21.510751184753786
5682,0,20.507700191842993,18.404834786102988
1258,0,24.606031981235574,26.830084444367078
6324,0,29.630612508285964,29.90363251770289
8796,0,24.89822890446337,26.585296347832195
4344,0,24.258792689214182,22.47800492481306
9097,0,30.725592829414182,35.250200335952414
5418,1,32.08737904929579,30.36055229165069
7480,0,45.67360030827564,44.342223284804774
9385,0,26.962150385085035,29.103183724609714
551,0,30.094785036165334,30.390688066624787
6717,0,28.56994149481366,28.28274795824473
1608,0,25.032146268693857,26.98558106883194
1906,1,26.00651218099151,23.19292043557893
3032,1,28.95798301558565,29.791441132905373
9366,0,29.840027300485932,29.465962372848555
2791,0,49.26448644766364,41.039446493215465
1924,0,19.838561156113258,18.188006982423495
993,0,23.4234114629779,21.5394170918021
6198,0,20.165865067688422,18.75440393304864
1201,0,28.515452491924083,31.253229862434747
4489,0,18.82932279145963,18.29775053663507
2574,0,22.231777987899264,23.25979846166053
3903,0,17.870962593395408,18.19060617968836
3898,0,22.28900817071236,20.555515867501065
110,0,21.443223472260637,20.322834670205875
539,0,25.544949234117503,25.720142748002274
7101,0,26.158508612322418,28.854256410647142
734,0,20.514297046386577,19.031222186766225
9842,0,24.115866619589767,27.10963078903993
7827,0,19.378755517544082,18.70946117832944
5340,0,20.64296405932336,19.36256509625355
8666,0,42.09007607536664,44.86741871450565
8147,0,22.695863191948458,21.104376676388565
6698,1,44.49574166384877,42.74206109735268
6959,0,35.195149130547975,27.926705408999243
422,0,23.175876862057763,24.299990849478064
5488,0,22.974749786316814,25.750680695230034
4509,0,33.657975232268385,31.181089603619768
6223,0,24.100030321887317,25.508220398867486
3024,0,34.79646827408948,34.90370676322449
5359,0,20.23474543938372,22.414259245993772
3816,0,24.25883018061378,29.192479690588065
9014,0,26.06643408329299,30.95188980361788
8090,0,21.906140256686633,20.712718060593303
2069,0,19.602712481517866,21.44569579962887
7790,0,29.701886181001868,33.080336154090034
462,0,20.968581038658453,19.56556637046444
1315,0,24.661304481464025,22.908708453038646
6702,0,28.91312111828322,25.414336935693683
7624,0,30.446338071631203,25.81899266516001
1657,0,26.649107674320256,28.094236988730007
7459,0,51.09008355597102,57.3783440186334
5602,0,24.298300225182317,22.680173774045926
626,0,23.98622943958081,22.902397496554805
9969,0,31.211611350176444,29.446509787871566
7953,0,28.59447669143562,31.756915692856808
7293,0,33.29125061271893,26.768350093533325
1540,0,26.325109133737367,23.92616052611995
8538,0,20.795500545080547,19.260269109078717
9088,0,26.417054987719194,28.287787611342146
3471,0,24.245716502456094,23.759271959218204
6355,0,21.80321563714552,21.401513071061665
8977,1,38.24180712350304,31.225617694641922
3787,0,29.319816933378434,24.345333927857656
9330,0,23.782928651395576,23.044494301576638
25,0,38.86956818774057,43.03275636033601
6708,0,18.232916912082878,19.69658547155218
5175,0,32.55318905011135,26.029959110482316
3625,0,21.402217886938583,20.310713949898748
9159,0,34.290323070700914,37.928943106784885
7707,0,20.037249765675654,19.810646481748044
9970,0,26.98099922340481,28.65924001604132
7280,0,26.6409814731189,25.59926782764732
589,0,33.4334760299285,30.73545722848259
9952,0,39.0415039656406,35.4181906453351
9472,0,28.190784332560373,28.694044283899412
5816,0,27.424076816545572,24.97542616498882
5521,0,22.89140306591881,23.93989308653299
1121,0,25.898554310121952,29.173488485693316
7255,0,26.350242113682864,29.767122208902055
3937,0,22.91012297981847,24.611012221578502
6001,0,26.759802021625507,24.333450908530217
7096,0,22.32572440871894,22.98592495285975
7664,0,25.675452397240136,22.93374654825661
2592,0,27.03675426914325,24.083943597887874
137,0,31.073338495678414,30.40179077242797
9007,0,21.61826249165033,19.41363499654917
2051,0,25.896685926532676,26.3699873322152
9547,0,26.188300724826885,23.730335518394945
4156,0,28.7294271169047,24.972682029599987
486,0,28.45410351620177,32.84028691170615
26,0,20.83230270983202,22.554421457612307
8642,0,42.88667354289959,39.3596310366371
2933,0,19.182655831960215,18.77384218477883
8937,0,30.644526027239422,31.943066893779907
4372,0,26.698817631138756,27.47976516374856
944,0,36.06306302044304,31.64487917592524
3596,0,28.523042548812423,30.04161815504463
4218,0,25.961352192171645,23.488523750372313
6495,0,17.353947311721875,19.191300695633423
9044,0,30.219401698069728,31.03922416881632
7483,0,28.28262543373776,28.862511783836503
1769,0,25.929318169056913,25.76582119161953
8677,0,22.878066321902516,22.697241809782366
5991,0,25.543580478057677,28.078309442771854
5534,0,19.7991313851005,18.83764781088389
4640,0,27.11152476021855,28.715987766501357
2580,0,26.40815273994348,30.1520599865586
2983,0,27.89634412914053,30.629136717936984
4286,0,17.2640280512667,18.22063448393488
3622,0,33.42413825185707,33.09832468192402
7241,0,23.950362541539285,22.441832096632375
4808,0,24.039834745257505,24.68278353074043
2928,0,20.391611610340703,21.138840333956747
8460,0,23.801675436949175,23.24272758274018
9537,0,21.56648510602757,21.348270632077288
5342,0,28.114102391350514,27.904191035694254
6343,0,28.35620508588097,28.960082109514943
4123,0,41.366077469298496,40.440960069920415
6796,0,26.087922808089957,30.296481786385602
8592,0,23.73289737294217,28.101054934257714
7500,0,33.761577293053044,32.85000301054355
3740,0,19.385446755777732,18.772904786562954
5017,0,29.494196771600066,29.09135372962951
4364,0,23.876491714019714,21.866466395565805
7353,0,23.975713661880825,21.156181854899074
705,1,26.52802503846899,31.429650806419676
5800,0,28.391006623815098,28.930686573354155
9553,0,25.682588923639532,26.009736857727844
6868,0,35.2416057538055,32.634927789236116
4366,0,22.445034216879463,24.664873723093173
7127,0,22.992738462770344,21.918961930987756
8336,0,36.6706931406028,39.088894362121714
220,0,18.505205951004285,19.433084787061606
9761,0,29.122708070836556,27.374048442238905
7051,0,27.04102150403936,27.12934375553945
2188,1,28.329171427187532,27.62223564265465
2740,0,18.149611311355216,20.072239593836677
8099,0,24.05869663889944,25.24384765531957
7432,0,26.85229082979166,27.592723774708627
9838,0,32.76960101240597,34.79795906699153
3550,0,25.68486852954419,21.633738853421022
4737,0,36.20377331984513,38.01498736959971
7388,0,34.91907321111569,32.42147798317658
3160,0,17.39538614414887,17.246421643072672
2555,0,26.42654332315092,30.509982798267714
7614,0,22.066664186401756,20.57226131785932
4730,0,29.867357016627736,35.58778140637018
1414,0,29.140060955923197,27.58488748666665
2647,0,20.47192417638575,20.47962086683545
205,0,21.589319328867173,19.904806908212464
6757,0,42.994847994524996,39.95467486900503
7813,0,25.059229161347346,27.302391605248037
3021,0,19.422586388021074,18.182012030719704
259,0,42.11603131911453,47.51325686138244
9629,0,18.50319579780751,19.372638766268157
1286,0,31.947365405828002,29.58114492711237
7294,0,38.10767176651125,40.97271721433398
6054,0,26.928658672484687,28.667017833625653
5623,0,20.39837622916159,17.911033273510316
6962,0,18.6310200285066,20.13226436445564
8630,0,36.15300072373781,36.069379425884435
4032,0,26.81815174194406,23.500695342978972
3547,0,21.8262074561032,21.584739249747912
3559,0,20.432646575210246,22.969894460200482
7338,0,17.01429715430093,17.377017350928362
3330,0,35.23393826302755,38.7772662854032
2479,0,22.678248411584452,22.113300907950407
6793,0,27.815272535543038,23.516929759857277
3693,0,19.80708238150479,22.744903833879693
441,0,19.305642715297193,18.57075361462921
4,0,37.2206420800866,34.026031457729815
4063,0,23.847240569214225,23.74763862993915
4184,0,21.342919528474216,22.40233968004466
3157,1,33.78873295921588,34.12080746869445
8958,0,23.812491431335687,24.18315829437763
4651,1,26.56174483590121,27.081445034932226
2102,0,38.07197751309522,35.70411437859082
151,0,23.089580570118837,23.332408949218006
7449,0,21.617380577618853,19.00947445124631
2177,0,29.488400362794348,32.722205419690006
962,0,25.312192189111155,25.882539460925233
2186,0,23.538576543102735,23.690899400465344
3842,0,21.80494988726229,21.89589108194328
5852,0,29.46670884765494,32.96415237851412
1453,0,24.124643180082284,22.100545549860918
6265,0,24.142455049576768,25.190487902750696
1149,0,25.500085053455233,27.64524743269297
8929,0,23.869958475382706,20.125330982267986
9695,0,28.25396115680534,29.147637503746317
9686,0,29.222151919314197,27.62601969915488
1457,0,32.10131618758761,32.309273325941746
426,0,17.330567119064785,18.699932343195332
7494,0,29.933010673203544,26.716579722063337
445,0,25.974232930703536,22.8857628937055
5387,0,21.99880047172741,23.62380476807925
9732,0,19.40381021996041,19.89060479146406
5170,0,35.82410953952517,31.206278563157063
8165,0,26.041098670975465,24.059127261497743
4199,0,17.903528469389844,18.41512204442174
5083,0,38.48824734775516,37.260678047217176
9312,0,31.547263862268967,37.069486826121945
5883,0,26.26746947803123,30.406576509834924
4132,0,24.88704068197123,29.76792330675627
3318,0,30.03980276788981,33.78588001126479
6046,0,29.389853500535967,29.395359589356453
9169,1,30.48804214797181,26.956627902191954
7891,0,31.331592009902838,33.6064381128835
6667,0,32.85737194458385,30.474899169586784
7005,0,22.012826650567323,19.468376382772075
4610,0,29.30005612069836,29.21724745714002
9328,0,26.4120629047487,23.384986170151624
9072,0,23.44513829778696,26.819224361434568
1246,0,31.403305762198272,31.18532390524836
2394,0,24.298114905630595,26.427244444328277
3239,0,27.157876057353814,27.113216978952657
5283,0,25.88333140539256,27.615450526691394
8365,0,26.719119448051742,23.435040339019444
1984,0,20.470908736816508,20.636558749041964
1140,0,26.6258438280219,24.993275440805746
9390,0,33.563589926375265,33.809486819885734
8550,0,37.578912093798515,36.94329232929289
2987,0,24.640642155322634,24.801989975324236
7455,0,28.101027935040808,24.77997648066313
867,0,39.39728165129061,45.513512739598696
3511,0,19.77131513766287,18.306555379624584
3606,0,20.07433628965567,18.603922765309477
6664,1,30.984905864772845,28.74426082757366
4060,0,26.2531062668237,27.570352203348918
7889,0,20.318990386152365,19.462705343124792
7989,0,35.652398081208574,29.531522486652815
1387,0,25.20281662243636,28.44716784882648
7758,0,36.848140489875014,36.49701755869503
3835,0,30.19154141557685,26.18447507246775
7400,0,17.738189984387986,18.210216889725917
6090,0,18.19758225463724,17.654393251824878
7566,0,42.78831959826834,39.08779407014415
1616,0,19.825815634964993,18.08736632307613
5204,0,28.669730031741466,26.515812180021165
8848,0,25.769595431498146,25.93933028991514
7751,0,22.955504720152028,25.106499073696476
2683,0,26.179747576626003,26.808690280997194
4505,0,26.05318948549379,25.058681520255277
2936,0,27.79925404780131,30.570896332091085
8046,0,22.44229740651117,22.33851674828561
5525,0,20.357683440380363,19.300773849110055
4399,0,37.40770285113965,31.65838481278763
5052,0,44.29394843130857,42.71967147430857
8382,0,23.2180034874219,22.844655757804045
273,0,30.025866469111065,27.999123242412132
2910,0,31.672525240634233,30.890310713959092
7357,0,22.263737610188716,25.12546876836488
6462,0,20.23976175957887,20.27466401539557
8392,0,22.518321579641974,24.967213598469222
6686,0,41.347592618432884,38.939639363507055
8480,0,20.96951834828539,19.434463268791816
4008,0,24.11239118329927,20.564203440263952
7463,0,41.18091092698303,46.69510947606869
4390,0,19.867404142536166,20.557456130141848
6849,0,25.979056023581986,24.962150931883272
1544,0,22.057726808278115,19.5416767260493
9627,0,22.82120989787731,24.844969093408558
9982,0,32.65196422176683,32.95620050490929
7008,1,24.029747863853196,27.861093002659178
6257,0,25.958469935909854,25.712148832354224
7405,0,24.841107424990813,23.214013114697728
6840,0,22.740541072995686,19.21909656114906
7864,1,40.34841457209867,37.86798032850937
2963,1,31.097115055184734,30.167995492275168
4198,1,50.41453272132814,54.88336159568004
7253,0,20.615957067861086,20.688171964681494
3616,0,30.67058586669071,27.694226634764696
7048,0,19.454624007758913,21.46901014295582
9434,0,35.295240851810895,39.88086210581697
9733,0,22.75896056990444,25.1191737194708
9415,0,29.30893477333774,28.01937232017836
1586,0,28.85774955697783,31.692847642565695
7964,0,27.520216635407603,27.736231763945348
9074,0,19.87315068568053,18.87098836630991
7464,0,22.26127147458753,23.662951606770577
9283,0,31.00470313743534,30.876187965510677
5918,0,33.9954889059574,30.695810491057486
8959,0,30.21262970696893,28.551230789832683
9682,0,24.633852425470394,27.378452886456206
2608,0,20.958992894821353,25.107861472773365
7754,0,22.62362576883756,24.104945501047617
9926,1,38.324407968895585,40.34486510993181
154,0,21.40914039822646,20.6023265964997
7608,0,23.721816266794068,24.10806032421932
7482,0,17.604218722022015,18.74819352645996
8362,0,31.369240273812274,33.501897460953984
4424,0,29.673608319607254,27.65317430419771
2377,0,38.75016487396713,38.2511090699284
5475,0,27.84991337481856,29.056545567259885
4978,0,36.14245859679035,33.55940164052811
2736,0,30.31777989210859,25.876853562426113
9261,0,19.51750515978187,18.806910704320572
733,0,27.633227410070127,29.200650773048864
4550,0,22.711624870785975,21.16423521639725
1485,0,24.81414463402465,24.683313220940512
6061,0,20.848169068363955,21.3253559066191
8859,0,16.72635094889815,16.63365423491914
4882,0,23.916413660922277,23.14377568694549
3260,1,28.777439770116292,31.79840690809212
4849,0,20.4607834758061,19.953102717499537
2105,0,21.969698265579684,22.3547844839461
7847,0,20.952791757371163,22.27657676319043
2197,0,23.811391372982403,24.6468945214194
1808,0,18.34689681491983,19.524479265763613
8668,0,36.39142741415028,42.21742684913779
3861,0,27.501957195286334,27.014361135135495
5310,0,19.257145022624158,19.725940422725426
6590,0,27.61731223845208,30.421581852005637
68,0,23.99218053067818,25.698252913523664
2841,0,37.99228847441046,37.60651278803724
2654,0,22.96442564094411,24.22380355859756
7401,0,42.605065289014526,39.158426449194494
3018,0,34.55818798166088,37.11788551265629
1750,0,19.977659841017747,20.592324607241398
6831,0,27.085930713187086,30.19629863495091
6391,0,30.339744044771496,26.673918162530548
4636,0,32.34578545722883,33.126938777370405
7667,0,21.126196038728526,22.705129185543953
5419,1,36.36122981450361,30.09449995918327
1125,0,26.323281686820103,30.537653537007603
8387,0,18.222307934710923,18.384004875211474
2975,0,22.69626214704993,22.841661474581834
3117,0,18.825289690407175,18.894669119844465
4588,0,22.747337215046812,23.28173960556225
8255,0,20.039306471435957,22.942891991094935
2045,0,22.901836338090494,19.83054340446488
1661,0,28.63723560955789,32.403568561295025
6792,0,25.982596790468342,27.355412251748895
575,0,23.43890814416742,27.649706932083216
5224,0,36.621122466614196,37.21802067449618
1731,0,16.948002325693704,17.479339543227717
8934,0,34.423561234746934,35.47042067996575
2146,0,32.23515717395784,34.212500070590124
1716,0,16.64407050409106,17.29143373736369
5239,0,25.460689438199097,28.030042478829415
2164,0,44.15437964394253,51.19220111073797
1841,0,27.379530367076256,24.65322755336974
6699,0,33.46257907648206,34.76816931229579
3769,0,23.664883321482712,25.145983640408225
3152,0,29.547616036215356,31.225661368351712
9478,0,30.51003160338058,28.78855338544537
3978,0,44.417086374090786,51.27144084140031
8269,0,32.34906193113479,30.874499432854833
5134,0,39.21978757418273,36.21721896104465
75,0,25.399520229363468,27.240844969828906
1421,1,31.23133113380629,31.95697269840234
4648,0,23.509493380837277,26.437150966017494
5401,0,47.03495793249599,44.58742038979872
857,0,24.04185596201745,23.032854628388957
8210,0,23.08498161112214,26.63130480013639
9509,0,23.69899097189722,23.240087531428493
8648,0,21.549331471220547,24.506935428325306
4743,0,21.550340537782496,19.939044964869105
7114,0,18.643561180970725,18.54438810129806
8788,0,31.091530908668737,32.70141199705274
1798,0,22.186823585085577,22.08090016101992
3934,0,25.427401514765986,28.361130275817807
7066,0,24.976251437363327,24.900011713322183
1175,0,22.825036169140617,23.571894036866823
9037,0,28.56312302887484,33.448875824724965
557,0,19.831109510795656,20.052325659139203
3957,0,22.541987543837934,22.48250911191424
1596,0,25.395725168075344,22.511583087841647
8720,0,22.885402413335576,20.803032828576683
1559,0,32.98517382605444,35.1882030938938
6674,0,31.370455684957562,33.344812429017225
9615,0,30.75182534495822,26.62431065600673
3508,0,36.35410863854949,31.27646157889135
7826,0,27.175874764021646,27.73849274420422
8284,0,23.34037290131604,23.546230180487083
2373,0,24.834848570358783,25.3833973375355
8468,0,31.512614257710545,33.92024092066987
898,0,24.710833277676027,25.580988100557256
9022,0,29.29139132850277,26.32471170232348
8072,0,22.54314758449713,24.533413224992554
2172,1,21.675045699739663,22.5360575374788
9664,0,22.39517102311859,22.02738990216112
4206,0,33.16208905086453,35.84658033425031
3815,0,23.549224263336747,26.549629166260488
8768,0,30.547950618318932,25.176912842356614
5779,0,18.732615550997416,19.21331358089869
1276,0,35.566518229285386,40.53241703368779
1562,0,43.49614437112033,39.70994180951974
385,0,26.100570507921404,23.831537324549892
8317,0,24.284025730576985,22.34671699042765
1135,0,23.42237434483128,24.912382077539505
2106,0,36.21264706909954,29.49109040725795
6783,0,28.023348708572453,27.9408442353045
3473,0,22.543401606314166,21.557118305533074
5535,0,30.278013517797195,28.35166346177862
774,0,17.822364723939025,17.731254629997288
7982,1,35.04897074461635,33.196363446415084
3554,0,19.82349179952633,21.447361712226392
6561,0,31.681173509861765,34.145827870514445
1768,0,22.974470663350054,23.943801094838875
9738,0,29.66556715947407,29.350740143442348
4819,1,43.02794859256519,41.89812515526008
2435,1,24.010940227016775,19.109849789160375
4329,0,40.234130827402616,39.140040826027175
9829,0,35.780649530016646,39.43371851295035
1886,0,26.709756979938952,27.72730532753692
6599,0,29.291609027730942,24.389228978799625
3873,0,33.46241558441971,32.25972276335229
2715,0,42.30938297213354,38.55311419754203
7175,0,34.6970143850686,33.94460506720628
892,0,22.367185296041345,22.829246888714994
2303,0,20.594998389182127,20.385604702823553
7073,0,28.20771903881568,29.869930575609622
6445,1,27.284387209191408,26.138997858177074
849,0,30.097521058881277,32.046934120552585
4569,0,19.056224619933047,21.310073896710822
4583,0,25.09747808859502,23.046547577325857
5890,0,19.971202889054553,19.64281365487241
3184,0,22.842043270122662,25.590127918824017
249,0,27.029556364508867,25.24773019249598
6634,0,24.65677445188679,26.461436350175756
9774,0,28.409921300678473,23.74336559500956
8651,0,34.590675906451295,34.633423653657076
8575,0,25.900964178702626,26.696956807477147
7365,0,25.64941269873433,26.446787621026974
7346,0,21.407993875685538,21.812502816861834
9171,0,32.17801879180452,32.0435040228876
4973,0,31.124859778088425,33.426118495197464
7711,0,19.289520304607407,19.448359789593002
394,1,29.941988796789094,29.02747491924477
4155,0,15.662600245552866,15.378356315404721
5384,0,25.391834511726458,25.591810502508608
9329,0,33.90861945207707,33.92847451534553
4360,0,21.883694169420487,23.032488025401726
9517,0,23.34119390611985,25.146735397549296
6325,0,21.327141004769384,19.24530939188606
3752,0,36.14811946281538,34.82392313636465
8852,0,34.4354051151011,38.51563272626116
7061,0,22.52403937477695,22.624310580897927
6093,0,30.72168359046655,27.24239961519279
906,0,25.028796957822912,26.125114585702576
1646,0,33.15670124636258,29.145212734746558
7573,0,31.187202296964116,35.20950142720152
2792,0,21.42432794641459,21.570657694083643
6366,0,25.184009574415512,25.305128036827256
3977,0,18.18655941563606,17.794193160778384
7156,0,19.52507854439525,20.217659134237138
322,0,44.551497514433386,45.0645980601126
4562,0,23.916954703113305,23.20406672602762
2917,0,27.280091215273487,26.00967637806454
6074,0,27.957425111269607,31.011176483093088
582,0,20.233382857830165,21.844480669058978
3595,0,27.44019206169691,30.76912319073678
1927,0,27.8666996812079,26.10485290326751
9464,0,22.354060755168305,20.21740688905223
2569,0,32.94584171113065,33.48835226270688
9068,0,19.42459688307903,21.17412522097794
8925,0,25.5566779922238,21.814843853220474
3814,0,33.6523569751725,30.90953515106964
2383,0,38.65839232578657,43.0081311278538
5045,0,25.87442925051159,23.962397947986545
5897,0,34.10999327645487,36.12144504450046
6642,0,34.03191941175646,39.6787026352438
8712,0,35.02045189055354,30.76535890269322
5839,0,29.7370184845514,31.746119359558307
4035,0,29.624163393639044,29.313330728952035
4898,0,25.149830939724758,28.86779656520158
9812,0,26.70696555776536,25.628617998213535
6162,0,32.02752695825956,27.207936707050134
4026,0,42.35440742090854,41.40296598755202
7928,0,22.56977770970506,21.00206249494927
435,0,25.33928476849922,27.98912091605742
9601,0,18.762230138644156,18.747158851339815
1757,0,18.034050603660727,20.325485098782828
7418,0,29.412008395887895,30.51778240230984
9146,0,21.05621518055771,24.083512522671665
7505,0,26.247631017602398,28.11384684154691
7386,1,25.84209866162827,26.207273520609036
3840,0,25.913408277396385,23.64786256684685
7874,0,36.79449973696587,36.004784210445955
2964,1,31.798577884586408,27.06944508327771
5578,0,29.37213368292368,25.055853569220734
4981,0,25.998923314737667,25.61706549761732
4888,0,27.88720070240569,21.80476631808943
6394,0,31.611028399425276,36.366203183845975
1462,0,25.549051122490482,22.61720221869227
3425,0,23.992132283791562,24.30020391327514
9467,0,25.977244371272725,27.917420885016757
3279,0,21.913998777680536,23.294305846685422
7969,0,30.880216171404918,33.60129072250932
7970,0,34.659525005379315,34.14473119218308
4448,0,36.49877138261863,34.293056323203494
2951,0,24.556668378237024,25.006861475527952
2601,0,24.990992353635168,25.712031667344892
1921,0,24.003276061405096,26.866456750088453
6580,0,25.781167987461682,26.924246275169192
8653,0,25.636853127858412,25.36377493134205
9958,0,27.236357840681727,23.49040038476946
8070,0,24.65400179335375,28.407792829619392
2505,0,21.943213032921307,20.026383905855333
1682,0,20.307125639799768,19.62425338500149
1073,0,31.92184267701601,30.727032492098196
876,0,28.139330275442997,25.816555224456625
520,0,16.88099752701761,16.54872004721689
7577,0,20.548786956028092,21.271120088272383
6084,0,29.442309102872574,25.487034910512016
433,1,27.541579473864207,32.85081239992671
3255,0,32.99093133627978,29.409522921057064
21,0,25.365115058984056,27.65822567572898
8156,0,31.110780018517996,28.428640891822198
8416,0,19.83858643615543,19.976326860153357
1893,0,30.744537070057017,32.013603657698944
1721,0,17.531238355292686,18.210206830798374
1954,0,21.99551590222648,23.903478410427855
9851,0,34.15120616377998,36.78473802325866
577,0,28.55932137260639,29.729507375435297
5775,0,26.83372387473242,26.347734176544364
6606,0,30.204352798846053,29.20226320175405
9056,0,28.57376388366699,30.053406691831437
2039,0,24.9764006517749,25.681250344552375
2301,0,20.32766501189916,20.643822383861195
6283,0,20.700622326068824,20.836851790539654
492,0,20.54141972165142,18.66050815471783
7128,0,41.53006064101866,45.52707453660491
9178,0,20.702493585795867,17.701828187283684
5411,0,23.08808633301816,23.00697958676341
4296,0,18.434403003152724,18.25838892898576
5008,0,29.64027534038245,31.034261685244907
9796,0,23.594067137060904,26.476322855277527
8608,0,29.01206998112992,31.426522686923125
880,0,21.04297664015968,16.942558806716125
7699,0,25.974773157020397,26.114592026071648
7956,0,27.40801160643354,24.2742950412534
1407,1,28.227555513841878,26.832766437745406
4692,0,30.137909205392464,28.785776475144903
8755,0,30.732337687219292,34.345944339395196
527,1,36.5343272954576,31.603206556442895
8182,0,33.75654035877724,36.842559495215994
9391,0,30.17063770479237,28.17317473671386
1282,0,19.377605441300062,16.53330642164654
704,0,49.686571792113696,44.54403478268266
386,0,24.80075235863671,25.150734532707116
1359,0,23.71883956027085,20.500219009918123
6906,0,20.781568179706376,21.922413246809757
9078,0,18.566971871101057,19.947710125180343
985,0,32.43137434712158,29.533194476643448
1308,0,40.110708314617995,38.13576441025857
1336,0,20.88188590723437,19.77026390273714
9457,0,33.20916771105959,32.15268525537836
6311,0,29.09054294458757,25.948938638790953
830,0,27.294096694855522,25.55586326117913
5922,0,29.27301969428354,25.671102940944692
9244,0,25.26045787057417,25.096803741008934
5557,1,41.80915914353253,41.741424106052364
8187,0,19.306855402558064,21.2235081744392
9599,0,33.36988494397776,28.794740044113595
3003,0,19.13810508872042,20.5033944175135
7332,0,20.835248161578974,19.177543378311064
8780,0,29.617767097647143,32.37196275640611
3627,0,18.93471959692198,17.403265559325806
5860,0,22.72331515764671,25.73760215126516
7579,0,25.20622077003118,25.93774072840677
468,0,19.956109155646406,19.07388382007237
5347,0,24.47163500757884,25.2316448221896
167,0,24.482425590598833,25.018122750490043
5683,0,20.200929379303982,17.849201000587694
5848,0,34.793429640333635,31.49327284435907
9084,0,17.887873698749928,19.998700333233053
7958,0,19.483784129623796,18.35337911691506
405,0,24.25056551174761,25.947827188584732
7552,0,20.157177810472003,17.558916499383052
9951,0,31.52881563056137,31.816441590907917
6080,0,17.463023895048632,18.36805269926943
2083,0,24.400146296761296,21.723043168496847
4248,0,22.87990576769897,23.524900452557567
5834,0,38.07713588865934,46.664904795582885
5765,0,37.1738676783218,35.585053107696076
3919,0,20.899444151825016,24.412489358404823
7767,0,22.612959689470866,22.809266033570324
4521,0,30.34859596532457,30.712238775651734
1374,0,23.09756006758903,24.86715947561497
1025,0,17.58513308855197,18.140172769887798
8979,0,23.052234505673432,26.589845973116446
9323,0,31.446368359800573,26.787517684278576
8893,0,19.363556826251003,21.454688106762624
690,0,25.571837573268276,28.851298207622868
8496,0,23.565887593867533,21.778197799459225
8396,0,27.746361202265994,28.88991274585747
5731,0,22.74521319063637,21.547979754405286
6882,0,29.913241445680708,30.865520174373437
4624,0,28.2228699201559,24.593506183528714
7556,0,31.13944009068601,34.17488197430845
8618,0,33.627877717162555,34.66472954626263
5560,0,35.05736004646656,35.4159280412284
1880,0,18.24655337656032,19.480115946141268
2831,0,34.80622232014303,30.47339937072534
6574,0,18.958721483574987,18.952995148421834
3267,0,33.15708279406808,41.082911615598114
1317,0,33.0146525715947,35.79270594021358
4140,0,18.021517591543695,16.819382159762256
2052,0,17.942656188837887,19.319888441880426
6589,0,34.58807171414166,33.4431300426356
5584,1,27.124370856381287,23.787905171610642
5486,0,23.65985445948169,22.547030703674075
3109,0,25.243962323320257,28.363151121702895
218,0,32.62655651626738,30.793772540027472
1128,0,31.26619181401874,27.68491446306876
4578,0,21.813248086872452,21.444545300899456
6417,0,25.920755225730737,24.901982655224256
2998,0,18.42462860523404,19.04266106653694
4459,0,21.489623223088692,20.748708960152243
8610,0,22.28135611565955,22.589256279569387
6310,0,30.40548119978289,30.494998231291177
5513,0,36.76560329258559,33.1321725316014
1333,0,31.839937735087027,30.79797987435397
2556,0,27.53373082808751,26.045109881633334
2243,0,25.33191322211715,21.977743758470627
2452,0,26.0036993967345,27.085020287845936
6308,0,20.380232548797704,20.206269444141785
4002,0,32.71756894726518,30.027178118651012
3888,0,23.912877587686197,26.430790221915572
7377,0,22.753655477006422,19.75902132667295
8163,0,19.88528310450704,20.515133901059766
8881,0,21.55464165201508,23.52088487593202
3887,0,21.070761711317896,21.96057974131501
9773,0,35.63751994187694,34.86278310398002
7245,0,24.234415045961573,23.86635102399132
1307,0,34.851940301997246,36.58546329897413
8039,0,28.072819868831438,26.13182237650799
5977,0,24.12779673740652,22.846504036385817
3866,0,25.47661447591914,28.185816114883625
5241,0,29.850820796048044,32.61187664177855
1973,0,19.154432511132224,20.783166788028822
6258,0,21.319619889749177,21.61377250250078
700,0,25.973281370742477,26.244596714193314
2673,0,23.296169710300475,22.11969050437203
6328,0,26.93570775400764,25.781523395104273
2110,0,19.39169535697693,19.051455625950286
9528,0,22.225981790359356,21.676653483059056
3483,1,26.22025364586592,27.069080587724418
6297,0,18.38400663223895,18.87069014946407
3361,0,28.603240171730658,25.354783711765922
2696,0,19.72632834528475,18.931576228095075
8759,0,23.301302806986218,24.45685741515728
2695,0,26.94823601618129,24.045892643997195
4205,0,22.386755492807005,23.457632007942063
5946,0,27.860617758820226,25.142843038207012
1669,0,25.669235987628394,27.42945154502214
5757,0,28.58973595511501,25.338644925530627
2166,0,23.567080242846146,24.57394705134745
6112,0,17.936297611213885,18.11261374079698
2121,0,22.14437093428093,18.597142063802433
5055,0,24.969473329610434,24.68288750181456
9412,0,22.647518038816333,21.31491137267562
8974,0,22.41390154175431,22.068204758227285
1796,0,20.202629654361093,18.8145961125316
3980,1,39.00565503770753,38.275862621341226
6835,0,25.546005061835256,28.867133816866826
9353,0,56.88983511276083,51.94527402080198
6027,0,27.651145568098897,26.97576327090069
7471,0,24.455430431835605,22.45342206243056
7694,0,22.44785415185293,25.163009334620778
9525,0,18.20183264563338,20.93086797436953
3692,0,21.51032734643231,22.43737744752273
1321,0,29.17274669339063,29.705698523877935
9985,0,22.53601073572348,22.969181473832254
2488,0,37.691226370440575,36.10449542131523
6777,0,26.684594001919013,21.882263703704094
6629,0,30.401540491268673,31.2526886876678
2352,0,21.418584270259174,19.984643590960168
7842,0,20.277545146129903,23.625503716297935
3402,0,26.071213076124035,25.732353468919946
942,0,25.31699812952283,21.709440336465885
9532,0,28.132349019536743,29.85212514579217
5111,0,31.119824848750568,31.294230721789432
5631,0,27.140395119721273,28.230357454180105
2682,0,33.046843104542525,36.77774958070006
4536,0,21.782355622645373,20.076110201724788
5969,0,28.551153722897485,27.4111024264645
3864,0,22.281089040596672,22.870782421086226
3935,0,32.564084620239626,25.835908683633118
3737,0,51.34206424904521,42.568518911761664
1712,0,24.704708968140316,25.78054051624918
612,0,24.71039687585398,26.455305838293764
1908,0,32.30167836369887,34.321442338706454
7204,0,37.67615059434311,40.93058040912513
9981,0,26.342532426891047,25.16173279194669
6157,0,33.49459690889831,36.66979774161609
9548,0,26.67813247002104,29.252551343978798
1847,0,29.281408030588953,31.196052997479978
8252,0,20.350943550169927,19.00363300613054
440,0,24.568449141986672,27.59628262787668
7265,0,32.406517705279,32.546640209743934
379,0,22.65153050024829,21.947127337222092
2982,0,21.75344930958172,22.481772365748203
3072,0,27.591882501663743,26.593014004688204
8467,0,23.214548244535468,21.204206698642864
6763,0,19.34672765833835,22.318193911813314
8347,1,20.603598870947636,19.128092592550047
8727,0,32.363548214891935,33.830209657526964
5211,0,22.41144067006785,24.26840008519868
5531,0,22.245159102380835,20.451851823334188
5844,0,29.445905912549097,29.0459181357344
3892,0,33.42328631222565,33.65757329962407
7630,0,40.139431190630404,45.45320751267104
1621,0,28.20650369852612,26.049070187717465
8048,0,28.376976188467417,26.735986531043537
9449,0,27.11638107697913,27.6084709314663
4442,0,24.83456124085466,24.177148563684312
9688,1,29.783233856416075,28.008464676038507
3713,0,19.33235970544737,22.55744570860165
9564,0,27.164994924710086,25.940238355481245
6684,1,50.33333309429812,45.729734903751556
9158,0,24.11235208820136,23.539091256387895
2413,0,29.57784299759464,31.468249597527322
1265,0,28.332624865103686,27.994994999808426
6727,0,24.829055140051803,26.041212012892935
2518,0,42.15638374802139,41.541842954543846
1850,0,22.248043659699743,20.266877338650293
4622,0,28.676349655866726,30.391422445996433
7356,0,21.9388984513067,21.913362788447625
3210,0,27.00610493374084,28.899946740338056
2338,1,40.184635777307804,36.44430173293867
7796,0,36.22387312252951,31.74251870439063
3185,0,26.139499448972163,22.50549016624875
8330,0,19.8001692767974,21.18488862557934
2041,0,32.57256897040754,36.60953966678683
9372,0,21.452689233685028,18.30604889586012
5690,0,31.46737466692864,29.01529713811624
9254,0,35.31231906419488,32.76952900916385
7446,0,32.80630716890209,32.346457937961674
5893,0,21.35661388468369,20.94446405170704
6299,0,21.408323578701474,20.556398804439475
1541,0,23.238222523189773,25.503450736077063
9541,0,26.81557517696824,25.720673757395105
3251,0,22.349176618454017,24.47856923517467
7918,0,24.26333569540332,26.184389591420207
1683,0,21.67935990088414,20.046979039678998
74,0,27.26820992767574,23.21884038434288
9635,0,29.937398870406188,29.025338626134058
2369,0,24.094360078050634,26.160020230536926
7861,0,24.299221234984408,21.97766283177612
3928,0,34.9182423493792,38.69103394419396
641,0,17.732469993217535,17.52565609864405
7363,0,23.10432083920003,23.014471116785288
1953,0,22.391387367093234,23.73232651805799
9975,0,33.881340132063855,36.58116260653466
5168,0,21.35608790087713,20.888108702370126
5695,0,25.86089319316103,24.453748839507877
8470,0,19.596566384399882,22.10568548098571
4478,1,30.832068829924943,32.012448716480364
8422,0,20.43626759498791,18.893279452725448
4235,0,24.102068149565614,23.409319988090292
2544,0,22.497535579575988,23.0553992400384
7814,0,26.69244459823763,24.544606399478603
2278,0,27.719996390462317,29.68240141525732
456,0,23.188578643156365,21.67348881288341
3760,0,24.790757762764535,27.838597395060447
7392,0,30.30497882341564,30.2822668742502
7654,0,25.80915793370969,24.363316025883048
6853,0,32.748309525087876,35.1541775214373
8028,0,27.462927786969253,29.21459122512371
7297,0,22.038932334989525,23.890340880983402
111,0,21.543317736285946,21.567297396647778
5827,0,21.477669790416126,22.117447792060734
7223,0,25.896500703084698,23.245057089577067
6965,0,33.97274482205947,35.21308299032458
4070,0,20.873939781141996,20.5540753910946
2615,0,21.52781715290435,20.299064820812717
6353,0,25.891619674091878,22.73116000108318
8579,0,26.240918385547264,27.048182276565626
9102,0,22.565242659834418,24.38023917493183
1723,0,19.547524897517494,18.000401367624978
364,0,40.67634455168173,37.750837382040395
7024,0,21.8566590875934,20.08358677215806
5274,0,29.52431823586316,26.4222983794098
9707,0,24.116618083848373,25.77909252087709
7302,0,19.51673768102591,20.562160121862068
5770,0,19.34233267846532,16.867952660566015
2861,0,33.715351394470595,37.946095560554056
8903,1,24.479097305888697,30.03483118167574
9948,0,26.35123901400357,29.581689457052466
8119,0,19.98528930252552,18.077231159237222
7920,0,23.606648679977713,23.479194667259808
5655,0,31.954994538680502,37.13511087879937
594,0,26.347645569421612,23.33370585966566
5469,0,18.493391380573797,19.686639334333336
5127,0,25.283699173026,26.629534367045636
5162,0,32.50389574807586,35.38591370377961
176,0,21.751573156456534,19.99028150909256
5435,0,32.80413909085341,30.489835513470787
832,0,22.850384484821564,25.549089780709135
1719,0,23.627242040100196,26.408037384072458
4386,0,27.484830614807066,27.741101753538725
8002,0,33.16605062918622,38.14930321931701
7731,0,33.67070030787999,38.84208570820035
9540,0,20.701502591009124,19.01555517695921
6907,0,20.560181582880773,22.030479714295705
1888,0,23.31108847989849,23.16199981375056
1463,0,22.260298101174506,19.58489203213025
9018,0,20.8167858777338,20.6082217427014
1146,0,27.04724292257076,30.61807587996864
4103,0,19.762063773280957,19.47187792423879
8129,0,21.88115895828382,23.01354018553658
6578,0,24.794998692656666,21.758441330344457
2968,0,26.043521791664112,28.708182085435443
1464,0,23.751018164386362,22.950712448980955
5501,0,22.780973040460964,18.601358793371634
6620,0,21.337091399032346,18.84734414207148
1734,0,32.43267659507669,27.953783214343304
8287,0,37.704029404810626,38.16190526712313
2620,0,26.590709819454393,25.629435429441504
1353,0,33.092767516722056,33.55895347025785
8338,0,29.49853554201595,27.20730645671013
2444,0,21.919911331021787,24.266916244430316
9151,0,23.439409858143478,23.225953613791734
4059,0,33.08156827784995,33.82435461597777
4001,0,29.23965753583935,30.720528365773266
1666,0,30.316930965906167,33.880680673834206
1995,0,28.010589512775454,25.39699034499301
6438,0,22.789450157926787,24.70207769834442
1819,0,35.30066305907035,32.426907590691684
4556,0,20.265826934295042,18.53379763331664
7260,0,22.97091870958148,21.22232973953809
5660,0,23.622630791971545,19.9231248208898
8711,0,31.23035582671145,26.800133184532548
3734,0,28.023504675763434,29.856257227858908
4940,0,29.43755253884455,28.496819095133546
6858,0,29.830472337599083,25.017971111126915
5923,0,27.505144441942033,23.99907567685305
4987,0,21.198189550202304,22.085909918416185
9624,0,25.362322822662804,22.408974589179643
4672,0,29.887292263709654,31.28351435675655
8972,0,29.978783842289765,30.107434678075865
2833,0,30.876555063348047,30.018497164353256
362,0,26.843855438977304,29.233773302595434
3204,1,28.54532619073288,31.00858490970726
3819,0,30.72650380192761,29.30521777873637
1452,0,28.65541320138794,33.22471474311321
7033,0,27.102571123922154,26.674961766347067
7324,0,24.74534908643527,25.110380625604
1312,0,27.67326760928124,24.647474351324277
5312,0,25.274455777222805,21.591792005101752
9542,0,24.779712399236914,25.86423018462459
1949,0,21.72864604273343,19.540807444698512
6351,0,18.406768165094213,18.267156890112766
5718,0,27.28698027110502,25.934463352535285
6086,0,19.176530451180543,17.99716831782009
3168,0,22.722867257998548,20.345994459732157
2178,0,29.741109066809877,31.10367517487678
7408,0,21.278657068646496,20.278026154749515
992,0,25.88745705434507,25.48960561845697
4108,0,22.47976722636434,19.514535025167554
6995,0,27.123153455156615,30.40404332208648
661,0,26.622336876845623,29.91023094733673
1538,0,18.265592777342032,16.965139900152074
7524,0,25.063466946005782,21.512834442388446
8650,0,22.74602922953845,19.883286313364653
6278,0,21.086480307128724,22.820640100735034
222,0,21.376173009931318,21.17880763809447
8153,0,37.43351149978476,41.47453259109853
8282,0,20.047235053269265,18.898252715412774
1720,0,35.76458047686714,40.58322556077729
9949,0,30.23480736661111,25.65289803935246
4814,0,27.075509929319313,26.72412393678678
8188,0,25.242202291270214,27.358643690532652
8564,0,28.98078631827958,29.15893912534049
4512,0,27.704710061126736,30.803633109861494
7115,0,23.418190773776274,23.27334175668811
1022,0,26.908969435690437,26.93623564009593
9893,0,29.055711729045413,25.455417711532785
8705,0,22.143804680374583,21.38272342021919
1251,0,42.491868797241374,41.57975751062967
8536,0,31.91897404679291,24.90375542356033
1707,0,33.219915096886304,32.48766109154394
2899,0,20.565542443510665,22.744714113376446
5489,0,26.580983532953827,25.173121195236995
1403,0,26.87381591539504,26.472401428522407
2219,0,22.338611941516575,18.719707997394973
647,0,21.129768519803108,20.100882589220735
6189,0,27.133148392594254,24.870520891160773
9521,0,21.4324642309639,20.123822822781772
7254,0,25.786815563679188,28.56901283247872
458,1,27.64563555420971,27.658192792973676
1578,0,20.07494732897183,20.142218008050126
656,0,20.866372282172716,19.709622191843224
7736,0,29.772045612149036,28.43519220633135
5247,1,22.808841598443486,24.35403698909674
4708,0,27.78043014975248,32.34371264360985
3637,0,19.074975051874073,21.67403254963928
4135,0,20.774903230019458,18.896772720780877
8691,0,38.88952353448982,40.59338703913842
3502,0,19.113364717283332,18.65513393475515
6514,0,21.332730037864714,21.18237139393498
4357,0,19.411227011197475,19.43189676646873
3240,0,19.537950712528893,19.523574450470214
6564,0,16.82552806203771,16.786360065047685
7071,0,23.70829135848432,26.605314357489256
746,0,30.321486335602128,28.806169539355547
5234,0,21.36721929433248,23.13895514263303
3950,0,21.816428695333073,22.303191617631356
3863,0,40.95023557536062,38.458942936193615
1371,0,36.75681462731889,38.6415247876715
7809,0,22.712493564661106,24.17182004059701
7900,0,24.258804307624892,27.81564739218575
327,0,23.594920192127933,24.812649115590613
9828,1,25.01512611145999,25.19320273112337
7098,1,32.74000061534392,34.29650737535463
5726,0,24.300143880419864,24.71332054980692
7819,0,36.99933758823802,41.845475503501525
1199,0,19.399677607164918,21.1670430400685
6614,0,33.820419767127945,38.716037195738544
7267,0,45.0379178023366,49.96436263293056
7741,0,22.10889422921211,20.192870194330503
4698,0,31.027864834217265,32.30673518980817
143,0,19.674545451159474,20.92244643536631
5145,0,28.090832396021522,24.007434786073922
4942,1,31.386306106753555,31.135108222520852
6102,0,18.15362962327778,19.081662628106738
4116,0,22.86094275386662,24.881704750495615
5321,0,31.085429765017444,35.96179409752913
5352,0,27.51934863376294,26.216222659812725
5219,0,35.22935429950664,37.51608943971467
872,0,25.46467186647521,29.438456299551113
6,0,29.891454025622174,26.27816628930145
5373,0,25.14158837077245,21.47995846513506
5581,0,23.96019160071194,22.939056460196884
6680,0,26.50441850604363,23.958701638462003
8540,0,22.719701400150136,21.379255021856842
4870,0,35.319264812907406,34.79021652043977
8140,0,32.94380607334097,30.889128956909826
5875,0,25.095745719233665,24.274376811988223
3923,0,27.496467037193273,24.50733393642825
9223,0,21.58078917672595,19.77414023581918
432,0,35.34767917957498,36.528901568899
1281,0,30.3489567606548,35.32089619851862
6801,0,24.788344988240596,21.93717195532728
7436,0,18.851541078056414,18.331332865396902
823,0,28.1802948147309,27.28788209989762
9724,0,21.590127091213347,19.623779989715313
1009,0,24.50912320374625,22.422611296139102
3666,0,25.541955951559757,22.18297114500279
302,1,33.14641766951371,32.34552882115388
2894,0,27.339169204937495,28.747856313219074
7030,0,34.227248629127786,37.010300825376945
5390,0,27.729613394088233,24.295733722958865
4420,0,32.71640066747954,31.12771694473539
3642,0,26.828093846709525,26.26838733656321
2067,0,29.743787973170633,25.537151817697293
9666,0,27.026546195264544,26.046410964418843
9092,0,44.06001058331284,43.301190142710844
9669,0,28.909078980612897,25.309434925012123
2688,0,23.46277476949355,27.07540745943769
1963,0,22.019657448919983,21.787306331969912
6940,0,23.45982779174105,26.49308913592715
7181,0,23.05824590690177,25.728842991039993
6233,0,26.991407268181057,24.70802996394025
3299,0,27.115624778178905,25.768582061034117
7517,0,31.22374890626691,31.505565828643736
4303,0,17.97904054784176,18.6893150180293
1588,0,34.09728467836108,29.981571388844145
4996,0,29.930493201132236,32.83609705182511
3707,0,27.386187348542915,27.06061766512094
4208,0,32.36177158660505,35.23625267417093
1792,0,18.629539561758627,17.319345442875505
975,0,23.799593085626466,23.902673394860297
781,1,29.98181189742732,25.580359963918124
7835,0,16.75234924924279,18.055505472424425
8644,0,19.168422464389927,19.61537321743077
4265,0,21.70450170789952,22.366899545093325
1914,0,17.657319125407742,16.53212279895522
5613,0,22.11845282435448,24.939472043929964
9559,0,21.464648933308876,22.33434120352751
5772,0,29.19933589314911,23.264800745961182
6781,0,21.836434082227893,22.048748823460578
2395,0,25.263271638137006,29.10676078792393
4092,0,26.26962145890073,27.847700001154635
3825,0,25.49531111745002,25.20893332549757
2299,0,20.06149524670806,18.626048512988064
9370,0,35.978038367346926,36.687240191110426
2722,1,34.82878874704794,38.7325364247423
4766,0,33.84021849933305,30.999910495418376
8035,0,22.037780271419084,25.781232102858
1338,0,22.319006450180567,22.030652621213186
6332,0,24.52683483000311,23.771956863837513
6235,0,30.281076712781328,33.094812184001114
7283,0,24.012628156263297,20.97397498083427
2142,0,24.22587243920828,25.2549136367621
3533,0,24.41253289523559,25.08550633713564
1653,0,24.14578823876274,24.57489570583602
5734,0,25.98411052597813,28.08667468995487
1416,0,28.74241802217088,28.79382477596306
8000,0,23.2043571197818,25.521851388125658
1466,0,19.135383893980492,17.75963687814137
1444,1,28.20763928540269,25.744203346585135
7627,0,25.165631995549212,28.125331621582095
8067,0,25.900051776829816,25.551346072838903
7768,0,32.08020241076005,34.15638331155216
2995,0,19.59528095581412,19.962487701867648
2854,0,34.45854500230102,37.57063870327235
488,0,30.99017865252118,26.31657961838136
4722,0,22.74810081420838,20.025594556451846
8440,0,19.98227550042688,18.473981518914126
4998,0,17.35459419003399,17.678494133824195
8748,0,26.969314245849684,29.310121483407897
8921,0,32.45407174410496,32.29129295403241
8041,0,26.562297278460267,29.811567364289232
8124,0,29.52886542944331,31.182338188925865
131,0,28.692811538701587,26.553183765367205
7145,0,44.29738224884942,43.139911478871966
2719,0,25.32793978835264,29.449230320262707
9075,0,24.397466304652568,22.42209043564474
1153,0,22.955119170679303,22.283201754346223
6229,0,40.19969915013885,40.23372467057107
1208,0,26.35727463224309,27.59447475538241
9142,1,38.65390324065941,35.02494563291976
7967,0,33.37519177509691,31.22586884067825
9388,0,25.55583495826349,29.76248003881418
3009,0,27.41108098337504,28.00679108594099
5277,0,20.742561258398325,21.272412950496552
3133,1,23.524047828610513,23.202060807868023
2111,0,33.37159175077814,30.633963807968506
6927,0,21.100971869725377,19.227936739279578
6723,0,27.047840123878366,28.396277467468245
4243,0,21.711658245515146,22.70338260732956
2226,0,25.921177808091425,23.84728370728709
491,0,19.727621545230154,17.73534043896571
739,0,30.13632343719947,30.86594086865858
8045,0,21.064533772392338,19.670355929145714
5821,0,27.305534500534616,26.50631069890415
8059,0,24.130511274253795,25.22859039805492
8676,1,32.26690346053409,29.401200588238893
997,0,20.18248201118875,20.35824118895989
514,0,22.106511506466887,22.01269176580066
5974,0,26.305078319892875,31.480219161162097
3883,0,22.726701464108423,20.846018166324768
1668,0,22.762563342137337,23.01669014504739
8431,0,29.2041127889085,25.318408862554186
9113,0,26.447212411709305,27.379949563039858
4826,0,20.494487549760176,21.662126466210772
9785,1,43.72828250058905,46.650776635981636
651,0,33.25789147984915,30.30201042346848
380,0,24.244273251778544,23.586513118784634
7820,0,37.128872555160406,32.34507004582553
9944,0,41.97669632716287,43.51009635857908
9073,0,23.911103000935764,21.11127253703479
9410,0,29.859829437471465,32.96032320496538
6641,0,26.79983427542205,29.95694519545774
5499,0,23.82369662753131,22.759667416303714
2743,0,20.493655406845086,23.602127259854317
8344,0,34.69762663042618,36.595033274173836
2852,0,26.399252476826817,22.35160610589584
5825,0,24.450258794586563,21.726659991396925
7965,0,51.2297250789117,49.31773085742481
7843,1,29.195366576489047,28.485788765113558
2459,0,28.137844597226636,29.38297700373729
2017,0,23.659586936558174,25.733130116815946
2431,0,28.973778969102792,29.748819872613083
5437,0,27.262039774479508,26.591463673183185
4845,0,16.884130445603738,17.607428064756846
7844,0,21.991154578058143,24.311726628659112
5201,0,19.63655111987134,17.293381828920268
5431,0,29.005988404807965,31.975745148005917
2709,0,45.195367749209986,39.494519608366794
2795,0,34.59759907320208,29.59639178046731
411,0,24.70392353108961,25.20211614437005
1898,0,19.44247042604411,20.64334174456442
9008,0,31.210946087329088,35.601462281439666
1871,0,28.46600941376041,28.66990695814339
4788,0,24.019163887245295,23.175375875194987
4831,0,24.00615989963176,21.187077723061048
8530,0,38.31574887770605,37.36493953920506
5271,0,32.108704627836886,25.86210626639808
9292,0,17.462651701242144,16.95958943366189
8411,0,30.170579073325502,31.788975427939842
4472,0,22.984809616430358,24.567292867572075
6231,0,22.39936375389592,21.28998828351246
1377,0,45.384529482768485,37.69169673884815
7592,0,23.093660880976238,21.282800716745186
2254,0,25.336522938104316,28.78945944654465
2985,0,22.008554118538424,20.95830483539986
9649,0,26.270356463153853,22.32406346452872
9650,0,25.71128986332176,27.335713615860914
5,0,28.066124250525238,27.76896027637734
6137,1,25.979372240442036,27.178246014391597
1883,0,20.90521598339377,20.888679852241992
42,0,30.915256374130646,28.207541156288265
4933,0,27.465089466814714,26.829566978924596
4367,0,22.42629136406179,22.13097150952275
7936,0,34.575658992962495,33.73288937473936
2756,0,21.028742377521798,22.51393438243768
5462,0,30.3951944870236,32.909654865601176
9332,0,35.52731038970519,37.403264097099644
8750,0,22.05528171141532,23.190343713197556
6232,0,21.460791076052452,21.00666683683786
3708,0,20.64048910723934,19.57740446545436
837,0,36.33832820956793,40.93036713357808
8007,0,27.356063450013473,24.025547379485406
2994,0,35.224408066370806,29.72110909954108
4630,0,29.670862559393683,31.636092477734678
2445,0,31.327247210833846,35.34366412897432
2175,0,41.10004394661753,37.4497333881864
3122,0,31.34287728676342,33.41464759294314
4877,0,28.201046790489297,30.9279431252688
2692,0,19.318266401396556,18.483596987539208
9333,0,18.65299310387985,21.246057992985733
5863,0,26.12199792083391,29.727914019277364
9513,0,36.22586303320044,34.87582467089609
34,0,26.703745052015368,25.704372846646265
387,0,32.52846890079796,33.13273890692273
5679,0,18.135269232356126,18.546469060680096
3096,1,34.51490632775658,39.35420278529722
4988,0,24.902903670238633,26.012765781840805
5837,0,22.937270365771262,23.809219726657407
2701,0,44.162225007427935,48.47468861380064
2397,0,30.933920905477713,26.163998320388952
2027,0,31.41419961916339,31.787300503598306
6205,0,23.334201448370358,18.720122814728878
1172,0,22.241319287979195,20.103491281404295
3197,0,25.004370324573767,23.389034553579773
9176,0,26.637641195673936,28.16385711343696
5461,0,26.53376842886057,27.167066972413537
1903,0,25.021609091355145,24.31996523604068
9021,0,32.134941376023185,30.054929720447486
1079,0,40.03399279508626,37.25128162751942
6286,1,26.343722066767942,26.06929702390948
1688,0,23.457164908214086,21.524568438429167
5173,0,29.11628851353574,30.901468869743137
716,0,38.080554920850794,38.50481861195446
101,0,21.745609676499217,25.127853854781403
9754,0,24.51310868188694,24.030733190677076
871,0,22.022522353927034,23.916038388405823
9711,0,26.746924293517214,22.96103001225639
2859,0,30.102577930003662,31.955495518682227
3899,0,17.943665529225626,18.302589190959203
9425,0,39.18971082668607,34.742891641419746
5971,0,18.460360736819954,19.613300050272233
7733,0,39.505939199248736,42.19229026954894
4149,0,20.439696367059746,20.982874672100188
1986,0,23.56238368378498,25.060233447517994
5970,0,19.00628492569069,18.181650374088356
9111,0,24.20402799994645,23.7304018202266
2242,0,23.257612470203,24.561736481082335
3703,0,21.860024516849748,22.119274193868815
2060,0,20.159042069055303,21.39219827868942
5343,0,29.92806646184507,27.390148341239097
4780,0,26.769761640515497,26.67519755476578
2674,0,19.56593876583776,20.135580444520983
7501,0,26.93690098329976,25.851252568199918
5907,0,23.348455383538518,24.818083817338348
770,0,24.083862127016086,27.273384712949927
3415,0,35.76138027775567,38.34938399388139
1938,0,21.771978099175225,22.113527461083596
6569,0,19.358088198488645,17.05229372318011
6219,1,36.73281132768177,28.351666527161107
5116,0,30.578895125201598,34.014526873570254
7780,0,18.905245467928275,18.716072347622347
6960,0,20.333864504694734,19.042352023513974
6425,0,30.886867499632704,31.68745185427029
980,0,22.84020611339171,19.96834089044959
1833,0,21.172790990411723,20.526863515937986
5481,0,37.72822058185559,42.11831840936256
1443,0,23.10410734714378,20.781247635530438
6596,0,23.241777485046526,26.21670212512813
5721,0,26.98925214126508,28.889499300595247
9217,0,24.51519449160134,23.476119866180934
8721,0,31.672280138011455,34.378126740992954
3724,0,21.075351509448577,19.21415270343939
61,0,27.450935333355375,25.37042935668585
6538,0,24.886694710576226,23.308280812032713
4220,0,33.39151807282635,35.3119917580236
9689,0,18.570859693549526,18.513244279715668
6364,0,39.33289028684117,42.65814738855613
4058,0,48.71698750569753,50.96284821865209
3868,0,31.763397241953992,32.410550979841396
8294,0,21.950831636661846,20.945793920208594
5167,0,19.64318217209974,20.212212436336987
8316,0,25.47616048577995,23.880289907800034
9186,0,26.692046027232458,20.907946390554194
1702,0,27.55610672791103,31.956395843982563
4161,0,28.191458192529375,25.448083730491334
987,0,18.353702598125263,16.533260240799233
2523,0,17.84763780620317,17.444593668945362
4165,0,26.328547253639634,29.450794896786316
4117,0,19.066804519301236,20.081042475333874
6759,0,29.847828173543125,24.945015979510046
5879,0,28.017331866846614,25.96221025145825
1187,0,27.81930934786881,30.824634770505078
5367,0,29.22355919846355,31.35293696435359
9705,0,24.10289796478085,20.620000183961825
2762,1,38.08237063099666,40.04039966857187
8203,0,22.50013719261062,24.20068592373464
1275,0,23.713501561268043,20.59893188114869
8875,0,33.87851436564485,31.930072068517937
8417,0,24.61759247437451,27.83754465247814
6892,0,30.39409294037578,28.76234297773838
1238,0,24.00446429023998,22.595792869138975
7144,0,31.45882310772692,33.53822132993609
6409,0,34.916913801678334,30.600311981166254
8331,0,25.74010813081433,25.46422984747977
7383,0,17.39127864013212,16.63686435192733
4796,0,26.368277212724905,27.439438289207096
9881,0,27.33142522242039,21.896093025303756
5456,0,26.72836290728815,23.72155190536523
6172,0,28.832090395297048,31.03451229691809
10,1,32.68528858698771,31.500696267581784
4769,0,29.51080566110925,32.75790388711574
3164,0,35.654418829574944,28.767103142502584
5583,0,25.31199015245669,21.534874312137788
8815,0,30.76004786349574,31.15232155326578
2742,0,17.110890894464383,16.47112793942951
5919,1,36.52823426050007,36.660050895580866
3664,0,30.037889343896403,26.473076066639674
5389,0,37.87080735752205,39.956765169998356
9644,1,37.732552659182495,29.842981384742817
6733,0,22.091040500387564,21.196140019950484
8423,0,25.574356026042526,29.531637239754083
7783,0,21.537297495256983,21.66199092817283
2093,0,30.09193924499123,31.586404798308223
7470,0,25.48325074505489,24.54011129610634
452,0,24.494301517087717,27.018534718973186
4174,0,21.65937087707377,20.584284799891172
4685,0,24.681371492098652,25.80406367944826
9179,0,31.638269254989776,32.099039579498466
3237,0,21.402643584747576,23.1707506442091
8018,0,16.905863988802874,17.261993279381887
1729,0,20.62448657775652,22.721807753289443
6466,0,30.641962469586844,25.054813088163627
1517,0,28.543016175832566,25.793736746768275
8835,0,21.838914465100693,22.027998316284375
5299,0,18.003608734754966,17.81338377849699
4676,0,25.04851624381935,27.998748750639738
59,0,19.90285729664767,18.852775049601913
1046,0,29.117951092367758,33.702945241780135
6743,0,33.891108006046544,31.811130245273354
3499,0,35.197978762304444,32.28076396952754
5037,0,20.39811903894436,22.120596600947014
261,0,28.170676286905124,31.25541317077186
3611,0,22.095150064299162,21.997717880658513
4508,0,33.29792437022835,38.056021471335335
5297,1,20.762649454645818,20.528626879583705
7547,0,36.94329825714121,40.86761460202668
3393,1,25.311654840005694,22.991910781009068
1951,0,24.807101973910182,26.812262717680508
775,0,26.47959692574312,26.604329458954645
9690,0,19.871797284978378,18.24102894238694
9031,0,38.171362560339325,42.539697777912906
7642,1,25.53787517732833,29.218468845356476
9580,0,30.521161213059585,28.128522783379594
1764,0,19.472725524651164,18.823760688198476
6818,0,37.85864888696085,40.747151319363105
5622,0,21.40745882525385,21.289806535524193
7117,0,25.41774378651203,27.43117389192159
8199,0,33.88414260831912,32.26359574332799
2874,0,20.858167348455336,19.342995386647548
9231,0,26.974749319255533,23.115182822379797
4984,0,18.144941852431405,16.590052273747247
9305,0,24.945246188144093,27.295626284761546
2687,1,36.28477386750903,29.59660958713636
5958,0,21.02616475150064,20.63112453139254
1911,0,29.484908361352662,26.017560248966056
2398,0,26.639576960712926,24.910450704189866
4348,0,29.012294222438715,25.798289043733117
5881,0,23.17642043940005,22.371479662828957
7445,0,27.313644981139213,27.811807987905578
5115,0,42.740074603294886,46.56429093512155
904,0,19.99716347992216,19.678518384829218
3409,0,17.648624263688813,18.73193382065962
5365,0,30.809749880113923,31.003195785175237
1956,0,26.792617806608934,24.83345241154652
5010,0,26.462163901971593,24.532930482928382
3812,0,21.841644943866076,21.659906542768457
9545,0,28.82342940519727,28.868955310407465
2487,0,23.67378240299724,23.99611628375583
129,0,30.140889668936303,30.077556301783183
2657,0,24.946656863787613,23.551997606104383
1656,0,20.754831872108515,21.764201857478124
7636,0,26.476796263475794,27.771249978516018
7503,0,26.637503099830326,26.783993925535274
3045,0,24.16440048470171,22.403814824280875
6338,0,21.024928992765794,21.856666388862838
5728,0,28.499797812765813,24.89130332855366
9444,0,45.844088274559624,45.39781964979728
4087,0,27.913783164901844,27.34386853518266
1776,0,20.045827609284547,23.071469667715007
8333,0,36.918252039629465,38.12490957834246
2485,0,28.42402269437736,25.084073309283763
1818,0,40.79721087131313,38.966496795189066
5676,0,22.774743852305306,24.67786081049853
1599,0,35.396679962749154,32.42785973878095
9879,0,26.07424632193102,29.521544699339632
2825,1,29.159050189612316,29.50695811813079
6493,0,27.679995735366028,31.873918492188423
6638,0,20.22036782495733,21.3297440377833
5833,0,21.09839850921509,22.622431329542348
1480,0,31.531324265151056,29.020289460226017
9422,0,23.66784488128953,24.81623084411842
9867,0,19.138060346417525,18.204983662154987
9811,0,28.42301834783532,24.62325029990302
3475,0,29.670276494609944,32.098313710410906
6210,0,29.166439068503067,28.127435149448086
8326,0,22.79894205332019,22.303805561677056
2207,0,25.481467564287325,24.09606076574839
5361,0,25.98508101665114,24.970549754874497
6333,0,19.00887677442637,19.556032231464904
7564,0,27.704467591995975,28.941382934802448
6915,0,29.81492878334438,29.10227282484159
8108,0,37.39870230077357,42.347665159007995
305,0,19.88073481049777,21.62768969088136
8675,0,26.589089968301682,24.855264414673993
9049,0,30.876327762605268,37.08477806993796
5789,0,21.08210574576147,22.13594205797636
4236,1,41.2712431722666,38.00822554435793
6767,0,30.402231062600123,29.234552944991684
4484,0,20.81497863069847,21.927245993530292
303,0,37.65382397227784,34.22824071146311
875,0,24.330916679319667,26.22195145585378
6779,0,24.40998382957981,23.28097925613113
7376,0,22.937928148982937,22.484341617573122
4186,0,28.942854383043695,31.282955683256287
3542,0,18.579157746765873,19.058928300960012
45,0,23.924149841577602,21.825476323097142
7172,0,39.02226058588828,39.796601718840094
1120,0,21.373293324040276,21.81107274901523
1710,0,33.6647460386461,30.704830734909816
4990,0,24.249351025108815,25.55822687549903
4426,0,25.468999062475447,29.348052666697733
8368,0,27.389868715368976,26.144294643293822
5662,0,27.056990460165892,26.098179529049162
516,0,26.376025613006632,23.604780249175423
8500,0,42.868028471995885,46.21821747611793
3702,0,19.878030844139126,19.437530950219735
6613,0,22.22688089722057,20.752060738004538
6175,0,22.270612652722402,22.69654436310748
4837,0,29.70452840539032,27.941451910398662
9894,0,23.13985756516374,23.50602232963122
8456,0,21.07186736087032,22.893773285523423
5771,0,22.418708353737212,24.579855885057945
8816,1,27.35539528481405,28.078627201936968
3517,0,26.079085311967052,27.872549637364433
7102,0,27.663562526425505,25.039056914740097
4277,0,31.819177453653,33.310288841425916
9850,0,29.02451365601995,24.93549681249804
5586,0,19.735021329124287,18.057852072328245
4094,0,21.582945172847918,23.305335684066364
3395,0,33.25029390594731,31.874964656756713
6507,1,31.692819904657902,25.648176772765606
4931,0,26.455119300994152,24.223262535710997
8313,0,24.143480457627568,22.281177467452753
7039,0,24.744297415055705,25.560579439286567
633,0,47.08169998233082,53.26460835944033
6630,0,24.848123615815254,25.87371507217772
4713,0,39.88724081246186,41.35379700326277
2552,0,23.820005442554493,21.54206047880008
3212,0,19.517785556286512,19.162866568010738
8158,1,39.82556073147659,35.05136870869106
7032,0,29.37243207406603,31.508838111551153
3629,0,32.53073090660041,35.56989348243074
6705,0,22.107584114655978,21.253189933114722
6855,0,25.07203684051479,23.19880858170529
9751,0,25.677850899540267,24.972123609180017
2267,0,20.317451916112915,21.40371108785449
4127,0,43.865695620434515,47.286094961648736
1595,0,36.76011116456823,33.3835139046689
7742,0,23.441313856360843,21.502667813088433
1379,0,26.36289794533557,25.795164596260204
1198,0,18.807251955982878,16.228758495486286
1091,0,30.940700485117464,35.67300073283751
836,0,24.354485705558496,23.760878209063865
6989,0,30.903339188682963,29.1070582995491
671,0,25.136683726444513,23.04599743977102
7853,0,27.048931456482293,30.35034010119239
4539,0,26.624072538362746,24.306089462982126
9071,0,28.415574823471257,29.579184427250574
9166,0,29.19550002291225,29.78030318988094
8584,0,18.635172113394212,17.761684471011854
1036,0,23.723020177041366,21.77657028180582
4444,0,24.771539345518693,26.69224565742259
217,0,25.94045405662297,27.965849941954843
8683,0,20.436989232131936,21.559444290026796
5712,0,30.719689141053145,32.046022552162945
1203,0,21.719736786650955,24.42889899743823
5465,0,19.87379646726313,20.101746011110237
977,0,23.34487698842652,23.677298275622334
6898,0,18.002751451452024,18.441952601050655
7726,0,22.394797331452438,20.47895781594164
565,0,33.16576221447853,31.284184436173646
5131,0,27.41023479085538,21.91186576788446
9405,0,34.28373151897587,33.549668749512044
2628,0,38.378361357957054,36.642564318943045
19,1,28.82851998311029,32.1769761739981
4252,0,24.998053904652203,29.811304416292202
5588,0,17.901020994511523,17.49850005824162
7922,0,26.56288235664022,26.49120451334645
8804,0,24.366902466442482,21.937986299936718
8833,0,22.112786840539712,21.643636241604007
8839,0,22.15422053367466,20.834289227038195
1508,0,25.31547112319089,25.990090029830565
6701,0,37.18395877481399,38.41873051348327
6057,0,19.638268574715827,20.430397798363288
5289,0,43.81521126845397,41.55944259447854
2491,0,25.430151063397442,23.81172205272499
7803,0,19.672571623933614,19.58700683251681
7939,0,20.97627484530146,19.58147674497428
9753,0,38.096746131860264,38.62946649196649
5368,0,18.389271915119764,18.568802602599522
8455,0,22.610143335937487,22.13580211164628
4895,0,20.384480422857443,17.69269048730549
1705,0,30.154861932899152,31.572833647636557
5761,0,38.13179583180198,32.66694890467977
2516,0,27.626300999629716,31.499734785733402
9653,0,24.899366964302565,25.216678931676164
6289,0,27.741721765433365,27.174570610871278
550,0,31.105832846359043,28.416905995332378
4040,0,35.57196997255052,35.87024505199908
6419,0,18.410169150673298,20.169832025248407
2014,1,26.15677155464335,29.322122929837278
9581,0,32.37345285699099,30.043442663611938
8100,0,23.805057505529227,25.017328602102644
2151,0,34.87367944935197,30.967751240823482
9716,0,23.441379807260866,23.405459440255026
7041,0,24.381475614373628,27.045689261802526
203,0,20.185329894574913,18.885539852543616
1209,1,28.35547064475652,25.62538431941694
7318,0,23.67749643099136,23.25987951580917
1809,0,27.020119560898742,27.925190084580567
2145,0,24.72570960729722,27.4739880621833
5698,0,31.891501759322626,28.036996213795465
2853,0,24.327326542269997,26.914940876357118
8286,0,42.94733202887641,41.603650892138766
3099,0,29.63351301243016,34.55330161067983
7581,0,28.18800482601955,27.12184135943517
9308,0,24.680015309165874,23.225569567477685
6215,0,22.074362619451193,22.35226746124242
174,0,18.591648096486203,19.13701270509103
6540,0,20.764746565054253,21.22148688606166
7316,0,33.58786520210731,31.510452187527264
4439,0,16.614928616511722,17.667933210178383
8414,0,28.640220398167013,27.086535905569853
7508,0,21.621667979192168,21.88827761459216
5040,0,20.24052877454613,21.08964894860051
2023,0,46.65610442927267,37.54023717706576
7822,0,26.68317098737821,24.499042662789932
8484,0,23.460253483832822,21.567695106425397
870,0,23.815401766360885,21.882001632539357
3493,0,20.80538645719565,20.68202876431482
3159,0,20.759537096288426,18.615558486370396
6944,0,16.691989347848995,16.74506585759283
1442,0,23.93891493560642,21.27588470279906
5298,0,22.925948503506223,21.83303381477524
937,0,24.32377520681441,23.789283238830215
5944,0,27.872937694802918,27.45497820056302
706,0,32.07006378306548,29.30459048858702
9377,0,31.087356107553752,32.436177987792526
9693,0,25.782889953181247,23.83468063588441
3457,0,27.308205416824993,27.59292695813195
7688,0,20.691764182312696,19.637257954646188
3590,0,27.827514669286554,32.30525772344505
6571,0,21.34136549106458,21.202470650421734
4734,0,34.29231942945948,38.49075580137515
2496,0,20.15800956204174,19.523241479921253
7805,0,23.185131931410186,19.894024136108904
86,0,45.75456237626409,40.74749056620231
2834,0,18.64130706983376,19.803572380822985
2474,0,32.27208456693899,33.654293774380186
3743,0,22.795410414204557,23.165906954141448
9381,0,29.06358804068549,26.223763654536995
1273,0,22.344630770989408,23.82804200861106
9450,0,21.013268954365817,20.31371836225294
3390,0,19.224463567201564,20.953595403009846
9202,1,32.84193671847775,31.22692536137146
6937,0,24.133137908691037,25.602456070910247
7313,0,19.6750172906842,18.636686716708752
9190,1,31.677739852835472,30.031938048295036
9748,0,24.51523629041898,22.808827012322745
8800,0,23.715160667683357,25.21541105745746
5785,0,40.553837048569534,40.14826562798787
3844,0,25.545158338255042,23.90272673269843
6236,0,34.33682976020846,31.413920904005558
3143,0,24.337704986415044,25.388187733380562
1525,0,21.9634389342448,21.495948689289005
268,0,22.528096644536465,19.85081872579559
1929,0,24.64909673271,28.516776185887373
5357,0,21.847282559537838,20.22606097342841
7017,0,23.830554416000872,24.27186735413938
5407,0,30.56453618257083,31.669851707685442
8463,0,24.25041438511917,28.727362011245948
2317,1,29.562916735989617,30.853193575142683
6786,0,23.633988478263703,25.254314076798742
4222,0,30.650087419791966,31.390328523846293
5697,0,37.335354730428264,41.0038636313985
8132,0,34.08681184594064,31.30695145824835
5337,0,22.617299908706798,24.02485285983093
299,0,30.532556422578747,33.01054090519105
4072,0,29.475662854793825,27.108566985378356
9421,0,23.12844980739354,22.568427598312898
4342,0,18.335112141245798,19.428759051912596
2793,0,25.390268312662457,27.45490853520171
1397,0,26.134982897245358,25.764461984319823
7914,0,24.40786497928391,27.618319959294336
3884,0,23.146143467276072,22.974742526278476
4382,0,25.55871867669224,23.829718729623497
9648,0,32.12212239355364,32.551067336176345
1225,0,27.00601140155068,29.0538096563527
6457,1,27.05580146305014,21.17394364775932
4739,0,39.339683238377575,40.27009810852855
9226,0,26.659916522164565,25.14800173081535
2600,0,25.603333545156172,29.588844166123724
1274,1,27.68860837460399,28.018744657660246
9912,0,30.502074798351458,28.093931319035274
4213,1,25.97886279080873,24.992649329632744
8834,0,21.29674856108118,22.253696095341347
5982,0,26.046286155893494,25.92694034647047
6382,0,26.966977360087302,26.5379375211076
4738,0,26.19823217780078,26.866771351725873
8146,0,19.190467017717726,17.48962664120952
7415,0,22.91966622833698,21.687688764850613
6187,0,25.08658538416566,25.42329677173134
351,0,24.391049357821807,27.4444469903843
8597,0,35.77054909734208,35.42488009114022
2386,0,20.262856765324955,21.518647797010633
2381,0,22.371655017436233,21.411344172356856
3298,0,31.67226548566632,31.583237131319503
2092,0,19.03437186734113,21.516411585762214
6884,0,27.93555613593408,23.830717169188922
2535,0,25.453995843110043,27.70158222787943
5077,0,25.753299565775404,25.77077722238571
4247,0,33.8209861256833,37.198184529774075
4979,0,34.780214903172514,27.39578291197512
6413,0,33.631062306145104,32.00046897777899
7169,0,34.080957517512715,30.653501178797836
4914,0,19.90534404350613,20.063532297889193
2668,0,21.842098914742746,20.785875308018774
6628,0,25.41998592713581,24.041437695782324
6653,0,19.90341368124503,17.797606293935715
4055,0,27.83212394594141,24.350140661069602
9481,0,24.676304918444405,27.740242791320476
6568,0,33.02754377413314,37.37663370264461
7381,1,24.781385389045273,27.290982584105667
1761,0,26.750501055047913,28.368382148720396
2847,0,22.726143127027235,20.284053366437636
1116,0,28.90057860855359,28.290425692272816
3767,0,18.478454016826944,18.9365184644538
3068,0,23.055800099524962,22.16203381412321
7622,0,23.2207145256031,21.961999511213005
7439,0,24.294979033630813,25.699308132505077
5328,0,30.999299117792837,27.416067995109337
4666,0,27.22204198943212,30.34594730434742
1975,0,32.112069695313274,31.153697410311572
9861,0,28.086430754924,26.5788291225877
3732,1,27.03083278464233,27.172444365508852
3746,0,28.146432570844986,22.815333530965553
9066,0,19.68919761478414,19.81974630441079
8109,0,22.415459665199155,23.981735074926213
8149,0,27.613931389099957,24.828318380235274
2811,0,23.37612239079132,23.443254013618102
7902,0,29.176542807700287,29.863261213832402
3820,0,26.11134319565807,23.220214769010706
8886,0,25.498800751726147,25.85913901364681
5068,0,27.73677842837849,24.4067207260901
4225,0,25.210214334568274,24.43787770808328
6401,0,22.256885527312257,19.424941479501488
4710,0,21.260262390448457,18.671266025781453
8475,0,29.90871650978325,30.923427386663302
5189,0,30.807141829719328,31.194986209770914
4840,0,24.008120392043054,22.772031533740652
631,0,34.94641792969906,32.94820495407163
2471,0,36.54429607322496,31.769840650721548
49,0,30.59660347951282,30.595581013219256
8490,0,29.080855874301697,31.28458992458717
1027,0,24.28984622020654,22.02348785103808
8963,0,20.196678298084393,17.813768616874057
4848,0,34.11252049122024,33.85165984573205
4789,0,24.469642879143105,27.516982895760467
8111,0,21.98977028078588,25.115208666525998
8920,0,17.696677263803153,17.158074298696878
958,0,53.256136160614375,54.76965317875178
274,0,26.49110427587968,29.747008309152317
3569,0,26.33195552862225,27.63999239855732
4833,0,37.37198122817345,32.1810994442827
7678,0,19.909337203187253,17.799929711240353
7603,1,24.09331581303698,23.739577042828017
1747,0,25.0268887235726,26.387820921095518
8706,0,26.76965046578467,27.27173078125339
8378,1,47.67892608658812,45.012138270358975
1098,0,27.59992956742286,29.306169093843497
3771,0,35.405595474764795,34.70432572207255
2053,0,25.86131535349573,22.634654803116902
3106,0,23.925519274911906,23.149912193568234
507,0,28.645131188452954,30.28708302894055
3170,0,33.25895516517763,28.885297891804374
9947,0,28.77366612205375,30.840136707101063
1905,0,23.924194947814993,21.29607343245849
7788,0,24.255974335234235,21.411572771243147
6895,0,29.0183419811181,25.467907367120176
5740,0,28.431502677086904,28.2665604929101
6033,0,24.622584271319564,23.057663141110567
9582,0,22.53432876491629,23.0541158984312
5202,0,27.07756702006661,28.1524151341128
4658,0,19.757778784230556,21.743199997204115
5468,0,18.49708187100221,19.335116144681997
2836,1,48.20042256187249,49.06855170144264
6910,0,22.795636821219407,24.200896073129407
4634,0,21.36823744510098,21.947062441795463
1071,0,24.77970131063401,25.140433774298906
8057,0,39.898290275572506,39.3466306656283
3462,0,24.85302476201466,26.696046856549145
6052,0,18.81867015838834,19.117781303096326
7589,0,33.51734141809208,31.14377633012109
4012,0,36.94612300912992,42.18582228290474
5814,0,16.74768433621618,16.63069245917555
6195,0,19.901594954302038,18.623379792885732
8776,0,25.12463671120295,22.059307100947663
7340,0,28.780140075826743,30.85175985126756
1367,0,23.032041219156547,19.828651686612364
4197,0,28.833822837641886,31.26178206039941
9622,0,28.138411391877984,26.164569073837956
6768,0,32.83124600704211,28.958098225000796
7996,0,24.039979246565437,25.03726863014618
5742,0,23.40720474099005,20.849324876263744
155,0,26.526413366946365,27.324280841684228
1102,0,19.988580420028065,19.543337921034354
5382,0,20.217327447676485,18.446775941820622
9132,0,26.075451006123654,27.335500763440436
9119,0,22.124141736915426,20.011519079725257
4695,0,23.984299726059493,21.617105117087142
2095,0,29.714053338667583,24.169677516966672
1876,0,27.162173429965787,24.186368185724447
4223,0,25.700230816729704,20.64618495353201
5832,0,25.033689135487837,24.7773975281843
7342,0,27.478935319614617,26.095823957103264
2453,0,23.531254900309907,21.66582110258291
2875,0,33.753502794154954,29.58422152297313
2302,1,31.305551715794138,35.18206053350604
5705,0,21.525217103251236,25.6463316033422
8569,0,18.471689685853896,19.126683585751383
2879,0,35.978592352880774,32.60926263043853
2035,0,27.877891338977854,26.165631656388243
9934,0,24.374123866943826,25.661093119436845
3375,0,36.788604422955856,32.98428514787543
6458,0,22.630765211984087,20.733604583314047
6826,0,19.773967924731622,18.433440338266404
9848,0,27.2602070609636,29.232149061849096
5769,0,25.596258186145658,24.125878453471135
2481,0,25.810423545944868,30.285546772852694
4483,0,26.50471401752216,22.969509893330606
9000,0,19.726159843815953,18.110306540319094
3837,0,21.625586909138498,21.655349510807845
9584,0,25.508258230129112,22.025881556663645
5193,0,25.915356884598285,28.517246652260233
3963,0,30.716130660394143,27.232192059284777
3741,0,31.310977751735567,29.37387845835559
9718,0,21.372403553418337,22.371719156383975
2158,0,25.308839016109424,24.174581689104528
3992,0,28.588777990767703,24.358668960162856
4956,0,36.17618229656268,40.48227474313831
6652,1,41.5671833128318,43.10654493011938
2617,0,23.107547154754336,23.353495174428584
2514,0,20.805693190662573,19.47249407363853
3558,0,28.2447464190857,26.05459640753547
5444,0,38.432886341925325,37.96078074293558
3352,0,32.63184268070946,32.91536838675527
4170,0,32.26637009583179,30.345399312274587
2240,0,27.78435742360026,31.948383455947415
2622,0,22.24053468865575,23.95628881125441
5482,0,33.53850666992265,33.86567094659234
3398,0,25.328028303527528,27.259540852819356
8544,0,31.900709652747636,35.05314663428262
391,0,25.93609142034626,23.691486727283213
5237,0,23.922829405536895,24.723739903239842
30,0,22.86441171547719,25.825057934041727
7631,0,38.582121736238165,34.80770280042414
9140,0,19.59444387963869,19.742250489876746
833,0,24.58749804040257,27.176603294302097
7148,0,24.239689128416778,24.4507486271957
4733,0,30.62342483633469,30.401650805013038
9847,0,30.96075790783345,30.885708013204106
1471,0,22.486247256332994,23.48447221741233
6460,0,22.145556741110017,22.693008216478006
7498,0,28.925966413845583,29.41106447395549
8089,0,37.558542422389735,38.45745297798828
2806,0,42.67651264006819,43.48696630103193
1811,0,21.65473370577526,20.53329887442853
3900,0,34.1996722125229,34.262409114251795
889,0,31.691916092310127,28.97027678660234
2810,0,40.744407573623754,34.75837159309383
2042,0,25.5171314427197,24.377312805000035
8222,0,50.590239770670095,50.719288316747445
5972,0,27.00210536037616,27.54728226435597
5056,0,29.614341192648414,26.883626588196798
6013,0,21.74363800367659,21.615175086691202
9376,0,19.043546173641268,18.36519222826842
1380,0,30.942141435426954,31.23764898298436
408,0,22.783477325632223,24.6691195649534
2530,0,31.6142544678024,32.687016087672504
1345,0,22.476918297796935,24.930832099177433
7159,0,32.88034418057963,39.459195217519444
4717,0,22.782912145285916,20.032581276328198
383,0,20.65703123060709,21.077429927715812
9404,0,20.79988666280233,21.4884715914292
2594,0,30.013300698727363,26.289825527385315
4454,0,24.322700778038964,25.95651936542578
9891,0,21.280164802505368,22.29434893130075
1011,0,21.50333433992749,21.499364530883255
1799,0,18.128394595862805,17.427108570770677
9001,0,23.69193601605297,21.12571184065863
8345,0,29.746554704138063,26.341302924061996
1206,0,22.824501511612944,25.240511136295435
8586,0,21.84217156196199,19.075894304471042
6688,0,32.46509451636286,27.415506687784205
18,0,20.24952370046097,20.82100281735901
7840,0,36.735251114848886,38.9805004922568
3195,0,29.756463662207288,26.082319363129535
6494,0,29.11414507435555,29.16537769619499
6919,0,36.402404191164024,31.84931640000924
2029,0,25.92205709773234,25.622578798763858
4446,0,32.22080088457909,27.838262725621615
9752,0,19.72435000332022,21.442672883425146
9069,0,36.74090827368737,32.750301142250635
8104,0,30.84873260531452,34.406935469923575
1439,0,26.07396461218294,30.025490213873056
9808,0,26.17865775590366,27.67594147002671
7221,0,25.413856335869625,26.673783906053906
970,0,20.32275468916149,18.222197031290424
3225,0,25.404099416733512,26.57866347677435
5609,0,21.242193437537896,22.55020405372621
9262,0,20.226606835328013,21.729455802877432
7668,0,20.286239923914742,18.790173466062033
7358,0,28.244538949532792,32.69460182722706
2783,0,40.04589301526336,45.43969989197887
9300,0,28.74819003648088,27.526583517502615
9185,0,28.799442342722244,30.87116877351602
6105,0,26.78131008497474,30.29616508717612
4328,0,27.273052574153226,27.85792070792444
6611,0,19.608405042502223,18.407325333174956
7131,0,26.14982480195063,26.013037337073847
9194,0,22.148259902709714,22.86742125613628
188,0,30.65903307476424,33.90077263843766
6817,0,27.698389370155546,25.18723439354935
7520,0,26.71623706911137,26.38744372565704
9214,0,19.704331919279024,18.63620662797748
9735,0,19.371893416861845,18.41547641462683
8428,0,20.52105247511748,19.844224216169476
6108,1,27.573216800921692,28.96560122555058
5207,0,26.219454396173134,29.706313724446876
1422,0,26.387690635317355,28.732513146918347
8178,0,25.459561911706142,28.109883790187645
593,0,20.02081640073001,20.098307769405025
7629,0,19.817917785269227,21.2110955479087
8514,0,24.99989027656749,23.98642282710567
267,0,29.21469980749646,23.916328375674777
1803,0,28.94416696863583,25.96563939197949
5195,0,22.655766807115672,23.187392081335233
2559,0,25.01084891274161,24.043865113350503
3129,0,27.990201546438108,28.615260621448435
907,0,23.99051297273762,22.270548521010017
8825,0,19.394097189485134,19.372037822523684
294,0,31.561472539794917,31.2392408553069
1834,0,23.598247915476566,22.42936171698172
8139,0,19.471041275591215,19.656110503892233
9050,1,33.67546437828096,30.049407801129934
7110,0,27.17874361188634,27.557392544549614
9565,0,17.20429542853574,18.58435857965594
4592,0,21.62155642421681,22.257427826607856
1295,0,20.114238470286647,21.250297776644086
6593,0,16.24283741763359,18.27983006122969
1770,0,19.269389805006725,18.25018501345419
7054,0,19.02364679340808,18.721312647851512
5363,0,24.985045547877295,25.69072897927466
9663,0,21.78875418266636,24.00807063265367
9993,0,29.15373436677739,28.76652303337795
3307,0,37.29992967082574,40.65567311685264
498,0,23.9595431154263,26.774534569676103
764,0,26.480972499966988,24.756582024473783
4481,0,31.34225887207181,28.649793293616558
8419,0,22.67356835877677,22.526445654366764
1993,0,18.257630166801004,16.57983735851141
1942,0,18.20907823034863,19.899074235684193
8739,0,21.987231071228614,22.541233228409613
1049,0,20.12524216896113,23.378109304106392
1573,0,26.54034344226804,29.126642823490315
761,0,23.43849883639475,22.69437112387915
8239,0,24.042218719875702,23.217084428093084
9473,0,28.038096781784883,27.78384904608084
81,0,19.66768394255437,19.54953290805804
2634,0,25.30634793730404,21.77144504852393
2925,0,26.962125901988998,25.38426661373674
5360,0,21.827233316872253,19.65583490564937
4037,0,39.69006060978445,34.01899556686702
8570,0,27.676602239733345,31.21672028456287
9736,0,20.322364694644122,19.450992668153475
5375,0,29.931183896579515,34.8789244063008
4099,0,21.34758598056272,20.847012302006913
161,0,24.080004053898314,24.37791902200803
7709,0,24.648867145834537,25.99823944234685
1572,0,23.837076402196544,23.36906116843712
5766,0,28.252058856680474,28.555279292171214
6035,0,23.29553012868053,24.61027233089687
9147,0,28.58845856046361,29.38435857405002
3349,0,18.645218858299756,17.2179767934958
7151,1,27.39269025803979,27.465200771253272
2923,0,26.183417049527893,21.95593721860508
1800,1,34.02328326139609,32.75701609321683
9983,0,26.10919178312968,26.068686716383493
3827,0,30.066211966181967,27.98486142126484
1602,0,22.740216679000202,23.01078342495076
9374,0,27.619886326968324,27.19527815179177
7249,0,28.261530277090078,27.668421950519132
8369,0,22.32033768104109,22.326447196131465
9745,0,25.384481793027348,30.39529408938136
4543,0,23.42423026403943,24.403040540968938
7836,0,24.9471477235784,22.52276729707546
655,1,30.939359335287044,33.785598645409124
8629,0,20.482717949039003,20.349737591923592
9325,0,21.173934114087928,22.339405911503707
4991,0,36.72360224343717,31.16183460096945
5532,0,29.57927398167868,30.445651821083548
7266,0,17.511187914425857,17.17607341198304
2863,0,28.47735933653351,25.495419986297723
938,1,25.117852744631037,27.719749789005036
9755,0,30.635735290975887,29.124347990666944
7177,0,36.13278496827129,30.26006965069502
2411,0,24.886037987288933,21.86022362664124
7009,0,27.412706652652247,27.909223970333795
3990,0,21.73540329440711,23.17408193804458
2929,0,19.169293702132425,18.512663616833382
5565,0,23.320823222074786,23.205844294743788
6078,0,38.177693144219546,42.12864761278017
2892,1,33.94169157207173,31.068223163859496
147,0,18.65031217666267,19.395103353641982
2623,0,26.091264246599472,24.570754781194346
6081,0,26.341415755961975,25.813604332843344
7975,0,28.824082831486123,32.61465551841481
773,0,30.497774195165878,31.94823458257462
3855,0,21.692642399735806,23.865450610675516
3676,0,23.336408754539256,23.53007362402222
4966,0,34.99810350532307,28.00691991197429
6714,0,23.146748343130348,23.530648410132763
4310,1,38.71865028223675,31.606997272286705
3257,0,33.4263610066462,29.961299597678977
8606,0,22.359736416077986,22.24011234701155
6076,0,25.51730479409178,28.759674623228552
8631,0,30.208569784888763,29.16763502252593
1205,0,22.478772217662176,24.697163820037
1708,0,20.584596332842963,17.787023933882313
6478,0,20.028849039524488,20.576186676903063
6188,0,39.20976548180038,38.474797080364475
7136,0,26.0062627778417,23.888403108459407
5738,0,22.395672956389795,23.740241413375177
9452,0,38.19423018608479,39.709980194649575
7971,0,26.02736069689635,25.633607809453668
3714,0,35.95381715121651,31.251698734215516
2080,0,29.62217579112353,27.074681603937623
9680,0,21.449267035716595,21.200043694025105
3284,0,29.729703503451166,26.346487623567192
9835,0,27.29833017442676,24.52010496901302
6225,0,21.81527383448748,25.34141009646508
4349,0,38.955190242767344,36.351400991892625
9428,0,23.464898170149624,23.059794407008116
3901,0,41.29711684907461,39.8249339101438
8985,0,25.861186169120433,27.984570668390123
3779,0,30.618918649445988,36.3676372701681
118,0,22.956463087575287,19.20822693543482
9116,0,38.53811885261589,42.182850445244654
3103,0,29.666862520835235,26.64593321531783
1503,1,41.269694049679224,38.684748106281305
1913,0,21.345658101146427,18.741013187837584
213,0,36.13951187459795,37.94650659150895
5326,0,25.347313861614673,25.810214360255408
9110,0,29.844978182283292,28.215833029429
8590,0,29.979282117457217,32.09294232650873
3744,0,26.293807368796386,25.556915596120568
6402,0,24.571780201456967,22.503425015341232
5617,0,33.39608115589922,34.76255122487385
1484,0,23.288854948721898,24.5154085369105
5515,0,26.616481254977305,27.729255523223944
6609,0,36.69289311326416,37.390371117384525
8195,0,29.72219970753612,28.888283334254353
2764,0,23.14152957977498,21.199359516365284
5943,0,26.22460016714685,23.931804303667167
4403,0,23.536574604363892,23.39598803421206
6748,0,17.401529424740694,18.81652050449772
9818,0,29.670557650993306,29.291386426100008
9052,0,27.014312897256975,23.057417358117746
5106,0,26.153103470446137,30.36817971191659
7188,0,26.18699490499747,29.214535043884506
1675,0,21.634440276624364,17.2749263225336
2967,0,23.326969774697176,22.981632963420118
3914,0,21.50848584854567,23.252798426285874
2212,0,24.686766729889783,25.142921389522687
8718,0,23.56764692137816,22.269683597739647
4581,0,24.2892365824697,26.82238587157308
7905,0,24.230508936503035,23.418778791304575
3911,0,28.162122433346678,29.337795646108088
6891,0,27.72470758202388,25.400627645448008
431,0,24.1489485376951,23.133853511817474
6045,0,24.01885757858526,25.87968226410381
9271,0,25.45215891065677,24.795301607503202
1152,0,20.864762855556396,24.158598838562263
1465,0,23.324380643725927,23.543523391529614
5967,0,22.801141259774734,22.645731077469787
600,1,23.25584875197886,24.222442630910667
2003,0,26.58429665182193,26.597960023492902
3951,0,23.346081674227655,25.883446784445137
6227,0,21.007772135566203,23.23613810896065
8792,0,18.759279852482358,20.744887002375993
9979,0,28.577468985205627,26.466390824438548
762,0,23.07005333514569,22.882916344082023
240,0,23.115248017373368,23.99586616783318
4239,0,30.596540978636924,28.311263640910845
4662,0,27.8761837251325,29.232124492998032
8723,0,25.021353236875946,27.073863154675802
6491,0,32.17583754573631,33.86023764008687
7317,0,19.80617531645946,18.842913625065197
7284,0,28.777158772574467,30.570763691955175
885,0,30.080777844408846,28.11587686890637
4669,0,24.49217996574538,26.14020235402122
4810,0,19.036750000475926,20.43761014931584
144,0,43.4560235611366,42.72738614557501
3774,0,19.29480651047274,18.416137971170247
7002,0,25.65439172151614,26.087072815922227
7351,0,23.391091610502567,22.527796052769425
2799,0,22.351086509502576,21.023540531676833
2132,0,35.621741310389574,37.675643216789055
6500,0,24.736111349603114,22.737042224004057
9611,0,29.058025252011607,30.06306838070755
2136,0,37.34987656145413,35.75106575027144
7546,0,24.30579171895947,23.75621461117334
2329,0,20.350570351923242,22.394512707574968
7987,0,18.294290831509514,17.804362820648173
3538,0,19.248504033044924,20.727133393869686
9889,0,27.793968589011275,25.21988265536903
9266,1,29.877841948700446,30.546031572186457
6359,0,26.137203753988302,24.89158963287311
8246,0,41.803724812594986,45.45802911745064
7828,0,22.133275856825936,20.190392537075226
7092,0,22.943517618098547,27.238734077498975
4307,1,29.24097214082524,29.590402051696326
7201,0,24.350029644779283,21.344567511789066
5857,0,20.9549160964747,22.203971237339612
1718,0,20.051431211823363,19.58373274671016
4860,0,22.00285817198037,22.78549317756004
4925,0,24.333620682848625,24.507507485681497
9907,0,31.319913864557652,26.268545066168706
5636,0,24.660167567031703,28.46505948951211
5229,0,27.14658469504722,22.911182931280987
1083,0,21.798207337412727,23.18244494752657
5809,0,27.822946692318737,25.236193025307323
2734,0,23.282660183308796,21.09022435518896
3679,0,18.127311050571222,18.21224822073804
4917,0,19.86179574509012,21.344655336139567
5257,0,25.05984187923815,20.667098012226084
4172,0,21.354134659212534,21.51258778232881
8658,0,29.101668235585226,28.993460234625132
6889,0,28.269297031718832,26.688279593304493
338,0,27.231311808234043,28.224974924514267
6315,0,20.972470296577985,20.9967901995401
9997,0,27.10818841047579,23.224378726919085
6062,0,26.4552529118399,29.687446667016275
3482,0,23.895239427505697,24.490648952494322
8424,0,27.68167980169494,24.092702057085152
6435,1,30.819869966595235,24.259038024829398
5921,0,19.125280187842947,19.51737991672827
7526,0,29.051604618354236,29.310594005634197
5954,0,23.445794053561364,24.908406753578625
5830,0,26.510735802819916,26.49272980049673
9224,0,29.704646673645904,24.072836013100197
3623,0,24.548009754678798,22.65973694317581
3510,0,23.222866116375485,25.65317394133286
5796,0,23.730051257598056,21.307087178913267
4430,0,19.775292033724003,19.723153290274606
169,0,22.726032869112707,20.29223276010038
5819,1,43.14682747152112,38.22107614303568
1843,0,26.195051608399933,27.64152275701922
9432,0,38.453236482272374,41.829771445764834
2468,0,27.115784520574717,23.917688384509844
7593,0,33.31062256916177,34.887091014438035
859,0,19.00538116606197,18.25520131411441
14,0,30.976380505367977,35.28094594209657
9677,0,34.33087022867605,34.45179846089155
5258,0,31.041750856354025,26.559774797327588
1044,0,22.249644862222446,20.863938792456572
8624,0,24.511332382169115,22.4411573432947
9987,0,20.628568892133426,22.66285547941871
5132,0,43.188445090587045,44.980019638585844
8607,0,18.468281451650086,18.36508374142051
3354,0,25.125325143171224,26.546103676892812
7336,0,18.900616945563446,18.059929799044717
1527,0,17.573841846451966,17.857459343779286
7155,1,33.07602107112988,31.76452809706737
8945,0,28.425665466716946,30.40757256677921
8817,0,17.19020974098725,17.30676879267099
3092,0,22.4091104936245,21.115952625738423
8488,0,28.735825273134125,24.046307619958654
2501,0,34.47826460799795,35.82569413105644
4343,1,42.393381073619906,41.73948409611163
1858,0,23.568226013208516,26.18156895717289
4150,0,25.857380101126516,29.385387787292295
5929,0,28.585771966972047,28.26542502795998
1941,0,23.645237790353203,19.65129444579205
3573,0,32.62658511435111,30.6293787309179
8948,0,30.097693629591205,28.83733317531169
3822,0,28.00933944061522,30.903138152628312
5245,0,32.26481855156239,33.27633950817358
2460,0,29.110359466841203,25.886672702862167
6274,0,23.86892139329547,23.831008902226575
1672,0,35.70083725015417,36.47436011262536
363,0,31.108349613883803,32.7776839181954
555,0,24.14354632038703,23.028088441833155
5041,0,26.058246507946148,29.712509285567656
1244,0,24.15843050275029,23.92705680646191
7695,0,28.929090374070103,28.92551768260403
1074,0,26.452571623046808,27.594839063820388
3748,0,24.57250261675086,28.2438572944559
3337,0,29.238156255648345,32.14345943488982
2502,0,21.210886905892565,24.06511450127957
3777,0,20.130572354213225,19.037892951263245
2324,0,21.78619471533909,19.338332428577626
1912,0,20.795017876573887,21.477573248804273
7447,0,39.577531672315835,41.92867711087837
6565,0,26.272589327582953,26.903616347712852
2769,0,24.486704436240025,20.678288341885523
3325,0,18.204776650559406,17.38018666089083
6683,0,29.746822943311155,24.52351456596933
3881,0,28.782115594014016,35.93258320022414
7372,0,37.64516272954969,42.154202105148705
5474,0,19.102443316250643,19.979389252975913
3528,0,26.985095647657566,29.117853884168436
9883,0,32.014277567402836,29.16194572557888
9967,1,37.301033358177506,31.74102146024218
8022,1,28.42573388768977,24.434389117983628
7533,0,20.276764309896908,22.172002495063172
279,0,31.55864825631799,30.943881687579935
7380,0,36.91891801815355,42.50433151429424
392,0,25.896210832252198,26.399532578319388
6290,0,24.263772322873074,23.28278512672448
2190,0,24.92869356783939,25.941072464981655
6114,0,23.91217993265903,23.414123283456597
9994,1,46.851874471691204,53.402153781732075
4542,0,20.13158083244499,20.324623962624095
1983,0,34.19693514012671,32.06364023675374
2570,0,31.365912199721002,31.990855509345014
913,0,32.58095401952954,32.698633392413754
1746,0,28.658766169335035,32.95358269733468
5417,0,34.776078820373925,35.1929934693828
5457,0,22.465779436727328,20.335582920799958
3735,0,22.336984653785596,21.2413572384587
5985,0,31.735602981850054,29.20490358654292
6091,0,21.44275036384812,20.05570499429928
1415,0,20.339698204925604,20.574475986974765
3315,0,24.720272951879267,25.627665408755693
2779,0,24.63402796465071,24.08499136432416
3071,0,21.510891496178957,23.207116304883122
9637,0,20.779129262884354,19.531878493818443
4689,0,33.435927568587296,32.78061473093803
5409,0,19.519708828760248,21.953755917198695
533,0,20.88978198717172,21.504205845382103
1537,0,22.606650020617717,20.959645346384157
9114,0,31.596867968965412,27.11487438088026
1045,0,19.222849054565756,19.27793563797086
1060,0,26.273235324886855,26.783283993706068
3781,0,20.83936391839125,22.495205659750404
7962,0,28.960824354744613,32.44700669928076
878,0,31.79984847433147,34.217538924982165
2281,0,27.662811741600542,28.99839618403046
3081,0,34.362297697292675,38.19675764002896
2767,0,34.17905546368171,38.534128096180545
8402,0,26.022037987900745,26.950864946859376
9442,0,21.89656642703221,20.71566716209354
6890,0,24.18835009245248,21.303070658098523
8001,0,27.458199163024574,24.34625567218259
8171,0,32.21813420358963,29.530930192839584
6115,0,27.279770253502715,25.49424575822684
2631,0,27.067267640438462,24.41426000251741
3833,0,22.740659335784756,21.949046942154897
5989,0,21.26824203877415,19.376478308502165
6988,0,35.37114164580803,36.50026059240421
7141,0,21.553453235133365,20.32872207681742
4705,0,23.976258882571695,22.23914689679989
4661,0,22.077622192174797,21.698616636680732
8809,0,18.790602964677777,18.755501036567015
5303,0,35.1021456040375,38.07549856455691
2406,0,17.95389254718245,16.349909368166113
7772,0,30.802728470913475,28.07822361032549
2851,0,24.85805352634356,27.20307656604894
9460,0,30.408176185108296,25.891573084682626
6984,0,19.39308574284111,20.304846772464764
4726,0,28.504065052247704,32.31127340708788
3818,0,21.10862160506598,19.858557293823115
4589,0,33.84726722864279,38.95176473139194
5275,0,22.09375648729584,24.687516939568784
6378,0,23.64969902610056,19.654064808159294
9386,0,27.649013454104615,22.736946503923395
9621,0,27.358985742061034,26.326359341382286
88,0,22.671778153875543,22.562015210436034
1360,0,36.62840095365247,42.82492470240405
8073,0,30.039860213652677,30.249902958253287
1428,0,34.28326152740223,34.84864126777949
9026,0,25.876037782580152,29.68138140161124
8690,0,36.63278647952016,40.98138491767431
5572,0,18.579666342286767,18.56219451473908
8130,0,25.27147308948202,29.995502470437742
451,0,24.688199013929673,23.798190872965844
8522,0,32.65570865956313,32.55260522487013
9380,0,20.282361396463557,17.91935762955108
3400,0,21.014680954850053,18.183926145606545
4154,0,26.795829702422893,29.28446543725689
2990,0,22.24300359975495,23.422998524647713
5351,0,18.714722067265203,19.09498078376984
8953,0,23.031166644368515,24.468399047935772
7167,0,22.177552026793517,22.314511276875194
3091,1,32.68674862704808,30.920494554617928
8795,0,23.134080343472636,22.184935248168276
3565,0,22.42796229778456,23.41563368498262
981,0,24.469159393334188,23.26106816351045
9161,0,30.85971489720853,32.40374632889793
5061,0,46.09089812053924,44.095068328510735
3632,0,34.63572575076225,36.35011570533721
1257,0,29.061960232804193,33.69820715368488
846,0,21.21814081676599,20.050666995261604
2816,0,30.811868947405085,29.02549260602679
6471,0,29.193196652176702,25.84417732975453
5427,0,28.67168628675045,29.46351610347378
9219,0,24.138689667762282,23.990451296721147
3507,0,22.144099830173214,23.98858230476861
9222,0,18.749300032055604,18.769731411644504
8503,0,29.814465080506512,27.173151980113797
3363,0,21.09952762627362,21.377042515794994
677,0,24.60468640192886,24.73296282933783
4377,0,28.635274643557167,26.239667932973113
9318,0,24.24235570020944,23.93967637226907
1088,0,35.255924502810835,35.48561141374905
3303,0,32.9995055392618,37.490076725396634
8587,0,21.51287761761898,19.91203258977666
1603,0,19.499249448927404,18.035998349178673
2771,0,44.02922197603294,46.729181038895476
6742,0,21.08323821822266,21.70655933500244
2884,0,20.15514327872556,19.677409853172023
4435,0,34.89127818389991,37.31146800746357
7557,0,19.90779805472239,21.835296289267095
7797,0,35.13215679217741,31.37676696034696
2332,0,34.334769771940486,36.14761186315167
2627,0,26.205973931416374,23.868833595600677
2511,0,23.452988920690764,24.807549143378786
6876,0,31.36864250297145,26.224060099737535
2109,1,29.3185210033227,25.624939323268897
2168,0,30.203775816613465,28.794400973770603
7951,0,24.03870155369076,25.362638114958973
2943,0,28.02424817608104,25.086385761831888
842,1,26.084825092308265,22.013669822182145
6592,1,29.369910391814027,28.049200315870646
1787,0,23.238694920168303,21.36185288005575
7645,0,33.516743080632544,29.140419369543796
2794,0,25.66873962500511,26.112261047769184
3120,0,28.593417223044472,28.294086050381647
6746,0,23.687276891831257,23.021964923735382
6515,0,22.073752735890245,23.053595385698266
8634,0,22.145611160140305,21.881765065578673
6367,0,34.069926379370344,29.015465550225517
3563,0,28.68357346785205,27.892672431510896
5702,0,19.322096928067047,19.346602573033717
1095,0,35.3975504639971,32.66108794917105
2310,0,22.047686083364226,21.041644839686597
4926,0,40.33802082251276,43.345489168399936
9135,0,28.788523190705742,28.65713384457432
291,0,19.495167112790288,20.4253002064627
8510,0,28.854285558920964,35.07951925078757
7794,0,29.360867372691335,25.531943863858256
8987,0,26.73712851412377,31.37798417986077
824,0,24.70489072155275,27.336395789712714
5142,0,29.638069101100786,27.725172131719322
6750,0,16.88070063860923,18.084389287934687
8305,0,31.461799560313295,28.598246656499082
9438,0,33.96611768484117,28.216295299942242
300,0,30.413221126287613,30.197292746515057
395,0,28.8828981032935,27.79720613584457
1610,0,34.760035765052606,33.56305071324281
7881,0,27.7037680029475,27.03305188030565
5063,0,18.34765423026663,18.587423059032634
7020,0,41.469092091228006,37.684938914751584
4185,0,20.21889334289235,19.954587452556314
5003,0,24.181709221999668,21.8867709888273
2148,0,20.971275467420917,19.984676739857786
6860,1,30.21336458012244,33.823560757478454
9216,0,16.566173812028143,18.509084162132083
3665,0,35.63451248875938,32.63757090644428
5354,0,24.302269726863727,22.651813309957596
8847,0,30.22936404312134,25.15545655788222
2517,0,28.893465472892238,30.471083126696048
496,0,38.12468238801513,45.36000152230938
4393,0,29.71818265364491,32.307746609902736
7966,0,22.332719017249147,23.746235302720095
3036,0,33.603155620661674,30.550036320852545
3726,0,25.152181821695315,29.308049831627265
4193,1,29.92858039746471,24.112597341377427
735,0,40.954351450851064,37.211199692106575
7496,0,22.278418295417826,21.586534845752375
6619,0,23.124399872350633,23.428633301776134
2454,0,18.07529243701096,18.168254304149784
5114,0,28.149811922360207,25.95910543073724
8935,0,32.834037009287314,31.364100284905906
9715,0,46.28966004233286,43.30906967187181
2949,0,19.562548669028956,22.08713836050041
3987,0,39.74461382170292,41.017569855477284
8730,0,23.504141352639447,24.451242924763896
3201,0,39.29432270571255,46.19625469808405
9301,0,23.29409629206725,23.177437358132355
6075,0,18.69113552041859,21.622576640044212
360,0,18.89680822452277,18.249819209286446
827,0,31.298191418125796,38.42984443099583
5589,0,20.13942431573729,20.683780848079987
675,0,25.442241324233663,22.890625451807356
9819,0,20.464717894129027,19.060775322795116
2248,0,21.886191265524772,24.325494572982098
1310,0,29.479687524443726,29.822293154933913
8426,0,16.460031787302764,15.858208835932407
6133,0,31.938450103183964,27.325579557730762
3916,0,45.45304431721543,44.982794847092364
8777,0,30.39912844904504,31.032845963165837
783,0,19.318460057987984,19.25505284361873
3203,0,15.762717979484519,17.388779897218058
5643,0,26.10818219900872,24.148384639229935
1012,0,24.899159294276146,23.128155414287335
9980,0,26.25016667951219,23.98021103331501
480,0,30.76443666259487,32.908517260136634
6615,0,21.423270868488228,24.21300682176091
1232,0,24.20325722110472,27.197445600355657
8918,0,25.29015973305664,21.67894972531654
8622,0,33.44593271356479,32.72000922602453
5110,0,36.14973121551477,38.237622630662955
703,0,27.923282268942064,25.6392188564618
994,1,31.758658088797176,35.69112637680786
1076,0,30.757649616638293,32.45271916910258
8559,0,25.00037993115973,25.742577009421662
9362,0,20.224561668731948,19.739259579213616
264,0,21.2289535846983,22.631190386810328
8749,0,18.731682617789303,18.372590216907415
7016,0,25.883672952221502,22.815698650982036
3821,0,22.066537657663943,21.700317207543304
6621,0,31.47907047184252,35.305094312523025
3564,1,37.49156664813856,41.00916665997222
2118,0,32.76028893177859,26.454148152511532
425,0,28.786213983722547,30.087642604482603
223,0,24.296129000834465,27.141867311156002
2140,0,26.584500386051985,25.776283110130912
7655,0,18.958855211754702,18.69672583520556
3341,0,25.25500213395032,27.016535108759733
7319,0,22.349432200844127,25.047185502644407
5699,0,21.77051478982658,21.14626133896935
1881,0,29.566296056191476,30.98654307755968
3043,0,38.667328376031534,33.7924392236919
8980,0,18.968148093991836,19.172710961659767
2021,0,28.332482107345772,31.46132269703409
8696,0,21.618885802458994,21.18087098601555
4440,0,22.943420793384732,23.98960460917393
7554,0,24.870787608700244,25.43459659579421
6200,0,32.06476270899366,32.90687191925655
1423,0,33.270455587857555,32.699944104393786
4045,1,26.963103294888487,29.797477437851917
8563,0,30.825231868641442,35.990875253776096
9249,0,29.219422256082876,31.515551099924334
3310,0,27.354437194449055,29.377175492251816
7947,0,25.669509703577607,28.845822189953058
4019,0,30.885476489483693,31.88260113338767
6722,0,22.114621290369385,19.404264393893424
8692,0,25.123192092456566,27.79041933747493
2313,0,23.77655555596759,22.58164011971153
3603,0,30.01276301598326,32.10296868027658
5035,0,20.418201275133406,19.392309644130098
3917,0,30.903986168956582,29.144944609714113
3057,0,19.46127758064323,17.414927553782615
9272,0,38.76738830489281,34.03060900703348
3196,0,19.0588387971822,17.402142898181044
142,0,22.06614826634396,22.234068416480266
1775,0,28.598466456375775,28.703366959967944
9793,0,27.140065269592142,30.61516046753716
8487,1,27.5389997536679,26.40426799146723
1728,0,27.22715461261847,29.158715659603708
5072,0,26.1920978424532,28.27854486895561
6506,1,28.907125594439357,26.77144870968355
7152,1,32.88588696491367,30.69643284163244
616,0,27.403666661054245,24.265545228145896
8311,0,29.508811982229215,26.328731447104246
2084,0,30.925429936708703,33.76526567891557
3148,0,28.50936410406279,28.06527137066423
7180,0,27.50677249609612,25.768142904066764
4396,0,29.395491979857148,28.32589616165252
6639,0,25.849632052605532,23.81828836798944
6998,0,20.169989902572503,20.280966503647093
1946,1,21.428549297576467,23.310244656965846
3183,0,21.262296546061435,22.549856419056287
9809,0,26.845587069295224,26.177401817617735
5504,0,23.907773168489214,25.420476972371368
6262,0,21.771474548428923,21.901050751121723
8403,0,26.3886204941338,25.23690119309642
5090,0,21.168703053246382,19.577817304608082
3523,0,28.469347169782633,30.46598275434935
1021,0,22.92071413395142,24.81312719110353
9854,0,31.91816153419201,30.36686046739395
7398,0,25.336660470592587,24.207215524319828
1635,0,28.442058292990883,26.859701127132265
3049,0,27.03671726729875,21.93867647575489
7801,0,20.472476911600257,22.90347768997013
6991,0,27.16760702868477,24.636641570564052
2546,0,20.95616873276199,19.140232947304607
6004,0,20.054546489573198,22.303481017675356
8459,0,24.179629585328247,22.982429197601185
6852,0,37.44653712573186,31.459981315987115
2443,0,25.19004830227903,22.45254131007377
3086,0,22.874307869022374,23.38021660812398
7424,0,30.130824922789472,32.321088533189084
990,0,27.331318785046196,32.05325488716216
3756,0,53.41055265148878,49.36582922564448
9257,0,31.12671092460577,27.280728009110835
6885,0,30.79829808431158,29.593906387589236
1355,0,23.30261800324752,24.49280808644525
4864,0,28.360273806156293,24.761514010128675
7488,1,27.804899775793565,24.07132875026229
5402,0,30.973288700151393,34.1598459438186
2315,0,25.72788788185705,25.695749263006665
7035,0,19.882391939720122,20.837631072549858
7468,0,22.470590294134677,20.71323523769199
9591,0,24.779516796472077,24.284392781052603
7663,0,20.813483237358014,23.117885345574848
1553,0,17.891806970140255,17.969965068524377
1931,0,23.469807802892056,20.57792533706576
2909,0,20.929704744648912,20.87516937979659
3228,0,29.411774077401812,26.575597008900335
374,0,24.09304116899215,23.74252618710952
3858,0,19.540749706834582,18.73480019115092
3986,0,25.98260714066422,28.75959170871396
3379,0,21.05289349231286,22.671917305445074
2390,0,28.864629116175685,30.95065435328799
5884,0,23.8403791873485,26.060744822952213
6163,0,23.315930366450083,24.40904056486718
3546,0,22.97949960618658,21.7613670978521
2423,0,22.6974256396304,21.158738494587027
8998,0,29.42730448916078,28.547684728425548
241,0,23.43753876232541,24.918533936211215
2002,0,33.54156730173382,30.511765527354974
3296,0,34.78894764738783,31.582150076017715
2888,0,21.9840779681873,24.801587207954494
1989,0,30.777332699639842,33.34211001048146
1348,0,22.356268644504862,23.183418224959166
367,0,36.77551589168884,36.17232296551534
4253,1,24.926634107072072,28.92340549457361
7337,0,28.71926594463625,28.41999173853976
3612,0,21.53508883262111,21.04129177891659
8281,0,33.17122094625018,38.086139150981246
3602,0,26.45009011549484,28.7424659140141
4950,0,28.34664539047652,30.882003371665206
8638,0,22.398297313547175,22.140498114082295
2472,0,20.003839048850573,19.948940019511546
9834,0,23.823986106840078,22.243297194395076
4590,0,20.286154742586035,21.578901770773175
9604,0,33.831202643336454,31.840541483709444
8636,0,22.787018248549177,23.028441512701185
7941,0,30.32005803045662,33.63103398565641
9338,0,19.85482512833202,20.70984568086979
8066,0,25.256529882457976,23.705420658625442
321,0,21.280738635943813,23.06679363691879
8204,0,34.40635382815587,29.164690912888705
4597,0,20.919434873478373,20.467333115143635
295,0,18.625574988690246,18.21562496813995
8894,0,18.71294588038737,19.16816893310626
9646,0,23.90990317974514,21.636824775788227
5426,0,36.60227640082622,39.74017542054119
4004,0,28.201507854550925,29.262882160786067
1370,0,29.309506325982298,25.51911816944793
1334,0,26.703765344540418,25.546523680441318
139,0,54.665844092857704,55.98077814848992
8831,0,20.427793579020726,23.140357258498806
7897,0,30.966569353958004,30.735900978081975
4790,0,22.54314879932421,22.29976962150691
7278,0,37.585644900057964,33.40838880008319
1314,0,28.41698785596599,25.599035917928816
2269,0,24.884953830280082,23.023104978398674
1518,0,24.243827974138398,24.06651457251735
5661,0,30.015992954590033,25.84803791221467
2666,0,27.017601994512262,26.135045509395074
4928,0,17.968559524560607,17.05407149802536
9474,0,39.2075942037564,35.413270579818224
6978,0,20.59146574252694,18.75783874223021
4827,0,29.99054746328773,34.850095455872115
2659,0,41.23033473610394,43.14773652094567
2554,0,27.846932258437516,25.40823785153229
2914,0,26.187956402490997,24.983336704667813
7263,0,17.52313393364704,18.05640957750107
3783,0,19.294152342312096,19.354265377897526
8752,0,26.6959262205396,24.259458203322275
6341,0,24.554239093496328,23.417322816270403
4137,0,33.667280479291,39.35492518509398
9556,0,26.98199234527566,27.802780611924188
6725,0,30.515390869588575,27.870474203230735
3548,0,29.714653436155672,27.1226126576154
9051,0,35.782559377831184,32.07406933783977
8664,0,30.320228383598074,31.27063784576778
1306,0,31.49752652335308,31.85305961336186
152,0,17.874188899006466,17.0808494669203
8291,0,19.555157122915062,21.467753140476173
2633,0,21.052448800118988,21.77728237579546
8461,0,24.218467834915025,26.310720529013842
9480,0,28.87324873768415,26.26639696742389
447,0,40.0239695762438,39.926194422805374
3104,0,19.632914897082422,20.294951652975396
5917,0,25.7414374503161,29.41575360556828
6816,0,31.93622298869938,32.15402960604479
8151,0,19.435164636322746,22.460982949498558
7326,0,23.914127385730275,23.348269464248965
5092,0,18.663832953548226,19.245620442932633
251,0,20.76633505236722,21.38014547149297
4181,0,22.136709881889455,21.788444313765456
24,0,27.25433956104746,27.233631457859488
8427,0,32.0712546063835,32.72231540544758
5885,0,28.85865120978264,26.57568829921306
7671,0,26.681354382454742,25.911579331969
6244,0,18.945184176861567,18.808694802238456
2766,0,20.814864292179866,21.379949425102538
9943,0,29.8066166487861,27.991358823550236
6067,0,27.454086762222346,27.17488575467149
7804,0,25.757774278372395,24.834823109119835
8272,1,21.92816100247447,26.68148343862116
1335,0,21.242164443645628,20.67268482317622
6132,0,25.9402961757805,24.515524137470745
3652,0,24.603230962967665,23.741701504429297
6955,0,26.774667711156756,22.995469228904373
1458,0,22.340158990710716,22.803986732269966
3785,0,18.74925301976188,20.03653708357458
763,0,29.112208971258017,29.214499240218213
8600,0,28.790542324436103,29.229204553776086
1884,0,19.257370627427004,19.122606741565544
9915,0,46.165348768134294,49.98679226720627
2449,0,20.532600870560987,22.779720918919672
7423,0,27.654501116559715,28.301070779005837
6804,0,26.912463112940266,25.431505456305466
6529,0,24.26526550003868,23.982076676035035
6841,0,37.960818778147164,41.63112213720496
9436,0,25.35083057455312,21.07146251766267
9503,0,31.252030989838786,27.745132680011658
3966,0,35.20987229810211,31.926727450021378
8471,0,30.567905138164605,29.526471699776767
1143,0,25.290227532093404,22.374984889114547
7812,0,39.21079539981909,35.72042593426144
7773,0,30.127116249586727,29.347502244842595
4720,0,24.177847871234214,25.180894746109068
3059,0,28.598616124173937,30.544783498004797
7014,0,22.908800625343915,21.761398275728542
4900,0,25.826878296740972,22.121098888229156
5454,0,38.772055919697976,33.75292708723402
6618,0,21.13696135399388,19.984689166500846
819,0,18.951218353571416,17.06479817819489
9964,0,26.74433597507243,26.395585167395925
5526,0,26.203381246443808,26.900650229975444
2969,0,21.21111075523985,22.841870026819823
2126,0,23.66682784251966,25.445762331913762
2306,0,20.293231476523776,21.21392266796279
2040,0,22.395827194902175,24.573197117802984
5629,0,23.383322118018725,23.173688751819284
5902,0,22.45618811381756,22.719873662812656
2962,0,25.63431461630559,23.676521056845754
4020,0,22.644650066961766,24.48294589810955
929,0,42.42984236728445,37.96034140701766
4889,0,29.330736294286293,31.23173197693586
693,0,30.31925909010175,34.87633633301292
3132,0,25.34748780003556,22.420697123742816
2977,0,21.212188186970334,21.41250914264366
9451,1,30.989958319137607,33.979118646672134
4467,0,30.40732672301532,31.48852267156751
9304,0,23.592593578176544,25.371455046667574
