row_index,split
0,train
1,test
2,train
3,train
4,test
5,test
6,test
7,test
8,train
9,test
10,train
11,test
12,train
13,test
14,train
15,train
16,test
17,train
18,test
19,train
20,test
21,test
22,test
23,train
24,test
25,train
26,train
27,test
28,test
29,train
30,train
31,train
32,train
33,train
34,train
35,test
36,train
37,train
38,test
39,train
40,test
41,train
42,test
43,train
44,train
45,train
46,train
47,train
48,train
49,train
50,train
51,train
52,test
53,train
54,test
55,test
56,train
57,train
58,train
59,train
60,test
61,train
62,train
63,train
64,test
65,train
66,test
67,test
68,train
69,test
70,train
71,train
72,train
73,test
74,train
75,test
76,train
77,train
78,test
79,test
80,train
81,train
82,train
83,train
84,train
85,train
86,train
87,train
88,test
89,train
90,train
91,train
92,test
93,train
94,train
95,train
96,train
97,test
98,train
99,train
100,test
101,test
102,train
103,test
104,train
105,train
106,train
107,train
108,train
109,train
110,train
111,test
112,train
113,train
114,train
115,train
116,train
117,train
118,train
119,train
120,train
121,test
122,test
123,train
124,test
125,train
126,test
127,train
128,test
129,train
130,train
131,train
132,test
133,train
134,test
135,test
136,train
137,test
138,train
139,test
140,test
141,train
142,train
143,train
144,test
145,train
146,train
147,train
148,train
149,test
150,test
151,train
152,test
153,test
154,train
155,train
156,train
157,test
158,train
159,test
160,test
161,train
162,train
163,train
164,train
165,test
166,test
167,test
168,train
169,train
170,test
171,test
172,test
173,train
174,test
175,test
176,test
177,train
178,test
179,train
180,train
181,train
182,train
183,train
184,train
185,train
186,test
187,train
188,train
189,train
190,train
191,train
192,train
193,train
194,train
195,train
196,test
197,train
198,train
199,train
200,train
201,test
202,train
203,test
204,test
205,train
206,train
207,test
208,train
209,train
210,train
211,test
212,test
213,train
214,train
215,test
216,test
217,test
218,train
219,test
220,train
221,test
222,test
223,train
224,train
225,train
226,train
227,train
228,train
229,test
230,train
231,train
232,train
233,train
234,train
235,train
236,train
237,train
238,train
239,train
240,train
241,test
242,test
243,test
244,train
245,train
246,train
247,train
248,train
249,test
250,train
251,test
252,test
253,test
254,test
255,train
256,train
257,train
258,test
259,train
260,test
261,train
262,train
263,test
264,train
265,train
266,test
267,train
268,test
269,train
270,train
271,train
272,train
273,test
274,test
275,train
276,test
277,train
278,test
279,test
280,test
281,train
282,test
283,train
284,test
285,train
286,train
287,test
288,train
289,test
290,train
291,test
292,train
293,test
294,test
295,test
296,train
297,train
298,test
299,test
300,test
301,train
302,test
303,test
304,train
305,train
306,train
307,train
308,train
309,train
310,train
311,train
312,test
313,train
314,train
315,train
316,train
317,test
318,test
319,train
320,test
321,test
322,train
323,train
324,train
325,test
326,train
327,train
328,train
329,train
330,test
331,train
332,test
333,train
334,train
335,test
336,test
337,train
338,train
339,train
340,train
341,train
342,train
343,train
344,train
345,train
346,train
347,train
348,test
349,train
350,test
351,train
352,train
353,test
354,train
355,train
356,train
357,train
358,test
359,train
360,test
361,test
362,test
363,test
364,train
365,test
366,train
367,train
368,train
369,train
370,train
371,train
372,train
373,test
374,train
375,train
376,train
377,train
378,train
379,test
380,test
381,test
382,train
383,test
384,test
385,test
386,test
387,test
388,train
389,train
390,train
391,test
392,test
393,train
394,test
395,train
396,test
397,train
398,train
399,test
400,train
401,train
402,train
403,train
404,test
405,train
406,test
407,train
408,test
409,train
410,train
411,train
412,test
413,test
414,test
415,train
416,test
417,test
418,train
419,train
420,test
421,test
422,train
423,train
424,train
425,test
426,test
427,test
428,test
429,test
430,train
431,test
432,train
433,train
434,test
435,test
436,train
437,train
438,train
439,test
440,train
441,test
442,train
443,train
444,train
445,test
446,test
447,test
448,train
449,train
450,test
451,train
452,train
453,train
454,test
455,train
456,train
457,train
458,train
459,test
460,train
461,train
462,train
463,test
464,test
465,test
466,train
467,test
468,train
469,train
470,train
471,test
472,train
473,train
474,train
475,train
476,train
477,train
478,train
479,test
480,train
481,test
482,train
483,test
484,test
485,test
486,train
487,train
488,train
489,test
490,train
491,test
492,train
493,train
494,train
495,test
496,train
497,train
498,train
499,train
500,test
501,test
502,train
503,train
504,train
505,train
506,train
507,train
508,test
509,test
510,train
511,test
512,train
513,train
514,train
515,test
516,train
517,train
518,train
519,train
520,test
521,train
522,train
523,train
524,train
525,train
526,train
527,test
528,train
529,train
530,test
531,train
532,test
533,train
534,train
535,train
536,train
537,train
538,train
539,train
540,test
541,train
542,test
543,test
544,train
545,train
546,train
547,test
548,test
549,test
550,test
551,test
552,train
553,test
554,test
555,train
556,train
557,train
558,test
559,train
560,train
561,train
562,train
563,train
564,train
565,test
566,test
567,train
568,test
569,train
570,test
571,test
572,train
573,train
574,train
575,test
576,test
577,train
578,test
579,train
580,train
581,train
582,train
583,test
584,train
585,test
586,train
587,train
588,test
589,test
590,train
591,test
592,test
593,train
594,test
595,test
596,train
597,train
598,train
599,train
600,train
601,train
602,test
603,train
604,test
605,test
606,train
607,test
608,test
609,train
610,train
611,test
612,train
613,test
614,test
615,train
616,test
617,train
618,train
619,train
620,test
621,train
622,train
623,test
624,test
625,train
626,test
627,train
628,test
629,train
630,test
631,train
632,train
633,test
634,train
635,train
636,train
637,train
638,train
639,test
640,train
641,test
642,train
643,test
644,train
645,test
646,train
647,test
648,train
649,train
650,train
651,train
652,test
653,train
654,train
655,train
656,train
657,train
658,train
659,train
660,train
661,train
662,test
663,test
664,test
665,test
666,train
667,test
668,test
669,train
670,train
671,test
672,test
673,train
674,train
675,train
676,train
677,train
678,test
679,test
680,train
681,train
682,test
683,train
684,test
685,train
686,train
687,train
688,train
689,test
690,train
691,train
692,test
693,train
694,test
695,test
696,train
697,test
698,train
699,train
700,test
701,test
702,train
703,test
704,train
705,test
706,train
707,train
708,train
709,train
710,train
711,train
712,train
713,train
714,train
715,train
716,train
717,train
718,train
719,test
720,test
721,test
722,test
723,test
724,train
725,train
726,test
727,train
728,train
729,test
730,train
731,test
732,test
733,test
734,train
735,train
736,test
737,test
738,train
739,train
740,train
741,train
742,test
743,train
744,train
745,train
746,train
747,train
748,train
749,test
750,test
751,test
752,test
753,test
754,train
755,train
756,train
757,train
758,train
759,test
760,train
761,train
762,test
763,test
764,test
765,test
766,train
767,train
768,train
769,train
770,train
771,test
772,train
773,train
774,train
775,train
776,train
777,train
778,train
779,train
780,train
781,train
782,train
783,train
784,train
785,train
786,test
787,train
788,train
789,train
790,test
791,train
792,test
793,train
794,train
795,train
796,train
797,train
798,test
799,train
800,test
801,train
802,train
803,train
804,train
805,test
806,test
807,test
808,test
809,test
810,test
811,train
812,train
813,test
814,train
815,train
816,test
817,train
818,test
819,test
820,train
821,train
822,test
823,test
824,train
825,train
826,test
827,train
828,train
829,test
830,test
831,test
832,train
833,train
834,test
835,train
836,train
837,test
838,train
839,train
840,train
841,train
842,train
843,test
844,train
845,test
846,train
847,train
848,train
849,train
850,train
851,train
852,train
853,test
854,train
855,train
856,test
857,test
858,test
859,train
860,test
861,test
862,test
863,test
864,test
865,train
866,train
867,test
868,train
869,train
870,test
871,train
872,test
873,train
874,train
875,train
876,test
877,train
878,train
879,test
880,test
881,train
882,train
883,train
884,train
885,test
886,test
887,train
888,train
889,train
890,test
891,test
892,train
893,train
894,test
895,test
896,test
897,train
898,train
899,train
900,train
901,test
902,train
903,train
904,test
905,train
906,train
907,train
908,test
909,train
910,train
911,train
912,train
913,train
914,train
915,test
916,test
917,test
918,train
919,test
920,train
921,train
922,train
923,test
924,train
925,train
926,test
927,test
928,test
929,train
930,test
931,train
932,train
933,test
934,test
935,train
936,test
937,test
938,train
939,train
940,train
941,test
942,test
943,train
944,test
945,train
946,train
947,test
948,test
949,train
950,train
951,test
952,test
953,train
954,train
955,test
956,train
957,train
958,test
959,test
960,test
961,train
962,test
963,train
964,test
965,test
966,test
967,train
968,train
969,train
970,test
971,test
972,train
973,test
974,train
975,train
976,test
977,train
978,test
979,test
980,train
981,train
982,test
983,train
984,train
985,test
986,test
987,train
988,train
989,test
990,train
991,test
992,train
993,test
994,test
995,train
996,test
997,test
998,test
999,test
1000,train
1001,train
1002,test
1003,train
1004,train
1005,test
1006,test
1007,test
1008,test
1009,train
1010,train
1011,test
1012,train
1013,test
1014,test
1015,train
1016,train
1017,train
1018,train
1019,test
1020,test
1021,train
1022,test
1023,test
1024,train
1025,test
1026,train
1027,train
1028,test
1029,train
1030,train
1031,train
1032,test
1033,test
1034,test
1035,test
1036,test
1037,test
1038,train
1039,train
1040,train
1041,train
1042,train
1043,test
1044,train
1045,train
1046,test
1047,train
1048,test
1049,train
1050,train
1051,train
1052,test
1053,train
1054,train
1055,test
1056,test
1057,train
1058,train
1059,test
1060,test
1061,test
1062,test
1063,test
1064,test
1065,train
1066,train
1067,test
1068,train
1069,test
1070,train
1071,test
1072,train
1073,train
1074,test
1075,train
1076,test
1077,train
1078,train
1079,test
1080,train
1081,train
1082,train
1083,test
1084,train
1085,test
1086,train
1087,train
1088,test
1089,train
1090,train
1091,test
1092,train
1093,test
1094,train
1095,train
1096,test
1097,train
1098,test
1099,train
1100,train
1101,train
1102,test
1103,train
1104,train
1105,train
1106,test
1107,test
1108,test
1109,train
1110,test
1111,test
1112,train
1113,test
1114,test
1115,test
1116,train
1117,train
1118,test
1119,test
1120,train
1121,test
1122,train
1123,train
1124,train
1125,train
1126,train
1127,test
1128,train
1129,train
1130,test
1131,test
1132,test
1133,train
1134,train
1135,test
1136,train
1137,train
1138,test
1139,test
1140,train
1141,test
1142,train
1143,train
1144,train
1145,train
1146,train
1147,train
1148,test
1149,train
1150,train
1151,test
1152,train
1153,train
1154,train
1155,train
1156,train
1157,test
1158,train
1159,test
1160,test
1161,train
1162,train
1163,test
1164,train
1165,train
1166,train
1167,train
1168,train
1169,train
1170,train
1171,train
1172,train
1173,train
1174,test
1175,train
1176,test
1177,train
1178,test
1179,test
1180,train
1181,train
1182,train
1183,train
1184,test
1185,train
1186,test
1187,test
1188,test
1189,train
1190,test
1191,test
1192,test
1193,train
1194,test
1195,test
1196,train
1197,test
1198,train
1199,train
1200,train
1201,train
1202,test
1203,train
1204,test
1205,train
1206,train
1207,train
1208,test
1209,train
1210,train
1211,train
1212,train
1213,test
1214,train
1215,train
1216,train
1217,train
1218,train
1219,train
1220,test
1221,train
1222,test
1223,train
1224,test
1225,train
1226,test
1227,test
1228,train
1229,train
1230,train
1231,train
1232,train
1233,test
1234,test
1235,test
1236,train
1237,train
1238,train
1239,train
1240,test
1241,test
1242,train
1243,train
1244,train
1245,train
1246,test
1247,test
1248,train
1249,train
1250,train
1251,train
1252,train
1253,train
1254,test
1255,train
1256,train
1257,train
1258,train
1259,test
1260,train
1261,train
1262,test
1263,test
1264,test
1265,test
1266,test
1267,train
1268,train
1269,train
1270,train
1271,test
1272,test
1273,train
1274,train
1275,train
1276,test
1277,train
1278,train
1279,train
1280,train
1281,train
1282,train
1283,train
1284,train
1285,test
1286,test
1287,test
1288,train
1289,train
1290,test
1291,train
1292,train
1293,train
1294,test
1295,test
1296,test
1297,test
1298,test
1299,test
1300,train
1301,test
1302,train
1303,test
1304,test
1305,test
1306,test
1307,test
1308,train
1309,train
1310,test
1311,train
1312,train
1313,train
1314,test
1315,test
1316,train
1317,train
1318,train
1319,train
1320,train
1321,train
1322,test
1323,test
1324,test
1325,test
1326,train
1327,test
1328,train
1329,train
1330,train
1331,test
1332,test
1333,train
1334,test
1335,train
1336,train
1337,test
1338,train
1339,test
1340,train
1341,train
1342,test
1343,test
1344,train
1345,train
1346,train
1347,test
1348,train
1349,train
1350,train
1351,train
1352,test
1353,test
1354,train
1355,train
1356,train
1357,train
1358,test
1359,train
1360,train
1361,test
1362,test
1363,test
1364,train
1365,test
1366,test
1367,train
1368,train
1369,test
1370,test
1371,test
1372,test
1373,train
1374,test
1375,train
1376,test
1377,train
1378,train
1379,train
1380,test
1381,train
1382,train
1383,train
1384,train
1385,train
1386,train
1387,train
1388,test
1389,test
1390,test
1391,test
1392,train
1393,train
1394,train
1395,test
1396,train
1397,test
1398,train
1399,train
1400,test
1401,train
1402,train
1403,train
1404,train
1405,test
1406,test
1407,test
1408,train
1409,train
1410,train
1411,test
1412,test
1413,train
1414,train
1415,train
1416,train
1417,train
1418,test
1419,train
1420,train
1421,test
1422,train
1423,train
1424,train
1425,train
1426,train
1427,test
1428,train
1429,train
1430,train
1431,test
1432,test
1433,train
1434,test
1435,test
1436,test
1437,train
1438,train
1439,train
1440,train
1441,train
1442,train
1443,train
1444,test
1445,test
1446,test
1447,train
1448,test
1449,test
1450,test
1451,train
1452,train
1453,train
1454,test
1455,test
1456,test
1457,test
1458,test
1459,train
1460,train
1461,train
1462,test
1463,test
1464,train
1465,train
1466,train
1467,test
1468,train
1469,train
1470,train
1471,test
1472,test
1473,train
1474,train
1475,train
1476,test
1477,test
1478,train
1479,train
1480,train
1481,train
1482,train
1483,train
1484,train
1485,train
1486,train
1487,train
1488,train
1489,train
1490,test
1491,train
1492,train
1493,train
1494,train
1495,train
1496,test
1497,train
1498,train
1499,test
1500,train
1501,train
1502,train
1503,test
1504,train
1505,train
1506,train
1507,test
1508,test
1509,test
1510,test
1511,train
1512,train
1513,train
1514,train
1515,test
1516,train
1517,test
1518,train
1519,train
1520,train
1521,train
1522,test
1523,train
1524,test
1525,train
1526,test
1527,train
1528,test
1529,test
1530,train
1531,test
1532,test
1533,train
1534,train
1535,train
1536,test
1537,train
1538,train
1539,train
1540,train
1541,train
1542,train
1543,train
1544,train
1545,test
1546,test
1547,test
1548,train
1549,train
1550,test
1551,train
1552,train
1553,test
1554,test
1555,train
1556,train
1557,test
1558,train
1559,train
1560,test
1561,train
1562,train
1563,train
1564,train
1565,train
1566,test
1567,train
1568,test
1569,test
1570,test
1571,train
1572,test
1573,train
1574,train
1575,test
1576,train
1577,train
1578,train
1579,train
1580,test
1581,train
1582,train
1583,train
1584,test
1585,train
1586,test
1587,train
1588,train
1589,train
1590,train
1591,test
1592,train
1593,train
1594,test
1595,test
1596,test
1597,train
1598,test
1599,train
1600,test
1601,test
1602,test
1603,test
1604,train
1605,train
1606,test
1607,test
1608,train
1609,test
1610,train
1611,train
1612,train
1613,train
1614,train
1615,train
1616,test
1617,train
1618,train
1619,test
1620,train
1621,test
1622,train
1623,train
1624,train
1625,test
1626,train
1627,train
1628,test
1629,train
1630,train
1631,train
1632,train
1633,train
1634,test
1635,test
1636,train
1637,train
1638,train
1639,test
1640,train
1641,train
1642,train
1643,train
1644,train
1645,train
1646,test
1647,train
1648,train
1649,train
1650,test
1651,test
1652,test
1653,train
1654,train
1655,test
1656,test
1657,train
1658,test
1659,train
1660,test
1661,train
1662,train
1663,test
1664,test
1665,train
1666,test
1667,test
1668,test
1669,train
1670,test
1671,train
1672,train
1673,train
1674,test
1675,train
1676,train
1677,train
1678,train
1679,train
1680,train
1681,test
1682,test
1683,train
1684,test
1685,train
1686,test
1687,train
1688,test
1689,train
1690,train
1691,test
1692,train
1693,train
1694,test
1695,train
1696,train
1697,train
1698,train
1699,train
1700,test
1701,train
1702,train
1703,test
1704,train
1705,test
1706,test
1707,train
1708,test
1709,train
1710,test
1711,test
1712,train
1713,train
1714,train
1715,test
1716,train
1717,test
1718,test
1719,train
1720,test
1721,test
1722,test
1723,test
1724,test
1725,test
1726,train
1727,train
1728,test
1729,test
1730,test
1731,train
1732,test
1733,train
1734,train
1735,test
1736,test
1737,train
1738,test
1739,train
1740,test
1741,train
1742,train
1743,train
1744,train
1745,test
1746,train
1747,train
1748,train
1749,test
1750,test
1751,train
1752,train
1753,test
1754,test
1755,train
1756,train
1757,train
1758,train
1759,train
1760,test
1761,train
1762,train
1763,train
1764,test
1765,test
1766,train
1767,test
1768,test
1769,train
1770,train
1771,test
1772,test
1773,test
1774,train
1775,test
1776,train
1777,train
1778,test
1779,test
1780,train
1781,train
1782,train
1783,train
1784,test
1785,train
1786,train
1787,train
1788,train
1789,train
1790,test
1791,train
1792,train
1793,train
1794,test
1795,test
1796,test
1797,train
1798,train
1799,test
1800,test
1801,train
1802,test
1803,test
1804,test
1805,train
1806,train
1807,test
1808,train
1809,train
1810,train
1811,train
1812,test
1813,test
1814,train
1815,test
1816,train
1817,train
1818,train
1819,train
1820,train
1821,test
1822,test
1823,test
1824,train
1825,train
1826,train
1827,train
1828,train
1829,train
1830,train
1831,test
1832,train
1833,train
1834,train
1835,train
1836,train
1837,train
1838,test
1839,test
1840,train
1841,train
1842,test
1843,train
1844,train
1845,train
1846,test
1847,train
1848,test
1849,train
1850,test
1851,test
1852,test
1853,test
1854,train
1855,test
1856,test
1857,test
1858,train
1859,train
1860,train
1861,test
1862,train
1863,train
1864,test
1865,train
1866,train
1867,train
1868,test
1869,train
1870,train
1871,test
1872,train
1873,train
1874,train
1875,train
1876,train
1877,test
1878,train
1879,train
1880,train
1881,train
1882,train
1883,test
1884,train
1885,train
1886,train
1887,train
1888,train
1889,test
1890,test
1891,test
1892,test
1893,test
1894,train
1895,test
1896,train
1897,test
1898,train
1899,train
1900,train
1901,train
1902,test
1903,test
1904,train
1905,test
1906,train
1907,test
1908,train
1909,test
1910,train
1911,train
1912,test
1913,train
1914,test
1915,train
1916,test
1917,train
1918,train
1919,test
1920,test
1921,test
1922,test
1923,train
1924,train
1925,test
1926,train
1927,train
1928,train
1929,train
1930,train
1931,test
1932,train
1933,test
1934,train
1935,test
1936,train
1937,test
1938,test
1939,test
1940,train
1941,test
1942,test
1943,train
1944,train
1945,train
1946,train
1947,train
1948,test
1949,test
1950,test
1951,test
1952,test
1953,train
1954,train
1955,train
1956,train
1957,test
1958,train
1959,test
1960,train
1961,test
1962,test
1963,train
1964,test
1965,train
1966,train
1967,train
1968,train
1969,train
1970,train
1971,train
1972,test
1973,train
1974,train
1975,train
1976,train
1977,train
1978,train
1979,train
1980,train
1981,test
1982,test
1983,train
1984,train
1985,test
1986,train
1987,test
1988,train
1989,train
1990,train
1991,train
1992,train
1993,test
1994,test
1995,train
1996,test
1997,test
1998,train
1999,test
2000,train
2001,train
2002,train
2003,test
2004,train
2005,test
2006,train
2007,test
2008,test
2009,test
2010,train
2011,train
2012,test
2013,test
2014,train
2015,train
2016,test
2017,train
2018,train
2019,train
2020,train
2021,train
2022,train
2023,train
2024,test
2025,train
2026,test
2027,train
2028,test
2029,test
2030,test
2031,test
2032,test
2033,train
2034,train
2035,test
2036,train
2037,test
2038,test
2039,train
2040,train
2041,train
2042,test
2043,train
2044,train
2045,train
2046,train
2047,test
2048,test
2049,test
2050,test
2051,test
2052,train
2053,train
2054,test
2055,train
2056,train
2057,train
2058,train
2059,test
2060,test
2061,test
2062,train
2063,train
2064,train
2065,train
2066,train
2067,train
2068,test
2069,test
2070,test
2071,test
2072,test
2073,train
2074,train
2075,train
2076,test
2077,train
2078,test
2079,test
2080,train
2081,train
2082,train
2083,test
2084,test
2085,train
2086,train
2087,train
2088,train
2089,test
2090,test
2091,train
2092,train
2093,test
2094,test
2095,test
2096,train
2097,test
2098,test
2099,test
2100,train
2101,test
2102,test
2103,test
2104,test
2105,test
2106,train
2107,train
2108,test
2109,train
2110,train
2111,train
2112,test
2113,train
2114,test
2115,test
2116,test
2117,train
2118,test
2119,test
2120,test
2121,train
2122,train
2123,train
2124,test
2125,train
2126,train
2127,train
2128,train
2129,train
2130,test
2131,train
2132,test
2133,train
2134,train
2135,test
2136,test
2137,train
2138,train
2139,train
2140,train
2141,test
2142,test
2143,train
2144,train
2145,train
2146,test
2147,train
2148,train
2149,test
2150,test
2151,train
2152,test
2153,test
2154,train
2155,test
2156,test
2157,test
2158,test
2159,test
2160,test
2161,train
2162,train
2163,test
2164,train
2165,test
2166,train
2167,train
2168,train
2169,test
2170,train
2171,test
2172,train
2173,test
2174,test
2175,test
2176,train
2177,train
2178,train
2179,test
2180,test
2181,train
2182,test
2183,test
2184,train
2185,train
2186,train
2187,train
2188,test
2189,train
2190,train
2191,test
2192,train
2193,test
2194,test
2195,test
2196,train
2197,train
2198,train
2199,train
2200,test
2201,train
2202,test
2203,test
2204,train
2205,train
2206,train
2207,test
2208,test
2209,train
2210,train
2211,train
2212,train
2213,test
2214,train
2215,train
2216,test
2217,test
2218,train
2219,train
2220,train
2221,train
2222,train
2223,train
2224,test
2225,train
2226,train
2227,test
2228,train
2229,train
2230,train
2231,test
2232,test
2233,train
2234,train
2235,train
2236,train
2237,test
2238,train
2239,train
2240,train
2241,train
2242,test
2243,train
2244,train
2245,train
2246,test
2247,train
2248,test
2249,test
2250,train
2251,test
2252,test
2253,test
2254,train
2255,test
2256,train
2257,train
2258,train
2259,test
2260,test
2261,train
2262,train
2263,test
2264,train
2265,train
2266,train
2267,train
2268,test
2269,train
2270,test
2271,test
2272,test
2273,train
2274,test
2275,train
2276,train
2277,train
2278,train
2279,train
2280,train
2281,test
2282,train
2283,test
2284,test
2285,train
2286,test
2287,train
2288,train
2289,train
2290,train
2291,test
2292,test
2293,train
2294,train
2295,train
2296,train
2297,train
2298,test
2299,train
2300,test
2301,train
2302,test
2303,train
2304,test
2305,test
2306,test
2307,train
2308,test
2309,train
2310,test
2311,train
2312,test
2313,train
2314,train
2315,train
2316,test
2317,test
2318,test
2319,train
2320,train
2321,train
2322,train
2323,train
2324,test
2325,test
2326,train
2327,train
2328,train
2329,test
2330,train
2331,test
2332,train
2333,test
2334,test
2335,train
2336,train
2337,train
2338,test
2339,train
2340,train
2341,train
2342,train
2343,train
2344,test
2345,train
2346,train
2347,test
2348,train
2349,train
2350,test
2351,train
2352,train
2353,test
2354,train
2355,train
2356,test
2357,test
2358,test
2359,train
2360,train
2361,train
2362,test
2363,train
2364,train
2365,train
2366,train
2367,train
2368,test
2369,train
2370,test
2371,test
2372,train
2373,test
2374,train
2375,train
2376,train
2377,test
2378,train
2379,train
2380,train
2381,test
2382,test
2383,train
2384,test
2385,train
2386,test
2387,test
2388,train
2389,train
2390,train
2391,test
2392,train
2393,train
2394,train
2395,train
2396,test
2397,test
2398,train
2399,test
2400,test
2401,train
2402,train
2403,train
2404,test
2405,train
2406,train
2407,train
2408,train
2409,test
2410,test
2411,train
2412,train
2413,train
2414,test
2415,train
2416,test
2417,train
2418,test
2419,train
2420,train
2421,train
2422,train
2423,train
2424,train
2425,train
2426,train
2427,train
2428,test
2429,train
2430,train
2431,test
2432,train
2433,test
2434,train
2435,train
2436,train
2437,test
2438,train
2439,train
2440,train
2441,train
2442,test
2443,train
2444,test
2445,train
2446,test
2447,test
2448,test
2449,test
2450,train
2451,train
2452,train
2453,test
2454,train
2455,train
2456,test
2457,test
2458,test
2459,train
2460,train
2461,train
2462,test
2463,test
2464,test
2465,test
2466,train
2467,train
2468,train
2469,train
2470,train
2471,test
2472,train
2473,train
2474,test
2475,test
2476,train
2477,test
2478,test
2479,train
2480,train
2481,train
2482,test
2483,test
2484,train
2485,test
2486,train
2487,train
2488,train
2489,test
2490,train
2491,train
2492,test
2493,test
2494,train
2495,train
2496,train
2497,test
2498,train
2499,train
2500,train
2501,train
2502,test
2503,train
2504,train
2505,test
2506,train
2507,test
2508,test
2509,test
2510,test
2511,test
2512,train
2513,train
2514,train
2515,train
2516,test
2517,train
2518,train
2519,test
2520,test
2521,test
2522,test
2523,train
2524,train
2525,train
2526,test
2527,test
2528,train
2529,test
2530,train
2531,train
2532,train
2533,train
2534,train
2535,test
2536,test
2537,train
2538,train
2539,test
2540,train
2541,train
2542,train
2543,train
2544,test
2545,train
2546,train
2547,test
2548,train
2549,test
2550,test
2551,train
2552,train
2553,train
2554,test
2555,test
2556,test
2557,test
2558,test
2559,test
2560,test
2561,train
2562,train
2563,test
2564,train
2565,train
2566,train
2567,train
2568,test
2569,train
2570,train
2571,train
2572,train
2573,test
2574,test
2575,test
2576,train
2577,train
2578,train
2579,test
2580,train
2581,train
2582,test
2583,train
2584,test
2585,train
2586,test
2587,train
2588,train
2589,train
2590,train
2591,train
2592,test
2593,test
2594,test
2595,train
2596,train
2597,train
2598,train
2599,test
2600,train
2601,test
2602,test
2603,train
2604,train
2605,test
2606,train
2607,test
2608,test
2609,train
2610,train
2611,train
2612,test
2613,train
2614,train
2615,test
2616,train
2617,train
2618,train
2619,train
2620,train
2621,train
2622,test
2623,test
2624,test
2625,train
2626,test
2627,test
2628,train
2629,test
2630,test
2631,train
2632,train
2633,train
2634,test
2635,test
2636,train
2637,test
2638,train
2639,test
2640,test
2641,train
2642,train
2643,train
2644,test
2645,test
2646,train
2647,test
2648,train
2649,train
2650,train
2651,train
2652,train
2653,test
2654,train
2655,train
2656,train
2657,test
2658,train
2659,train
2660,test
2661,test
2662,test
2663,test
2664,train
2665,test
2666,train
2667,train
2668,train
2669,train
2670,train
2671,test
2672,test
2673,train
2674,test
2675,train
2676,train
2677,test
2678,test
2679,test
2680,test
2681,train
2682,train
2683,train
2684,test
2685,train
2686,train
2687,train
2688,test
2689,test
2690,test
2691,test
2692,train
2693,test
2694,train
2695,test
2696,test
2697,test
2698,train
2699,train
2700,test
2701,test
2702,train
2703,train
2704,train
2705,train
2706,test
2707,train
2708,train
2709,train
2710,train
2711,train
2712,train
2713,train
2714,test
2715,train
2716,test
2717,train
2718,train
2719,train
2720,test
2721,train
2722,train
2723,test
2724,test
2725,train
2726,test
2727,train
2728,train
2729,train
2730,test
2731,train
2732,test
2733,train
2734,test
2735,train
2736,train
2737,test
2738,train
2739,train
2740,test
2741,train
2742,test
2743,train
2744,test
2745,train
2746,test
2747,test
2748,train
2749,train
2750,train
2751,train
2752,train
2753,train
2754,train
2755,train
2756,train
2757,train
2758,test
2759,test
2760,train
2761,train
2762,train
2763,train
2764,test
2765,test
2766,test
2767,train
2768,train
2769,test
2770,test
2771,test
2772,test
2773,train
2774,test
2775,test
2776,train
2777,train
2778,train
2779,test
2780,train
2781,test
2782,train
2783,test
2784,train
2785,train
2786,train
2787,test
2788,train
2789,train
2790,train
2791,test
2792,train
2793,train
2794,train
2795,train
2796,train
2797,test
2798,test
2799,test
2800,test
2801,test
2802,test
2803,train
2804,train
2805,train
2806,test
2807,train
2808,test
2809,train
2810,test
2811,test
2812,train
2813,train
2814,test
2815,test
2816,train
2817,test
2818,test
2819,train
2820,train
2821,train
2822,test
2823,train
2824,test
2825,train
2826,train
2827,train
2828,train
2829,test
2830,train
2831,train
2832,train
2833,train
2834,train
2835,train
2836,test
2837,test
2838,test
2839,test
2840,train
2841,test
2842,train
2843,train
2844,train
2845,train
2846,test
2847,test
2848,train
2849,train
2850,train
2851,train
2852,test
2853,train
2854,test
2855,test
2856,test
2857,test
2858,test
2859,train
2860,train
2861,test
2862,train
2863,test
2864,test
2865,test
2866,train
2867,test
2868,train
2869,test
2870,train
2871,train
2872,train
2873,train
2874,train
2875,test
2876,train
2877,test
2878,test
2879,train
2880,test
2881,train
2882,test
2883,test
2884,test
2885,train
2886,train
2887,test
2888,test
2889,test
2890,train
2891,test
2892,train
2893,train
2894,test
2895,train
2896,train
2897,test
2898,train
2899,train
2900,train
2901,train
2902,train
2903,test
2904,train
2905,train
2906,train
2907,train
2908,train
2909,train
2910,train
2911,train
2912,train
2913,test
2914,test
2915,train
2916,train
2917,train
2918,test
2919,train
2920,test
2921,train
2922,train
2923,train
2924,train
2925,test
2926,test
2927,train
2928,test
2929,train
2930,train
2931,test
2932,test
2933,train
2934,train
2935,train
2936,test
2937,test
2938,train
2939,test
2940,train
2941,train
2942,train
2943,test
2944,train
2945,train
2946,test
2947,train
2948,train
2949,train
2950,train
2951,train
2952,test
2953,train
2954,test
2955,train
2956,test
2957,test
2958,train
2959,test
2960,test
2961,train
2962,train
2963,test
2964,train
2965,test
2966,train
2967,train
2968,test
2969,test
2970,test
2971,train
2972,train
2973,train
2974,test
2975,train
2976,test
2977,test
2978,test
2979,train
2980,test
2981,train
2982,train
2983,test
2984,test
2985,test
2986,train
2987,test
2988,train
2989,train
2990,test
2991,train
2992,train
2993,train
2994,test
2995,test
2996,train
2997,train
2998,test
2999,train
3000,train
3001,train
3002,test
3003,test
3004,train
3005,train
3006,train
3007,train
3008,train
3009,test
3010,train
3011,test
3012,train
3013,test
3014,train
3015,train
3016,test
3017,train
3018,test
3019,test
3020,train
3021,train
3022,test
3023,train
3024,train
3025,test
3026,train
3027,train
3028,train
3029,train
3030,train
3031,train
3032,train
3033,train
3034,train
3035,train
3036,test
3037,train
3038,test
3039,train
3040,train
3041,train
3042,train
3043,train
3044,test
3045,train
3046,test
3047,train
3048,train
3049,test
3050,train
3051,train
3052,train
3053,train
3054,train
3055,train
3056,train
3057,train
3058,test
3059,train
3060,test
3061,train
3062,train
3063,test
3064,train
3065,train
3066,train
3067,train
3068,train
3069,test
3070,train
3071,train
3072,test
3073,test
3074,train
3075,train
3076,train
3077,test
3078,train
3079,train
3080,test
3081,train
3082,train
3083,train
3084,train
3085,test
3086,train
3087,test
3088,train
3089,test
3090,train
3091,train
3092,train
3093,train
3094,train
3095,test
3096,test
3097,train
3098,train
3099,test
3100,test
3101,train
3102,test
3103,train
3104,train
3105,test
3106,train
3107,test
3108,test
3109,train
3110,test
3111,train
3112,test
3113,train
3114,test
3115,train
3116,train
3117,test
3118,train
3119,test
3120,train
3121,test
3122,train
3123,train
3124,test
3125,test
3126,test
3127,train
3128,test
3129,test
3130,test
3131,train
3132,train
3133,test
3134,train
3135,train
3136,train
3137,train
3138,train
3139,test
3140,test
3141,train
3142,train
3143,test
3144,test
3145,train
3146,train
3147,train
3148,test
3149,train
3150,train
3151,train
3152,train
3153,train
3154,test
3155,test
3156,train
3157,train
3158,train
3159,test
3160,train
3161,train
3162,train
3163,test
3164,train
3165,test
3166,train
3167,train
3168,train
3169,train
3170,test
3171,train
3172,test
3173,train
3174,train
3175,train
3176,train
3177,train
3178,train
3179,test
3180,test
3181,test
3182,test
3183,train
3184,train
3185,train
3186,train
3187,train
3188,test
3189,train
3190,train
3191,train
3192,test
3193,test
3194,test
3195,train
3196,train
3197,train
3198,test
3199,train
3200,test
3201,train
3202,train
3203,test
3204,test
3205,train
3206,test
3207,train
3208,test
3209,train
3210,train
3211,train
3212,train
3213,test
3214,test
3215,train
3216,train
3217,train
3218,train
3219,test
3220,train
3221,test
3222,train
3223,train
3224,test
3225,test
3226,train
3227,train
3228,train
3229,train
3230,train
3231,train
3232,train
3233,test
3234,train
3235,test
3236,test
3237,train
3238,test
3239,test
3240,train
3241,test
3242,train
3243,train
3244,train
3245,train
3246,test
3247,test
3248,train
3249,train
3250,train
3251,test
3252,train
3253,test
3254,train
3255,train
3256,train
3257,train
3258,test
3259,train
3260,train
3261,train
3262,test
3263,test
3264,train
3265,train
3266,train
3267,test
3268,train
3269,train
3270,train
3271,test
3272,train
3273,train
3274,test
3275,train
3276,test
3277,train
3278,train
3279,train
3280,train
3281,test
3282,train
3283,train
3284,train
3285,train
3286,test
3287,train
3288,train
3289,train
3290,train
3291,train
3292,test
3293,test
3294,train
3295,test
3296,test
3297,train
3298,test
3299,train
3300,test
3301,test
3302,train
3303,train
3304,test
3305,train
3306,train
3307,test
3308,train
3309,train
3310,train
3311,train
3312,test
3313,train
3314,train
3315,test
3316,train
3317,test
3318,test
3319,train
3320,train
3321,train
3322,test
3323,train
3324,train
3325,train
3326,train
3327,test
3328,train
3329,train
3330,train
3331,test
3332,train
3333,train
3334,test
3335,test
3336,test
3337,train
3338,train
3339,test
3340,test
3341,test
3342,test
3343,train
3344,train
3345,train
3346,train
3347,train
3348,test
3349,train
3350,test
3351,test
3352,test
3353,test
3354,test
3355,train
3356,train
3357,train
3358,train
3359,train
3360,test
3361,train
3362,test
3363,test
3364,test
3365,train
3366,train
3367,train
3368,train
3369,train
3370,train
3371,train
3372,train
3373,train
3374,test
3375,train
3376,train
3377,train
3378,test
3379,test
3380,train
3381,train
3382,test
3383,train
3384,train
3385,train
3386,test
3387,test
3388,test
3389,train
3390,train
3391,test
3392,test
3393,test
3394,train
3395,train
3396,test
3397,test
3398,test
3399,train
3400,test
3401,train
3402,test
3403,test
3404,train
3405,test
3406,train
3407,train
3408,test
3409,test
3410,test
3411,train
3412,train
3413,train
3414,test
3415,test
3416,train
3417,test
3418,train
3419,train
3420,test
3421,train
3422,test
3423,train
3424,train
3425,train
3426,test
3427,train
3428,train
3429,test
3430,train
3431,train
3432,train
3433,train
3434,test
3435,train
3436,test
3437,train
3438,test
3439,train
3440,train
3441,test
3442,train
3443,test
3444,train
3445,test
3446,train
3447,test
3448,train
3449,train
3450,train
3451,train
3452,train
3453,train
3454,train
3455,train
3456,train
3457,train
3458,train
3459,train
3460,test
3461,train
3462,train
3463,train
3464,train
3465,test
3466,test
3467,test
3468,train
3469,test
3470,train
3471,train
3472,train
3473,train
3474,train
3475,test
3476,train
3477,test
3478,train
3479,train
3480,test
3481,train
3482,train
3483,train
3484,train
3485,train
3486,test
3487,test
3488,train
3489,train
3490,train
3491,train
3492,train
3493,train
3494,train
3495,train
3496,train
3497,train
3498,test
3499,train
3500,train
3501,test
3502,train
3503,train
3504,test
3505,train
3506,train
3507,test
3508,test
3509,train
3510,train
3511,train
3512,test
3513,test
3514,train
3515,test
3516,test
3517,train
3518,train
3519,test
3520,test
3521,test
3522,test
3523,train
3524,train
3525,test
3526,train
3527,train
3528,test
3529,train
3530,train
3531,test
3532,train
3533,test
3534,train
3535,train
3536,test
3537,train
3538,test
3539,test
3540,train
3541,test
3542,test
3543,train
3544,train
3545,test
3546,train
3547,test
3548,test
3549,train
3550,test
3551,test
3552,test
3553,test
3554,train
3555,test
3556,train
3557,train
3558,train
3559,train
3560,test
3561,train
3562,train
3563,train
3564,test
3565,test
3566,train
3567,train
3568,train
3569,test
3570,test
3571,test
3572,train
3573,train
3574,test
3575,train
3576,train
3577,train
3578,test
3579,train
3580,train
3581,train
3582,train
3583,test
3584,train
3585,train
3586,train
3587,train
3588,train
3589,train
3590,train
3591,train
3592,train
3593,train
3594,test
3595,train
3596,test
3597,test
3598,test
3599,train
3600,test
3601,test
3602,test
3603,train
3604,test
3605,train
3606,train
3607,test
3608,test
3609,train
3610,train
3611,test
3612,train
3613,test
3614,train
3615,train
3616,test
3617,test
3618,train
3619,train
3620,train
3621,test
3622,train
3623,train
3624,train
3625,test
3626,train
3627,test
3628,test
3629,train
3630,test
3631,train
3632,test
3633,test
3634,test
3635,train
3636,train
3637,test
3638,test
3639,train
3640,train
3641,train
3642,train
3643,test
3644,test
3645,train
3646,train
3647,train
3648,train
3649,test
3650,train
3651,test
3652,train
3653,train
3654,test
3655,test
3656,train
3657,train
3658,train
3659,test
3660,train
3661,train
3662,train
3663,train
3664,train
3665,train
3666,train
3667,train
3668,test
3669,test
3670,train
3671,test
3672,test
3673,test
3674,train
3675,test
3676,test
3677,train
3678,train
3679,train
3680,test
3681,train
3682,train
3683,train
3684,test
3685,train
3686,train
3687,test
3688,train
3689,train
3690,test
3691,test
3692,train
3693,train
3694,test
3695,test
3696,train
3697,train
3698,train
3699,train
3700,train
3701,test
3702,test
3703,train
3704,train
3705,train
3706,train
3707,train
3708,test
3709,train
3710,test
3711,test
3712,train
3713,train
3714,train
3715,test
3716,test
3717,train
3718,train
3719,train
3720,train
3721,test
3722,test
3723,train
3724,train
3725,train
3726,train
3727,train
3728,train
3729,train
3730,train
3731,test
3732,test
3733,train
3734,test
3735,train
3736,train
3737,train
3738,test
3739,train
3740,train
3741,test
3742,test
3743,train
3744,test
3745,train
3746,test
3747,test
3748,train
3749,test
3750,test
3751,test
3752,train
3753,test
3754,train
3755,train
3756,train
3757,test
3758,train
3759,train
3760,train
3761,test
3762,train
3763,train
3764,test
3765,train
3766,test
3767,train
3768,train
3769,test
3770,test
3771,test
3772,train
3773,test
3774,train
3775,train
3776,test
3777,train
3778,train
3779,test
3780,test
3781,test
3782,train
3783,test
3784,train
3785,test
3786,train
3787,test
3788,test
3789,test
3790,train
3791,test
3792,test
3793,train
3794,test
3795,test
3796,train
3797,train
3798,train
3799,train
3800,train
3801,train
3802,train
3803,test
3804,test
3805,test
3806,train
3807,train
3808,train
3809,test
3810,train
3811,train
3812,train
3813,train
3814,train
3815,train
3816,test
3817,test
3818,test
3819,test
3820,test
3821,test
3822,test
3823,test
3824,test
3825,test
3826,test
3827,test
3828,train
3829,test
3830,train
3831,test
3832,train
3833,test
3834,train
3835,train
3836,train
3837,test
3838,train
3839,test
3840,test
3841,train
3842,test
3843,train
3844,test
3845,test
3846,train
3847,test
3848,train
3849,test
3850,train
3851,train
3852,train
3853,train
3854,train
3855,train
3856,train
3857,test
3858,test
3859,train
3860,train
3861,train
3862,test
3863,test
3864,train
3865,test
3866,test
3867,test
3868,test
3869,train
3870,test
3871,test
3872,train
3873,test
3874,test
3875,train
3876,test
3877,train
3878,test
3879,test
3880,train
3881,train
3882,train
3883,test
3884,train
3885,train
3886,test
3887,test
3888,train
3889,train
3890,test
3891,test
3892,test
3893,test
3894,train
3895,train
3896,test
3897,test
3898,test
3899,test
3900,train
3901,train
3902,test
3903,train
3904,train
3905,train
3906,test
3907,train
3908,test
3909,test
3910,test
3911,test
3912,train
3913,train
3914,test
3915,train
3916,train
3917,test
3918,train
3919,train
3920,train
3921,train
3922,test
3923,test
3924,test
3925,test
3926,train
3927,test
3928,test
3929,train
3930,test
3931,train
3932,train
3933,test
3934,test
3935,test
3936,test
3937,train
3938,test
3939,test
3940,train
3941,train
3942,test
3943,train
3944,train
3945,test
3946,test
3947,train
3948,test
3949,train
3950,test
3951,train
3952,test
3953,train
3954,test
3955,test
3956,train
3957,train
3958,test
3959,test
3960,train
3961,test
3962,test
3963,test
3964,train
3965,train
3966,test
3967,train
3968,train
3969,test
3970,test
3971,train
3972,train
3973,train
3974,train
3975,train
3976,test
3977,train
3978,train
3979,test
3980,train
3981,train
3982,train
3983,train
3984,train
3985,train
3986,train
3987,train
3988,train
3989,test
3990,test
3991,train
3992,train
3993,train
3994,test
3995,train
3996,train
3997,test
3998,test
3999,train
4000,train
4001,train
4002,test
4003,train
4004,test
4005,train
4006,test
4007,train
4008,train
4009,test
4010,test
4011,train
4012,test
4013,test
4014,test
4015,train
4016,test
4017,train
4018,train
4019,train
4020,test
4021,train
4022,train
4023,train
4024,test
4025,test
4026,train
4027,train
4028,test
4029,train
4030,train
4031,test
4032,test
4033,test
4034,test
4035,train
4036,train
4037,test
4038,train
4039,test
4040,test
4041,train
4042,train
4043,train
4044,train
4045,train
4046,test
4047,test
4048,train
4049,train
4050,test
4051,train
4052,test
4053,train
4054,train
4055,test
4056,train
4057,train
4058,test
4059,test
4060,train
4061,test
4062,train
4063,train
4064,test
4065,train
4066,train
4067,train
4068,test
4069,train
4070,test
4071,train
4072,train
4073,test
4074,test
4075,test
4076,test
4077,train
4078,test
4079,test
4080,train
4081,train
4082,train
4083,train
4084,test
4085,test
4086,train
4087,test
4088,train
4089,test
4090,train
4091,train
4092,train
4093,train
4094,test
4095,train
4096,train
4097,train
4098,train
4099,train
4100,test
4101,train
4102,test
4103,train
4104,train
4105,train
4106,train
4107,test
4108,train
4109,test
4110,train
4111,test
4112,test
4113,train
4114,test
4115,train
4116,train
4117,test
4118,train
4119,train
4120,test
4121,train
4122,train
4123,train
4124,train
4125,train
4126,test
4127,train
4128,test
4129,train
4130,train
4131,train
4132,test
4133,train
4134,test
4135,test
4136,train
4137,train
4138,test
4139,train
4140,test
4141,test
4142,train
4143,test
4144,train
4145,test
4146,train
4147,train
4148,train
4149,train
4150,train
4151,test
4152,test
4153,train
4154,train
4155,train
4156,test
4157,train
4158,test
4159,train
4160,train
4161,test
4162,train
4163,train
4164,train
4165,train
4166,train
4167,train
4168,train
4169,train
4170,test
4171,test
4172,train
4173,train
4174,train
4175,test
4176,test
4177,test
4178,train
4179,train
4180,train
4181,test
4182,train
4183,train
4184,test
4185,train
4186,test
4187,test
4188,train
4189,train
4190,test
4191,train
4192,test
4193,train
4194,test
4195,train
4196,test
4197,train
4198,train
4199,train
4200,train
4201,train
4202,train
4203,train
4204,test
4205,train
4206,train
4207,test
4208,test
4209,test
4210,train
4211,train
4212,train
4213,train
4214,test
4215,train
4216,train
4217,train
4218,train
4219,test
4220,test
4221,test
4222,train
4223,train
4224,train
4225,train
4226,test
4227,test
4228,train
4229,test
4230,test
4231,train
4232,train
4233,train
4234,train
4235,test
4236,train
4237,test
4238,train
4239,test
4240,train
4241,test
4242,test
4243,train
4244,test
4245,train
4246,train
4247,test
4248,train
4249,train
4250,train
4251,train
4252,train
4253,train
4254,test
4255,train
4256,train
4257,test
4258,test
4259,train
4260,train
4261,test
4262,train
4263,train
4264,train
4265,test
4266,test
4267,train
4268,train
4269,train
4270,test
4271,train
4272,train
4273,train
4274,train
4275,train
4276,train
4277,train
4278,train
4279,train
4280,train
4281,train
4282,train
4283,test
4284,train
4285,train
4286,train
4287,test
4288,test
4289,train
4290,train
4291,train
4292,test
4293,test
4294,train
4295,test
4296,test
4297,train
4298,train
4299,train
4300,train
4301,train
4302,test
4303,train
4304,train
4305,test
4306,test
4307,train
4308,train
4309,train
4310,train
4311,test
4312,test
4313,test
4314,train
4315,train
4316,test
4317,train
4318,test
4319,test
4320,test
4321,train
4322,train
4323,train
4324,train
4325,train
4326,train
4327,train
4328,train
4329,train
4330,test
4331,train
4332,test
4333,train
4334,train
4335,train
4336,train
4337,train
4338,test
4339,train
4340,test
4341,test
4342,test
4343,train
4344,train
4345,train
4346,train
4347,train
4348,test
4349,train
4350,train
4351,train
4352,train
4353,train
4354,test
4355,test
4356,train
4357,test
4358,train
4359,test
4360,test
4361,test
4362,test
4363,train
4364,train
4365,train
4366,test
4367,test
4368,test
4369,test
4370,test
4371,train
4372,train
4373,test
4374,test
4375,train
4376,train
4377,train
4378,test
4379,train
4380,test
4381,test
4382,test
4383,test
4384,train
4385,train
4386,test
4387,train
4388,train
4389,train
4390,train
4391,test
4392,test
4393,train
4394,train
4395,train
4396,test
4397,train
4398,train
4399,train
4400,test
4401,test
4402,train
4403,train
4404,test
4405,train
4406,test
4407,test
4408,test
4409,train
4410,test
4411,test
4412,test
4413,train
4414,train
4415,test
4416,test
4417,test
4418,train
4419,train
4420,train
4421,train
4422,train
4423,train
4424,train
4425,train
4426,test
4427,train
4428,test
4429,test
4430,train
4431,train
4432,test
4433,train
4434,train
4435,test
4436,train
4437,test
4438,train
4439,train
4440,test
4441,test
4442,train
4443,test
4444,train
4445,train
4446,train
4447,test
4448,test
4449,train
4450,test
4451,train
4452,test
4453,train
4454,test
4455,train
4456,test
4457,train
4458,train
4459,train
4460,train
4461,test
4462,test
4463,train
4464,test
4465,train
4466,test
4467,train
4468,train
4469,test
4470,train
4471,train
4472,train
4473,test
4474,test
4475,test
4476,train
4477,train
4478,train
4479,train
4480,test
4481,train
4482,train
4483,train
4484,train
4485,train
4486,test
4487,test
4488,test
4489,test
4490,test
4491,test
4492,test
4493,train
4494,test
4495,train
4496,train
4497,train
4498,train
4499,test
4500,train
4501,train
4502,train
4503,test
4504,train
4505,test
4506,train
4507,train
4508,train
4509,test
4510,train
4511,train
4512,train
4513,test
4514,test
4515,test
4516,train
4517,test
4518,test
4519,train
4520,train
4521,test
4522,train
4523,train
4524,train
4525,test
4526,train
4527,train
4528,train
4529,train
4530,test
4531,train
4532,train
4533,test
4534,train
4535,train
4536,train
4537,train
4538,test
4539,train
4540,train
4541,test
4542,train
4543,train
4544,test
4545,test
4546,train
4547,train
4548,train
4549,train
4550,train
4551,test
4552,train
4553,train
4554,train
4555,train
4556,train
4557,test
4558,train
4559,train
4560,test
4561,train
4562,train
4563,test
4564,train
4565,train
4566,train
4567,train
4568,train
4569,train
4570,test
4571,train
4572,train
4573,test
4574,train
4575,train
4576,train
4577,train
4578,train
4579,train
4580,test
4581,train
4582,train
4583,test
4584,train
4585,test
4586,train
4587,train
4588,train
4589,train
4590,test
4591,test
4592,test
4593,train
4594,test
4595,test
4596,train
4597,test
4598,test
4599,test
4600,train
4601,train
4602,train
4603,train
4604,train
4605,train
4606,train
4607,train
4608,train
4609,train
4610,train
4611,train
4612,test
4613,train
4614,test
4615,train
4616,train
4617,train
4618,test
4619,train
4620,train
4621,train
4622,test
4623,test
4624,test
4625,train
4626,train
4627,train
4628,train
4629,train
4630,test
4631,train
4632,train
4633,test
4634,test
4635,train
4636,test
4637,test
4638,train
4639,train
4640,test
4641,train
4642,train
4643,train
4644,train
4645,train
4646,train
4647,test
4648,train
4649,train
4650,train
4651,train
4652,train
4653,test
4654,train
4655,train
4656,test
4657,train
4658,train
4659,train
4660,test
4661,test
4662,train
4663,train
4664,train
4665,test
4666,test
4667,test
4668,test
4669,train
4670,test
4671,train
4672,test
4673,test
4674,train
4675,train
4676,test
4677,train
4678,train
4679,test
4680,test
4681,test
4682,train
4683,train
4684,test
4685,test
4686,train
4687,test
4688,test
4689,train
4690,train
4691,test
4692,train
4693,test
4694,test
4695,train
4696,train
4697,train
4698,train
4699,train
4700,train
4701,test
4702,train
4703,train
4704,test
4705,train
4706,test
4707,train
4708,train
4709,train
4710,test
4711,train
4712,train
4713,train
4714,test
4715,train
4716,train
4717,test
4718,train
4719,test
4720,train
4721,train
4722,train
4723,test
4724,train
4725,train
4726,test
4727,train
4728,train
4729,test
4730,test
4731,test
4732,test
4733,test
4734,test
4735,test
4736,train
4737,test
4738,train
4739,test
4740,train
4741,train
4742,train
4743,train
4744,train
4745,train
4746,train
4747,train
4748,train
4749,train
4750,train
4751,train
4752,train
4753,train
4754,train
4755,test
4756,train
4757,train
4758,train
4759,train
4760,train
4761,test
4762,test
4763,train
4764,test
4765,train
4766,train
4767,train
4768,test
4769,test
4770,train
4771,train
4772,train
4773,train
4774,test
4775,train
4776,train
4777,train
4778,test
4779,train
4780,test
4781,test
4782,test
4783,test
4784,test
4785,train
4786,test
4787,test
4788,train
4789,train
4790,test
4791,train
4792,train
4793,train
4794,test
4795,train
4796,train
4797,test
4798,train
4799,train
4800,train
4801,train
4802,test
4803,train
4804,test
4805,test
4806,train
4807,train
4808,test
4809,train
4810,test
4811,train
4812,test
4813,train
4814,train
4815,test
4816,test
4817,test
4818,test
4819,train
4820,train
4821,train
4822,test
4823,test
4824,train
4825,test
4826,train
4827,train
4828,train
4829,test
4830,train
4831,test
4832,train
4833,test
4834,train
4835,train
4836,train
4837,test
4838,train
4839,train
4840,test
4841,test
4842,train
4843,train
4844,train
4845,train
4846,test
4847,train
4848,train
4849,train
4850,train
4851,test
4852,train
4853,test
4854,test
4855,train
4856,train
4857,test
4858,test
4859,train
4860,train
4861,train
4862,train
4863,test
4864,train
4865,train
4866,test
4867,train
4868,train
4869,test
4870,test
4871,train
4872,train
4873,train
4874,test
4875,train
4876,train
4877,train
4878,test
4879,test
4880,train
4881,train
4882,train
4883,train
4884,test
4885,test
4886,test
4887,train
4888,test
4889,train
4890,test
4891,train
4892,test
4893,train
4894,test
4895,train
4896,test
4897,train
4898,train
4899,train
4900,test
4901,train
4902,train
4903,train
4904,test
4905,train
4906,train
4907,test
4908,test
4909,train
4910,train
4911,test
4912,test
4913,train
4914,train
4915,test
4916,test
4917,test
4918,test
4919,test
4920,train
4921,test
4922,train
4923,test
4924,train
4925,test
4926,train
4927,train
4928,train
4929,train
4930,test
4931,train
4932,train
4933,train
4934,train
4935,train
4936,train
4937,train
4938,train
4939,train
4940,test
4941,train
4942,test
4943,train
4944,train
4945,train
4946,test
4947,test
4948,train
4949,train
4950,train
4951,train
4952,train
4953,train
4954,train
4955,train
4956,train
4957,test
4958,train
4959,train
4960,train
4961,train
4962,train
4963,test
4964,train
4965,train
4966,train
4967,train
4968,test
4969,test
4970,train
4971,test
4972,test
4973,test
4974,train
4975,train
4976,test
4977,test
4978,train
4979,test
4980,test
4981,test
4982,train
4983,train
4984,train
4985,test
4986,train
4987,test
4988,train
4989,train
4990,train
4991,train
4992,test
4993,train
4994,train
4995,train
4996,test
4997,train
4998,test
4999,train
5000,train
5001,test
5002,test
5003,train
5004,test
5005,train
5006,test
5007,test
5008,train
5009,train
5010,train
5011,train
5012,train
5013,train
5014,test
5015,train
5016,test
5017,train
5018,train
5019,train
5020,test
5021,train
5022,train
5023,test
5024,test
5025,train
5026,test
5027,train
5028,train
5029,test
5030,test
5031,train
5032,train
5033,train
5034,test
5035,train
5036,test
5037,test
5038,train
5039,train
5040,train
5041,train
5042,train
5043,test
5044,test
5045,train
5046,test
5047,test
5048,train
5049,train
5050,train
5051,train
5052,test
5053,test
5054,test
5055,train
5056,train
5057,test
5058,test
5059,test
5060,train
5061,train
5062,train
5063,test
5064,train
5065,train
5066,train
5067,train
5068,train
5069,test
5070,train
5071,train
5072,train
5073,train
5074,train
5075,test
5076,train
5077,train
5078,train
5079,train
5080,test
5081,train
5082,test
5083,train
5084,test
5085,train
5086,test
5087,train
5088,test
5089,train
5090,train
5091,test
5092,train
5093,train
5094,train
5095,train
5096,test
5097,train
5098,train
5099,test
5100,test
5101,train
5102,train
5103,test
5104,test
5105,train
5106,train
5107,test
5108,test
5109,test
5110,train
5111,train
5112,train
5113,train
5114,train
5115,test
5116,train
5117,train
5118,train
5119,test
5120,train
5121,train
5122,train
5123,test
5124,test
5125,test
5126,test
5127,train
5128,test
5129,train
5130,train
5131,train
5132,test
5133,train
5134,test
5135,train
5136,train
5137,test
5138,test
5139,test
5140,train
5141,train
5142,test
5143,test
5144,test
5145,train
5146,test
5147,train
5148,test
5149,train
5150,train
5151,train
5152,train
5153,train
5154,train
5155,train
5156,test
5157,train
5158,train
5159,train
5160,test
5161,train
5162,test
5163,test
5164,test
5165,test
5166,train
5167,train
5168,test
5169,test
5170,test
5171,train
5172,train
5173,train
5174,train
5175,train
5176,train
5177,train
5178,train
5179,train
5180,test
5181,train
5182,test
5183,train
5184,test
5185,test
5186,train
5187,test
5188,train
5189,test
5190,train
5191,train
5192,train
5193,train
5194,train
5195,test
5196,test
5197,train
5198,test
5199,test
5200,test
5201,test
5202,test
5203,train
5204,test
5205,train
5206,train
5207,train
5208,train
5209,train
5210,train
5211,test
5212,train
5213,train
5214,test
5215,train
5216,test
5217,train
5218,train
5219,test
5220,train
5221,train
5222,test
5223,train
5224,test
5225,train
5226,test
5227,test
5228,train
5229,test
5230,train
5231,test
5232,train
5233,train
5234,train
5235,test
5236,train
5237,train
5238,test
5239,test
5240,train
5241,train
5242,train
5243,train
5244,train
5245,test
5246,test
5247,train
5248,train
5249,train
5250,train
5251,test
5252,train
5253,train
5254,train
5255,train
5256,train
5257,train
5258,test
5259,train
5260,test
5261,test
5262,test
5263,train
5264,train
5265,test
5266,test
5267,train
5268,train
5269,test
5270,train
5271,test
5272,train
5273,train
5274,train
5275,train
5276,train
5277,test
5278,test
5279,train
5280,train
5281,train
5282,train
5283,train
5284,train
5285,test
5286,test
5287,train
5288,train
5289,train
5290,train
5291,test
5292,train
5293,test
5294,train
5295,train
5296,train
5297,train
5298,test
5299,test
5300,test
5301,train
5302,train
5303,train
5304,train
5305,test
5306,train
5307,train
5308,train
5309,train
5310,test
5311,train
5312,train
5313,train
5314,test
5315,test
5316,train
5317,test
5318,test
5319,test
5320,train
5321,train
5322,train
5323,train
5324,test
5325,train
5326,test
5327,train
5328,train
5329,train
5330,test
5331,train
5332,test
5333,test
5334,train
5335,train
5336,train
5337,test
5338,train
5339,test
5340,train
5341,test
5342,train
5343,test
5344,test
5345,test
5346,train
5347,train
5348,test
5349,test
5350,test
5351,test
5352,test
5353,test
5354,test
5355,train
5356,test
5357,test
5358,train
5359,test
5360,test
5361,train
5362,train
5363,train
5364,train
5365,test
5366,train
5367,test
5368,train
5369,train
5370,test
5371,test
5372,train
5373,train
5374,test
5375,test
5376,test
5377,train
5378,train
5379,test
5380,train
5381,test
5382,train
5383,test
5384,train
5385,train
5386,train
5387,train
5388,train
5389,train
5390,test
5391,train
5392,test
5393,train
5394,test
5395,test
5396,train
5397,train
5398,train
5399,train
5400,test
5401,train
5402,test
5403,train
5404,test
5405,train
5406,train
5407,test
5408,train
5409,test
5410,test
5411,train
5412,train
5413,train
5414,train
5415,train
5416,train
5417,train
5418,test
5419,test
5420,train
5421,train
5422,train
5423,test
5424,test
5425,train
5426,train
5427,train
5428,test
5429,train
5430,test
5431,test
5432,train
5433,test
5434,train
5435,train
5436,test
5437,train
5438,train
5439,train
5440,train
5441,train
5442,test
5443,train
5444,test
5445,test
5446,test
5447,test
5448,test
5449,test
5450,train
5451,train
5452,train
5453,test
5454,test
5455,train
5456,test
5457,train
5458,train
5459,test
5460,test
5461,train
5462,test
5463,train
5464,train
5465,test
5466,test
5467,train
5468,train
5469,train
5470,train
5471,test
5472,test
5473,train
5474,test
5475,train
5476,test
5477,train
5478,test
5479,test
5480,train
5481,train
5482,train
5483,train
5484,train
5485,train
5486,train
5487,train
5488,train
5489,test
5490,train
5491,test
5492,train
5493,test
5494,test
5495,train
5496,train
5497,train
5498,train
5499,train
5500,train
5501,train
5502,test
5503,train
5504,test
5505,test
5506,train
5507,train
5508,test
5509,test
5510,test
5511,train
5512,train
5513,test
5514,train
5515,test
5516,test
5517,train
5518,train
5519,train
5520,train
5521,test
5522,test
5523,train
5524,test
5525,test
5526,train
5527,train
5528,train
5529,test
5530,train
5531,test
5532,train
5533,train
5534,train
5535,train
5536,train
5537,test
5538,train
5539,train
5540,train
5541,train
5542,train
5543,train
5544,train
5545,train
5546,train
5547,train
5548,train
5549,test
5550,test
5551,test
5552,train
5553,train
5554,train
5555,test
5556,train
5557,train
5558,train
5559,train
5560,train
5561,train
5562,test
5563,train
5564,train
5565,train
5566,test
5567,train
5568,test
5569,train
5570,test
5571,train
5572,test
5573,train
5574,test
5575,test
5576,train
5577,test
5578,test
5579,train
5580,train
5581,test
5582,train
5583,train
5584,train
5585,train
5586,train
5587,test
5588,train
5589,train
5590,train
5591,test
5592,train
5593,train
5594,train
5595,test
5596,test
5597,train
5598,test
5599,train
5600,train
5601,train
5602,test
5603,train
5604,train
5605,test
5606,test
5607,train
5608,train
5609,test
5610,train
5611,test
5612,test
5613,train
5614,train
5615,train
5616,train
5617,train
5618,test
5619,test
5620,test
5621,test
5622,train
5623,test
5624,test
5625,test
5626,test
5627,train
5628,train
5629,train
5630,test
5631,train
5632,train
5633,train
5634,test
5635,train
5636,train
5637,train
5638,train
5639,train
5640,train
5641,train
5642,train
5643,train
5644,train
5645,train
5646,train
5647,test
5648,train
5649,train
5650,test
5651,train
5652,test
5653,test
5654,test
5655,train
5656,train
5657,train
5658,train
5659,train
5660,test
5661,train
5662,train
5663,test
5664,train
5665,test
5666,train
5667,test
5668,train
5669,train
5670,test
5671,train
5672,test
5673,test
5674,test
5675,train
5676,train
5677,train
5678,train
5679,train
5680,train
5681,test
5682,train
5683,train
5684,train
5685,train
5686,test
5687,train
5688,test
5689,test
5690,test
5691,train
5692,train
5693,test
5694,train
5695,test
5696,test
5697,train
5698,train
5699,train
5700,test
5701,train
5702,train
5703,test
5704,test
5705,train
5706,train
5707,train
5708,train
5709,test
5710,train
5711,train
5712,test
5713,test
5714,train
5715,test
5716,train
5717,test
5718,test
5719,train
5720,train
5721,test
5722,train
5723,train
5724,test
5725,test
5726,train
5727,test
5728,train
5729,train
5730,test
5731,test
5732,test
5733,test
5734,train
5735,test
5736,train
5737,test
5738,train
5739,train
5740,train
5741,train
5742,train
5743,train
5744,test
5745,test
5746,train
5747,train
5748,train
5749,train
5750,test
5751,test
5752,train
5753,train
5754,test
5755,train
5756,train
5757,test
5758,test
5759,test
5760,train
5761,train
5762,test
5763,train
5764,test
5765,test
5766,test
5767,train
5768,train
5769,test
5770,train
5771,train
5772,train
5773,test
5774,train
5775,test
5776,train
5777,train
5778,train
5779,train
5780,test
5781,test
5782,test
5783,train
5784,train
5785,test
5786,test
5787,train
5788,train
5789,train
5790,train
5791,train
5792,train
5793,train
5794,test
5795,train
5796,train
5797,train
5798,test
5799,test
5800,test
5801,train
5802,test
5803,train
5804,train
5805,train
5806,train
5807,test
5808,train
5809,train
5810,train
5811,train
5812,test
5813,test
5814,test
5815,train
5816,train
5817,train
5818,test
5819,train
5820,train
5821,train
5822,train
5823,test
5824,test
5825,test
5826,train
5827,train
5828,test
5829,train
5830,test
5831,test
5832,test
5833,train
5834,train
5835,test
5836,train
5837,test
5838,train
5839,train
5840,train
5841,train
5842,test
5843,train
5844,train
5845,train
5846,test
5847,train
5848,train
5849,test
5850,test
5851,train
5852,train
5853,train
5854,test
5855,train
5856,test
5857,test
5858,test
5859,train
5860,test
5861,train
5862,train
5863,test
5864,test
5865,train
5866,train
5867,test
5868,train
5869,train
5870,train
5871,test
5872,train
5873,train
5874,train
5875,test
5876,test
5877,train
5878,test
5879,train
5880,test
5881,test
5882,test
5883,train
5884,train
5885,train
5886,test
5887,train
5888,test
5889,train
5890,test
5891,train
5892,test
5893,train
5894,test
5895,train
5896,train
5897,test
5898,train
5899,train
5900,train
5901,test
5902,train
5903,train
5904,train
5905,train
5906,train
5907,train
5908,test
5909,test
5910,train
5911,test
5912,test
5913,train
5914,test
5915,test
5916,test
5917,train
5918,train
5919,train
5920,train
5921,test
5922,train
5923,train
5924,train
5925,train
5926,test
5927,train
5928,train
5929,train
5930,train
5931,train
5932,train
5933,test
5934,test
5935,test
5936,test
5937,train
5938,test
5939,train
5940,train
5941,train
5942,train
5943,train
5944,train
5945,train
5946,test
5947,test
5948,train
5949,test
5950,train
5951,test
5952,train
5953,test
5954,train
5955,train
5956,train
5957,train
5958,train
5959,train
5960,test
5961,train
5962,test
5963,test
5964,test
5965,test
5966,train
5967,test
5968,train
5969,train
5970,test
5971,train
5972,train
5973,train
5974,train
5975,test
5976,train
5977,train
5978,test
5979,train
5980,train
5981,train
5982,train
5983,test
5984,test
5985,test
5986,test
5987,train
5988,train
5989,train
5990,train
5991,train
5992,test
5993,train
5994,test
5995,train
5996,train
5997,train
5998,test
5999,train
6000,train
6001,train
6002,train
6003,train
6004,train
6005,train
6006,train
6007,train
6008,test
6009,train
6010,train
6011,train
6012,train
6013,test
6014,test
6015,train
6016,train
6017,train
6018,test
6019,train
6020,train
6021,test
6022,train
6023,test
6024,train
6025,test
6026,train
6027,train
6028,train
6029,train
6030,train
6031,test
6032,train
6033,test
6034,train
6035,train
6036,train
6037,test
6038,train
6039,train
6040,train
6041,test
6042,train
6043,test
6044,test
6045,train
6046,train
6047,train
6048,train
6049,test
6050,test
6051,test
6052,train
6053,train
6054,test
6055,train
6056,test
6057,train
6058,test
6059,test
6060,train
6061,train
6062,train
6063,train
6064,test
6065,train
6066,test
6067,train
6068,train
6069,train
6070,train
6071,train
6072,train
6073,test
6074,test
6075,test
6076,train
6077,test
6078,test
6079,test
6080,test
6081,train
6082,train
6083,test
6084,test
6085,test
6086,train
6087,train
6088,train
6089,train
6090,test
6091,test
6092,train
6093,test
6094,train
6095,train
6096,train
6097,train
6098,test
6099,test
6100,train
6101,train
6102,test
6103,test
6104,test
6105,train
6106,train
6107,test
6108,test
6109,train
6110,test
6111,train
6112,test
6113,test
6114,train
6115,train
6116,train
6117,test
6118,train
6119,train
6120,train
6121,train
6122,train
6123,train
6124,train
6125,test
6126,test
6127,train
6128,train
6129,train
6130,test
6131,test
6132,test
6133,train
6134,train
6135,train
6136,train
6137,test
6138,train
6139,train
6140,train
6141,train
6142,train
6143,train
6144,train
6145,train
6146,train
6147,train
6148,test
6149,test
6150,train
6151,train
6152,train
6153,train
6154,test
6155,train
6156,train
6157,train
6158,test
6159,test
6160,train
6161,train
6162,train
6163,train
6164,test
6165,test
6166,train
6167,train
6168,train
6169,test
6170,train
6171,train
6172,test
6173,train
6174,train
6175,test
6176,test
6177,train
6178,train
6179,train
6180,train
6181,train
6182,test
6183,test
6184,test
6185,test
6186,test
6187,test
6188,train
6189,train
6190,train
6191,train
6192,test
6193,test
6194,train
6195,test
6196,test
6197,test
6198,test
6199,train
6200,test
6201,test
6202,train
6203,test
6204,train
6205,train
6206,train
6207,test
6208,test
6209,test
6210,train
6211,train
6212,train
6213,test
6214,test
6215,train
6216,train
6217,train
6218,train
6219,train
6220,train
6221,test
6222,train
6223,test
6224,train
6225,test
6226,train
6227,test
6228,train
6229,test
6230,test
6231,test
6232,train
6233,test
6234,test
6235,train
6236,train
6237,train
6238,train
6239,train
6240,test
6241,train
6242,test
6243,train
6244,train
6245,train
6246,train
6247,train
6248,train
6249,test
6250,train
6251,test
6252,train
6253,train
6254,test
6255,test
6256,test
6257,test
6258,train
6259,test
6260,train
6261,train
6262,test
6263,train
6264,train
6265,train
6266,train
6267,train
6268,test
6269,train
6270,train
6271,test
6272,test
6273,train
6274,train
6275,train
6276,train
6277,test
6278,train
6279,train
6280,train
6281,train
6282,test
6283,train
6284,train
6285,train
6286,test
6287,test
6288,test
6289,test
6290,test
6291,train
6292,train
6293,train
6294,train
6295,test
6296,train
6297,test
6298,train
6299,test
6300,test
6301,train
6302,train
6303,train
6304,train
6305,train
6306,test
6307,train
6308,test
6309,test
6310,test
6311,train
6312,train
6313,test
6314,train
6315,train
6316,train
6317,train
6318,test
6319,train
6320,train
6321,train
6322,train
6323,test
6324,test
6325,train
6326,train
6327,test
6328,test
6329,train
6330,test
6331,test
6332,train
6333,train
6334,train
6335,test
6336,test
6337,train
6338,test
6339,test
6340,train
6341,test
6342,train
6343,train
6344,test
6345,train
6346,train
6347,test
6348,test
6349,test
6350,train
6351,test
6352,train
6353,test
6354,train
6355,test
6356,train
6357,test
6358,train
6359,train
6360,test
6361,test
6362,test
6363,test
6364,train
6365,train
6366,test
6367,train
6368,train
6369,train
6370,train
6371,train
6372,train
6373,test
6374,train
6375,train
6376,train
6377,test
6378,train
6379,test
6380,train
6381,train
6382,train
6383,train
6384,train
6385,train
6386,test
6387,train
6388,train
6389,test
6390,train
6391,train
6392,test
6393,train
6394,train
6395,train
6396,test
6397,test
6398,train
6399,train
6400,train
6401,train
6402,train
6403,test
6404,test
6405,train
6406,train
6407,test
6408,train
6409,test
6410,test
6411,test
6412,test
6413,train
6414,test
6415,train
6416,train
6417,test
6418,train
6419,test
6420,test
6421,test
6422,train
6423,train
6424,train
6425,train
6426,train
6427,train
6428,train
6429,train
6430,test
6431,test
6432,train
6433,train
6434,train
6435,train
6436,train
6437,train
6438,test
6439,train
6440,train
6441,test
6442,train
6443,train
6444,train
6445,train
6446,train
6447,test
6448,train
6449,train
6450,test
6451,test
6452,train
6453,test
6454,train
6455,test
6456,train
6457,train
6458,test
6459,test
6460,train
6461,test
6462,train
6463,test
6464,train
6465,train
6466,train
6467,train
6468,train
6469,test
6470,train
6471,train
6472,train
6473,test
6474,train
6475,train
6476,train
6477,train
6478,train
6479,train
6480,train
6481,test
6482,train
6483,test
6484,test
6485,test
6486,train
6487,test
6488,train
6489,train
6490,test
6491,test
6492,train
6493,train
6494,train
6495,train
6496,train
6497,train
6498,train
6499,train
6500,train
6501,train
6502,train
6503,test
6504,test
6505,test
6506,test
6507,train
6508,train
6509,train
6510,test
6511,train
6512,train
6513,train
6514,train
6515,train
6516,train
6517,test
6518,train
6519,test
6520,train
6521,train
6522,train
6523,train
6524,train
6525,test
6526,train
6527,test
6528,train
6529,test
6530,train
6531,train
6532,train
6533,test
6534,train
6535,train
6536,test
6537,train
6538,train
6539,train
6540,test
6541,test
6542,train
6543,train
6544,test
6545,test
6546,train
6547,train
6548,train
6549,train
6550,train
6551,test
6552,test
6553,test
6554,train
6555,test
6556,test
6557,test
6558,train
6559,test
6560,test
6561,train
6562,test
6563,train
6564,train
6565,test
6566,train
6567,train
6568,train
6569,test
6570,train
6571,test
6572,train
6573,train
6574,test
6575,train
6576,test
6577,train
6578,train
6579,test
6580,train
6581,test
6582,test
6583,train
6584,test
6585,train
6586,train
6587,test
6588,train
6589,train
6590,test
6591,train
6592,test
6593,train
6594,test
6595,train
6596,train
6597,test
6598,train
6599,test
6600,train
6601,test
6602,train
6603,test
6604,test
6605,test
6606,test
6607,train
6608,test
6609,test
6610,test
6611,test
6612,test
6613,test
6614,train
6615,test
6616,train
6617,test
6618,test
6619,test
6620,test
6621,train
6622,train
6623,test
6624,test
6625,train
6626,train
6627,test
6628,test
6629,test
6630,test
6631,train
6632,train
6633,test
6634,train
6635,train
6636,train
6637,train
6638,train
6639,test
6640,train
6641,test
6642,test
6643,test
6644,train
6645,train
6646,test
6647,train
6648,test
6649,train
6650,train
6651,train
6652,train
6653,train
6654,test
6655,test
6656,train
6657,train
6658,test
6659,train
6660,test
6661,train
6662,test
6663,train
6664,train
6665,train
6666,test
6667,train
6668,train
6669,test
6670,train
6671,test
6672,test
6673,test
6674,train
6675,train
6676,train
6677,train
6678,train
6679,train
6680,test
6681,train
6682,test
6683,train
6684,test
6685,test
6686,train
6687,test
6688,train
6689,train
6690,test
6691,train
6692,train
6693,train
6694,train
6695,train
6696,test
6697,train
6698,test
6699,test
6700,train
6701,train
6702,test
6703,train
6704,test
6705,test
6706,train
6707,test
6708,train
6709,test
6710,test
6711,train
6712,train
6713,test
6714,train
6715,test
6716,train
6717,test
6718,train
6719,train
6720,test
6721,train
6722,train
6723,train
6724,train
6725,train
6726,test
6727,test
6728,train
6729,train
6730,test
6731,train
6732,test
6733,train
6734,test
6735,train
6736,test
6737,train
6738,test
6739,train
6740,test
6741,train
6742,train
6743,test
6744,train
6745,test
6746,train
6747,test
6748,test
6749,train
6750,train
6751,train
6752,test
6753,test
6754,train
6755,train
6756,train
6757,train
6758,train
6759,train
6760,train
6761,train
6762,train
6763,test
6764,test
6765,test
6766,train
6767,test
6768,train
6769,test
6770,train
6771,train
6772,test
6773,train
6774,test
6775,train
6776,train
6777,train
6778,test
6779,test
6780,train
6781,train
6782,test
6783,train
6784,train
6785,train
6786,train
6787,test
6788,train
6789,test
6790,test
6791,train
6792,train
6793,train
6794,train
6795,train
6796,test
6797,train
6798,train
6799,train
6800,test
6801,train
6802,test
6803,test
6804,train
6805,test
6806,train
6807,test
6808,train
6809,test
6810,train
6811,train
6812,train
6813,test
6814,train
6815,test
6816,train
6817,train
6818,train
6819,train
6820,test
6821,train
6822,train
6823,train
6824,test
6825,train
6826,test
6827,train
6828,train
6829,test
6830,test
6831,train
6832,train
6833,train
6834,train
6835,train
6836,train
6837,train
6838,test
6839,train
6840,train
6841,test
6842,test
6843,test
6844,train
6845,test
6846,train
6847,test
6848,test
6849,test
6850,train
6851,train
6852,train
6853,test
6854,train
6855,train
6856,train
6857,train
6858,test
6859,train
6860,train
6861,train
6862,test
6863,test
6864,test
6865,test
6866,test
6867,test
6868,train
6869,test
6870,train
6871,test
6872,train
6873,test
6874,test
6875,test
6876,test
6877,train
6878,train
6879,train
6880,test
6881,test
6882,test
6883,test
6884,test
6885,train
6886,train
6887,test
6888,train
6889,test
6890,test
6891,train
6892,train
6893,train
6894,train
6895,train
6896,train
6897,train
6898,test
6899,test
6900,train
6901,train
6902,test
6903,train
6904,test
6905,train
6906,test
6907,test
6908,train
6909,train
6910,train
6911,test
6912,train
6913,train
6914,test
6915,train
6916,train
6917,train
6918,test
6919,train
6920,test
6921,train
6922,train
6923,train
6924,train
6925,test
6926,train
6927,test
6928,train
6929,train
6930,test
6931,train
6932,train
6933,train
6934,test
6935,train
6936,train
6937,train
6938,test
6939,train
6940,test
6941,train
6942,test
6943,train
6944,test
6945,train
6946,train
6947,train
6948,test
6949,test
6950,train
6951,test
6952,test
6953,train
6954,test
6955,train
6956,test
6957,train
6958,train
6959,test
6960,test
6961,train
6962,train
6963,test
6964,train
6965,train
6966,train
6967,train
6968,train
6969,test
6970,test
6971,train
6972,train
6973,train
6974,train
6975,test
6976,train
6977,train
6978,train
6979,test
6980,test
6981,train
6982,test
6983,train
6984,test
6985,train
6986,test
6987,test
6988,test
6989,test
6990,train
6991,train
6992,train
6993,test
6994,train
6995,test
6996,train
6997,train
6998,train
6999,test
7000,train
7001,test
7002,test
7003,test
7004,train
7005,train
7006,train
7007,test
7008,train
7009,test
7010,test
7011,test
7012,train
7013,test
7014,train
7015,train
7016,test
7017,test
7018,test
7019,train
7020,train
7021,train
7022,train
7023,test
7024,test
7025,test
7026,test
7027,train
7028,test
7029,train
7030,train
7031,train
7032,test
7033,test
7034,train
7035,train
7036,train
7037,train
7038,train
7039,train
7040,test
7041,train
7042,train
7043,test
7044,train
7045,train
7046,test
7047,train
7048,train
7049,train
7050,train
7051,test
7052,train
7053,test
7054,train
7055,train
7056,train
7057,train
7058,test
7059,train
7060,train
7061,train
7062,test
7063,test
7064,train
7065,test
7066,test
7067,train
7068,train
7069,train
7070,train
7071,test
7072,train
7073,test
7074,train
7075,test
7076,train
7077,train
7078,train
7079,train
7080,train
7081,train
7082,test
7083,test
7084,train
7085,train
7086,train
7087,train
7088,test
7089,test
7090,test
7091,train
7092,test
7093,test
7094,train
7095,train
7096,train
7097,train
7098,train
7099,train
7100,test
7101,test
7102,train
7103,train
7104,test
7105,test
7106,train
7107,test
7108,test
7109,train
7110,train
7111,train
7112,train
7113,train
7114,train
7115,test
7116,test
7117,test
7118,train
7119,test
7120,test
7121,train
7122,train
7123,test
7124,train
7125,test
7126,train
7127,train
7128,train
7129,test
7130,test
7131,train
7132,train
7133,test
7134,test
7135,test
7136,test
7137,test
7138,train
7139,train
7140,test
7141,test
7142,train
7143,train
7144,test
7145,train
7146,test
7147,train
7148,train
7149,test
7150,test
7151,test
7152,test
7153,train
7154,train
7155,test
7156,test
7157,test
7158,train
7159,train
7160,test
7161,train
7162,test
7163,test
7164,train
7165,test
7166,train
7167,train
7168,test
7169,test
7170,test
7171,train
7172,train
7173,train
7174,train
7175,train
7176,test
7177,train
7178,train
7179,train
7180,train
7181,test
7182,test
7183,train
7184,train
7185,train
7186,train
7187,test
7188,train
7189,train
7190,test
7191,test
7192,train
7193,test
7194,train
7195,train
7196,train
7197,train
7198,train
7199,train
7200,train
7201,train
7202,train
7203,train
7204,train
7205,train
7206,train
7207,test
7208,train
7209,test
7210,train
7211,train
7212,test
7213,train
7214,test
7215,train
7216,train
7217,train
7218,train
7219,train
7220,train
7221,test
7222,train
7223,train
7224,train
7225,train
7226,train
7227,test
7228,train
7229,train
7230,train
7231,test
7232,train
7233,train
7234,train
7235,test
7236,train
7237,train
7238,train
7239,test
7240,test
7241,test
7242,test
7243,train
7244,train
7245,test
7246,train
7247,train
7248,test
7249,test
7250,test
7251,test
7252,test
7253,test
7254,train
7255,train
7256,test
7257,train
7258,train
7259,train
7260,train
7261,train
7262,test
7263,test
7264,train
7265,test
7266,train
7267,test
7268,train
7269,test
7270,test
7271,train
7272,train
7273,train
7274,train
7275,test
7276,test
7277,test
7278,train
7279,test
7280,test
7281,train
7282,train
7283,test
7284,train
7285,train
7286,train
7287,test
7288,test
7289,train
7290,test
7291,train
7292,train
7293,train
7294,train
7295,test
7296,test
7297,test
7298,train
7299,test
7300,test
7301,test
7302,test
7303,test
7304,test
7305,train
7306,train
7307,test
7308,test
7309,train
7310,test
7311,train
7312,train
7313,train
7314,train
7315,test
7316,test
7317,train
7318,train
7319,test
7320,test
7321,test
7322,train
7323,test
7324,train
7325,test
7326,test
7327,train
7328,train
7329,test
7330,train
7331,test
7332,train
7333,test
7334,train
7335,train
7336,test
7337,test
7338,test
7339,train
7340,train
7341,test
7342,test
7343,test
7344,train
7345,train
7346,train
7347,train
7348,test
7349,train
7350,test
7351,train
7352,train
7353,train
7354,train
7355,train
7356,train
7357,test
7358,test
7359,train
7360,train
7361,train
7362,test
7363,test
7364,train
7365,test
7366,test
7367,test
7368,test
7369,test
7370,train
7371,train
7372,test
7373,test
7374,train
7375,train
7376,test
7377,test
7378,train
7379,train
7380,train
7381,train
7382,test
7383,train
7384,train
7385,test
7386,test
7387,train
7388,train
7389,train
7390,test
7391,test
7392,train
7393,test
7394,test
7395,train
7396,train
7397,test
7398,train
7399,test
7400,train
7401,train
7402,test
7403,train
7404,train
7405,test
7406,train
7407,test
7408,test
7409,test
7410,test
7411,train
7412,train
7413,train
7414,train
7415,train
7416,test
7417,train
7418,train
7419,train
7420,test
7421,test
7422,train
7423,test
7424,train
7425,train
7426,test
7427,train
7428,train
7429,test
7430,test
7431,test
7432,train
7433,train
7434,test
7435,test
7436,train
7437,test
7438,train
7439,train
7440,train
7441,test
7442,train
7443,train
7444,train
7445,test
7446,train
7447,train
7448,train
7449,test
7450,test
7451,train
7452,train
7453,train
7454,test
7455,train
7456,test
7457,test
7458,train
7459,train
7460,train
7461,train
7462,train
7463,train
7464,test
7465,test
7466,train
7467,test
7468,test
7469,train
7470,train
7471,train
7472,train
7473,test
7474,train
7475,test
7476,train
7477,train
7478,test
7479,train
7480,test
7481,test
7482,test
7483,test
7484,test
7485,test
7486,train
7487,test
7488,train
7489,test
7490,test
7491,test
7492,test
7493,train
7494,train
7495,train
7496,train
7497,train
7498,train
7499,train
7500,train
7501,test
7502,train
7503,test
7504,test
7505,train
7506,test
7507,test
7508,test
7509,train
7510,test
7511,test
7512,train
7513,test
7514,test
7515,train
7516,train
7517,test
7518,test
7519,train
7520,test
7521,train
7522,train
7523,test
7524,test
7525,test
7526,train
7527,train
7528,train
7529,train
7530,test
7531,test
7532,train
7533,train
7534,test
7535,train
7536,test
7537,train
7538,test
7539,train
7540,test
7541,test
7542,train
7543,train
7544,train
7545,test
7546,train
7547,train
7548,test
7549,train
7550,test
7551,train
7552,test
7553,train
7554,test
7555,train
7556,test
7557,test
7558,train
7559,test
7560,train
7561,test
7562,train
7563,test
7564,train
7565,train
7566,train
7567,train
7568,train
7569,train
7570,test
7571,train
7572,train
7573,test
7574,test
7575,test
7576,test
7577,train
7578,train
7579,train
7580,train
7581,train
7582,test
7583,test
7584,test
7585,train
7586,train
7587,test
7588,train
7589,train
7590,train
7591,test
7592,train
7593,train
7594,train
7595,train
7596,train
7597,test
7598,train
7599,train
7600,train
7601,train
7602,test
7603,test
7604,test
7605,train
7606,train
7607,test
7608,train
7609,test
7610,test
7611,test
7612,train
7613,train
7614,train
7615,test
7616,test
7617,train
7618,train
7619,train
7620,train
7621,train
7622,train
7623,test
7624,test
7625,train
7626,train
7627,train
7628,train
7629,train
7630,train
7631,train
7632,train
7633,test
7634,test
7635,train
7636,train
7637,test
7638,train
7639,train
7640,train
7641,test
7642,test
7643,train
7644,train
7645,test
7646,test
7647,train
7648,test
7649,train
7650,train
7651,test
7652,train
7653,train
7654,train
7655,train
7656,test
7657,test
7658,train
7659,train
7660,test
7661,train
7662,train
7663,train
7664,test
7665,train
7666,train
7667,train
7668,test
7669,train
7670,test
7671,train
7672,test
7673,train
7674,train
7675,test
7676,test
7677,train
7678,train
7679,train
7680,test
7681,train
7682,train
7683,train
7684,train
7685,train
7686,train
7687,test
7688,test
7689,train
7690,test
7691,test
7692,test
7693,train
7694,train
7695,test
7696,train
7697,train
7698,train
7699,train
7700,train
7701,train
7702,test
7703,test
7704,train
7705,train
7706,test
7707,test
7708,train
7709,train
7710,test
7711,test
7712,train
7713,test
7714,train
7715,train
7716,test
7717,train
7718,train
7719,train
7720,test
7721,test
7722,train
7723,train
7724,train
7725,train
7726,train
7727,test
7728,test
7729,train
7730,test
7731,train
7732,train
7733,test
7734,test
7735,train
7736,test
7737,train
7738,test
7739,train
7740,train
7741,train
7742,train
7743,train
7744,train
7745,train
7746,test
7747,test
7748,train
7749,test
7750,train
7751,test
7752,test
7753,train
7754,train
7755,test
7756,train
7757,train
7758,test
7759,train
7760,train
7761,test
7762,test
7763,test
7764,test
7765,train
7766,test
7767,test
7768,test
7769,train
7770,test
7771,test
7772,train
7773,test
7774,test
7775,test
7776,test
7777,train
7778,train
7779,test
7780,train
7781,test
7782,test
7783,test
7784,train
7785,train
7786,train
7787,test
7788,test
7789,train
7790,test
7791,test
7792,test
7793,train
7794,train
7795,test
7796,train
7797,train
7798,test
7799,test
7800,train
7801,test
7802,train
7803,train
7804,test
7805,test
7806,test
7807,train
7808,train
7809,train
7810,train
7811,train
7812,test
7813,test
7814,train
7815,train
7816,train
7817,test
7818,train
7819,test
7820,test
7821,test
7822,train
7823,train
7824,test
7825,train
7826,train
7827,test
7828,train
7829,train
7830,test
7831,train
7832,train
7833,train
7834,train
7835,train
7836,test
7837,test
7838,test
7839,test
7840,train
7841,train
7842,train
7843,train
7844,train
7845,test
7846,train
7847,test
7848,train
7849,test
7850,train
7851,test
7852,test
7853,train
7854,train
7855,test
7856,test
7857,train
7858,train
7859,train
7860,train
7861,test
7862,train
7863,test
7864,train
7865,test
7866,train
7867,train
7868,test
7869,train
7870,train
7871,test
7872,train
7873,test
7874,test
7875,test
7876,train
7877,test
7878,train
7879,train
7880,test
7881,train
7882,train
7883,train
7884,train
7885,train
7886,test
7887,train
7888,train
7889,test
7890,train
7891,train
7892,test
7893,train
7894,test
7895,train
7896,test
7897,train
7898,test
7899,train
7900,train
7901,train
7902,test
7903,train
7904,train
7905,test
7906,train
7907,train
7908,train
7909,train
7910,train
7911,test
7912,train
7913,train
7914,train
7915,test
7916,train
7917,test
7918,train
7919,train
7920,train
7921,train
7922,train
7923,test
7924,train
7925,test
7926,train
7927,test
7928,test
7929,train
7930,train
7931,test
7932,train
7933,train
7934,test
7935,train
7936,test
7937,train
7938,train
7939,train
7940,test
7941,train
7942,test
7943,test
7944,test
7945,test
7946,train
7947,test
7948,test
7949,test
7950,train
7951,train
7952,test
7953,train
7954,train
7955,train
7956,train
7957,train
7958,test
7959,train
7960,train
7961,train
7962,test
7963,test
7964,test
7965,train
7966,test
7967,train
7968,train
7969,train
7970,train
7971,train
7972,test
7973,train
7974,test
7975,train
7976,train
7977,test
7978,test
7979,test
7980,test
7981,train
7982,train
7983,train
7984,train
7985,test
7986,train
7987,train
7988,train
7989,train
7990,train
7991,train
7992,train
7993,train
7994,test
7995,train
7996,train
7997,test
7998,train
7999,train
8000,train
8001,train
8002,train
8003,test
8004,train
8005,train
8006,train
8007,test
8008,train
8009,test
8010,train
8011,train
8012,test
8013,train
8014,test
8015,train
8016,test
8017,test
8018,test
8019,test
8020,test
8021,train
8022,test
8023,test
8024,test
8025,train
8026,test
8027,train
8028,train
8029,train
8030,train
8031,train
8032,train
8033,train
8034,train
8035,train
8036,test
8037,train
8038,test
8039,train
8040,test
8041,train
8042,test
8043,test
8044,train
8045,test
8046,test
8047,train
8048,train
8049,test
8050,train
8051,test
8052,test
8053,train
8054,train
8055,train
8056,train
8057,train
8058,train
8059,train
8060,train
8061,train
8062,test
8063,test
8064,train
8065,train
8066,train
8067,train
8068,train
8069,test
8070,test
8071,test
8072,train
8073,train
8074,train
8075,train
8076,test
8077,train
8078,train
8079,test
8080,test
8081,train
8082,train
8083,test
8084,test
8085,train
8086,train
8087,train
8088,test
8089,test
8090,test
8091,test
8092,train
8093,train
8094,train
8095,train
8096,train
8097,train
8098,train
8099,test
8100,test
8101,train
8102,train
8103,train
8104,train
8105,test
8106,train
8107,train
8108,test
8109,train
8110,test
8111,test
8112,test
8113,test
8114,train
8115,train
8116,test
8117,test
8118,train
8119,test
8120,test
8121,test
8122,test
8123,test
8124,train
8125,train
8126,train
8127,test
8128,test
8129,train
8130,test
8131,train
8132,test
8133,test
8134,test
8135,train
8136,train
8137,test
8138,train
8139,test
8140,train
8141,train
8142,test
8143,train
8144,test
8145,train
8146,test
8147,train
8148,train
8149,test
8150,train
8151,test
8152,train
8153,train
8154,train
8155,train
8156,train
8157,train
8158,test
8159,test
8160,train
8161,train
8162,train
8163,test
8164,train
8165,train
8166,test
8167,train
8168,test
8169,test
8170,train
8171,test
8172,train
8173,train
8174,test
8175,train
8176,test
8177,test
8178,train
8179,test
8180,test
8181,train
8182,train
8183,test
8184,test
8185,train
8186,train
8187,train
8188,train
8189,train
8190,test
8191,test
8192,train
8193,train
8194,test
8195,train
8196,train
8197,train
8198,test
8199,train
8200,train
8201,train
8202,test
8203,test
8204,test
8205,test
8206,train
8207,test
8208,test
8209,test
8210,train
8211,train
8212,train
8213,test
8214,train
8215,train
8216,test
8217,train
8218,train
8219,train
8220,test
8221,test
8222,train
8223,train
8224,test
8225,train
8226,train
8227,train
8228,test
8229,train
8230,train
8231,test
8232,train
8233,test
8234,test
8235,train
8236,test
8237,test
8238,train
8239,train
8240,train
8241,train
8242,train
8243,train
8244,train
8245,train
8246,test
8247,train
8248,test
8249,train
8250,train
8251,test
8252,train
8253,test
8254,train
8255,train
8256,train
8257,train
8258,train
8259,train
8260,train
8261,test
8262,test
8263,train
8264,train
8265,test
8266,train
8267,test
8268,train
8269,test
8270,test
8271,test
8272,train
8273,train
8274,test
8275,train
8276,test
8277,train
8278,train
8279,train
8280,train
8281,train
8282,train
8283,train
8284,train
8285,train
8286,test
8287,train
8288,test
8289,train
8290,train
8291,train
8292,train
8293,train
8294,test
8295,train
8296,test
8297,test
8298,train
8299,test
8300,test
8301,train
8302,train
8303,test
8304,test
8305,train
8306,train
8307,train
8308,test
8309,train
8310,test
8311,train
8312,test
8313,test
8314,train
8315,test
8316,test
8317,train
8318,test
8319,train
8320,train
8321,test
8322,test
8323,train
8324,test
8325,train
8326,train
8327,test
8328,test
8329,train
8330,test
8331,train
8332,test
8333,test
8334,train
8335,train
8336,train
8337,train
8338,train
8339,train
8340,train
8341,train
8342,train
8343,train
8344,train
8345,train
8346,train
8347,train
8348,train
8349,test
8350,train
8351,train
8352,test
8353,train
8354,test
8355,test
8356,test
8357,train
8358,train
8359,test
8360,train
8361,train
8362,train
8363,train
8364,test
8365,train
8366,train
8367,test
8368,train
8369,test
8370,train
8371,train
8372,test
8373,train
8374,train
8375,train
8376,train
8377,test
8378,train
8379,test
8380,test
8381,train
8382,train
8383,test
8384,train
8385,train
8386,test
8387,test
8388,train
8389,train
8390,train
8391,train
8392,train
8393,test
8394,train
8395,test
8396,train
8397,test
8398,train
8399,test
8400,test
8401,train
8402,test
8403,train
8404,train
8405,test
8406,test
8407,test
8408,train
8409,test
8410,test
8411,test
8412,test
8413,test
8414,train
8415,test
8416,test
8417,train
8418,test
8419,train
8420,test
8421,test
8422,test
8423,test
8424,train
8425,train
8426,test
8427,train
8428,train
8429,train
8430,train
8431,train
8432,train
8433,test
8434,train
8435,train
8436,train
8437,train
8438,test
8439,train
8440,train
8441,test
8442,test
8443,train
8444,train
8445,test
8446,test
8447,test
8448,train
8449,test
8450,train
8451,train
8452,train
8453,test
8454,test
8455,train
8456,test
8457,test
8458,test
8459,test
8460,train
8461,test
8462,test
8463,train
8464,train
8465,test
8466,train
8467,train
8468,test
8469,test
8470,train
8471,train
8472,train
8473,test
8474,train
8475,train
8476,test
8477,train
8478,test
8479,train
8480,test
8481,train
8482,test
8483,train
8484,test
8485,train
8486,test
8487,train
8488,test
8489,train
8490,train
8491,test
8492,train
8493,test
8494,test
8495,train
8496,train
8497,train
8498,test
8499,train
8500,train
8501,train
8502,test
8503,test
8504,train
8505,train
8506,train
8507,train
8508,train
8509,test
8510,train
8511,train
8512,train
8513,train
8514,train
8515,test
8516,train
8517,train
8518,train
8519,test
8520,train
8521,test
8522,train
8523,test
8524,train
8525,test
8526,train
8527,test
8528,test
8529,test
8530,train
8531,test
8532,train
8533,test
8534,test
8535,train
8536,test
8537,train
8538,train
8539,test
8540,test
8541,train
8542,train
8543,train
8544,test
8545,train
8546,test
8547,train
8548,train
8549,test
8550,train
8551,train
8552,train
8553,train
8554,test
8555,test
8556,train
8557,train
8558,train
8559,train
8560,test
8561,test
8562,test
8563,test
8564,test
8565,train
8566,train
8567,test
8568,train
8569,train
8570,train
8571,test
8572,train
8573,train
8574,train
8575,test
8576,test
8577,test
8578,test
8579,train
8580,test
8581,test
8582,train
8583,test
8584,test
8585,train
8586,test
8587,train
8588,train
8589,test
8590,train
8591,test
8592,test
8593,train
8594,train
8595,train
8596,train
8597,train
8598,test
8599,test
8600,test
8601,train
8602,test
8603,train
8604,train
8605,train
8606,train
8607,train
8608,train
8609,test
8610,train
8611,train
8612,train
8613,test
8614,train
8615,test
8616,test
8617,test
8618,train
8619,train
8620,test
8621,test
8622,test
8623,test
8624,train
8625,test
8626,train
8627,test
8628,train
8629,test
8630,test
8631,train
8632,train
8633,test
8634,train
8635,test
8636,train
8637,train
8638,train
8639,test
8640,train
8641,test
8642,test
8643,train
8644,test
8645,train
8646,train
8647,train
8648,train
8649,test
8650,test
8651,train
8652,train
8653,train
8654,test
8655,train
8656,test
8657,train
8658,test
8659,test
8660,train
8661,test
8662,train
8663,test
8664,train
8665,train
8666,train
8667,test
8668,train
8669,test
8670,test
8671,train
8672,train
8673,test
8674,train
8675,train
8676,test
8677,train
8678,train
8679,train
8680,train
8681,train
8682,test
8683,test
8684,test
8685,test
8686,test
8687,train
8688,train
8689,train
8690,train
8691,test
8692,train
8693,train
8694,train
8695,train
8696,train
8697,train
8698,train
8699,train
8700,test
8701,test
8702,train
8703,test
8704,test
8705,train
8706,test
8707,test
8708,train
8709,test
8710,train
8711,train
8712,test
8713,test
8714,test
8715,train
8716,test
8717,test
8718,train
8719,test
8720,train
8721,train
8722,test
8723,train
8724,test
8725,train
8726,test
8727,train
8728,test
8729,train
8730,train
8731,train
8732,train
8733,train
8734,test
8735,train
8736,test
8737,train
8738,train
8739,test
8740,train
8741,train
8742,test
8743,train
8744,test
8745,test
8746,test
8747,test
8748,test
8749,test
8750,train
8751,train
8752,test
8753,train
8754,train
8755,train
8756,test
8757,train
8758,train
8759,test
8760,train
8761,train
8762,train
8763,test
8764,train
8765,test
8766,train
8767,train
8768,train
8769,train
8770,train
8771,train
8772,test
8773,test
8774,test
8775,test
8776,train
8777,test
8778,train
8779,train
8780,test
8781,train
8782,train
8783,train
8784,train
8785,test
8786,train
8787,train
8788,train
8789,test
8790,train
8791,test
8792,test
8793,test
8794,train
8795,train
8796,train
8797,test
8798,train
8799,train
8800,train
8801,test
8802,test
8803,test
8804,train
8805,train
8806,train
8807,test
8808,test
8809,test
8810,train
8811,train
8812,train
8813,test
8814,test
8815,train
8816,train
8817,test
8818,train
8819,train
8820,test
8821,train
8822,test
8823,train
8824,train
8825,train
8826,train
8827,train
8828,train
8829,test
8830,train
8831,test
8832,test
8833,test
8834,train
8835,train
8836,train
8837,test
8838,train
8839,train
8840,train
8841,train
8842,train
8843,train
8844,train
8845,test
8846,test
8847,train
8848,train
8849,train
8850,train
8851,test
8852,train
8853,train
8854,train
8855,test
8856,test
8857,train
8858,test
8859,train
8860,train
8861,train
8862,train
8863,test
8864,test
8865,train
8866,test
8867,train
8868,test
8869,test
8870,train
8871,train
8872,train
8873,train
8874,test
8875,test
8876,train
8877,train
8878,test
8879,test
8880,train
8881,test
8882,train
8883,test
8884,test
8885,test
8886,train
8887,train
8888,test
8889,train
8890,test
8891,train
8892,test
8893,test
8894,train
8895,train
8896,test
8897,test
8898,train
8899,train
8900,test
8901,train
8902,train
8903,train
8904,train
8905,train
8906,train
8907,train
8908,train
8909,train
8910,train
8911,test
8912,train
8913,train
8914,train
8915,train
8916,test
8917,train
8918,test
8919,test
8920,train
8921,test
8922,train
8923,test
8924,test
8925,test
8926,train
8927,train
8928,test
8929,train
8930,train
8931,test
8932,test
8933,train
8934,test
8935,test
8936,train
8937,test
8938,train
8939,train
8940,train
8941,train
8942,train
8943,test
8944,train
8945,test
8946,train
8947,train
8948,test
8949,train
8950,train
8951,train
8952,train
8953,test
8954,test
8955,train
8956,train
8957,test
8958,test
8959,train
8960,train
8961,test
8962,train
8963,train
8964,train
8965,test
8966,train
8967,test
8968,train
8969,train
8970,train
8971,test
8972,train
8973,test
8974,train
8975,test
8976,train
8977,test
8978,test
8979,train
8980,train
8981,test
8982,train
8983,test
8984,train
8985,test
8986,train
8987,train
8988,test
8989,train
8990,train
8991,train
8992,train
8993,train
8994,train
8995,train
8996,test
8997,train
8998,test
8999,test
9000,test
9001,train
9002,train
9003,test
9004,test
9005,test
9006,test
9007,test
9008,train
9009,train
9010,train
9011,train
9012,test
9013,test
9014,train
9015,train
9016,train
9017,test
9018,train
9019,train
9020,test
9021,test
9022,train
9023,train
9024,test
9025,test
9026,test
9027,train
9028,train
9029,train
9030,test
9031,train
9032,train
9033,train
9034,train
9035,train
9036,test
9037,train
9038,train
9039,train
9040,train
9041,train
9042,train
9043,test
9044,train
9045,train
9046,train
9047,train
9048,test
9049,test
9050,test
9051,test
9052,train
9053,test
9054,train
9055,train
9056,train
9057,train
9058,train
9059,train
9060,train
9061,test
9062,test
9063,test
9064,test
9065,train
9066,test
9067,train
9068,test
9069,test
9070,test
9071,test
9072,test
9073,train
9074,train
9075,test
9076,train
9077,train
9078,train
9079,train
9080,train
9081,test
9082,train
9083,train
9084,train
9085,test
9086,train
9087,train
9088,train
9089,test
9090,train
9091,train
9092,test
9093,train
9094,test
9095,test
9096,train
9097,train
9098,train
9099,test
9100,test
9101,train
9102,train
9103,train
9104,train
9105,train
9106,train
9107,train
9108,test
9109,test
9110,train
9111,test
9112,test
9113,train
9114,test
9115,train
9116,train
9117,test
9118,test
9119,train
9120,train
9121,train
9122,train
9123,train
9124,train
9125,train
9126,train
9127,train
9128,train
9129,train
9130,test
9131,train
9132,train
9133,test
9134,train
9135,train
9136,train
9137,test
9138,test
9139,train
9140,train
9141,train
9142,train
9143,test
9144,test
9145,train
9146,train
9147,test
9148,train
9149,train
9150,train
9151,train
9152,train
9153,train
9154,test
9155,test
9156,test
9157,test
9158,train
9159,train
9160,train
9161,train
9162,test
9163,train
9164,train
9165,train
9166,test
9167,test
9168,train
9169,train
9170,train
9171,test
9172,test
9173,train
9174,test
9175,test
9176,train
9177,train
9178,train
9179,train
9180,train
9181,test
9182,test
9183,test
9184,train
9185,test
9186,test
9187,train
9188,test
9189,test
9190,train
9191,train
9192,train
9193,train
9194,test
9195,test
9196,train
9197,train
9198,test
9199,train
9200,train
9201,train
9202,train
9203,train
9204,train
9205,train
9206,train
9207,test
9208,train
9209,test
9210,test
9211,test
9212,test
9213,train
9214,test
9215,test
9216,train
9217,test
9218,test
9219,test
9220,test
9221,test
9222,train
9223,train
9224,train
9225,train
9226,test
9227,train
9228,train
9229,train
9230,test
9231,train
9232,train
9233,test
9234,train
9235,train
9236,train
9237,train
9238,test
9239,train
9240,train
9241,train
9242,test
9243,train
9244,test
9245,train
9246,train
9247,test
9248,train
9249,test
9250,train
9251,train
9252,test
9253,train
9254,train
9255,train
9256,test
9257,test
9258,train
9259,test
9260,test
9261,train
9262,train
9263,train
9264,train
9265,train
9266,test
9267,test
9268,train
9269,train
9270,train
9271,test
9272,test
9273,test
9274,test
9275,train
9276,test
9277,train
9278,train
9279,train
9280,test
9281,test
9282,train
9283,train
9284,train
9285,train
9286,test
9287,test
9288,test
9289,train
9290,train
9291,train
9292,train
9293,test
9294,test
9295,test
9296,test
9297,train
9298,test
9299,test
9300,test
9301,train
9302,train
9303,test
9304,test
9305,test
9306,train
9307,test
9308,train
9309,test
9310,train
9311,test
9312,train
9313,train
9314,train
9315,train
9316,train
9317,test
9318,test
9319,train
9320,test
9321,train
9322,test
9323,train
9324,test
9325,train
9326,train
9327,test
9328,test
9329,test
9330,train
9331,test
9332,test
9333,train
9334,train
9335,train
9336,train
9337,test
9338,train
9339,train
9340,train
9341,train
9342,train
9343,train
9344,test
9345,test
9346,train
9347,train
9348,test
9349,train
9350,test
9351,train
9352,train
9353,train
9354,test
9355,test
9356,train
9357,train
9358,train
9359,test
9360,train
9361,train
9362,train
9363,test
9364,test
9365,train
9366,train
9367,train
9368,test
9369,train
9370,train
9371,train
9372,train
9373,test
9374,test
9375,train
9376,test
9377,train
9378,test
9379,train
9380,test
9381,test
9382,train
9383,train
9384,test
9385,test
9386,train
9387,test
9388,test
9389,test
9390,test
9391,train
9392,test
9393,train
9394,test
9395,test
9396,train
9397,test
9398,train
9399,train
9400,train
9401,train
9402,test
9403,train
9404,train
9405,train
9406,train
9407,test
9408,test
9409,train
9410,train
9411,train
9412,train
9413,test
9414,train
9415,train
9416,test
9417,test
9418,test
9419,train
9420,test
9421,train
9422,train
9423,test
9424,train
9425,train
9426,test
9427,test
9428,train
9429,train
9430,test
9431,train
9432,train
9433,test
9434,train
9435,train
9436,train
9437,train
9438,test
9439,train
9440,train
9441,test
9442,train
9443,test
9444,train
9445,test
9446,train
9447,test
9448,train
9449,test
9450,train
9451,test
9452,train
9453,test
9454,test
9455,test
9456,test
9457,test
9458,train
9459,train
9460,train
9461,train
9462,train
9463,test
9464,train
9465,train
9466,test
9467,train
9468,train
9469,train
9470,test
9471,test
9472,train
9473,train
9474,test
9475,train
9476,train
9477,train
9478,train
9479,test
9480,test
9481,test
9482,train
9483,test
9484,train
9485,test
9486,test
9487,test
9488,test
9489,train
9490,test
9491,train
9492,train
9493,train
9494,train
9495,train
9496,train
9497,train
9498,train
9499,train
9500,train
9501,train
9502,test
9503,train
9504,test
9505,test
9506,test
9507,train
9508,test
9509,test
9510,test
9511,train
9512,train
9513,train
9514,train
9515,train
9516,train
9517,test
9518,train
9519,train
9520,train
9521,test
9522,train
9523,train
9524,train
9525,test
9526,train
9527,train
9528,train
9529,test
9530,train
9531,train
9532,train
9533,test
9534,train
9535,train
9536,test
9537,train
9538,train
9539,test
9540,test
9541,test
9542,test
9543,train
9544,test
9545,test
9546,train
9547,test
9548,test
9549,test
9550,train
9551,train
9552,test
9553,train
9554,test
9555,test
9556,test
9557,train
9558,train
9559,test
9560,train
9561,test
9562,test
9563,train
9564,test
9565,train
9566,test
9567,test
9568,test
9569,test
9570,train
9571,test
9572,test
9573,train
9574,train
9575,train
9576,train
9577,train
9578,test
9579,train
9580,train
9581,test
9582,train
9583,train
9584,test
9585,test
9586,test
9587,test
9588,train
9589,train
9590,train
9591,train
9592,train
9593,train
9594,test
9595,train
9596,train
9597,test
9598,train
9599,train
9600,train
9601,train
9602,test
9603,train
9604,test
9605,train
9606,train
9607,test
9608,test
9609,train
9610,test
9611,test
9612,test
9613,test
9614,train
9615,train
9616,train
9617,test
9618,train
9619,train
9620,train
9621,train
9622,test
9623,test
9624,test
9625,test
9626,test
9627,train
9628,train
9629,test
9630,train
9631,train
9632,train
9633,test
9634,train
9635,test
9636,train
9637,test
9638,test
9639,train
9640,train
9641,train
9642,train
9643,train
9644,test
9645,train
9646,test
9647,train
9648,train
9649,train
9650,test
9651,train
9652,train
9653,test
9654,test
9655,test
9656,test
9657,test
9658,train
9659,train
9660,test
9661,train
9662,test
9663,test
9664,train
9665,train
9666,train
9667,train
9668,test
9669,train
9670,test
9671,test
9672,train
9673,test
9674,test
9675,train
9676,train
9677,train
9678,test
9679,train
9680,train
9681,train
9682,train
9683,train
9684,train
9685,test
9686,test
9687,train
9688,train
9689,test
9690,train
9691,test
9692,train
9693,train
9694,train
9695,train
9696,test
9697,train
9698,test
9699,test
9700,train
9701,train
9702,test
9703,train
9704,test
9705,test
9706,train
9707,train
9708,train
9709,train
9710,train
9711,train
9712,train
9713,test
9714,test
9715,train
9716,test
9717,train
9718,train
9719,test
9720,test
9721,train
9722,train
9723,train
9724,test
9725,test
9726,train
9727,test
9728,test
9729,train
9730,train
9731,train
9732,train
9733,test
9734,train
9735,train
9736,test
9737,train
9738,train
9739,train
9740,test
9741,test
9742,test
9743,test
9744,test
9745,train
9746,test
9747,train
9748,train
9749,train
9750,train
9751,test
9752,test
9753,train
9754,train
9755,test
9756,train
9757,train
9758,test
9759,test
9760,test
9761,test
9762,test
9763,test
9764,test
9765,train
9766,test
9767,train
9768,train
9769,test
9770,test
9771,train
9772,train
9773,train
9774,test
9775,train
9776,train
9777,train
9778,train
9779,test
9780,train
9781,train
9782,test
9783,test
9784,train
9785,train
9786,train
9787,test
9788,train
9789,train
9790,train
9791,train
9792,train
9793,test
9794,train
9795,train
9796,train
9797,test
9798,train
9799,train
9800,train
9801,test
9802,train
9803,train
9804,test
9805,train
9806,train
9807,train
9808,test
9809,train
9810,train
9811,train
9812,test
9813,train
9814,train
9815,test
9816,test
9817,test
9818,train
9819,test
9820,test
9821,train
9822,train
9823,train
9824,train
9825,test
9826,test
9827,test
9828,test
9829,train
9830,train
9831,train
9832,train
9833,train
9834,train
9835,train
9836,test
9837,train
9838,train
9839,train
9840,train
9841,test
9842,test
9843,train
9844,test
9845,train
9846,test
9847,train
9848,train
9849,test
9850,test
9851,train
9852,train
9853,test
9854,test
9855,train
9856,test
9857,test
9858,train
9859,train
9860,test
9861,train
9862,train
9863,train
9864,train
9865,train
9866,train
9867,test
9868,test
9869,test
9870,train
9871,test
9872,train
9873,train
9874,test
9875,train
9876,train
9877,train
9878,train
9879,train
9880,test
9881,test
9882,train
9883,train
9884,train
9885,test
9886,train
9887,test
9888,train
9889,test
9890,train
9891,train
9892,test
9893,train
9894,test
9895,train
9896,test
9897,test
9898,test
9899,test
9900,train
9901,train
9902,train
9903,train
9904,test
9905,test
9906,train
9907,train
9908,train
9909,train
9910,train
9911,train
9912,train
9913,test
9914,train
9915,test
9916,train
9917,train
9918,test
9919,train
9920,test
9921,test
9922,train
9923,train
9924,train
9925,test
9926,train
9927,train
9928,train
9929,train
9930,train
9931,train
9932,train
9933,test
9934,train
9935,train
9936,train
9937,test
9938,test
9939,train
9940,test
9941,test
9942,train
9943,train
9944,train
9945,train
9946,test
9947,test
9948,train
9949,train
9950,test
9951,test
9952,test
9953,test
9954,test
9955,train
9956,train
9957,train
9958,train
9959,train
9960,test
9961,train
9962,train
9963,train
9964,train
9965,train
9966,test
9967,test
9968,train
9969,test
9970,test
9971,train
9972,train
9973,train
9974,train
9975,test
9976,train
9977,train
9978,test
9979,test
9980,test
9981,test
9982,test
9983,test
9984,train
9985,test
9986,test
9987,test
9988,test
9989,train
9990,train
9991,train
9992,train
9993,train
9994,test
9995,train
9996,train
9997,test
9998,train
9999,train
