row_index,label,pyod_batch_score,fixed_training_reference_score
2283,0,23.637351250872637,24.141693588134395
8261,0,38.46041453202257,38.859068970842316
7334,0,20.9097151744837,21.770336485359874
5528,0,24.103004958721858,23.539084866349796
8725,0,21.46094116972992,21.870062862538685
3465,0,28.06937125266366,26.96014005963513
607,0,25.507372326798276,26.45276180087012
6674,0,19.952600817886797,20.513379964967424
4862,0,30.45732729407854,31.078883974320334
4175,0,24.104230048445984,24.448145911984582
2877,0,25.621605593741876,26.11580613128756
6878,0,32.90851867523009,32.60629564591117
7516,0,28.289657492988237,27.307166811939176
7289,0,26.646250441311942,26.33504019566917
7508,0,36.25995916002,37.29631830079893
630,0,23.619959551964104,23.07416026531082
4358,0,17.431739912860102,17.62268734390834
6173,0,25.336870537966394,25.846747860630064
3863,0,26.301303763564377,26.647546046924788
7587,0,24.92870708406251,25.435971618865995
1231,0,36.531695079031095,35.07671272203923
5320,0,43.59564718806453,43.81411282455546
8866,0,21.89036081509431,22.155393240907344
288,0,23.423684934682797,24.366283723533385
885,0,26.7826028893643,27.357546708395095
1477,0,27.583161869948707,27.133882611903744
4770,0,32.03463447663125,31.44216197999079
7708,0,29.469206681940886,28.418015975852803
6327,0,27.018941838860012,27.473344362672552
9607,0,28.353941883466238,28.02336409758852
3860,0,31.683333720006495,31.602921239729884
3991,0,22.33305141090505,22.861425011393468
1319,0,29.963290637387896,31.056227860745345
795,0,24.022095760205477,24.46966868398865
2298,0,17.74914960778401,18.216413295701052
1664,0,41.019492758164084,40.530014792223014
6739,0,20.477556126682916,20.420752393041738
9722,0,23.938563710235734,24.182980810969664
9000,0,27.305311374815194,27.567976394189515
613,0,31.425072088799393,32.00377215686534
9100,0,27.877124145773426,27.87524468782457
8591,0,47.15760304870368,47.42392326554035
165,1,23.347644786121528,23.651865678191413
4363,0,19.260773423892676,19.375902538998396
4367,0,25.12862291716376,24.968966571137614
804,0,33.01217470232334,32.90330311635151
6420,0,41.237651849881004,39.62461573172619
2690,1,32.66920109194521,33.37205552976042
4289,0,28.542319462495605,28.3295385566475
2654,0,25.066231465932944,26.158469316354754
2536,0,20.634783300184267,20.74435661734263
6859,0,22.006079045682995,22.146671889119798
6284,0,25.30628855225054,25.647143861175945
9788,0,23.195462324244442,22.16243984382272
8662,0,27.75538358865148,28.313794761592877
6409,0,22.027770440910324,21.881199144339753
1864,0,22.500429295465143,22.194071387665613
3917,0,22.772314068607685,22.752960081738202
1781,0,23.28531303988688,23.807023632133163
9576,0,28.388350021020457,27.784381122031448
7519,0,24.514325165708744,24.150228281269385
4915,0,27.918054127984966,27.18613578174301
1557,0,27.425178901999594,27.233970273285802
3439,0,21.88518988908481,22.547144990456957
159,0,20.498546840121637,21.055607470233394
1778,0,19.475447617789136,20.71465155673139
1561,0,23.719344148063605,24.134986382451064
5564,0,23.17430257469088,23.316197330084588
8231,0,22.43463082767737,23.13396347906836
137,0,30.703008450347674,30.97779462524194
185,1,30.588453430142614,30.900495984081637
9024,0,22.077006913579556,22.00176654741802
4297,0,23.064987918039975,23.27403744031938
922,1,27.802960263915256,28.07146491763161
6955,0,28.64989030103458,28.93332806974956
3128,0,45.23993701055099,44.50453574418759
3687,0,26.346157653374433,26.08332035884498
2038,0,26.31557985701214,26.52272263450144
9155,0,20.14936981183586,20.377370452539225
4933,0,18.909307786597733,19.682654209085758
2161,0,31.804889914478686,31.145352970449657
9877,0,24.467755493605512,24.66632076436284
4009,0,25.642256000084718,25.724742701323297
7974,0,22.403234831768582,22.217989997586265
2489,0,23.033346907597828,22.838936548638266
8810,0,24.608264199215157,25.31203547748445
5155,0,32.62675752600567,32.23202309390779
5955,0,22.46671275009229,21.86075814570488
5760,0,19.01638215437293,19.48626017606139
6758,0,18.787256181897288,19.34519187463703
2700,0,24.546375292399073,24.18882772862103
7579,0,35.27283622116379,36.173351020776835
6268,0,23.576831141408274,23.302396171822764
1124,0,20.03297515314575,19.466160820484294
5240,0,21.571149345138636,20.982218173008746
5442,0,21.197859648546107,21.406277446971217
2561,0,24.75573203641134,25.017264607799984
8025,0,21.689613658669792,21.787579588050125
9824,0,18.544961985637066,18.327173800663164
1666,1,29.75432027041054,28.530612060870077
7866,0,23.11674493459704,23.31917879862409
8973,0,25.216021270324195,24.277192941342125
9811,0,22.881985510226883,22.16106636540202
4307,0,33.22870984228601,33.25474805326131
8052,0,23.161319059241027,23.645419960988043
568,0,29.623461315717105,29.214097044630055
4129,0,34.42125548605441,34.870664287512156
8979,0,21.75149854302449,21.890975054000663
6192,0,21.78171955477789,22.352808741440064
625,0,19.713079925254217,19.894612841634448
2651,0,30.631829488585467,32.0699907377129
9793,0,31.06023934376336,30.40287733790517
6936,0,20.786139591820742,21.875205486292092
6633,0,29.098270256095162,28.4666415244198
5913,0,37.37338209639126,38.0094926867268
6198,0,29.4526890450004,29.044515640207873
4051,0,34.3584052174895,35.105147533352245
3116,0,24.9324354817801,24.824779015604054
4669,0,15.850779541604934,15.651490276214597
9010,0,26.919061549158176,26.312829788035742
6868,0,19.825138236849636,20.055850228113197
2362,0,21.778479890243975,21.0907326073745
6695,0,30.05507853218026,30.131126767766663
4368,0,22.55977971634202,23.108011695597522
415,0,24.343239318872165,24.31583349780834
4903,0,22.656563594570045,22.822243234559153
7677,0,22.557577281470376,23.673954786185444
9273,0,44.17819379448744,43.2281026177751
7143,1,34.21865230502078,34.77658005850568
8478,0,32.196491579891486,30.952220544619085
7769,0,23.74613142678122,23.090822318133455
2453,0,26.270953786693656,25.731779776392603
6703,0,32.18361542831938,32.18596488842032
950,0,25.734780478945154,25.774991718186815
2686,0,18.745761311894327,18.674958583738185
6862,0,25.24117540821008,24.668172912186606
2963,0,19.589235818240304,20.35416087426931
2171,0,18.58213011809633,18.669059250222006
1007,0,18.048720992671413,17.43041041849714
2740,0,24.678215983288844,24.322877933511723
3386,1,40.529810948217445,40.09795850475717
2370,0,20.5871083980731,20.62917557809121
126,0,32.203544386092744,31.340175432793217
1570,0,22.668782277738845,23.04587973441546
5325,0,38.390191991816316,38.05244357498411
939,0,26.890935348531098,26.935677450195953
1711,0,18.403402337134896,18.55178570022979
600,0,22.036381656207556,21.949642641099768
9248,0,24.208737514100864,24.735398886832954
3933,0,22.998776950319996,23.085618772288836
5140,0,25.192891859820875,26.114882091930568
3040,0,32.36160479430081,32.777043861781195
8212,0,25.72277768952036,25.111803438027103
1903,0,24.82638140999618,24.99386896666675
6666,0,25.370286954781335,24.97734181742048
6469,0,24.579514445914782,24.127156441237126
4624,0,29.26551274728571,29.12677932064476
1000,0,34.673210689445455,34.85073988019755
7885,0,28.803915605491447,28.35234949144003
176,0,24.419697871289117,25.002212336303188
4977,1,25.25489520321494,25.627665776710657
9506,0,17.609701437332017,17.77185078877921
8639,0,19.71893846496122,20.661811610059203
9415,0,22.81425302135156,23.66379980098385
2679,0,18.135917388915313,17.875001781608375
7276,0,30.261840822107757,30.212695228071507
6257,0,25.549907216653118,25.918059122727087
6502,0,24.202635933281528,24.77719822462966
3212,0,22.089285003142933,21.481481032283703
3582,0,25.999249702756064,26.62769467302826
5914,0,32.40740174587469,31.931140210511252
8074,0,25.810703000316185,25.08197951608219
6898,0,36.20376591391109,37.42904461359641
1885,0,24.459188162919325,23.791681957060373
4107,1,33.63839605887722,32.70684197537358
2329,0,25.18424172186713,25.641901245846004
3791,0,25.060586223624224,24.86986793907785
2197,0,21.268240273716692,21.654736730156554
2442,0,30.42866851169886,29.940935904704453
4007,0,32.43205875073334,30.65530277657364
7135,0,27.400285955664085,26.674714902119156
3665,0,29.398216823093104,29.56724372708256
4827,1,25.490320989793656,25.42409594771965
7412,0,23.681987203517625,23.977759253825273
1807,0,31.69553337808008,30.942620913771275
948,0,28.610802105747783,27.202177430825
2440,0,37.46426800586517,36.58705809922913
1674,0,28.985593321983973,29.377317152710635
5988,0,20.770105296209813,20.504965752197602
5594,0,23.886123390101446,23.82542468993868
5030,0,23.035078565039527,23.7014933028355
1385,0,21.21027959770863,20.930560580029574
9863,0,32.226415611664166,32.9577041280379
9170,0,30.823625280084173,30.84611697700298
2665,0,19.18487562295238,18.670260014777888
554,0,27.98957795396892,28.31916899431641
4287,1,34.78862285505808,34.79996866836632
6160,0,32.60562512998704,32.51880778176884
1156,0,31.971697871796476,32.27879641549075
1855,0,27.083950612987152,25.2589312211961
8528,0,20.71738980670495,20.204865613029188
8596,0,20.131115951722613,19.9644519793342
7176,0,31.404244914489958,31.90170694444618
8128,0,23.739789869137276,24.16151713139537
9234,0,23.890860550256004,24.253079303104865
7067,0,22.369756043386957,23.253741482899184
255,0,29.23254671313449,28.362523384035278
1992,0,33.90556970065468,32.635854066579576
4534,0,20.013944878006953,19.23009640587667
7084,0,23.554006091318726,23.788094805943405
6965,0,24.561822344016313,24.514038722307106
6145,0,25.089405557043445,25.13780094656461
2202,0,21.058405703324166,20.74206939988361
218,0,26.51286668376705,25.606342261255257
943,0,20.25511450788193,20.55150974242727
6298,0,62.310834445734194,61.947533431976595
5530,0,19.735193812768898,19.57056360158342
1808,0,22.40087846589216,21.745106852727144
7469,0,20.75427792492732,21.084705713747464
2039,0,24.855787359771607,24.80629097943417
748,0,16.12346235815294,15.867845740815689
9296,0,25.624278864986973,26.125044914349292
9026,0,18.40031528385333,18.537482148564983
8899,0,24.931049056420868,24.39952177570058
1408,0,26.504570194629373,27.497525565520004
4518,0,22.05474584758256,21.696752979126178
4616,0,18.82976322557692,19.261161154196152
2886,0,27.94543674657999,27.430389309849257
6797,0,25.57660044075475,25.302088354997178
811,0,22.411661786013287,21.900946796543835
4918,0,25.122702196750332,24.95979871587303
6377,0,26.5900800884597,25.86634571120969
6040,0,28.545842283160063,27.73820459652786
7762,0,24.094205484811564,24.53422892498471
9348,0,23.8670256136651,23.964760538335735
1032,0,25.350767483682418,24.664074044348293
2670,0,42.8817184366237,42.601092495245396
6055,0,42.4457554986368,41.83758750356728
7428,0,21.962689263082247,21.56324732376628
1680,0,31.307915720404477,31.364460098471987
4687,0,23.078998872178982,22.151380825050573
4390,0,23.838963335220424,24.34999224475397
8794,0,21.424650696328545,21.266709368546792
9781,0,21.61553967425742,21.020240548698332
5345,0,17.705178253051496,19.311029620334246
4069,0,24.54190300482242,24.716556290027306
7129,0,18.71544153335092,19.066393616177997
7859,0,25.762682550537527,25.250722403782763
1,0,22.486133807784114,23.095535841530804
3134,0,23.989162015038556,24.011921568745894
2142,0,27.266015495559962,27.131497330091673
7131,0,23.580443125350314,24.071726430393287
7496,0,21.201387731182884,21.249801168123085
9306,0,26.356525694292795,26.414485992372118
9064,0,38.067056229762734,38.90306983551081
7123,0,36.83258130870133,36.43234212423403
831,0,26.528029798421088,26.722401003051505
7478,0,18.708378502580246,18.907715703655114
7854,0,22.030864884035687,22.35492963452438
3436,0,19.61871393053967,19.86158536617656
8511,0,32.82178748043333,33.06833713200731
6606,0,23.945259280637366,23.4547439234171
5293,0,28.846986680311222,29.887749730560905
8736,0,19.959770577091035,20.315153864353498
2980,0,42.96822727884105,44.49267908057473
7142,0,22.436555270692246,21.58056323755731
940,0,20.746130479979886,21.4289906574443
5444,0,21.36980804753645,20.879882524457404
4486,0,18.834860769351636,18.85092680572999
6648,0,19.854590382726975,19.390001602143883
4791,0,33.845152708962786,33.7581828466452
412,0,33.27710498553027,33.086645172714114
5867,0,27.34731916583802,27.711930078568773
5754,0,30.35218706595615,30.400129548687634
7150,0,24.21008448942876,24.17950619357293
3342,0,34.18820788458059,34.34789579448168
1916,0,21.79699897818602,21.648917527030292
3803,0,27.895970359998337,28.813026034679368
4924,0,23.789682302225255,23.31088236303836
2775,0,27.339454869772435,27.566660237749904
5092,0,27.78176647450274,27.75567353827918
2304,0,21.29692568053416,20.42705822699056
9659,0,25.59216012791535,24.530597264275293
6252,0,23.606200620746126,23.47253950996391
2552,0,38.73736924923975,38.717364991680995
7486,0,23.21574236196221,23.818973852090913
553,0,27.20134479939195,27.334232093368147
2960,0,20.083629122653463,19.774678277047972
9967,0,28.59499913491399,28.947576823182967
8119,0,18.516599568972183,19.26343518162544
4491,0,28.320556346729248,29.264391642518913
2262,0,26.56877045476792,26.94434938649045
3368,0,17.78939193315529,17.702469234315718
8443,0,26.489343351673504,27.138744824856953
7736,0,27.678855270082526,25.409090417252262
1442,0,22.880877828096075,23.06875409410214
8282,0,27.284619463473156,27.530148364849722
4771,1,41.261418663069655,40.94814581551009
8997,0,21.53771240315691,21.96101028007638
8744,0,25.863363357146035,25.003276372964507
8296,0,27.765792315504456,28.182714769687884
9613,0,28.075478429913346,28.884627183273047
5596,0,28.609850705468283,29.38714946950252
8361,0,21.768404542369257,22.217639151719485
1268,0,31.133124377257833,30.54507384983712
7259,0,23.921236602233392,23.68418916896322
4060,0,21.44710794526328,20.39306225407328
2415,0,36.136155727902526,35.71038540241435
676,0,18.79366595347968,18.318856870321582
7077,0,22.057942294842455,21.640444696576395
4076,0,31.15092439418279,30.70417784407498
8242,0,31.854148027845586,31.663528086913747
8201,0,30.364821789469474,31.308089955205144
8890,0,32.93163869377783,33.114244067029084
6908,0,21.065786929680115,21.446256036482424
7109,0,23.261585475551325,22.866674368052927
2451,0,29.713563475364396,29.63397571090125
3768,0,27.6638517131693,27.199622536552017
2599,0,29.40262978986774,29.904554879506104
8469,0,24.11542535622963,24.762973022787715
1863,0,24.60401179351944,25.10689672377712
6015,0,22.112491692049968,21.593705404985332
1540,0,43.918252613592756,43.49258319296942
668,0,36.7393947481517,36.040226442459456
2514,0,24.352845220745575,24.49172286656293
469,0,24.89478715806491,25.12390723654628
9187,0,19.581165163399557,19.07161777518796
6882,0,30.662735260293665,30.413248002149167
7518,0,21.703389305041597,21.6318085155797
5549,0,28.76563119506322,29.269958438842913
2247,0,18.055080523570535,18.032725300898324
6161,0,23.60886814312424,24.10830988825971
5746,0,28.891902507279298,29.223488703334475
3631,0,19.531039623388402,19.743612725275355
1609,0,20.199650040982313,20.669758484365865
5895,0,32.01477601277251,32.06683956260674
2117,0,28.49066791704089,28.685926183015393
9220,0,27.723411911784297,27.454398469666327
8822,0,29.416450240902833,29.468000466821113
2274,0,26.492519263206844,27.009230280022827
2742,0,18.982062729217773,19.089825549226735
4104,0,23.804390710156795,23.83528425814771
8218,0,33.359135278275915,33.78908989843035
3666,0,44.855401978084686,46.040322965395426
3447,0,24.738993999861876,24.933282486408707
9466,1,28.423564803370862,29.143518456486888
5505,0,28.284714046113592,27.211245311246312
2630,0,29.787765642546056,29.91991553508834
1206,0,28.316633618089934,27.20996936438393
9443,0,21.909341972431438,21.929703491127647
5175,0,35.40377268999401,36.594564308095734
4907,0,25.06633637234496,24.106734088664574
669,0,27.83531473352155,26.983812091730655
8162,0,28.10959687229875,27.765050631684673
7411,0,22.863184853390276,22.19817597754935
9167,0,21.88125686288037,22.402339740551216
9209,0,29.581907733779037,28.938741638271427
256,0,40.53439110045466,40.97737913613651
5618,0,28.177319692009476,27.876174265038834
5447,0,25.224640150686625,25.69564974560669
4484,0,20.226796510414232,20.043514737827984
6206,0,26.641178122579472,26.903790793942406
5372,0,21.833324571153053,22.349514691915637
2279,0,24.150574693676894,23.738380089278913
4380,0,22.2272637363879,22.592911872436876
3404,0,21.27047572240045,21.26106477249988
5623,0,42.98555520481566,43.877972206566604
7437,0,21.19926513551672,20.948136780007385
2892,0,25.395959504743104,25.67099457041812
2055,0,28.36188495043489,28.999210914166387
8819,0,23.98502423000254,24.674373061021825
7987,0,25.02551557803794,25.908471269141273
8530,0,21.014468275448916,21.411212752277667
1517,0,23.208573466979193,22.81220156429723
2091,0,23.945385284132794,23.65876526409063
6570,0,24.780627007446455,24.47025140057148
2866,0,25.58602507181324,25.102035522323543
1039,0,29.01835621654737,29.050811222595055
3881,0,28.638884155876166,29.162576787576505
5825,0,43.706099544284314,45.06669119557494
7972,1,36.305377579926436,39.97047737987952
2871,0,23.51328895156028,23.01858535233333
3602,0,23.231618064623714,22.81376749195271
8898,0,31.165633337075143,30.33393358971578
8582,0,27.547226493818993,27.509340027326466
8546,0,21.157324141700673,21.95753392414317
7246,0,27.693845226884264,28.755249452495153
2303,0,27.929588432110588,26.754994727988645
644,0,28.32969812639102,27.40070426215009
3928,0,24.213484196501156,23.863095144943568
4379,0,27.646418408633664,27.534910609106625
3359,0,33.49036904892671,32.13474418877328
8215,0,32.80540200421811,32.838652823956
8761,0,24.319969590554987,23.697583459619434
30,0,22.13728706149503,21.781629120434573
1576,0,29.591642015527693,28.942147555935616
7423,0,26.260534411776945,26.25354776390903
6197,0,25.286934720845444,25.39350813253781
2076,1,29.81590219042676,28.864298760164303
9941,0,27.578534041986774,27.38622554963579
7308,0,37.237897533406255,36.69135411867587
1047,0,18.929272927485854,19.100766724239442
5060,0,30.599727102395992,31.30326749077978
6429,0,19.188090320790792,18.828309927823284
8051,0,23.432601514369075,23.167478825889727
4399,0,23.470998057068638,22.91267004109775
9713,0,24.753857224488144,25.003098336506838
4682,0,18.741792727169788,18.950494269131433
4176,1,34.26395384420676,33.726061701044195
4244,0,29.751868537853728,29.72420440152949
8569,0,18.610540125061764,18.56243058719656
7209,0,25.339529595754637,24.522740456418767
5267,0,36.62158035537184,37.77984569366109
9395,0,23.18305197884824,23.22417507028465
4030,0,27.746556621328747,28.230519510309758
8471,0,21.210090317258675,20.819185568253946
9914,0,17.311729164991853,17.23391765808904
1949,0,22.344679049714983,22.755460571992995
8192,0,31.95416077713014,31.784162738945426
156,0,23.940306277666537,24.40366218363616
8867,0,32.49897514349051,32.28775336860205
6194,0,44.74505438302567,44.36087437124072
3527,0,27.013245530149838,27.193531585215666
3196,0,31.674459328523813,31.233775620733216
6914,0,31.393945885255356,31.523095846176805
9499,0,26.25901430762016,27.91273728922892
2167,0,19.74755611845102,20.191955068027927
4890,0,26.330178963642716,26.461701689407587
1068,0,34.843892654751826,34.18813763092576
1061,0,23.07889073597076,23.60226903312304
5800,0,26.74334174554711,27.30075990202687
3284,0,38.065257294863414,37.352335555895266
8570,0,19.465510804732176,19.54082973349186
2356,0,20.973143144593767,21.2730821553864
8189,0,20.30781773049465,20.470541198584467
9062,0,29.663998815473278,28.69061375919362
1074,0,27.439694650792738,27.862570794353378
5647,0,29.08589120989854,29.146319326836675
8588,0,30.762273199144495,30.326955114922765
4081,0,22.726695208039594,21.18805255387933
2217,0,23.672497040554614,23.181241138272952
4467,0,33.010453362065746,32.35764482879517
6016,0,30.275747480350887,30.571600818304077
7775,0,25.89952334544802,26.261611255784786
9487,0,25.050910045648187,25.22764922463806
5170,0,25.837493945614014,25.59599167249795
2519,0,20.171064198851447,20.272507876205136
428,0,28.48719410434706,28.054846471449935
3137,0,25.683920110213712,27.058648602409566
7585,0,25.48097941041376,26.113754805285964
8223,0,36.169797444396345,36.21276197506987
2295,0,25.739232205624276,26.121086159658837
9400,0,29.19860683508939,29.510372036240177
2789,0,20.979020791570573,20.566427368101987
4761,1,32.77693699692401,32.81000339119083
200,0,37.4706862709965,37.57870002271608
3018,0,24.62599500482135,24.825482511192476
9308,0,26.380706006960107,26.02395958756368
7296,0,32.75250648153859,32.33517998961553
81,0,35.50757799105919,35.10922780045542
9291,0,36.942861652234676,35.949478198737225
5579,1,21.481016313919426,21.834366109179353
4851,0,24.8712308784391,25.65895105436901
5086,0,25.515528192153592,26.045548012203128
9185,0,32.909579077954916,32.85791941513405
7529,0,29.160187653514296,29.698373039797
4463,0,21.857260689688083,22.27111802452261
1305,0,35.63201847276443,35.46134005865342
6212,0,30.781236589085637,30.738087206665593
6436,0,32.366002591378255,31.536118021201034
6610,0,25.17900079898349,24.899911707879863
9612,0,23.60763934507164,24.376440055653404
9768,0,27.168161773545553,26.27607523584085
2946,0,21.280576357938845,21.347751704029513
754,0,31.07032987550511,30.288213014699117
294,0,22.92727725544203,22.540739020834195
4810,0,30.012966339897353,30.51337966210014
7250,0,19.536909826888802,19.851240318792993
967,0,24.897680792326625,24.873410821255675
8805,0,22.98231495722573,22.693288824231455
1538,0,25.179688450204367,25.932124703876646
3885,0,22.964554267923347,23.674325803806994
9184,0,28.06541467142376,29.18851640685719
6793,0,19.820700701835325,20.085502328509047
4919,0,25.70559371601164,26.12699846522529
7366,0,20.88470461338163,21.269703074926692
744,0,28.838966631226032,28.237178533193067
7,0,26.77982452762423,28.454192558415425
6607,0,18.99380964308913,19.172063708442018
8307,0,24.244008754320024,24.343199040857797
8019,0,27.090766730320468,27.64818992796405
9736,0,24.712126825707564,24.470979840507095
2165,0,18.54067233325278,19.229071970066595
5224,0,19.402394716436454,19.131377447130063
2856,0,23.64301237983011,24.436986428180806
3931,0,21.566013240543747,21.631877730216484
4696,0,26.097046928845785,26.003842023924623
8317,0,34.701080324720365,35.36227728573801
8709,0,21.637700073212276,22.469358150088265
6507,0,25.96401154763367,26.499738499751697
3692,0,20.993034185973066,21.294336956619947
2849,0,23.82601468551094,23.969633702531443
6547,0,23.684618244192865,23.294918366944042
6410,0,26.663376168702168,26.584160872710687
5064,0,24.166933591140708,24.245411222177122
4515,0,28.469684792174206,28.72259487313764
9502,0,32.77663315258809,32.73194519995096
6953,0,34.117515029966796,34.29599830362278
9300,0,20.526905034890095,20.474122869888628
425,0,28.05197592188339,27.74927214010595
9272,0,38.46202043590948,38.72304239027095
9468,0,23.542468898329513,24.181250938810823
3399,0,23.63241236579039,24.247528961025314
1208,0,28.558913342129127,27.7891432665321
7867,1,33.33141192634981,32.161364995935564
9559,0,25.926005290455645,26.060433735023803
6844,0,18.809742097975708,18.7035914478799
3308,0,32.45882313072017,32.367010065946474
2016,0,22.3207556655373,22.25377020594754
6095,0,18.19582319013793,17.594530749826287
7709,0,25.407323176850166,25.24613945944512
4205,0,24.422249246738055,24.579021447920343
4598,0,32.622694620291874,32.85245822343939
1960,0,26.46507099298008,25.579139118879638
5710,1,27.923288170966742,29.020302040862486
9760,0,31.888023259996793,31.229369938332653
6355,0,25.39911298624676,25.74760298892561
244,0,35.49870026303232,34.99763330284026
1739,0,21.867215287472483,21.71041480908769
7675,0,21.777484083068295,21.892725545125586
7274,0,22.072360827858265,21.928585279728193
7175,0,24.31329242955842,24.39502561254089
5622,0,23.106613054207372,23.851636364238985
2384,0,22.353693802471675,22.267300517175705
7991,1,25.85348059618722,26.159374953333206
4039,0,30.737313139399802,30.04805678816259
573,0,28.19982245086662,28.10439107669979
576,0,25.361346482495474,24.796634215774063
1386,0,21.826622642715815,21.972024022195725
3412,0,22.736209599640645,23.600966909141945
4683,0,23.224327418702003,23.157174220065116
6036,0,26.602472905304136,27.121638316955814
4091,0,35.09342676407576,35.265731292160524
9623,0,22.727555782081723,22.726402308126197
7969,0,22.838084439840017,23.391791075335377
3357,0,20.652313501517522,20.562727137367162
1509,0,23.406403893481016,24.271935896434027
4472,0,26.300600569674568,25.98603715583477
6932,0,18.252278770211344,18.91584971246961
2590,0,18.242874950398292,18.842809987490522
5472,0,26.45570231739205,26.69809225639945
8075,0,28.136025521315606,28.372963846143335
9746,0,31.499520538011684,31.732258973232216
7886,0,25.62663676256853,26.15222066262914
1135,0,37.163240803826056,37.007989345581066
9450,0,20.734875062969582,20.167329475121296
5390,0,34.03748341307296,33.682580109866045
5784,0,32.12334547466472,32.93847180050241
9611,0,30.910699328353186,30.50749109217166
1788,0,29.76749129387668,30.701770778954796
9385,0,29.015808277334038,28.710278514818004
9230,0,25.598665328779663,26.034626288767587
231,0,27.820076266492475,27.502418357576147
7069,0,28.393776836370282,26.369009715624
5621,0,26.933464546463796,27.004962570322387
3443,0,27.76198121786814,28.371906725731584
8857,0,29.68080056852895,29.403133961451587
4103,0,38.521597456903386,38.548404476055396
6096,0,20.15900533217585,20.246319424232215
2781,0,23.672233551508917,24.007069979322566
5933,0,26.92199937715998,26.163497572806705
7058,0,27.513230982357964,27.424169555192854
5351,0,26.090196905571162,27.057743837302006
4214,0,20.794211109448025,20.913902265469577
2375,0,29.675436613298167,29.3533208953212
9845,0,33.21919817960895,33.728830302170074
3790,0,26.686981856771727,27.00057364161122
912,0,22.88289108641337,22.65759290771978
966,0,28.102236317461212,28.561650011117273
2318,0,29.69635595671569,29.38232677419202
4670,1,27.511527143624985,27.517129272248166
5228,0,24.60798367414772,24.35305402351214
9566,0,21.885958737120095,21.478360420312576
4341,0,23.31627780936405,23.56418517706047
6730,0,32.14310717925656,32.89616709268117
4349,0,24.779480930181688,24.970119727514053
4620,0,26.86129552835414,26.949344551880557
175,0,30.3584641581136,30.39721719311346
4733,0,23.819273978559533,23.53228737783003
2109,0,19.899938724107802,20.05026053051493
3691,0,26.52649900131302,27.21536892314707
1482,0,30.482787186607496,30.34339537474449
332,0,22.030740597131885,22.174338011758945
6637,0,19.80114186346905,20.325848580710907
683,0,24.121413243086195,23.769543452018528
8129,0,42.07243369175885,42.13609469882598
3648,0,34.586183488976225,34.05418627945123
378,0,26.80925844402985,27.67260028254261
8466,0,24.07822443444439,23.64137075014892
6100,0,28.82693353091769,28.280711475938226
2752,0,37.569372441157775,37.09294924507528
5657,1,42.450956703243826,41.34183968520477
3324,0,34.48483888709539,34.97523424010698
6189,0,36.0256437101757,36.331281922705486
1195,0,35.842749442029714,36.13585279676242
5377,0,19.45324120668372,19.586618388811107
8765,0,41.53293085779071,40.704725717927516
835,0,25.952493452424818,25.908033829730392
7488,0,25.028392396771334,26.13336235935471
2017,0,26.630387543374706,26.004321474902078
5315,0,32.6534066405655,32.843177771994064
7692,0,24.226683789318002,23.61306917009908
9633,0,18.568342368719605,18.78292019743779
1963,0,29.378341030043448,28.68081888104624
5262,0,23.03967769881885,23.468235106228505
8134,0,39.46125343760559,39.496322746650605
6181,0,31.130049526161443,30.884533409792862
5010,0,20.94123159781954,22.299289206040335
4504,0,19.373298370888172,19.788276417041722
5307,0,21.380950663467377,21.32970505652253
411,0,22.8123291746749,22.988756887216912
4318,0,26.31775615224252,26.42182234139373
2034,0,25.57055065394434,24.95825869482188
2966,0,37.50111077996567,37.79164420382391
3704,0,25.111432940948387,25.450707171170706
979,0,24.23515220123382,23.625563677696864
3445,0,33.08063241558925,33.137790628646385
3380,1,33.110011901291756,32.427447433539896
9346,0,21.674577718062874,22.606822881214867
2261,0,34.16357426826026,32.71658870592536
9119,0,26.304439812498103,26.90120975265907
4086,0,23.874249256943294,23.99755016378892
2007,0,26.038981275439962,26.31163577594149
4690,0,25.12302818514898,24.804986494880033
5338,1,27.01914020840084,26.95263343895086
3595,0,19.866953412803518,20.236848222113334
9206,0,23.0085101772825,23.14954602672692
3020,0,20.74330351306637,20.25848783330317
725,0,20.5445864229874,20.748354827945683
1617,0,23.2113532738922,23.595678511305238
5021,0,22.27081023211767,22.030369025628012
8433,0,40.1525579106436,39.80363803869807
8925,0,29.774912740587364,30.16976198229052
1455,0,26.157709953704337,25.74362452229909
5871,0,25.902724388212235,25.499611970829445
3223,0,24.850264593949237,24.927851884898818
1352,1,31.390180971164998,31.167749806841904
1766,0,28.30120683179853,28.777785773833557
6438,0,27.707561736612668,27.24619502794408
9565,0,30.19442455621063,30.32035763611376
737,0,19.41630550274289,18.74153478404985
1098,0,21.726304814889133,20.882470416175543
6453,1,37.588622807447834,37.54070339877104
9563,0,29.850615789127843,29.316466442437783
8183,0,26.9803245601154,26.94401801410203
2687,0,21.22005496861238,20.129335786618636
1873,0,33.698863211668666,33.01072500233338
9895,0,22.153335945171225,22.656671207241924
3005,0,20.590292376685113,19.954961239019674
3548,0,26.38374866232458,26.363776161742965
6864,0,22.779958087940628,23.56589420521847
5879,0,33.22115966486948,32.707574294854304
7713,0,37.34064841463911,36.7150761682532
2558,0,24.43123389798048,24.704957919800954
1002,0,24.463424085841527,24.600896754362275
5065,0,35.52967821878016,36.451190491447605
5440,0,22.534711786588744,22.485785543798876
5190,0,26.10738971132664,25.500635783284572
5203,0,25.582723196205365,25.211778191794682
2177,0,32.49303135622666,31.535223356330306
8749,0,19.096508871067858,18.773507598716822
6318,0,29.089119927728483,29.178208447228695
8670,0,31.86195798907652,31.61111674071109
9556,0,31.255105956363803,31.702841505718233
590,0,24.85938646963184,24.8511974315754
1123,0,37.09437246010411,37.68309923799142
8490,0,33.671844025229625,34.1313356086195
5509,0,31.26906806648418,30.477298006835795
4440,0,25.403414105773308,25.349695128141924
6531,0,34.345839270256086,33.461970209270454
7297,0,21.61946589225417,20.78774588453254
8541,0,24.1982183192736,24.00159464546441
2574,0,26.03858273899127,25.83024288409407
6541,0,20.395810194923108,19.79797474081465
8331,0,30.11732517610485,29.864845682519736
5699,0,32.470451610206176,32.64451295089029
3880,0,28.558849974516253,27.866814154777025
9002,0,35.423221596895374,34.82602408661891
9581,0,42.61341563178293,41.80935242946973
9986,0,32.50312627100976,31.881147972177917
1355,0,39.31851942926179,38.80285670520187
4296,0,22.881878955138635,22.24280082439918
7480,0,20.101147822071663,20.061069901249255
8259,0,25.983662024472792,26.584438288155866
3814,0,23.449039926928638,22.920425177263184
34,1,25.542043105292713,26.081550419273142
208,0,25.594751640520123,25.98795397813153
9861,0,37.6816775918347,38.078895009498076
350,0,21.675154066176507,21.198225116672457
8093,0,26.924857752798836,26.73365234177099
5185,0,23.535119073005106,21.79860124101788
9386,0,21.872874792560697,22.552485141887363
7835,0,26.955767972431808,27.227000393149204
431,0,25.82448305768307,25.45174967829554
7187,0,25.34867109442692,25.092837136965432
8942,0,30.260812110771923,30.49595397675164
9865,0,24.425831978404226,23.666744782535865
7921,0,33.320789206046214,33.36005989621444
6404,1,32.3105898195163,32.640951361893904
8501,0,21.042477211244922,21.668168536467146
1708,0,30.640432660086486,31.135124780259428
5187,0,20.40880638245889,20.819499973961054
9540,0,30.062756321351344,30.27977961726728
2188,0,24.35243780679467,24.163996760810004
5658,0,22.348193202391297,22.287805029927586
6105,0,22.816287024375512,22.79019929762141
1703,0,42.95992968054591,42.92198970138695
9362,0,29.719224175984245,29.6723154677776
8689,0,38.074517308507886,38.607553817181504
3673,0,19.026285180028058,19.272027635515077
3600,0,26.819274182554516,26.52875919786431
1605,0,37.86051393490902,38.32196225886804
6207,0,25.620084452500954,25.441145308038298
3145,0,20.961257190176177,20.852944513791574
9479,0,35.0869253266393,35.345352203047305
1536,0,22.088279777374698,22.564643926625354
3236,1,25.77202815758826,26.028917084228393
1922,0,19.872594500586214,19.77036104683783
318,0,20.391621118516582,20.528846268163715
335,0,30.026830828150683,30.024416786568253
1060,0,36.090431609464346,34.7823807003254
4424,0,20.166327303065643,19.299611614717833
6049,0,23.08507584462247,23.083249596741418
3825,0,19.62083702387064,20.04861633704213
4226,1,27.054284626082154,27.11662123126322
8448,0,24.954465536600665,25.40536280624147
313,0,39.75564986234315,39.097437986113256
7146,0,36.07012958623604,35.94460970788534
6076,0,22.03750273876974,22.53220526353084
8871,0,22.211744160552055,22.813536314691003
632,0,35.5491857619269,35.43991599962047
7530,0,28.553152373773052,28.138451912937587
5815,0,21.481614614462504,22.016708729474654
2252,0,22.1806613296733,22.27037302479717
1103,0,26.09444966369286,25.279544612342338
2322,0,21.719188161031415,21.52063646492658
3344,0,27.814237087343745,26.6645466884182
1121,0,23.13473546521072,23.892072688019656
1008,0,32.183920987554984,32.8027826563287
9919,0,24.850967381923272,24.353123843776252
908,0,18.577492539566194,18.916330808340028
3652,0,24.613051280692204,25.46093023703054
4225,0,18.56517922550127,18.986476260839616
9923,1,42.16511929925632,40.77528578690045
6523,1,27.589173935440133,27.204028467259707
7861,0,28.721014213551893,29.38970181041586
3499,0,33.97363130065854,34.13813734144227
2423,0,25.436839808209584,26.116854807738754
3090,0,21.33629879471411,22.119188484706676
5114,1,31.50164461028605,32.361859698803556
5860,0,22.56625741533228,22.94416703660567
4756,0,22.00876756646572,22.232151374711172
8244,0,49.08255041146211,48.96066071445555
6258,0,22.92731442245064,21.394374879009995
6615,0,33.196670798185565,32.89446356657698
869,0,24.03053699386186,24.081174873672296
7982,0,24.553327299844387,24.18572435000659
836,0,43.76700354301108,43.89914574531302
5407,0,28.148283605555616,28.569518722056046
556,0,24.849555905148115,24.124749493854203
9842,0,31.824603653438075,31.960415911898362
9501,0,28.710504764661255,29.0728203402535
770,0,20.51507062939734,20.254947873386875
6848,0,20.891225934097516,21.445591308073983
6335,0,28.24939483105279,28.15175853803641
9317,0,35.592888269327055,35.17408595659715
7665,0,25.36647675037901,25.90130499103519
6958,0,21.26537537595814,22.300363188557817
6082,0,19.65399585955757,18.914780266553628
9288,0,39.67818297885692,38.4295890044641
5714,0,23.258389411051372,23.73579784361428
8219,0,27.727736098402637,28.322690695184374
3809,1,44.06143075094976,44.37222317116447
6418,0,23.35441365265986,23.36061053426342
959,0,42.64944137329922,45.61408908177792
4764,0,22.280021991322943,22.39566092819256
933,0,27.805069439151147,26.843500960705473
6542,0,36.44804014726433,36.053382657703864
6997,0,20.827275840014373,21.413297598662208
9137,0,31.661608350872047,31.78762608030626
3389,0,18.819172324679304,18.348305558951882
2025,0,22.3197556643864,21.25314030190885
2476,0,20.961338335424536,21.290754573375175
1177,0,24.148375213984984,24.603631414688095
3340,0,20.296759266319853,20.604538756988312
2113,0,19.950154779042563,19.809448267914302
5866,0,27.57637808102438,28.102660957466068
1400,0,28.76165308868625,28.719918628854803
4858,0,27.695840290343938,27.589649791564074
3483,0,26.20456042541783,25.979688898638358
1212,0,24.061436538187696,24.001840488869256
5996,0,21.83920442159721,20.923515621168775
9890,0,27.34669246378702,27.390387766552873
6949,0,20.559031383933746,20.24142341015592
4306,0,22.556319904729655,22.713681259629535
9052,0,29.971750434748728,29.82071878561765
3890,0,21.774584081755552,21.43904803087579
2539,0,26.685881350212014,28.05558702910107
7010,0,28.223430911426146,27.212371796316088
8881,0,27.09960852584875,26.72744699809843
5150,0,22.643282190110767,22.902782126444333
2473,0,29.22484268554155,27.771993627581715
5858,0,31.071878283715037,31.499798722739012
2813,0,28.348736578229385,28.011622841610706
1011,0,27.014163548577507,26.43928092871284
4989,0,21.789627653237254,21.23217745888776
1187,0,29.959831328728086,30.034766506482878
2369,0,28.809140449764534,29.86453946117149
4413,0,30.988815601086852,32.205557383976306
7378,0,36.52032789624529,35.901764981248576
4471,0,30.31330652797198,31.29989580459585
2579,0,24.729335713235848,25.104252462099655
551,0,39.84254977971153,39.98622829242155
2817,0,20.630543480831424,21.516351026253883
9646,0,32.77339212461006,32.90553019438119
2493,0,25.3516604650708,25.712793566970074
3279,0,25.14369244684202,25.51506836072011
7407,0,25.124698936296248,25.666415168827363
4427,0,22.042170114071084,22.165163075780978
602,0,27.059344289606297,27.876084878886086
8024,0,27.08530056236378,27.054240141447522
4738,0,22.133056414223944,22.13769787539273
6651,0,31.726554772799492,31.72830606602689
362,0,25.81132928725178,25.298154907916086
8778,0,18.9911003240063,18.771703631431965
7512,0,21.852619912268445,22.350874966150737
4820,0,25.932296446159956,26.113835302175712
3523,0,19.747728626625676,18.912502532297648
7370,0,31.394940972577977,31.188365807412048
5043,0,20.716332062414324,20.578874693846124
3570,0,25.00913991501397,25.06276874292316
7742,0,26.567621641436915,28.109806151065243
8208,0,34.66559316119706,34.183964560252385
9261,0,25.730012115721063,26.369448696932373
9483,0,31.887436742237938,32.40980992778295
3325,0,22.829457330633545,22.229392981688992
4599,0,18.898435370592566,18.96426663165477
3178,0,29.067198984447824,28.341591635984074
994,0,39.97939840543954,41.41693789298074
9182,0,35.45670985162311,34.779175976530496
6310,0,32.9194391065769,32.722445936582304
3623,0,19.611283571155333,20.383752728910718
2312,0,28.097190666100875,27.603085948596885
9194,0,32.45252266019987,32.10959161237854
3393,0,29.889602456771815,30.265276075440944
916,1,30.428514524385253,30.88620056573739
742,0,35.22369310499015,35.111072552043616
6342,0,29.124725470928354,30.296118407383464
4892,0,21.203269964895274,20.790326666473995
2840,0,32.42390336038717,32.29815639218009
6586,0,21.596291625057667,21.318499256266833
398,0,27.29883205020802,27.643805838445722
4641,0,30.11620214900231,30.59328436852097
281,0,19.071300083464745,19.32125626950761
4522,0,30.541072769464098,30.599324191291092
9244,0,30.469874275146836,30.635230191884173
900,0,19.114332968195956,19.06995967479598
8494,0,35.33655370532318,34.81283351180363
5670,0,25.091437638498917,24.899258648590575
5730,0,28.279649711154484,28.25432628477008
3831,0,22.334025814678533,22.796794572839513
4232,0,31.21932964636684,30.773459393995648
7844,0,33.91217888485306,34.134603080221915
7528,0,22.572760234508763,22.430508792440072
59,0,21.520140811297843,21.70923824000848
7083,0,22.164648555328373,22.44974091020891
1380,0,46.23117392187607,45.56714644523183
689,1,28.004217736405497,27.612001492737377
2216,0,27.01272160301864,26.52227736128696
2598,0,29.82111402766724,28.912467840796612
5940,0,25.93187530487312,25.553490951391932
4671,0,30.498748943305205,30.086090818391362
179,0,33.4753897229809,35.429800544544634
6524,0,24.796684009687915,24.04100299631377
7847,0,26.70411854684739,25.828833932672875
7156,0,21.992081608161154,22.35242975705509
5663,0,21.927964671550775,21.895582522696298
9420,0,18.207345433566683,18.89705883223244
3129,0,26.48017820422436,26.018118838348588
3961,1,30.73552958648328,27.152907420536806
8901,0,34.03067513604137,34.123516634293935
3538,0,25.21844195930434,24.891205993490363
8314,0,22.58302369373688,22.295242064893145
6588,0,25.988658566835888,26.33929994894859
2744,0,24.250534126390093,23.465256421277232
4123,0,25.02600700303489,24.63897793352424
8430,0,23.129534106696887,23.23693086699295
7795,0,23.183210388905636,23.88659998977959
290,0,18.014623917883846,18.5917082263333
4596,0,19.75687744680645,18.880485978379696
3937,0,30.872638086884265,31.11690746163833
1665,0,31.142659378342596,31.706316741719757
6133,0,18.988968027629237,19.313216220266046
171,0,30.892325529391858,31.059649013138515
4332,0,23.561710052031415,23.130631052802084
2863,0,23.893480161407854,23.607149589183056
3235,0,24.92856703026396,25.111247446798618
5101,0,18.667314296296993,19.395354585879133
1457,0,19.964834110069717,20.154552506152395
3808,0,26.081016531875953,25.797374534473256
7939,0,37.27774178635893,37.8816482929399
9904,0,27.473748599113648,27.80218779806771
2597,0,19.244471386894574,18.756155326169818
6299,0,25.524797577426526,26.29334983911904
7100,0,28.562964720470266,28.629782449318004
9867,1,28.798926850071226,29.135213846399754
9596,0,19.484092883595075,20.52453729223676
677,0,31.780594153950194,30.449767028536794
277,0,21.27599604718079,21.0254629175778
802,0,23.852838975603795,23.68291958254901
467,0,22.100604555877517,21.734827940135528
690,0,26.28245976564118,25.81022275175939
4500,0,29.575664517646658,29.52643073143844
105,1,26.742096001441944,27.35152897146647
7185,0,27.33011958131144,27.176837751793826
7394,0,27.86901993446613,29.162458361804873
9821,0,19.94423742916367,18.818055427773363
6457,0,23.918244354235952,24.407023663842036
1411,0,27.134397972034954,27.532694070990164
5153,0,41.171507021809894,41.69782056941685
7777,0,27.319935368614775,27.12762041968712
7046,0,29.69630320931898,30.311849878959805
6706,0,22.436645345037483,22.021306810348914
9876,0,27.789874809237187,28.634055265800903
1190,0,25.96567126017957,25.437345294186695
2397,0,18.07885950996486,18.164570465816126
920,0,26.61712934232177,25.82159965053099
3438,0,21.645165129316414,20.749326828568766
1953,0,20.050160741699777,20.382520040752826
6403,0,25.33073705350089,25.25532854751111
1869,0,25.33142623647891,25.027326375935388
2733,0,20.620270813764833,20.019194017927138
4119,0,27.475238482679625,26.744559603533155
8636,1,27.704525628718187,27.779992092952867
3337,0,26.079625005444576,26.324352716507487
9503,0,24.48807733007717,24.229323490561207
7550,0,24.63202517543445,25.479149402288147
8267,0,22.30144467221284,21.746697592739075
8186,0,26.499205163312748,25.82788792445524
6772,1,27.723723375017876,28.12657463374656
7912,0,25.256646663953255,25.34493542068456
557,0,28.80279373999809,28.998952214187447
998,0,28.08888647242779,28.87075213310073
5217,0,27.05798455733203,26.851564053489405
9730,0,25.106104258383596,23.83467085344816
8502,0,27.83700759024629,27.58285932887828
4003,0,24.734057923224256,24.400953836726472
8049,0,25.180344013663824,25.12810363670257
2128,1,39.19373521047907,37.2696526467452
299,0,25.57725933570368,26.276620973614733
1154,0,27.220780187835256,27.827348645683518
4899,0,30.82479968799359,30.48912268361704
9347,0,21.576609330264862,21.400921531799348
1433,0,27.99695463034558,28.136884871747196
3305,0,19.69886384874545,19.38302747452903
6146,0,33.00959310064778,33.75447463495377
4784,0,31.873100436203927,32.99215169826131
1249,0,25.095274905567408,25.892111428676856
3919,0,24.304110876123524,24.01369981502099
1229,0,19.521738876035542,20.07931465896973
9773,0,22.70032108405214,22.856762009155073
1298,0,23.963475639104875,23.839273334810272
2105,0,24.317382500877823,24.22421384805226
11,0,35.987945769952624,34.93997250347795
2081,0,33.77172300823016,33.79130197786942
8322,0,26.64080640715451,25.81033599421162
5094,0,29.985389391804862,29.651174634195588
1326,0,24.004138728755898,23.715726770034696
2769,0,24.03649947024205,24.232380479578115
9926,0,31.257684897590998,31.032049198987544
6956,0,26.117496276062642,25.80673209372003
5953,0,27.11743222269743,27.84583042333281
4404,0,20.797090244534566,20.49207784798827
7770,0,39.71410891457504,38.27313802320522
97,1,33.33995083574069,36.92100748526692
2368,0,35.3249153912306,36.20742425820119
9,0,21.78439700787407,22.120086213691398
9698,0,27.287741325921072,28.089557336060516
8629,0,22.932507237973756,24.24726816549444
5459,0,31.659358847750145,32.235665465847156
6104,0,21.43998114561587,21.096137855918155
5373,0,26.49203001473537,26.706390554699407
2705,0,38.20774225047918,38.38823953912253
1025,0,18.784607503239727,19.209736057146667
2882,0,23.144812710418332,23.525253189427385
5732,0,21.537221561371965,21.30099471866695
7669,0,28.234084108709638,28.47728941165216
6857,0,29.875753431245602,29.416193108760368
394,0,22.44469428049894,22.209921543793048
4772,0,24.652468886200815,24.59855074661869
7756,0,30.02704916686272,28.975618098033088
3355,0,27.128366555292672,26.5631013198632
6346,0,24.759957547437114,25.22387326976987
7663,0,23.50229506465067,23.939593721228054
8135,0,28.901405738421737,29.153410456886476
2940,0,29.201016689869284,28.962192427963927
6745,1,39.291912664096415,35.97401776637911
2736,0,19.309971509742514,19.693409592533964
4798,0,23.421747732423814,24.39481910928778
4874,0,43.597830717802886,43.78741938096023
1701,0,25.056278657482554,23.846697469290582
2832,0,22.157107503593963,21.941536668549723
6288,0,29.171335947012523,28.417124515792292
3794,0,28.50967930609773,28.564829268342766
211,0,24.200654101559238,24.17570831010838
3954,0,22.000955884720177,22.20476845664968
7828,0,29.327402377753778,29.30676483784842
1297,0,21.902321908488638,21.654373547255396
1373,0,37.18539851892266,37.43237268777524
8432,0,25.7460779034565,25.207705303382326
8239,1,28.443387473545947,27.7984441527309
3594,0,23.471382251589386,24.09469007928107
1844,0,24.4708205090065,24.616595517016037
102,0,22.356052462355372,22.22832010457128
3401,0,33.11857483988697,32.23232712048265
4657,0,18.358198518208084,19.112651267191772
3115,0,23.371191912092538,23.450792307520725
1636,0,21.96708702918809,23.090193460903706
1629,0,21.129349552825254,21.978220994589513
6860,0,28.518751676128918,28.82272261365507
5050,0,21.960141299755676,21.761765984945022
3550,0,21.89447592575844,21.99633175127912
2225,0,22.346612088797684,22.968140698637455
5392,0,22.250696222190804,21.909085420015863
1079,0,19.475687073232308,19.789256496669854
7511,0,42.890801622638264,43.01715926398792
5013,0,17.48759541042401,18.574808346655367
2618,0,19.434777149911582,19.18839136678204
3394,0,22.94931422513512,23.312170611244166
4490,0,20.880871549395472,21.457552565795087
8373,0,30.350623027686417,30.50675485826236
500,0,25.9118734376313,26.183045848539695
4801,0,31.76288197628591,31.57697737291796
5023,0,20.26140616746131,21.88403191425631
7360,0,24.12782572893661,24.165423309007334
6364,0,24.804638886230645,24.080730170931908
4979,0,20.34566356848894,21.08204159185966
1344,0,24.66439648486516,25.132912416018286
8912,0,23.604379811902216,23.063727982286867
3900,0,27.354206915632833,27.033817073061567
1146,0,25.496079904738284,24.73051981822654
7771,0,30.21488709416863,31.17487886187575
6538,0,22.312916766888417,21.980308572960908
6642,0,21.778521688398552,21.731164680134377
7976,0,22.484224513312636,23.00412417606965
891,0,29.407456645362565,29.511010350471082
6534,0,36.84826783212067,37.128937916809576
380,1,28.513043289156826,28.057824850698697
2521,1,38.567024568338844,38.79733209860718
5605,0,23.729865242066243,24.03118146598789
6982,0,29.351934628500036,29.622785546961424
9505,0,25.60690226545454,25.81464955089757
3347,0,19.69262010671929,19.905544298218338
6600,0,39.45913407987762,39.069458838846415
6656,0,20.512953364951358,20.76557655857351
4817,0,32.26700228310529,32.3148395507879
3214,0,40.6845844933328,40.50056928079815
2518,0,19.851271240768984,20.15582184145672
6287,0,33.9410641432419,34.617067091626936
5147,0,23.723095749286625,23.54107686540141
3132,0,26.874093361857124,26.484272137725018
8586,0,28.275761730995693,28.50923473878063
3911,0,34.62957591631379,35.65884957546186
4428,0,21.16774363724504,21.695080050464124
8388,0,24.168012552573188,23.923621503672397
6900,0,41.220660211003114,40.9030276373906
6983,0,41.09116512360342,40.48830191405833
1524,0,18.462175271799566,17.804808955245374
2209,0,31.06830463814211,30.886375348060046
3862,0,24.910119103144325,24.50718063045884
673,0,24.922326299492905,24.695484262859832
3148,0,20.815110474770314,20.270699920788154
895,0,22.857524745989092,22.367894638397587
2237,0,21.81952543883112,22.323489068173995
3611,0,31.332675782552077,30.31829665938419
2726,0,29.92717766493699,30.336561623278957
7368,0,26.076177720186564,25.84089021360749
3787,0,23.208094092043403,24.05606693353419
5146,0,27.801296240479697,27.303832658443625
5512,0,34.617684423547985,36.54130154013757
8783,0,22.606190793283318,23.37005504907108
729,0,23.01666852305004,23.187142779634232
955,0,20.270858967865497,20.266989300571247
8804,0,30.354754792593194,30.051965636710065
7018,0,36.74949664854318,36.232652243256226
5717,0,27.62422346977434,26.643869518232428
2701,0,19.56772350301392,19.0997098611674
2127,0,23.73251649397901,24.793933454742668
4131,0,30.32638590689165,30.790741939638156
3533,0,21.13354901118172,20.261117083079437
6994,0,25.654076237383396,26.3287229102554
6691,0,24.91229941652758,25.416112579975138
4055,0,21.53398601635147,21.541714090360788
1113,0,27.20876568386237,26.6817296662382
2018,0,32.48614396594653,31.73404322230271
1918,0,41.574296658735605,42.791044412153695
8623,0,37.53491714005417,37.23483870666248
8110,0,37.289137448194154,36.74195823375802
8930,0,22.555590587230594,21.54475485216526
8403,0,25.546569321195093,27.126184050542548
1026,0,21.33811111590391,21.13024990443704
7901,1,26.875710645086986,26.499202795707784
1582,0,27.774511984661075,27.539076189794468
4181,0,23.965102931837045,24.597496893650675
8027,0,23.707296952308322,22.15605325766581
2102,0,23.552848756101966,24.723901756227026
8213,0,26.108139144966753,25.99892194340183
6066,0,33.240386832302235,33.867194157722814
2337,0,21.07140260112802,21.529108289836724
7165,0,29.183987234182013,28.744154790750283
3735,0,22.936483911782254,23.174381381523062
2270,0,25.03904818420986,24.748341351631684
8538,0,30.7836265009098,30.92835952151328
3063,0,25.30713051541717,24.548993301897447
7523,0,44.72305735974445,43.63315053777305
1751,0,29.764909869288925,28.907533475582163
5508,0,31.47235979805743,31.166565328351023
5135,0,38.40605348796159,38.18705820160288
8953,0,25.170576783921426,25.381713421472952
2669,0,20.764818492403915,20.707940953033795
1402,0,27.200084093412006,27.34184597033031
5105,0,22.84740845325007,22.839764729524248
382,0,37.543997725008175,36.778767167711855
8217,0,30.822708818941944,30.34654240418249
9193,0,18.115355432142024,18.48108218359974
4531,0,19.563639578983924,19.70498826501244
168,0,19.576178853356357,20.021443992045167
703,0,27.143259206221824,26.672660278881825
2607,0,28.087175750768335,27.091071661285234
1182,0,24.946649275459492,25.380053311074292
707,0,28.122147383022938,28.346947506067348
5409,0,23.292868607701458,22.6431760537261
7374,0,26.051737421863628,26.902884782885806
3672,0,22.005991389087786,21.721688487974287
1057,0,26.034277295689737,26.948483299861454
1758,0,18.284599455302146,18.9312288030311
9358,0,22.30321509078025,22.517273659105637
5341,0,20.41542519506101,19.452652579933925
1241,0,26.54327937553122,27.673559469800797
2157,0,20.04671564437516,20.036326353913644
8226,0,32.374108593175656,31.763202654088566
8717,0,19.061938525492973,19.23792630209904
8922,0,35.905397954094944,36.076233683771925
1639,0,29.257523601531734,28.978812273579138
3945,0,33.180494415464,32.280263883159066
3385,0,25.078042617166723,26.737364727693297
706,0,34.16044862082759,34.54070179278257
8367,0,38.554645332428976,39.97022772840401
6174,0,29.214814460934576,27.856606346727585
1742,0,21.866169376159846,22.067853881081703
8030,0,27.32607939679614,27.922120314032238
1101,0,23.709928831242056,23.348505437520345
3950,1,25.986805943338307,26.635442802075556
9276,0,38.7212020275027,39.22722337924641
7095,0,26.277768404643215,25.475040029608504
8146,0,24.99612524913439,25.239283465101515
8544,0,31.13951692572587,30.818303691831826
4488,1,29.940805328858502,29.78880505700318
7295,0,26.991258622794117,26.93989226756103
2694,0,29.760350558771666,29.306810566328235
8811,0,30.786690055042552,31.027422359846547
9262,0,21.421571521940443,22.184864401143802
9215,0,21.481803058818144,22.389691298105177
6820,0,34.607597645905024,35.19730945198046
9539,0,22.577277334747656,22.58279297058661
9320,0,18.850235325649276,18.366508472230127
5132,0,21.400784326550685,21.213296382572867
4574,0,29.62101010965814,28.58300163511658
8362,1,23.86901269310732,23.571262853486978
7783,0,30.649859270569365,30.58398601106687
923,0,37.26729820265991,36.93154927168486
4871,0,21.90894402629371,21.64674610886262
283,0,21.8463750106213,22.354998489583124
7696,0,25.379963929199064,26.339336862615973
995,0,25.900703681892466,25.680180938851855
8630,1,21.81724487419059,22.461702533752923
4370,0,37.126106473415966,36.7774937102616
5252,0,25.72302825046504,25.51273564094035
6979,0,28.37731018773895,28.57948136658665
2456,0,28.33398155661106,28.975773271898095
8551,0,26.771104125194235,26.300136135241345
4314,0,19.97189188089736,20.463149985675823
5899,0,19.415709360564872,19.83093557544369
3521,0,25.41577963323329,24.98759100581095
8675,0,22.734763333243237,22.744841585113694
4255,0,25.49542655657566,25.561824795444505
1812,0,23.06474683025888,22.826771474312178
4821,0,36.88860488733661,37.9600380398555
3507,0,52.39255883302894,53.613570825447006
6858,0,20.815547188178336,20.46138938860948
9537,0,31.04938134982233,30.98828730723556
3949,0,26.532694869814563,25.212662799066845
485,0,26.01269363072654,26.526936696756724
4288,0,26.422153578813887,27.359945922202428
3125,0,25.808876208377097,26.00747757082086
2123,0,19.625488047852333,19.701177312086855
7286,0,25.792888190311544,25.169783248168578
7338,0,24.73344611933423,25.124163321256418
1866,0,27.012103366640883,27.160914922577696
7240,1,31.952896671376337,33.16755430966318
925,0,22.7985360994076,22.133314640931097
735,0,32.796429330372675,31.838138947484783
3802,0,20.662806965320506,20.117954469689515
7621,0,22.93413674867156,23.219804331198375
3893,0,22.87749192101828,23.02201083483568
8535,0,25.757468120010735,26.4091940795704
6640,0,29.05834165456262,28.875026561648916
2048,0,20.052062141241997,20.777384498931887
7275,0,22.93190693931735,22.808132889010086
6573,0,21.815887625888013,21.25305906827707
617,0,27.4693447954127,27.671214577856556
6786,0,24.226796392810773,24.851678915152146
4334,0,20.3265500182675,20.726842095880766
4815,0,30.11193386946611,29.903311931399497
254,0,23.402023001205006,23.516065318734146
1726,0,31.04235418536512,30.847124960919636
4637,0,26.766658613246662,26.823991008725812
5958,0,34.469902206101686,34.54755789319035
464,0,20.562980154204098,21.46483885057191
2885,0,29.208755200365626,27.84826881196086
6180,0,27.977989607203494,27.689560747383634
3542,0,43.13089694712536,41.79122762959461
9355,0,19.00118420183036,19.13768411814468
3596,0,29.638737722155234,29.322584592646887
69,0,19.468690527104364,19.677119335513417
2611,0,27.73631352126748,28.212704226024965
4425,1,23.883403937610353,25.100727500903442
2776,0,27.936353307111315,27.561390253683847
3930,0,33.519821847052576,33.388646424095676
4339,0,26.971886687942852,27.415424445836365
7495,0,18.88397850256776,18.26447892373888
9934,0,37.957680078449826,39.47530758969889
5780,0,22.522168110132764,22.59376570999675
8553,0,35.71287752001476,34.72250621424249
1503,0,30.61231302416913,29.57456613888517
8131,0,29.48937383495314,29.665941029316627
7318,0,30.42518360683114,30.270194736439944
279,0,45.67168563605655,46.389510886745896
8086,0,22.525379142112417,22.003351830103288
7735,0,33.510719094434464,33.48530977441479
6517,0,31.964682562030944,31.628316208766158
5429,0,20.902232696667852,22.188997086303004
1181,0,30.131426964723083,29.31884359221
604,0,35.023935595620415,35.143395130156684
1651,0,24.203507643592843,23.041580549051773
1472,0,32.3347870624569,32.09563796517033
8227,1,29.166864648901814,29.04254740217429
4024,0,25.741308593409023,25.898992747254397
5990,0,32.72799113249583,33.5378438202381
8323,0,33.39832361826907,33.4658049744425
2983,0,27.843719482754345,28.073944470590245
8246,1,28.427721591069236,28.948211410991302
3160,1,40.6625844265068,42.008669853592004
3522,1,33.33811928237026,33.600617822684455
2927,0,19.98009734781662,21.095363570847898
3015,0,25.702122942210067,26.48997492318689
3962,0,30.031714809631648,30.624010620736367
9664,0,24.162146345921176,25.07636407183913
960,0,20.396229848756956,20.435755347677784
330,0,18.36874497868045,18.79047374239883
4027,0,33.044339558178486,32.76018938153643
6488,0,16.84455623083337,17.360085883033726
810,0,22.41960501541972,21.814744395757653
1611,0,31.93567366182855,32.42393920811652
8155,0,28.633955667276048,28.544541494690616
1345,0,39.65649390711097,38.899285285735864
2977,0,25.302356851640795,24.761766883593726
3641,0,27.844356858511524,27.87842601805755
2184,0,19.468258773397295,19.20240675145003
6619,0,34.49480500669753,34.92597829713541
3257,1,34.367172561606466,34.1298342339606
3731,1,36.480156603131434,35.89180841614791
2265,0,20.407435455908107,20.079659693070703
511,0,19.438150539684226,19.49118232580608
5355,0,22.92590043048082,22.679880332501227
3346,0,26.274749971608312,27.400527429090474
7716,0,33.830725564055946,34.28954832883436
1997,0,36.55212522826767,37.054995953791476
3112,0,23.776745783160976,24.624696435804903
2286,0,21.32063166310395,21.907400824600025
603,1,34.02951409800893,33.90393120114635
9282,0,28.138242437555537,28.100954999830318
9274,0,30.52427847277143,31.702013580371183
7881,0,19.371560591077383,19.192489828692434
5799,0,35.15926412296031,34.87854409717355
7011,0,34.30725205125462,34.37238835465973
9804,0,23.231409751188238,24.047608504026638
9650,0,38.3113188701753,38.76840668377184
8178,0,32.412484214041996,32.51660041115768
6445,0,22.28104093785706,22.87643594723674
1120,0,20.275821906316438,20.459322147444734
1909,1,42.972832488336316,43.44762521955851
7586,0,34.622084624804124,34.60774139472898
3080,0,27.998976830514355,27.569386978509428
6022,0,23.629347336081974,23.853625311426402
1301,0,21.831778032794656,22.687581870562482
9762,0,22.39587490239969,22.343197776669626
6122,0,21.476838066935706,20.726738654499247
8428,0,21.008881312996937,20.666779318907263
5299,0,22.852111704487896,22.231559291544652
5491,0,23.656809279272952,23.197965482125095
4774,1,26.33202488384299,25.304058117932268
9879,1,29.543213879936683,29.978503327692398
1327,0,19.805181232136874,19.95364694787345
8859,0,24.863040412656645,24.824364792011806
5270,0,25.61668838161193,24.491491072291844
9978,0,23.129086825900075,23.321677612892607
6934,0,24.376612328593108,25.42195094667131
5011,0,43.25888100441717,44.022369713477914
466,0,41.57004953903363,41.09896579238461
7399,0,26.592241478347866,27.148595568727888
3856,0,36.49488716510134,36.30027327592466
4315,0,20.476019449672428,20.41213696234734
5122,0,28.827630081209225,28.38813396377832
4732,0,17.53778714175911,17.71503678999848
1317,0,40.47297262318496,40.697343882142505
2310,0,24.72086882309586,25.8214120628504
9706,0,20.0741637963505,20.386399540590876
7391,0,27.38812257707556,27.45326406549537
2079,0,26.63877015976664,26.807730966047238
7557,0,25.292615142306456,25.83698509886912
6769,0,27.627362462678782,27.592021572117954
6416,0,27.58461732320353,26.927488239035856
6636,0,28.16113123624914,28.205268729106756
4134,0,35.9152775592883,35.26214194743546
1351,0,26.21641638640002,25.527793643418022
4901,0,36.247657950580695,35.86710660285888
3467,0,27.971605601893437,28.51590139730561
875,0,29.462592167464805,28.84421153642913
6114,0,24.062110646072853,23.81182910985748
1737,0,20.365188749003217,21.673432687112832
2096,0,25.40406937593054,25.096063675986603
1880,0,23.029177243686494,23.04863454874971
9093,0,17.502592826486072,17.591816014707266
7113,0,17.774371689301393,17.780122573096484
5802,0,24.69025078567178,23.80663602322108
8967,0,30.692054278748756,30.553377334898663
4362,0,25.100714178746355,24.6887305060855
8775,0,24.647908240225753,24.5031292615012
4506,0,21.95591325385989,23.253078866700875
7539,0,36.93991344474636,36.989069202281925
7559,0,31.63053951014924,30.770775537485818
8886,0,31.53498137927194,31.39239225035746
614,0,18.079126733837867,18.046466450217423
7301,0,26.62749167580803,27.62928790191152
8931,0,29.13153320486458,30.161953514241517
7266,1,23.480201722418588,24.17652735468635
5851,0,27.60747412012837,28.142362948229284
3727,0,28.945012759457274,28.611443044970564
1377,0,20.184497226092336,19.96421516921462
6168,1,30.702070010190948,29.789627586595504
7207,0,23.236805238514616,23.737384200060742
3947,0,26.82043064539117,26.791498018515522
6803,0,20.514961706273162,21.289986829446605
7328,0,27.229411408163184,27.409472194732437
4927,0,19.97636858364775,21.11478540127331
8123,0,24.069087317093558,24.035990428654
7217,0,19.38286445332206,20.01995941112474
2106,0,24.358323498168307,24.785134349876675
5748,0,41.70499580535204,41.396402497699334
3852,0,41.58513990697566,42.15259867714272
9542,0,20.574153081148477,20.291823904039852
8892,0,23.74914687699361,24.36787856441371
6455,0,23.77744356030596,24.19728550767082
3113,0,27.113789270351702,27.231750656270194
7700,0,29.59062201701483,30.044176686541284
2080,0,18.286050911614737,17.70717339403596
3779,0,25.290776719683343,23.574901073576083
7802,0,26.913196958239748,26.885178377239097
7294,1,23.057733821003136,23.42097091623306
6060,1,34.607641350493864,34.945224497691214
2041,0,22.430119417300954,22.2864113343773
5239,0,29.643686561502474,28.894461393789843
3252,0,25.958143967190516,25.75845167602746
7525,0,26.179173214008266,26.107706006477574
2959,0,20.49646848303755,20.593429800517562
3676,0,31.464858137948998,31.753493346376967
5694,0,30.653323339688338,30.366014022239263
593,0,30.149874400583027,28.700871781461608
4322,0,22.129992835630507,22.21112079455827
1753,0,19.22643325871513,18.618110471943286
532,0,25.575914938433133,26.055874152787357
6250,0,26.835637859173225,26.581747260695256
8986,0,31.393536007242798,30.800367957636908
6240,0,27.678165005149438,27.74419714348453
7253,0,17.719737974974695,17.72567757917154
7066,0,27.7893130509134,28.056962363048974
8152,0,24.642506993434843,25.354847424113863
8965,0,34.36819100080939,33.940196641296225
2827,0,25.287739009229107,24.931476976657986
2349,0,23.53771821953987,24.077789221249212
8869,0,28.550981698999014,28.640980825461284
8392,0,18.04937315784215,18.71580154177163
5628,0,22.41815835854513,22.456744510747615
591,0,25.567639479559848,26.134500377708683
473,1,33.91734537147696,33.765887389902524
3841,0,23.419950078286853,22.755844717958254
6549,0,18.73083320024776,19.269464389189757
8622,0,37.96147811742985,36.97538918380119
2706,0,49.69805341644336,49.58064081112573
44,0,20.03257854172433,20.355431185065488
5580,0,26.084566766243523,25.58198282222155
8878,0,30.11569601546253,29.575687722152825
285,0,31.611302898802887,32.05318345477921
4949,0,18.161959290038887,18.33684029799701
812,0,20.68172436713373,21.06219750204548
1309,0,25.52574277447476,25.469623236726736
3793,0,34.913953690373745,35.22623984563409
7117,0,35.00028591278244,35.608237583078555
944,0,38.505798730710666,38.90562721375493
8708,0,19.08501508285332,19.6068010172339
5431,0,37.00857938417964,36.004760454713065
4790,0,22.25783034134857,22.692918865878585
2383,0,21.188079790314234,21.210313189763212
3381,1,27.15203731484023,26.702645879911216
7643,0,19.56107961658237,19.349964815567397
4409,0,25.14373028360434,25.07595794145008
542,0,32.8621074185915,33.27235612643489
5151,0,24.344566879362453,23.9848972783814
2563,0,20.39225966222474,20.627720485508664
7873,0,31.46814014582473,32.50488340620479
6827,1,25.89810037150079,26.70003595101626
738,0,17.7666129322661,17.714731551699714
6939,1,30.716026973686525,31.172038259668337
4415,0,25.78417263134699,26.329467491136697
6503,0,24.01197241366558,23.408208148286803
5319,0,24.478905002593546,24.84004804657323
3764,0,19.715343292423007,19.586340812094964
4321,0,29.627695207264637,30.234729407481012
972,0,27.643935229413632,27.50073209437878
1271,0,28.06905580648162,27.32269236875111
7899,0,25.285568078658798,25.584943749910956
1797,0,29.229216095938273,29.03719342951874
7658,0,21.320818838958232,22.086424042424614
8248,0,37.577363445949466,38.095326208589455
5586,0,27.831971754226103,27.948821138392304
8424,0,22.71191935120468,23.230771727223477
6351,0,31.521981757559857,31.27089517681267
3410,0,27.392170011616745,27.85473086827122
709,0,26.50211703603388,27.42511193635059
5206,0,21.58662858618369,20.969280706608608
4782,0,27.066707081297324,26.885740432559828
2657,1,29.914502753033762,31.086312573749264
1834,0,21.474293661674352,21.803841861948364
3229,0,25.620750224892227,26.16628492039537
3100,0,44.30857150713737,43.35322725363905
8872,0,24.363640636652633,24.15786174845862
4952,0,30.2823133800901,30.91783351039707
3953,0,27.943739739867684,28.242843604221893
866,0,25.961809447670067,25.96173403342755
9939,0,23.73124074652863,23.23954494593103
3269,0,25.7129151054224,25.663517477269675
6807,0,19.982105724447052,21.03635623148593
5661,0,19.841164775717743,19.555976987877116
8714,0,25.77193117647703,26.943013164420762
3250,0,22.023387972508967,22.290554189147638
790,0,19.42221958634533,19.779896041425676
2419,0,35.67844775125666,36.53344527140161
7592,0,24.050858487640525,23.312178376929687
3224,0,33.65769066733047,33.329797120007235
7608,0,24.63000714108492,25.582698806113346
1685,0,27.279864847603108,27.104292639707552
3424,0,21.831526644291092,22.459411238273574
5279,0,19.39632612525895,19.6418646667397
5703,0,28.187115399484004,28.154762201145715
8741,0,25.331247032509257,24.809856595603925
2345,0,34.34993670656233,34.07716255734146
1836,1,24.419095153270042,24.182955687442153
649,0,20.374383609631856,19.636488164632112
9449,0,24.169696640505357,24.682307080177548
8313,0,26.13907329515781,25.81933119678954
4679,0,20.469931769933083,20.2482619303494
9350,0,34.41827692374652,33.53469107831708
8378,0,25.239591223417914,24.91019325613709
6484,0,30.38925883539599,29.86225644742234
1065,0,23.642449619852513,23.694613469318874
9679,0,26.395812927222675,25.742151456448667
4006,0,24.468640162093386,24.416314065731402
2088,0,24.25471232721528,24.633478172155304
1050,0,25.473323136437195,25.12680551426723
3819,0,28.36779384493437,28.490696488193326
5027,0,24.824580314234623,24.768240295276133
2633,0,22.65928544767983,23.10212206165361
2962,0,19.068967381438497,19.020403837472973
3686,0,24.845107297624402,24.79912658574418
4271,1,24.448937776967337,24.733253570732032
5096,0,24.49709102412721,23.789146675731246
2149,0,21.590862960178832,21.80896950894958
9622,0,39.21269125573872,39.168261661906875
567,0,21.87842893168576,22.501891139066945
9658,0,20.544256906630338,21.364459938210775
8888,0,21.05781643348824,20.503094989863886
7238,0,21.625541755383075,21.712784912071626
2890,0,33.206922982280915,33.44431142332744
1399,0,22.697733872289632,22.356849550658726
5725,0,22.32275974384754,22.74452435515641
3520,0,23.973355736393575,24.261960111453337
2652,0,29.039502757578727,28.595650238108394
1645,0,21.939214469041623,21.060916976856948
1013,0,30.037761196659837,30.124146578920016
8100,0,19.542133464012906,19.730484913205263
8680,0,40.60436476222981,39.20626977359292
7628,0,20.52913756390386,20.487864377642303
3651,0,30.195351410990835,29.89521791068049
1163,0,20.501283159809944,19.47079607048318
4561,0,20.680660275396527,21.236632415811485
5738,0,20.530811857743405,20.435712378587397
6390,0,28.90718005030077,27.94949467467737
4406,0,32.724909357147304,32.60098942418757
3418,0,31.947963974309726,31.256104560730066
3180,0,19.614952219953658,20.354018531855317
1096,0,31.627186008107063,30.35536742418671
1040,0,22.941828429375533,23.207462133527134
1521,0,27.022774457919752,28.146270316050902
1116,0,31.274285591822334,31.9534595496834
413,0,26.015894326075063,25.78687045542085
3413,0,37.51708446133877,37.11635147794019
8335,0,20.27033268809838,21.130757381740942
8005,0,28.719820940892593,28.30966495732537
7846,0,24.277587067241914,24.331225071000112
8667,0,19.9952722356642,20.646356657303944
5671,0,21.307620651241045,20.647630656231538
1255,0,33.818615342754846,33.84520995009719
6322,0,33.5550437717612,33.609358492194715
8796,0,31.48719248247231,30.701361528067245
4356,0,21.602593143712262,21.519734704423684
9096,0,26.891975667060628,27.09890567563327
5595,1,25.591651273188656,25.10402735954586
7470,0,30.91195783467791,30.655283652394722
9387,0,19.63458609376074,20.587507853936007
545,0,36.659197399086736,36.51242935707399
6692,0,25.64965267617815,25.99580461440166
1618,0,22.247755676451625,21.265120222122672
1580,1,34.963554320167745,34.574447283895545
2891,1,31.007664638850112,32.00501850514041
9367,0,24.339101190222035,24.74543731506519
2803,0,27.163753718732995,27.635875063562985
1945,0,29.604539022898635,30.461672097082847
986,0,17.893502059515864,18.233885703739748
6193,0,23.19743956664525,22.446713269939337
1194,0,31.746619286859353,30.387677979827625
4495,0,42.58660695192417,42.352637181916236
2586,0,26.100403059649146,26.36763306787561
3908,0,36.349318146999465,35.74839779285185
3902,0,28.436496147178573,28.25455915977138
106,0,37.12430622890209,38.984611169175786
534,0,26.671129153116862,27.06591291745805
7086,0,22.514710923155878,23.4850719816753
727,0,23.577464411434626,22.640574102268108
9844,0,35.71047272207882,36.72167394144638
7811,0,20.049610620786346,19.27374817708008
5331,0,22.572179682582146,22.010245495683268
8666,0,28.96502106542365,28.661636785302903
8141,0,23.555709992885788,23.730449294511345
7050,1,39.67961603215113,39.54092849657881
6943,0,28.38605191134035,28.700164862531242
416,0,29.092056630411687,27.971087320558137
5476,0,20.927990812842584,21.958727443517216
4514,0,34.97645361723818,35.21417344090134
6219,0,27.461266416223808,27.178088494886058
3027,0,35.10971810895195,34.758886677317754
5352,0,22.965250851485802,24.46171714854107
3818,0,30.597660483285857,30.600495774419976
9011,0,33.02426716158456,32.6726104005727
8081,0,27.496713088172285,27.04045022873437
2087,0,32.23007404993065,31.792580769817828
7774,0,26.942332095234462,26.67310878423872
454,0,24.521222766688204,24.69708700411159
1316,0,28.191167104170948,28.505887454649926
6678,0,28.2088497653945,29.492327146915812
7610,0,25.95960047335676,26.213614830633286
1671,0,20.70523019289531,20.72708404005183
7446,0,23.102087941902568,22.351309257821022
5590,0,29.619210886083486,28.75528312020714
621,0,25.86558533382673,26.477544147738097
9969,0,24.215828386544064,23.211140815161215
7942,0,32.84910239629519,33.297232470546156
7278,0,22.725558953305754,22.34938225335538
1545,0,26.857825445384016,26.823133068044836
8534,0,23.051623033507216,23.260510767612963
9086,0,30.26024200667505,30.22473898482141
3473,0,27.89945190261745,27.289208507426274
6349,0,31.98950543770601,31.863722098209053
9020,1,28.43666231052139,28.995206394791673
3788,0,27.61101895493444,26.33359322394947
9331,0,30.10807813701315,31.127372650003075
21,0,25.75688277429233,25.47384642014946
6683,0,24.895794886881816,25.638886557569542
5176,0,40.83049759256808,40.3470838885362
3628,0,52.408252237310585,53.176739432855925
9154,0,16.6465478084987,18.287466066300116
7693,0,28.721040978052553,28.36031310713892
9970,0,25.917774061798934,26.047476199239266
7262,0,29.819658805541383,29.88858747595806
583,0,32.16608023889884,31.617639563607618
9954,0,26.84155422817515,27.46417488736864
9475,0,30.213548461174714,30.466360971499913
5816,0,21.216519083889036,20.644796069659872
5510,0,19.83132453787491,19.88486382944085
1112,0,25.62721346319438,26.07443281513931
7237,0,20.949920764378547,20.83032947772603
3943,0,21.630785841392267,21.90580971183366
5998,0,22.787665037599833,23.84283314824807
7082,0,23.292876402549975,23.464791129320744
7648,0,29.631027548534224,29.566857361103345
2604,0,27.062405558107816,26.82282869745032
133,0,19.884725437813145,19.315540079713482
9003,0,31.57469152335981,30.062615470120924
2067,0,40.8309928067769,41.98889531452884
9552,0,24.218351278444384,24.065587070016214
4169,0,19.0930868726439,18.3276758162721
481,0,22.97434526561562,23.241194969749777
22,0,34.76412623645823,34.96165417885271
8642,0,27.95836079345594,28.831281416478664
2939,0,26.37917422414148,25.756266642673765
8936,0,26.722912013779624,27.70734519031948
4384,0,24.239284842981984,25.199126553558237
936,0,23.31217209410512,24.394431877626335
3599,0,35.396748069537715,34.98757391399493
4234,0,20.009016627043007,20.312205172804966
6481,0,33.07117456975412,32.704159119964565
9044,0,22.585962088542008,22.219601048019857
7473,0,23.35709492347918,22.928314475987676
1785,0,21.626305332421836,21.39060946735236
8677,0,27.55425778766187,27.71213424153509
5989,0,24.558501233750906,24.520498519395908
5523,0,35.83317910241948,34.47676855108102
4644,0,24.57383374056251,23.42459000926523
2592,0,19.71132610237616,20.288788233818224
2987,0,34.244820360195526,34.38699004659784
4303,0,25.509500658953197,24.985714202521116
3625,0,19.09230647273596,19.770403252193997
7223,0,27.467307396875665,27.370622937439773
4807,0,31.633190114490393,31.639323330312507
2933,0,20.442432355376194,21.210400860624333
8456,0,24.854454915427684,25.387516176383595
9543,0,29.18904237482561,29.10133616577829
5333,0,21.035204040850164,21.5118144552675
6339,0,28.573786522181923,27.81348647948528
4132,0,27.900148444089833,28.061208674350258
6778,0,27.1352061103817,26.242515011871323
8589,0,27.925616134539116,27.53626159971609
7489,0,40.17234995808462,39.90319396467672
3743,0,26.750285631792348,28.16274525491751
5014,0,21.455970813140063,21.915262440687798
4375,0,32.2569532194762,32.877934907815394
7339,0,37.97066877125837,38.68882813620726
857,1,26.11955148922542,27.26462931280829
5798,0,32.792856355030665,32.0441798720399
9558,0,24.960135548293565,25.06088110974236
6853,0,27.00353470943519,26.815610815182236
4377,0,27.148833148527373,26.054243705757752
7110,0,32.74031169672999,31.921952382150202
8330,0,26.46676789450015,25.800613532971038
222,0,25.283158023504217,24.6639730543332
9764,0,24.990175118585327,25.820642944570185
7037,0,28.105722978968714,27.806213953324917
1894,1,26.81620193165296,26.880900468341185
2754,0,23.50460544770057,23.614734046564205
8089,0,21.181997800492308,22.150434436551897
7418,0,27.208716346267458,26.665168940833244
9840,0,23.213746178782497,23.159146034448792
3555,0,22.891077519856196,23.71670377675851
4734,0,33.18794913925814,32.03447813709275
7373,0,23.042215131164664,23.95369128253124
3163,0,24.462497643848643,25.157377559047205
2565,0,34.66271905324806,34.270471638057295
7601,0,19.821511475137434,20.17209941585007
4727,0,25.23599452562317,26.564652013655618
1416,0,32.57670907441133,32.82144358660596
2661,0,25.743389188007487,25.216826130781755
207,0,23.25702305806749,23.0542323152063
6735,0,28.241014869153336,29.7448123567546
7798,0,25.289588752098407,24.9920733608048
3024,0,30.823185952697184,31.318176929245563
260,0,18.359795352749785,18.469900830164974
9632,0,31.181669428931155,30.437829172440946
1286,0,28.737570285343264,29.103010072432664
7279,0,25.498359006821673,24.52950494064262
6050,0,18.813110786644877,18.28206297832225
5611,0,29.88350910769014,29.58518137398222
6948,0,34.66068655400989,34.44220157628042
8627,0,31.413526190890266,30.91205179177206
4040,0,30.026707329627584,29.959698044311267
3552,0,24.050663774326676,23.52670849272751
3564,0,27.3378580205963,26.715715394240696
7325,0,23.374159799524758,23.31899217549237
3334,0,23.00572992310131,23.03990815288485
2492,0,23.174105507902112,23.448433936204527
6775,0,26.640659926208926,27.344137291499433
3698,0,25.989019915212328,26.402456966130366
436,0,21.055912717476584,22.12369867425536
4,0,33.788598008715184,33.11280696045985
4071,0,30.071683339420414,30.03082033294739
4198,0,24.50399520730807,24.769106353160044
3141,1,30.270218926212884,33.68809467706959
8956,0,18.83078564928455,18.632820182761503
4606,1,29.980558775397096,29.954735396940386
2121,0,35.34032795835719,35.310795868707764
148,0,19.892746113322293,19.23540526996394
7435,0,20.503146386639603,20.27752527289717
2191,0,25.465842076081096,25.137019123864405
956,0,25.86798223208541,25.898206002778284
2200,0,20.9000670055592,20.282223574157044
3844,0,38.15128009198947,39.333099465869935
5852,0,31.33709529294983,30.514456232893814
1454,0,28.76426069073036,29.24156204188069
6263,0,31.661842135193076,32.72274059998577
1139,0,28.587611031979616,29.42143442395787
8928,0,33.08935126270641,32.149994642582
9697,0,34.95153424134592,34.67264370144257
9689,0,25.19088509845938,24.784156863514337
1458,0,32.95351141970076,32.46007064379221
421,0,28.043327324226606,28.180562950666243
7483,0,22.10709515951604,22.25203681555953
440,0,30.104682854228002,29.604804811768464
5381,0,30.558776465453327,30.513450901743706
9734,0,28.959114320027126,29.937646380005372
5171,0,26.333289678104343,25.658019373055815
8159,0,21.73084224673107,22.285337829295653
4212,0,26.534494713627236,26.488458305489743
5081,0,29.684189678754144,29.97177114645436
9309,0,27.099514719825386,27.94079456333547
5884,0,22.178787243813456,22.64996762751347
4141,0,23.799071820393358,24.132109598997868
3322,0,26.567265588946512,26.75388553421578
6043,0,32.12283799020986,32.77717023478444
9255,1,35.82136617146744,37.05811807803501
7878,0,23.81187259249362,23.433748892150472
6647,0,21.383865355451153,20.786463095340878
6991,0,44.21687123298028,44.11234466149204
4614,0,19.95287673507427,19.88067108603952
9329,0,28.74135968646005,28.30390240161718
9069,0,23.47866609982386,23.516392590664445
1242,0,38.41347435402796,38.05382066739532
2408,0,25.978394221248642,26.542726726477976
3247,0,33.71703271183595,33.460722489550385
5272,0,28.92669030431523,28.86388786527466
8359,0,32.53660859262424,32.452977974299436
2004,0,21.810474680816753,22.070289672369977
1131,0,26.04279745846281,26.08867906942526
9392,0,19.57427306314327,18.868799769782477
8547,0,23.829719147417116,25.570385246108707
2990,0,28.283109786728094,28.347749520213927
7442,0,26.27223197505081,25.21016173908784
859,0,46.05836084279647,46.98787470365297
3516,0,27.245451539062465,27.862173612251272
3609,0,35.02675913932912,35.054263748079386
6992,1,21.452509402393243,22.010809326787957
4067,0,25.02904039331807,25.203616537970124
7875,0,28.92021577559672,27.761255836170598
7977,0,21.7345325153532,21.797221593821682
1390,0,35.29771383932458,36.1527573034164
7745,0,27.843288728672956,28.22084933123503
3837,0,39.59110458754445,39.26509598496537
7385,0,22.406108902591352,21.33300021624364
6087,0,27.926388497495292,28.82748811964563
7555,0,25.263231828485445,25.242360866207733
1626,0,20.641112150388317,21.47772715181146
5202,0,19.884329596692872,19.282527940444258
8849,0,19.850455169154824,19.690407127375458
7738,0,28.204847990326048,28.311969853363088
2699,0,24.593118446205597,24.293707669867974
4510,0,21.253066360924993,20.0341827863196
2942,0,34.129986481794674,35.07479667882651
8032,0,34.19857689317608,34.313197986480375
5514,0,25.386808977719262,25.05749979274015
4410,0,24.64031752222589,24.090904427974188
5049,0,24.85559651370994,24.639752811548803
8376,0,19.47036004787818,19.115518601861755
274,0,26.134686988545056,25.085298532705398
2915,0,18.041264674467158,18.876240038163477
7343,0,22.00302952614942,21.972599421303833
6450,0,20.019174231797233,20.410479818179756
8386,0,29.62379254635497,29.5184504710156
6665,0,17.494348798664063,17.22472428803242
8479,0,20.068673278885257,19.812421254720267
4017,0,33.324991196949235,32.773384037767386
7450,0,21.092272742457606,21.374826454629723
4402,0,25.68725234346922,25.476700546783825
6836,0,20.767532964748376,21.43453596772552
1549,0,23.80431294281733,23.439433213220738
9630,0,19.341378461558733,18.98554546478635
9982,0,27.33430795408335,26.21457703688087
7215,1,45.68807261348308,44.611225707622644
6255,0,24.880337383127358,24.020951860931234
7390,0,31.618581512880297,32.5940553714818
6823,0,30.22377763765811,30.36051403967659
8060,1,29.765003366406134,30.951043551830523
2748,1,29.22288040408623,29.321042026834107
4034,1,23.812433144984446,24.207397006782372
7235,0,22.865952774365407,22.64193671255673
3619,0,29.43289093988527,29.460812610243902
7034,0,25.962655750944325,25.546843513781987
9437,0,20.81013035087865,20.270669017276635
9735,0,20.280329395518912,20.032231677683082
9417,0,29.421282583406438,29.654824544430515
1593,0,21.555673178920916,20.62064987901134
7953,0,31.10626660810741,30.43841183613361
9071,0,22.912225730805392,23.375037655836767
7451,0,21.467137829913405,21.87978206117722
9278,0,17.652929906197457,17.502502931797263
5917,0,35.75241883358899,34.83751644996136
8958,0,23.59449190522123,23.204637250991524
9685,0,38.00838258037344,36.914929011536486
2622,0,26.80420919645153,25.99750600885384
7741,0,30.312842016312793,29.99769407729359
9883,1,22.2001132531189,22.019675796163405
151,0,21.14133019234671,21.117000048196026
7595,0,20.09620490055832,20.284046886943813
7472,0,31.794485581590525,31.585015940981304
8356,0,20.781415818286057,20.280394659140434
4434,0,29.940194853077074,30.063470896041103
2389,0,25.988308770266382,26.516241960149713
5464,0,25.521877596016143,26.068706124377776
4974,0,28.96063209485159,28.736270085818187
2750,0,28.42583438797479,29.217008993627775
9258,0,31.724521830037073,33.01503063340996
726,0,31.150267675742953,31.20335656690708
4552,0,28.97167700906712,29.39570222377029
1489,0,21.792060188205973,21.727960216458
6057,0,33.89782124982333,33.698306233115446
8861,0,25.4400079670378,26.038206585478857
4879,0,18.72584819710423,18.230447669805795
3181,1,24.61379783089909,24.363413307458774
4846,0,27.638511278656043,26.913250384749574
2124,0,22.370974223023364,23.104491699819512
7832,0,20.80307987490184,20.453136006497004
2211,0,27.436399827674478,26.964127177302355
1824,0,27.287672668239374,27.104779559479983
8668,0,23.688674877711996,24.24971038475799
3864,0,27.09353621342912,26.734160021897356
5298,0,19.858056458794643,18.739213802359
6576,0,22.86330474614137,23.007945941160706
64,0,22.48735679203214,22.187981346836086
2848,0,24.668429851001243,24.522965334371158
2668,0,20.314709706871444,20.315325501383885
7386,0,25.09502509838681,24.707057769993554
3021,0,32.304388529500045,32.213560479561984
1765,0,27.160406454848914,27.201225485151806
6814,0,41.87135199869333,41.452956127653856
6384,0,28.039901783359387,27.863822682618782
4640,0,30.894950584319428,30.125869060165464
7652,0,21.77658311829255,21.948782366888175
5635,1,28.80170783537939,24.78115589528195
1115,0,37.480843594176484,37.81740124886859
8381,0,24.289245811577473,24.11174597241676
2979,0,28.203309680052318,28.66357809788529
3118,0,29.964574511045296,30.613802221580464
4591,0,21.051823974209498,20.59954030672096
8249,0,28.694223125569437,29.404409540506876
2062,0,32.61839354512384,32.6148068745459
1677,0,25.28957845971145,25.282257898067748
6774,0,23.999193785092743,23.547123318828387
570,0,33.414604066089225,32.9337310701833
5219,0,17.979654238914772,18.76732501264745
1746,0,22.031695653056737,22.8361012367876
8933,0,30.5084345637905,30.72872182590862
2164,0,27.404422508458083,28.079523372947886
1731,0,28.60494272983521,27.952823966169053
5231,0,19.364127978540342,20.796986511366057
2179,0,24.958403568282364,24.84877296898773
1859,0,24.01176027699255,23.49007435917643
6675,0,29.166225359223,28.70607119737403
3769,0,28.064752012416587,28.578062784986027
3154,0,28.04053014616744,26.955403267173303
9481,0,22.628633223657275,22.623549052661428
3987,0,34.129656480890375,34.21105721187704
8264,0,21.054605630118466,20.763347339459465
5133,0,31.32006016334451,31.049326507464297
74,0,19.635208329993066,18.98566310408069
1395,1,31.24595988800751,31.584823787857697
4651,0,24.8356105543246,24.037274564870224
5394,0,23.739572269804974,24.179779695299743
848,0,23.548316524405976,22.822327392195287
8202,0,40.3838735907747,39.60853465591047
9514,0,22.105620906601175,22.22163196995507
8648,0,28.026857978605594,28.249377352616836
4740,0,29.549694232897348,28.84153636641548
7098,0,28.931068273592132,28.912249442290868
8788,0,24.18162861250383,24.54126476609921
1815,0,32.808897167797404,32.44524854439798
3940,0,17.88578878027363,17.96140437391539
7054,0,20.81443226715806,20.147028899235764
1167,0,18.51590855509299,18.919477806826425
9036,0,37.33370333853619,37.42217640827027
552,0,18.618284627123952,18.94876908256351
3965,0,39.0024577334876,39.12744268221044
1604,0,37.15056013891211,35.958468292405215
8720,0,23.442796481074907,24.16760775410703
1564,0,21.734395640344868,21.74333459448147
6654,0,30.13280849604971,30.625606643866483
9618,0,17.47207250620144,17.770553936141496
3513,0,28.692226353102825,28.65968405734718
7810,0,24.46373909797671,25.14303269826221
8278,0,20.379135896527245,20.15157289923224
2385,0,36.21967475418906,36.54136402103921
8465,0,36.09172346163284,37.386450539937144
890,0,28.731676096912228,28.050527577418297
9021,0,24.53585062351216,24.21903453476627
8062,0,26.24251667639609,27.986814674856735
1884,1,24.35939765372182,24.71852713644758
9667,0,28.62992805040409,28.258207023253515
4222,0,29.495126844778152,28.513826957571695
3817,0,23.872700750394696,23.991236507834028
8767,0,24.607402660790697,24.87491874866953
5776,0,26.779056747637775,26.7673009191547
1274,0,34.85810722649156,34.57994210024097
1567,0,19.544930441711347,19.458947085678417
383,0,35.178588932282615,35.45503289763342
8310,0,23.721072039131144,24.340235322520602
1126,0,22.14082289658619,22.7305918180393
2125,0,28.602760455072392,27.949186797168483
6763,0,32.29759744627422,31.134303416380014
3475,0,30.364981084346834,30.34653539793622
5524,0,22.67015361236592,23.028801435567352
768,0,21.956514360331465,22.063043648988526
8158,1,27.748356909962137,27.61661104915147
3559,0,31.041707141651152,31.502914793085925
6548,0,22.859753196456772,22.210189222844797
1784,0,26.396626740215574,26.701570939766288
9741,0,19.11060976783139,19.256330491948354
4868,1,28.15630501793403,28.89173395056961
2143,1,37.66864333937525,34.06936824272417
4343,0,30.552144036389304,30.898584392229353
9832,0,40.16185082298322,40.44519089618893
1907,0,16.585396435689308,16.463845151805316
6584,0,27.138245107557744,27.004210206616413
3877,0,37.018803159171604,36.84760168111365
2730,0,25.180568414903043,25.047821638274556
7157,0,30.371752675591665,30.355594472171436
884,0,24.379731123472496,24.313050464421913
2317,0,36.417786255617244,36.893442509186784
7061,0,29.765628056316388,30.400221310700942
6727,1,26.884928494970996,27.002071655537506
840,0,24.619017337536047,24.659149145691273
4571,0,25.45427708987443,25.718517206521426
4586,0,21.544186414902097,21.886721106940097
5891,0,35.38438213133763,34.81474390218752
3188,0,25.49640688396216,25.396206008204313
251,0,19.371269464716868,19.629386450106235
6618,0,30.77789698059718,30.343442332511927
9777,0,36.90552140235475,36.45409067319552
8651,0,31.514986899236316,31.48523610256788
8573,0,32.81861514530088,33.02182131479338
7351,0,17.731310330433153,18.62939255894239
7333,0,23.81476355305123,23.910148990290512
9166,0,33.18650324713549,32.44992014520154
4969,0,21.814935631347854,21.13139922190358
7697,0,25.282501383862495,25.301344786684243
432,1,28.433480258114123,28.227461793975547
4168,0,22.83969834059217,23.746937273263654
5378,0,22.644626091035832,22.7095670293892
9330,0,20.967361752953053,20.119076798683523
4371,0,21.51095589348232,20.609350367862415
9523,0,32.64280491382488,31.49980043039004
6323,0,29.47648212239298,29.680642080018362
3755,0,25.68988086826146,25.55723448760477
8853,0,22.425801488885124,22.108116923858606
7048,0,25.344438785331505,25.52311530620534
6090,0,27.804974920975503,27.311943392085738
898,0,41.76995203211389,40.647067463821216
1658,0,33.3915324995722,33.21928657260629
7561,0,21.700101662330873,22.40018526496289
2804,0,36.97632067966753,37.36316815741475
6359,0,28.87615612712813,29.121597125158686
3986,0,21.21964702531071,20.312529962628325
7137,0,24.569758022518577,24.65251693134784
321,0,20.254546394619137,21.19466102194719
4564,0,24.261115672635334,25.72543960258881
2922,0,26.743215755674687,25.913088637213352
6071,0,24.742666180438736,24.23936472564111
577,0,22.203942271664488,22.61915299801242
3598,0,20.739022520794094,20.88972032247281
1948,0,24.986430414789528,24.969741815026698
9467,0,18.905769680390165,19.323473585941045
2581,0,25.032876809037027,24.829729047126246
9065,0,23.367634109598793,23.401771834942984
8924,0,22.14065035145845,21.607546022664703
3816,0,31.69312980823459,31.713880904213966
2395,0,29.028467707593173,30.913801016052595
5041,0,24.872213181292185,24.331175345311827
5897,0,30.344420932339762,30.77014373771893
6625,0,28.628577737492215,28.941407241971778
8712,0,22.35241763315361,22.633753925194423
5838,0,21.691059509864832,22.01852996383672
4043,0,19.923733393235267,20.573021208752095
4895,0,25.5930565092998,25.145294867058688
9816,0,27.689585308576962,27.3749172013179
6155,0,30.965909242766433,30.65421247137431
4035,0,27.177406685352196,27.179609587101098
7917,0,26.893323968856777,26.943198825882693
429,0,21.884592676610048,21.670731295464407
9603,0,28.051501423249473,27.360578087961
1772,0,36.8942385816351,37.61895633447668
7404,0,22.273712814377088,22.490603965599483
9143,0,27.17496469313935,27.388601029652758
7494,0,28.512025681559248,28.273306851376
7674,1,39.40030272599822,39.57781620802029
3842,0,24.307763228657876,24.054951598495123
7856,0,28.155021503245866,27.88913830676572
2763,1,37.59587601162654,38.043171353286695
5566,0,24.32303613859007,24.74803646832281
4978,0,27.012467610891562,26.98917504286533
4884,0,40.323421506462395,39.20481452292709
6387,0,22.936217462279235,22.708537867030252
1463,0,25.92103151738387,26.063011998293337
3431,0,17.828733419133897,18.57734553238426
9470,0,21.4409603369372,21.32475843533001
3286,0,21.039686309964132,21.38656407103057
7958,0,24.120594861037837,24.11109881438456
7959,0,23.550475651865497,23.91399712456706
4456,0,19.93463357067649,19.82772207551998
2957,0,32.697012819157116,33.035026607968746
2614,0,18.74871086468661,19.668824498589597
1943,0,28.983624578147555,28.842617006619054
6566,0,19.40264586752945,20.571725729671588
8653,0,28.84748488252091,29.146825672629515
9960,0,27.573659943910634,27.8603356018075
8059,0,25.271894219907047,24.528578053042203
2520,0,25.67366544292793,24.884804458497022
1698,0,21.92775693938973,21.74906476956819
1066,0,23.49773130149547,22.81807921208033
868,0,26.919064209368873,25.86534964318461
518,0,36.3386252487303,35.96817645010295
7563,0,26.242346155733575,25.69902135070982
6081,0,31.130465690415328,31.24338614423808
488,1,31.83201809600928,35.791795533872325
3262,0,22.16601714028579,21.827081397276658
18,0,21.683102654360702,22.3639223260666
8150,0,21.376826435154133,21.098189895914622
8409,0,27.102482370878842,26.607004634483143
1915,0,29.751198886214777,29.250795891972487
1736,0,36.89332524974903,37.10707963234141
1973,0,24.615978164879568,25.117676866091724
9852,0,25.010653774970226,24.507331678612328
572,0,26.92372303362975,27.379642049479433
5772,0,35.9243525940269,35.18027406424671
6591,0,20.592548246894754,21.130592249127233
9054,0,36.76414052547495,36.29452112457704
2056,0,31.14275592383865,30.209262781167503
2316,0,21.87691788464043,21.451411345192383
6280,0,24.218883847185204,23.78105142452735
487,0,34.06129775894497,33.706860210121
7111,0,27.31082313496751,27.30981535258563
9173,0,31.24227531895298,30.194723187067602
5404,0,24.5420756908504,24.42502556596693
4313,0,17.32625231587346,17.351528233133898
5005,0,18.894113298703065,18.96632178917527
9800,0,45.28418675892792,45.567369566038515
8606,0,24.23094697757312,24.10999388735068
872,0,25.544730377248293,25.01749151729851
7685,0,30.21742642253584,30.094058749438304
7945,0,26.081609242594183,26.69769624350177
1376,1,28.89533364009037,28.000267298766534
4691,0,43.03342592821799,44.254930937848435
8753,0,25.62571127283126,27.009022489656324
609,1,40.758300343991955,40.23496648228937
8175,0,28.45122430528205,28.656459471873607
9393,0,28.42769489601157,28.298234971993185
1280,0,17.797143897423094,18.328891318080533
699,0,33.04189150480669,31.73563257432693
384,0,28.983981969996442,28.246498014192124
1362,0,34.10351218187642,32.8363083176594
6891,0,29.937977550611667,28.961292688631882
9076,0,33.26597889231941,33.1592055561304
978,0,29.522488629934657,28.910367289233207
1308,0,31.860180876683,31.64130951054088
1337,0,24.99360582224958,24.786128068089397
9459,0,19.591244047872742,20.653162266709444
6309,0,27.06826596609216,26.486333356668464
820,0,23.939291773307566,24.286304172847537
5920,0,25.578018835267084,25.565516014565176
9240,0,31.27037420817658,32.039722519743705
5747,1,30.814864925521167,29.961968557011257
8180,0,33.08176563107376,32.98776383458616
9601,0,23.821645271634804,23.24015856327918
3006,0,28.03477010921289,27.950001269149613
7319,0,21.90348709298113,22.13863441247167
8780,0,20.283079032593083,20.308866281769166
3630,0,28.48158573303579,28.02789507168555
5859,0,20.876940033367493,21.247396906718237
7565,0,25.810394273088534,25.42737272997712
460,0,30.323808371508687,30.186142452943063
5339,0,24.04439364146104,23.272729790678472
166,0,24.674955596923972,24.00666412464182
5672,0,22.626934234291998,23.554437976990464
5847,0,25.351349476081815,25.55614119632619
9082,0,21.6663471731654,21.773227958986283
7947,0,34.196439062110315,34.255381213381746
403,0,28.244087536772764,28.95853079935758
7541,0,22.257631956362832,23.388294249033144
9953,0,28.364501974546968,28.695023088319186
6077,0,33.03082567281407,31.598673903133975
2100,0,32.25499278166167,31.386938911210123
4264,0,27.301389109758095,27.96555247686704
5833,0,19.961914626224083,20.495938081772525
5761,0,23.835857678719652,24.250859593047384
3925,0,22.49719556062569,23.269016613657165
7753,0,24.86044701533389,25.017493060046327
4526,0,31.37547111975491,32.37083525919496
1375,0,21.22909444287287,21.63712369360416
1018,0,24.83079048885042,24.362029312066465
8975,0,22.74943933840611,22.928403409183527
9322,0,19.06080378367814,19.935332717059243
8894,0,26.018075248203548,26.421180911917546
684,0,30.005339067387972,29.304360705905463
8492,0,26.18524649749158,25.938602004017536
8389,0,21.837960554012476,22.38240927265458
5724,0,35.889858568890595,35.6786613314005
6867,0,40.987822818391415,40.511812839093885
4626,0,19.240625310670005,19.863181803273275
7545,0,19.04228965317435,18.962760029097552
8615,0,21.39726772970532,21.682699872161837
5548,0,28.710099622234488,28.45773393193858
1901,0,30.084898018491607,30.283748810999228
2839,0,25.48621029424465,26.247210502545208
6560,0,33.08846081067327,33.031595006351665
3274,0,23.359185210118294,22.68526163310971
1318,0,22.289274540149506,22.246896176041126
4149,0,37.16501600440308,37.10240655231929
2068,0,30.19129758920149,30.19192000631183
6575,0,19.501219312405198,20.099365991783447
5789,1,47.73410554358158,46.80269907836347
5474,0,21.200418741671783,21.304793565435485
3110,0,27.548194351847346,28.694267793978938
220,0,26.401804912726593,26.618019482992487
1119,0,21.632392618830735,21.270816316049466
4580,0,20.683048513914354,20.230054912866763
6411,0,20.524892569263415,20.703592005642218
3001,0,29.106121356469167,28.01979791624374
4465,0,29.026996064173453,28.564319250765212
8608,0,33.549382397468854,32.46270992797925
6308,0,30.5556449231293,29.724838298703762
5502,0,30.54217119486276,30.662028587230637
1334,0,19.701581726853714,19.141062463980802
2566,0,36.135397422432895,35.854513121554255
2259,0,27.29805784905479,27.824217935145327
2466,0,30.846066992256752,31.300559439330545
6306,0,37.35016435698707,38.12096418948632
4011,0,25.917833853147098,25.73981718472863
3892,0,29.196479362965402,29.384286957165145
7364,0,35.81601411288806,35.66580813854786
8156,0,25.49660970261343,26.06716375160068
8882,0,23.19794900314643,23.70479042071359
3891,0,23.415038022050158,23.445915368560446
9776,0,40.92291472481745,41.27278894696114
7227,0,37.84681439955982,37.536759155201416
1307,0,34.89914187410101,33.62695559780032
8026,0,20.643642949786567,20.600019688906023
5975,0,22.733581598960328,24.053048050973473
3871,0,22.983199663987858,23.134612400684617
5233,0,20.542433493350135,19.190819266112594
1993,0,29.60048354756852,30.046488205347508
6256,0,18.530232220594424,18.981547549501254
695,0,28.31314653145587,28.82876910500812
2688,0,25.9408561449853,25.39993893877351
6326,0,33.22631527617336,33.59951093215577
2129,0,30.177522307487475,30.732291750138913
9534,0,27.88183158698507,28.013271921364787
3429,1,34.17665114037598,33.66017152102337
6293,0,32.905080661279996,31.949220913629834
3365,0,23.71405514720296,24.35082945659079
2711,0,20.2147144737564,20.516104606487396
8757,0,24.17838466667383,24.384969110948543
2710,0,22.818659035474585,23.539731751186718
4221,0,30.915020185017994,31.48397700805226
5944,0,32.70848595881332,33.593914228114585
1684,0,37.00968257845206,37.29480927293088
5753,0,17.848161087183275,18.393129510902572
2181,0,27.114409893899165,26.810486124880956
6107,0,21.84923509598928,21.880304467585226
2138,0,36.94473009682753,36.926425818827504
5053,0,38.96372779017275,39.09256898999656
9414,0,29.51096747028424,30.21663716690358
8971,0,29.840296428096103,29.946317216396807
1813,0,30.612219643562536,29.917579703488876
3869,1,34.468878185071794,35.048625019031114
6818,0,21.90863777339051,21.631409524943475
9354,0,28.351235519006934,29.785116053805943
6024,0,34.80476169515309,34.16923301683761
7461,0,31.88912915702479,31.299490066799063
7680,0,23.45666873557682,23.175579709543875
9531,0,28.602121051594057,29.056401011374593
3697,0,25.682372489665955,24.25147194307543
1322,0,44.40809403275385,44.80031386979478
9985,0,30.632317640311282,30.716811606020418
2501,0,24.84058315566495,25.23369814050854
6756,0,28.018360838185544,28.337846111990626
6613,0,22.984911295339256,23.495198208771814
2365,0,31.59360293555745,32.23606996989271
7825,0,18.170408586659214,17.099961620787912
3407,0,37.236483543203626,38.069029543019035
934,0,31.30515219618892,30.216152362337205
9538,0,23.865173198011103,24.346244721975502
5109,0,27.287442930687867,26.853196881499045
5619,0,28.5797664478915,27.893457635430064
2698,0,33.31209754076415,33.50146199675345
4539,0,32.87146266655558,33.42176416215091
5967,0,22.14378461022271,22.449897969511472
3868,0,32.911820448804214,32.83674674220178
3941,0,30.477501812280135,30.821384934828338
3741,0,23.61184016510826,23.967845134267197
1727,0,23.741944100232345,24.236236971240398
606,0,27.711907192989667,27.607720229681313
1929,0,31.123381061031903,30.569076040054764
7184,0,30.214894745091723,30.362285989423963
9981,0,41.71263734987556,42.128314373938004
6151,0,24.333322642327587,25.388953088658653
9553,0,19.055071989417563,18.990571153266885
1865,0,27.839079110926498,28.520823222780205
8245,0,28.026617274306858,27.609352424493604
435,0,25.48942347511259,25.879364243085003
7247,0,22.98895419159959,22.702523442596938
376,0,32.13289308816857,31.521374275335415
2986,0,26.300471427573804,26.853107409741682
3074,0,24.47847511557531,24.489988027471444
8464,0,21.833940102828784,22.094934517257382
6740,0,20.89331450116048,22.01592676678512
8427,1,22.049773391581425,22.538740547696726
8727,0,24.075215764294946,23.026112166845827
5208,0,23.66735433780073,24.1727970217146
5520,0,28.6354546692044,28.392491475288416
5843,0,28.989065834347503,27.944081378425796
3896,0,20.84391288090605,21.092539367946934
7616,0,31.90840027067946,32.20892316540187
1631,0,23.050714715431326,22.116953529331397
8035,0,29.64905384246579,30.25607033331998
9451,0,22.791947687217135,22.631936097573984
4449,0,32.4939980199043,32.3066374600297
9638,1,31.049618189974954,30.961356049735823
3717,0,34.05562078607193,34.36463375505046
9568,0,35.101003560945756,34.93613319530227
7004,1,22.985873392862423,23.15705644090036
9153,0,30.66295724234658,31.029314740688736
2428,0,23.98876673431671,23.404339132089397
1262,0,26.432392607888456,26.27679531724422
6702,0,33.17342177165935,33.75571746214732
2532,0,27.15830431885754,27.348234829535244
1868,0,20.788874002311243,21.81089240070863
4625,0,26.010110221502995,26.84469963218409
7342,0,21.54123006975088,21.485545662770477
3216,0,21.869944420816665,22.492582420213306
2112,1,28.95380290569814,29.115877843536
7780,0,22.660440223997377,22.527068102469563
3189,0,25.072864164166536,24.939495564628686
8324,0,32.22986026142019,31.028967810146327
2058,0,41.10458216657735,41.14283153812216
9372,0,26.218328496157845,26.04658343361627
5679,0,23.616375612172973,24.254458370029965
9250,0,32.79162722066188,31.994406208609117
7432,0,31.10796697250994,30.656793342928996
5893,0,29.448881982370466,29.871290433944083
6295,0,24.157012754388415,24.65571091654256
1546,0,30.004975262963544,29.35730977878801
9546,0,27.887194721794135,28.93085274475534
3258,0,27.5356113787504,28.625397332030698
7906,0,18.331226735758307,18.241137876472145
1699,0,26.329602099085026,26.174211596971688
73,0,34.316703294876454,35.15609638016742
9639,0,40.46298812055498,39.773937364184135
2381,0,30.428709660659514,30.954737534905785
7845,0,31.605041075768746,31.37931778612886
3934,0,28.88034926156222,28.540622702043887
635,0,21.260752008591787,20.406619720205825
7349,0,21.795271927291203,22.316868133837936
1972,0,31.581825018998476,32.89137343313851
9975,0,22.348598177040195,22.354459180997498
5169,0,21.092076725221457,20.73513506094955
5684,0,34.72850937120176,35.81506109534819
8467,0,20.33875381633,20.66727873652144
4309,1,38.91664507775236,38.561261893518136
8415,0,19.802133677521716,20.080515006987795
4251,0,30.670330744736532,30.019137574892916
2555,0,19.537705290812113,20.062571946391596
7799,0,18.96258654913673,20.313166377004226
2293,0,34.00438643412086,32.560852191319526
450,0,17.56055089491196,17.273114692724555
3762,0,21.221601649543835,20.33523516183264
7377,0,20.02799922528736,20.936395739296746
7638,0,27.62423911570638,27.467130178559774
6840,0,25.159994317622036,24.670127339652158
8017,0,23.70942735098781,23.729032304813693
7282,0,31.054118758867038,31.07379361623356
107,0,22.379273352383812,21.34061164533414
5826,0,39.04302851035036,39.40534150631356
7205,0,33.185227214988664,32.61043440265467
6951,0,25.106720689454,25.31640095911838
4077,0,29.0134816415793,28.0572367050146
2629,0,23.66949522184232,24.06857454679696
6347,0,23.15297845440668,23.15838386657353
8577,0,22.928489017879965,23.70903139872782
9101,0,23.74826192842395,23.796635625006186
1738,0,25.26465404975859,25.814709298918483
361,0,21.042635060336938,21.764675566870164
7012,0,26.03411505335797,26.382656162473225
5263,0,32.511148401241016,32.588289819975394
9710,0,26.846377139239195,27.116104757897723
7287,0,29.518626432217054,28.459454869802506
5766,0,22.202581688217197,21.644794182356968
2867,0,24.07254873197724,23.07860793756945
8883,1,34.56730791227649,33.947965918982156
9951,0,23.314769912841523,23.831701611447684
8109,0,26.188355803279737,26.390075593387795
7908,0,39.599485039998754,41.11453245037971
5644,0,20.027985489469923,19.466670387269108
588,0,19.894803816527773,20.34500442512424
5457,0,32.36381115005397,32.38680327447351
5126,0,19.375295857076956,20.003687336036062
5163,0,28.44573846686724,28.711339864520042
174,0,23.82468460750298,23.92844999943049
5426,0,25.200129450876396,25.84912004196819
822,0,22.183448028669076,22.463250437175233
1734,0,28.72715456682598,28.684001068536183
4398,0,18.91212639663144,19.165097387292207
7992,0,27.699728064762287,26.809188882223943
7717,0,28.40239998223946,28.732887164943786
9545,0,26.140612392428885,25.393746119878426
6892,0,25.342795701379078,24.83554587268879
1910,0,42.14251823875194,42.62454076044111
1464,0,33.78765038849402,33.95116340712053
9016,0,21.16775834199092,21.078695964774962
1136,0,21.453000339622765,22.036186972667238
4112,0,23.674990430584227,24.792598753847162
8121,0,26.67377677497261,26.330469164449717
6564,0,42.16409210211481,42.17354825090095
2972,0,29.038310336713604,29.364420152530936
1466,0,19.09980753473795,18.565150786568832
5489,0,25.407716600604903,25.845747814168156
6604,0,21.17626382944365,21.319303853368822
1749,0,41.97923704049579,41.40735895930842
8281,0,29.68035889768564,28.722693376959224
2634,0,53.209802318628725,51.873824685688085
1356,0,24.704984038924714,24.338416128136323
8332,0,21.263089567926137,21.66804102350361
2458,0,28.843459309484533,28.706447006382852
9147,0,18.310368188308054,18.77543570306955
4066,0,24.982343199113167,24.14703169357408
4010,0,26.25528870334781,27.216880766247527
1681,0,20.382348997993887,20.755507956212615
2014,0,27.29561650029361,28.05191274627778
6430,0,30.973221857385706,30.851863234089222
1837,0,27.33900208396075,27.133378585786318
4558,0,22.528506957003493,22.54120110436724
7242,0,27.480020330846727,27.343496365914454
5649,0,23.388035794813657,22.984887887405637
8711,0,38.911389501440105,37.20365982248819
3738,0,23.73681554843998,22.459831424891863
4938,0,20.19882533388144,20.44312981739269
6845,0,36.920998449438606,36.3003242472439
5921,0,20.18742747504827,21.20849183026758
4983,0,21.307361705779222,21.903149623816038
9627,0,32.58525925577293,33.70335009341752
4674,0,19.855941021971624,18.72217267901192
8969,0,24.102979022120426,24.267319868984593
2841,0,26.585422625460417,26.341843262371658
359,0,21.1763726684214,21.360049407585546
3153,1,22.3329501934644,22.41820133738187
3821,0,30.220684703312944,30.791237909618552
1453,0,35.936498589616015,35.84875370153519
7020,0,19.357669925374964,19.42029482911907
7309,0,21.835122966102986,21.181836913620884
1313,0,25.94361430821897,26.260075919348914
5302,0,30.08925832842898,30.219102005306013
9547,0,22.49436094565693,22.152713699854733
1968,0,31.70126286033802,30.914019961804534
6345,0,21.266425600698902,21.990789703125365
5709,0,21.038341726748182,20.97789297183254
6083,0,21.207978387956082,21.766414016805864
3171,0,25.49306392456365,25.793699017094102
2192,0,24.814786585085724,24.97492169503761
7393,0,26.933239324490565,27.3823153341225
985,0,26.07739047981192,24.424807805834092
4117,0,24.412859070620332,25.709178364586602
6981,0,20.731689924159156,20.848510792600283
656,0,20.888092447887885,20.667253954591583
1543,0,29.08627942991772,28.062494965203996
7513,0,24.774138488887576,24.79236009193396
8650,0,25.288514151437706,25.38540521763622
6275,0,22.11869342489079,21.314296801378898
224,0,30.3972876097779,31.534492254125976
8147,0,26.016319900862484,27.249946519242876
8276,0,23.872205139675508,24.08345344199988
1735,0,19.880067364057787,20.14411119658011
9952,0,26.70555143631913,26.477320996881605
4813,0,19.813690932684896,20.566575020920624
8181,0,21.09627780966733,21.187151209775543
8562,0,42.09681082540718,42.19792681456666
4517,0,23.509663573193045,24.634162839404404
7099,0,33.38877971139158,31.771336921551622
1015,0,18.89124283525247,18.695938916715043
9896,0,32.39823430878731,32.8791343819109
8705,0,34.96741054436639,34.865831209274326
1247,0,19.729797735345112,20.16882452621617
8532,0,22.492960788894152,22.268874660938245
1722,0,24.73768694713764,24.217130806164676
2904,0,22.828891833458158,22.414774320811112
5477,0,24.344313701203316,24.40527582004359
1406,0,37.91042302721578,38.65325554502024
2234,0,26.265357878128675,26.805697733750186
642,0,18.365043602086818,17.95814973355291
6184,0,19.10941907672361,19.677092843119333
9527,0,33.285728138582776,33.00701193082512
7236,0,24.027418919775087,23.31087179164214
550,1,32.719332837463284,32.67058037911049
1585,0,23.593747419346712,23.670637474660733
651,0,25.08136063680157,24.733014437739005
7723,0,22.919288330957144,23.670341464076536
5492,1,30.13274342239364,30.544924836437396
4707,0,27.91121046457327,28.613899624490486
3640,0,24.56385813392237,24.491312750076442
4144,0,37.18948604035704,36.771422688691636
8691,0,42.392097269204555,41.588810845092
3506,0,23.053302743760113,22.6735717073231
6499,0,35.393800896652024,35.48592763584457
4369,0,24.46885369358358,24.305522603461025
3248,0,27.087769139688803,26.894563471276175
6551,0,25.598028655859956,25.163154908410693
7059,0,30.57612823220061,29.41650868769153
739,0,32.54588159354746,32.08902619108718
5226,0,40.96602822534023,41.21090942085144
3957,0,22.102248097128623,21.748910322163553
3867,0,22.917063591406055,22.707580846371
1372,0,19.362429562420477,19.574671059829203
7794,0,22.98627774714434,22.666181235840302
7887,0,19.02118290792563,18.983308828245974
325,0,28.092382864348256,28.29929004583677
9752,1,28.661176860492585,29.310362500496908
7311,1,25.14599001370672,25.081661508410253
5719,0,42.4219458130121,41.19241664289994
7804,0,33.36930920573429,33.75360899662453
1192,0,30.127586969682852,30.00629752443673
6598,0,18.241471236975496,18.46052478981402
7249,0,23.38680866394739,23.10373424417673
7727,0,25.41980265459632,25.602713174377232
4697,0,20.61754187662508,20.354061385494415
140,0,30.506326230130902,30.573997132978175
5145,0,25.889934783602875,26.51946633247378
4994,1,28.59620708066276,28.693790817501323
6099,0,33.30486723230067,33.08583825930504
4125,0,27.957940627431846,27.727537929018442
5311,0,29.679457119868182,30.157605096889245
5344,0,37.152406452527295,36.58275792687567
5214,0,25.120490600743256,23.86489080116263
864,0,29.87689163384911,29.50321390890269
6,0,19.709596843454747,20.696485963671524
5366,0,23.886429382589213,23.500781642598238
5568,0,28.295192058364265,28.46032111781781
6660,0,27.303116710056507,27.41794717216456
8536,0,27.054408493663036,27.800861867925814
4867,0,25.63599205388779,25.139784384096867
8133,0,33.99428556074873,33.802998898644525
5875,0,25.057327850061345,25.05021715431979
3929,0,22.606667967524533,21.94767838841023
9218,0,23.593057343257307,22.769450348104176
427,0,21.620170656666982,20.97874691249903
1279,0,18.130614257553283,17.4363453741433
6784,0,27.32954936645404,27.121862505868805
7422,0,28.68157467286508,28.14283001036688
813,0,30.85436822276489,29.411508418525305
9727,0,34.84640818505941,35.639351237539785
1003,0,30.76685879386065,31.333622677669283
3670,0,24.734319967917557,24.02210174205068
245,1,23.955511957036805,25.32077003505751
2899,0,20.092643087381855,19.94447386437775
7017,0,21.530917211361768,21.894521484410795
5384,0,27.008426477849373,26.91259982325722
4431,0,24.0374197269054,23.408549404376718
3645,0,34.165568089521926,35.40185958439634
2085,0,34.02587585699844,32.76100971883693
9669,0,23.78457098511528,23.442581942893057
9090,0,30.70855146568356,32.055713882055024
9673,0,20.39787727264384,21.983533142427238
2703,0,32.181447536856545,31.568106292213155
1982,0,24.126723882729177,24.74837626835952
6924,0,23.376413494353795,22.68434448819933
7164,0,21.622739898553647,20.79426369928855
6230,0,34.607188735873585,35.609649576466126
3304,0,30.51674609218377,31.692269026629596
7506,0,28.0728473467087,27.81491251492757
4320,0,23.679194329267645,23.92544019262013
1596,0,25.30289020307322,25.552258415750586
4993,0,30.336277404500105,31.218746162733407
3711,0,26.52562557367829,26.971672098082557
4224,0,22.077624287262655,22.757720342575652
1809,0,38.37257277509462,38.830718586748
968,0,26.398591281412408,27.179556839562665
929,1,30.174575121649085,30.129999109459995
7818,0,22.87287673817522,23.567580058309314
8644,0,31.13948505854663,31.389407965085287
4282,0,28.474503468540185,28.298216271407913
1935,0,30.984931120103617,30.766955682580406
5602,0,23.284753289528293,22.93733303857036
9564,0,40.50153363133156,40.166835405917375
5769,0,22.650615505820948,23.11566607567554
6761,0,21.332838854145738,21.124322680086532
2409,0,28.790309432099363,28.54199783910944
4099,0,29.14326758552328,28.52087668135464
3827,0,28.232929916178772,27.89378675773164
2314,0,26.94831830716454,27.376796123433763
9371,0,22.802325678742985,23.03591694363162
2407,1,28.131497969086208,28.198650655498696
4763,0,26.379672170579653,26.44171445219977
8022,0,19.41465189003085,19.54169997697527
1340,0,39.118325747533,38.84183345980333
6329,0,39.30397663209988,39.14274182962199
6232,0,21.734665243335993,21.988032935601915
7265,0,26.958416565590102,26.364325604637155
2160,0,40.84677878309779,40.84409880912605
3540,0,33.139690550068124,34.18107196089308
1667,0,31.565686436823604,32.160620275381795
5727,0,23.390271492209386,23.12776806588413
1418,0,20.137025124190444,19.840980714169884
7989,0,20.159471025550083,19.719045143503703
1468,0,23.771536634493977,23.677668588334704
1426,1,37.68024291747142,36.23753953716585
7613,0,24.384470395609124,24.864393630203125
8055,0,22.410413592394622,22.27131624415763
7754,0,27.181210938516518,27.933794382786868
2998,0,18.529685744491836,18.476464596822876
2860,0,27.2467693609209,27.886911795570462
483,0,24.175272572121987,24.075390970695278
4720,0,33.397706701214894,34.29847000038089
8436,0,39.67670015074717,38.88853792490067
4996,0,40.898512295421604,41.820504972204304
8746,0,19.82318942725017,20.330607920770724
8920,0,38.296636945736175,37.92272033201409
8028,0,19.41898372037785,19.668227808661864
8116,0,28.860284423422673,28.82984436608033
127,0,23.739349555774705,23.11778200021847
7128,0,26.565525368561193,26.385790740761994
2734,0,24.558136420379636,24.691228950139845
9072,0,21.63095339653715,22.16610364278397
1143,0,20.868293249789435,20.580611311868676
6225,0,32.91188991428271,32.42671071018355
1201,0,26.794220505416483,26.95420855588751
9211,1,29.83827689362434,29.6023706134739
7956,0,31.339630935849307,31.05886971314877
9390,0,24.18380206494634,24.445285385844947
3012,0,26.21678550109198,26.364247081433167
5266,0,21.67202347370061,22.687459886002546
3105,1,24.940668749169543,24.24365869915744
2130,0,25.06373125683178,24.36410432687739
6912,0,33.886575912314136,33.758751290137695
6698,0,19.95480264205845,20.346688028108037
4258,0,25.42682718021337,24.92133565882491
2242,0,23.37273336722111,23.060171170345953
486,0,23.158157560754432,23.261495565894087
732,0,33.49954832304378,32.95414049161828
8031,0,22.734526239159536,22.525259202366932
5820,0,35.30796174977484,35.65899219894874
8047,0,21.51042787288537,21.191188544045747
8674,1,33.94789182187502,33.38479425974688
990,0,35.355712641110294,34.946413492351
512,0,30.005118350316767,30.495006581309024
5972,0,28.704799793007737,28.892003025726595
3886,0,26.417967547192063,26.490290133191372
1683,0,26.397013725634167,26.592745447168095
8426,0,25.729121003705448,26.122011992340678
9112,0,23.302330850397006,23.49577713036534
4822,0,38.80759806942717,38.36879753739414
9738,1,34.89874033660794,35.26772864800005
647,0,36.04828011731384,36.09769058863318
377,0,22.475010313182185,22.586913019399447
7805,0,28.89430056881273,28.261878414333257
9947,0,21.96143241214568,21.76209995757251
9070,0,24.180707297449256,23.881196710617704
9412,0,24.782345625329956,24.917836413759723
6624,0,27.672198967995023,27.207050624582035
5487,0,27.13433005778647,27.610823706669027
2757,0,26.039273066669807,26.084595829972262
8338,0,33.8036047005454,33.627399673989096
2858,0,27.75924540832235,27.76484576222791
5824,0,33.65243571365331,34.484067926687345
7954,0,25.77843796271424,26.78445053392348
8044,1,40.972524925950545,41.28610365917611
2474,0,21.691638446151877,22.118490469786884
2036,0,23.61697075939538,22.885048464592426
2446,0,30.060308928797845,30.76953189999472
5428,0,24.284495425622158,24.220314075660415
4842,0,22.143248582315906,22.287247493381255
7827,0,25.02686025482574,25.346370311507172
5199,0,26.764746967752366,27.437510306402896
5422,0,36.935276097450945,37.464642944472786
2724,0,25.45011857759742,25.674643418590275
2807,0,44.91417585461156,46.57179194251381
407,0,24.579851330896258,24.56059714881355
1920,0,32.92992285078056,34.2571854058868
9004,0,28.507370032954057,29.38391150984704
1891,0,26.56168242096499,26.45033238018096
4786,0,20.94987290629889,20.447913345269473
4828,0,22.141565437192813,21.917054775429996
8526,0,24.216858946664413,24.57745876643517
5260,0,21.174318580935246,21.74112094207736
9287,0,29.479977741236787,29.73324347606984
8405,0,29.25694402814747,30.08651971978625
4478,0,26.338121850556302,26.76849044928023
6228,0,24.963661779989767,24.700313015680493
1379,0,22.87806727279879,22.738565228282198
7577,0,22.10756997606984,23.279019532351285
2269,0,23.857767659166182,23.98530672338
2988,0,20.17956915518401,19.613738970144563
9652,0,24.8459873711463,25.539087140262986
9653,0,26.627113343024423,26.242841113662067
5,0,25.5594963711207,25.448253653332088
6205,1,28.399389744004353,30.301481210226058
1904,0,45.90254196017155,46.6211628140369
39,0,17.759380216588013,18.49484341004748
4931,0,30.39307553044741,29.84821575400259
4378,0,25.917129997093657,26.495420242955113
7925,0,21.369182615061945,20.073435589307426
2770,0,20.034098215845386,21.06734383988694
5451,0,23.35687745084342,23.54185770539823
9333,0,22.84807362004336,22.78822447716501
8748,0,27.246155056860694,26.67048197242509
6229,0,24.38282747642461,23.822472637728957
3712,0,45.284905498244974,45.185634338071125
828,0,24.672324327247736,23.850865877222375
7997,0,26.42629287241929,26.86532100303941
2997,0,25.191792808599004,24.481741832152633
4632,0,33.12010758022599,31.71145997710162
2459,0,36.551210214862245,35.58084834607797
2189,0,38.99656799972104,39.245856465355914
3123,0,20.197871929801817,20.433599769423733
4875,0,25.876543257944675,25.69183357154187
2707,0,30.511921010495694,29.72020267427077
9334,0,26.869113886036452,26.584174819480847
5863,0,21.98753564704797,21.727316235335756
9519,0,28.11631306562549,27.70513254415237
28,0,38.307425175024456,38.03005381124234
385,0,17.591286281647626,17.420651339037097
5668,0,35.080916015699785,36.28654121963199
3099,1,34.97646232289981,34.924659469402854
4984,0,23.613801789026382,24.598250612608535
5836,0,20.503154790283325,20.31289597893145
2716,0,25.070443149096857,25.011536504314094
2411,0,19.463545892906616,19.108676247433227
2045,0,26.8019377660662,28.358092992880014
6200,0,33.00024863309123,32.68436547895919
1164,0,19.221801223609845,19.319781850835962
3202,0,18.916721363854514,18.832015419784533
9171,0,39.80954408779124,38.582778745161356
5450,0,18.07983318934729,18.296664270266277
1925,0,27.50358110488776,26.701944611136504
9019,0,21.63101669905496,21.046951426089894
1072,0,31.81205401620986,33.25307378716109
6392,1,33.79994481188045,34.24021110335742
1705,0,25.747198641809778,25.667392759830904
5174,0,26.815589629837376,28.264901518030854
711,0,22.13897282870704,22.143351380837554
96,0,18.378963650602945,18.374125575335636
9758,0,27.632573932050253,28.149869085204614
863,0,24.333533860846728,24.989143233725567
9714,0,24.706043375686928,25.378456558928125
2865,0,21.674701348727087,21.696597445805935
3903,0,19.546703202738797,18.312953147198403
9427,0,19.52953912343985,19.969414776760324
5969,0,22.02068298139638,22.260212894324315
7719,0,33.41454219696298,33.81674433298395
4160,0,18.36171950154107,18.48850155100405
2006,0,23.5896908818709,24.13408998107552
5968,0,24.732279744071775,25.12080072767642
9110,0,25.272887061414117,25.316547553293073
2258,0,22.091506172423518,22.004289157721804
3707,0,18.325881435842604,18.00130674584157
2078,0,30.663732538324375,31.697292247519492
5334,0,25.683271855948007,25.655434122961307
4778,0,25.017619103846766,25.374150797512222
2689,0,24.769057810826485,24.31389899745113
7490,0,22.240134050563817,21.823418898743896
5906,0,21.139283877471474,20.134343790166394
764,0,31.160968554007685,30.63572380654556
3420,0,22.226080346533937,22.0103813640486
1959,0,20.30242663020171,19.60758699172682
6555,0,24.34496986795138,24.22227502910965
6297,1,27.22858110378664,28.346695952965568
5115,0,29.78984663497985,30.270865150216668
7765,0,26.87040507467991,27.58402851564381
6945,0,23.047849121574554,22.749545133884432
6419,0,21.71947717028814,21.45551268660169
973,0,21.90344940876645,21.921613168708774
1851,0,22.086104754073702,22.492510833798143
5469,0,23.25641335358141,22.94623191329692
1445,0,23.388486219386927,23.418195232084265
6581,0,30.505196733013953,30.726275578292302
5713,0,33.568906700758475,33.43902766306088
9212,0,20.479917819450748,19.80997435819003
8721,0,21.719949356313325,20.750307092369678
3728,0,22.49137922280647,22.58725049391072
58,0,29.873282433797765,29.485633956580138
6525,0,32.33991478306179,33.30710470908102
4236,0,21.83846647515613,21.214900213386706
9691,0,25.90183253706478,25.389776302595365
6358,0,26.54535176187967,26.380413533886774
4065,0,30.35056172342457,30.655722196199385
3873,0,23.037998467899943,22.542170898782043
8287,0,22.754450120166076,23.767048720253992
5168,0,23.08565197573007,23.24896148460264
8309,0,18.32802837147276,18.560338327543313
9181,0,28.923701944679102,29.676186080936205
1717,0,28.588060444121517,29.036566039828017
4173,0,25.203998614294996,23.86992534814899
980,0,30.119591964443565,30.480993938273166
2537,0,36.38001594526002,37.43025157001659
4178,0,33.813419077210604,32.8488645950764
4126,0,28.257062690969697,28.32618390239766
6737,0,20.803288629216972,20.26268242526172
5880,0,17.340955472428988,17.891433100209262
1179,0,19.102180728236892,19.025638553428845
5360,0,21.86902708941988,22.32530487469752
9708,0,25.576502583531624,26.55060494246969
2455,1,28.253693877684967,29.133292162067626
8195,0,31.355931691941116,31.579379543056906
1273,0,17.55747643157425,17.88889001567956
8877,0,29.518807520195505,28.42291116325624
8410,0,18.472434904115854,18.359232151994863
6877,0,33.55529111791798,31.99780272407758
1233,0,20.37584953027056,20.09821327490233
7127,0,28.458684561084475,28.473241119468433
6402,0,30.721216972443525,31.58718429850701
8325,0,28.48215755074018,28.83672402447461
7369,0,21.95517338822796,21.81508390091028
4794,0,27.245306598444742,28.029939705598725
9885,0,33.35251384846552,33.65484554623659
5445,0,26.478454206357046,27.117674827985642
6166,0,19.805586401023533,19.15429598546852
26,1,26.545394414676856,26.09396988080144
4766,0,28.64814208761393,28.098694444661852
3167,0,34.1259445418759,34.94725248824041
5571,0,28.42145864375609,28.283914745205113
8815,0,29.83900185906206,30.025402801158553
2756,0,32.870376519282146,33.04628061219944
5929,1,26.732209365543525,26.859811426638274
3668,0,32.84175058468407,33.46272905241437
5383,0,30.90898930938424,31.426462474252286
9579,1,26.088657191436788,25.757407941827406
6708,0,23.106158099398005,22.195262494379975
8416,0,23.342974559798677,23.482009683299022
7768,0,27.51643390862556,28.666206334452205
2111,0,29.602462524897344,28.56687199790459
7460,0,20.096730888810196,19.99919408694747
447,0,24.44621853462713,24.475401999236936
4187,0,29.73055729431536,30.14583532682498
4684,0,30.71071182647528,30.025482799635864
9174,0,35.83894014835161,36.008197835706994
3245,0,23.033220158274577,22.816166945186087
8008,0,23.14604537116131,22.678700625921962
1744,0,32.80095749192797,32.60628079468784
6454,0,25.557112541246187,24.86444434690814
1522,0,20.29861422814899,20.15976337872142
8836,0,28.652576231071357,28.56763006192678
5287,0,28.07656287925236,27.649408400048838
4676,0,31.68045189362428,32.04586284357518
56,0,38.70517705114507,38.52396168738899
1038,0,22.32836736498961,22.75827757636441
6720,0,27.012989014154,27.21708645202013
3502,0,22.522313338361094,23.260259598399767
5033,0,20.862279493997306,20.934850631204156
262,0,21.629905564527338,22.22539792085525
3614,0,25.95446314476783,25.43731356101005
4513,0,26.064874693961222,25.693116543293282
5569,1,40.896063481821166,40.10693426418788
7536,0,37.7097950518149,37.68243757013986
3272,1,25.996319498967512,26.07444364892104
1970,0,19.941993568288883,19.880641546818957
769,0,18.616752570177443,18.19297403964817
9692,0,35.011656554693126,35.074686685069814
9030,0,25.805628706414403,25.86016861870494
7865,1,35.97517023732811,36.51927758588943
9584,0,23.376861411454463,23.17033312548386
1780,0,24.799537672709366,25.697198066074016
6801,0,20.776914340888165,20.778483100444063
5610,0,30.970339196092954,30.261350209920685
7101,0,19.71892980020364,20.58853961908128
8191,0,30.263175796547035,30.214595253006213
2879,0,24.21316382066852,24.794805255458705
9226,0,25.334961435621825,25.64287684807696
4980,0,23.27656603014025,22.80021256972798
9302,0,20.745054170636077,20.329579700146727
2371,1,37.3309377478124,36.4946632775796
5956,0,18.116986397922947,18.732085726270796
1932,0,25.34256801601874,25.300501737430857
2412,0,24.386641934231296,24.576261281370897
4360,0,24.54599498364021,24.030953466117804
5882,0,26.807648768946382,27.286913282359997
7431,0,26.220861835094702,25.448736241086813
5113,0,22.66361694234272,23.722224212803297
896,0,29.43545913259716,29.366019530091915
3414,0,21.75439090234028,20.824867588300197
5358,0,34.52232432130891,33.29526269694459
1975,0,23.123191374646375,24.001760029741224
5007,0,21.503512840812895,20.989664799405727
3815,0,26.773328344927453,26.783715646577175
9550,0,27.106363389969612,27.363185422075585
2500,0,31.66412553918464,32.4414025712937
125,0,18.837215060398805,18.388307732422163
2671,0,26.580075121888626,27.33381297454244
1670,0,35.981472365417126,35.64589994000119
7622,0,26.58386664314646,26.34379798920535
7492,0,24.16554194640431,24.10240091599351
3047,0,29.048078611544074,29.322633874742166
6334,0,19.797582368741875,20.289093423593155
5721,0,25.18040086839513,24.46363230829497
9447,0,19.89775534606617,20.232338872025785
4093,0,30.36176457343646,30.390497197410408
1792,0,34.52644649001916,34.00398817007176
8327,0,30.12399862751471,29.933735642630435
2498,0,25.816207253973136,25.393638559610153
1835,0,23.547404298467402,24.469133780510397
5665,0,31.74763544671157,32.2556565391229
1608,0,30.705987039608683,30.881192069899413
9882,0,20.91958031125913,21.351624154300463
2580,1,31.061528627691306,30.661499764356243
6479,0,21.322050596539505,21.273279539644857
6622,0,24.258627970286337,24.07239195359879
5832,0,27.961624470449898,27.687701456747888
1483,0,22.86466914565204,21.67148406443378
9424,0,26.063700055809555,25.40060568412411
9869,0,16.89953631304537,17.906987288186627
9815,0,18.215622955570904,18.046962695244407
3477,0,27.72676365662619,27.087352904189643
6208,0,28.78934303741459,28.61724723179479
8319,0,23.658574910156563,24.071850365633633
2222,0,30.55589326524761,30.827276862586626
5354,0,19.32931702606973,19.743064013917174
6330,0,26.637655529287006,25.97290699036613
7553,0,18.99573538572184,19.13109113845597
6901,0,29.607427014371986,31.295569752336842
8098,0,18.07170942331894,18.067871165503252
304,0,23.600961701121072,24.726173840209118
8676,0,23.727372554744676,23.091433872026215
9049,0,33.82832950529245,33.42896079772344
5785,0,30.2266292707009,30.904859975449348
4070,1,27.337381996498607,27.597180866153845
6744,0,26.377928540770174,26.72505812836133
4489,0,37.948590469113626,38.45890423251241
303,0,18.980935760803522,18.592176018130505
867,0,21.381476553619983,21.713140748630824
6759,0,26.561053450659145,26.018938637163753
7363,0,28.02166055159031,28.632188393332193
4200,0,20.603791074763144,20.40078645459743
3547,0,26.99696945338209,26.554028996746577
42,0,23.996856413562586,24.541737618425795
7154,0,32.77545696805976,32.587891094948375
1111,0,20.13549842901113,21.07668683706476
1725,0,26.329719722439425,26.07706234265123
4986,0,21.995053137815425,21.705019024146214
4436,0,35.0841658067401,35.21089868003592
8363,0,34.51859992362291,34.533331565304685
5651,0,36.13160709981669,34.116685569033095
514,0,22.73528373864984,23.05794340598562
8496,0,28.261427455657426,28.75958676219169
3706,0,28.32221712715787,28.148517319807976
6597,0,19.630032671379738,19.51470054887923
6170,0,21.90950569869059,21.600522121924403
4835,0,29.100806375131498,28.87372344108274
9898,0,41.48975821238621,40.90748395331551
8452,0,22.30728617014654,22.31311659527753
5768,0,29.869098396212017,29.217122882652163
8826,1,32.169382926133196,31.874477366596423
3524,0,23.78248288936955,23.64488163991255
7087,0,26.057885296780455,25.88608795822497
4294,0,34.68635993311927,34.88840489266088
9851,0,24.529370011352764,24.97522507454936
5573,0,29.914193232323246,29.505387303692896
4101,0,30.368910824859157,29.54865280241446
3400,0,32.48351124462644,32.55590338313381
6825,1,26.705342250651807,27.97639418537787
4929,0,24.16808621559637,24.767454354069265
8306,0,31.238199155979604,31.458477629932943
7026,0,26.510462233735584,26.374845658867894
628,0,24.974261821649392,25.4147689646026
6614,0,22.906191784534194,22.911317566848037
4712,0,24.64728754630255,25.422339399176554
2562,0,26.489130524304976,27.403081486874974
3218,0,23.84318285335359,23.441606248340925
8265,1,27.0400602830904,26.838187101131343
7019,0,23.63712685402641,24.364343921634216
3632,0,20.525286406228236,19.905752047406903
6680,0,36.75597242130314,37.031626777600884
6842,0,27.712225078550897,27.846443366071117
9755,0,17.574854443637797,17.87191369580551
2281,0,21.241303088813424,21.70204409029434
4136,0,25.13311427071435,25.766358064572703
1603,0,25.765316347447712,25.114864093210844
7728,0,26.243589542878773,25.06137223860638
1381,0,18.843557233622718,17.744824662771585
1191,0,30.63481869737643,30.40446617077136
1084,0,24.32098434243216,24.385279653160726
827,0,27.196780020687196,27.65310603024792
6975,0,20.849580278579587,20.56575570748978
667,0,34.98156808273968,33.8207709982194
7838,0,28.58459493888328,28.955435801320586
4542,0,29.841408518198204,29.804687449596134
9068,0,26.9769602304109,26.29534570476252
9161,0,21.91308338480767,22.983253503308962
8581,0,25.369264707307696,25.772836981043238
1028,0,29.530806927865278,28.93869819840372
4452,0,24.24470560228165,24.294054831026823
219,0,25.431602553935864,25.289282231264245
8682,0,25.78205628905605,27.635227500005843
5702,0,23.478151892363307,23.68936244523823
1196,0,35.834480832617615,36.762441437644455
5453,0,25.10371941657051,24.595881141146926
970,0,26.91620005983701,27.856152901889367
6883,0,33.82846343918641,32.898996962879444
7711,0,24.38959817814675,24.48566546712929
560,0,18.57495913085758,18.774318903547897
5130,0,32.44941001478515,32.02740583110628
9407,0,22.507584073663644,21.167086529660658
2642,0,20.452639057589188,20.42751015358518
33,1,28.88093999219539,29.461735756928288
4268,0,24.69376813467644,24.29828714966684
5575,0,26.028482109595863,25.57836114399036
7910,0,23.758544114214256,24.63291973667913
8803,0,24.786174426098544,25.138235118725774
8834,0,29.982786761635378,30.086987840214515
8840,0,27.70848037603618,27.475272737983417
1513,0,22.92788107509673,23.122598137553037
6677,0,20.486035451936853,20.432271245648533
6053,0,19.92195236405957,18.980242332379344
5278,0,41.806867076533536,42.343689555018386
2504,0,36.1252598232745,36.90003719405139
7788,0,21.749690493989192,21.311354937251053
7928,0,26.405826566139552,25.775273819664918
9757,0,22.175787111660362,22.265621529435588
5361,0,34.450445586070416,33.48885674673997
8451,0,29.314552435567343,29.523623887505188
4891,0,31.488483466711898,31.163563088398178
1720,0,28.764469234177337,28.390744599794335
5757,0,20.37076864112001,20.851304290228413
2530,0,20.38652520844322,20.685222123176555
9656,0,23.747133726441476,23.093257676490392
6285,0,31.744392136343308,31.59140261852206
544,0,27.683822320351084,27.959353785136965
4049,0,31.00483763365398,31.038214532961767
6413,0,25.019510135013636,24.40648725436619
1634,1,34.78544772043399,35.25168983218822
9585,0,26.826082113047686,26.42802707262357
8090,0,25.14498985577534,24.900278778157812
2168,0,21.407807227750922,20.86964333395219
9719,0,19.917631958461786,19.994412357659257
7027,0,22.141185548513803,21.80553590543289
205,0,21.309880636002905,21.34620357529859
1265,1,41.495581581555925,41.856055714547615
7304,0,27.897558117324856,28.59633416841156
1826,0,19.467484056249493,19.793317052702818
2163,0,19.854767648115782,20.159077908823456
5687,0,24.329750341790188,25.577850011698906
2859,0,19.241065625901413,19.261602700643067
8280,0,19.857374591221852,19.45945720989113
3098,0,35.81705199561734,36.05817798207224
7567,0,26.458238179708726,26.764138327483646
9305,0,23.80002315222202,23.167525637152078
6213,0,26.566927560299476,26.7963965326568
172,0,16.5958905915384,16.68540064685328
6527,0,21.06754996481286,21.07987954973367
7302,0,17.79124600898381,17.70276959826063
4446,0,18.29917459585921,17.912456915897184
8407,0,20.738016509146647,21.32387335869255
7497,0,24.221623513553943,24.1632211784396
5036,0,42.39026717835714,43.70294289415098
2042,0,28.705449546940915,29.509400128304225
7807,0,20.54709414203487,20.61001109948184
8482,0,26.873465602543906,27.02731571216819
862,0,21.17253139745712,20.76564111369713
3495,0,23.130462437776814,22.802756084735506
3162,0,25.084717549253455,25.47201613289238
6928,0,25.248881857989144,24.086341064573208
1444,0,21.267413518302984,21.484199092287454
5286,0,31.89398864391336,32.28378297990348
930,0,22.141337806322056,21.900005386161528
5942,0,21.84005971398588,22.26015743590242
700,0,22.42459166666116,22.012261742508837
9378,0,23.275047210348443,23.40108931991594
9695,0,26.778477904105152,26.921326681788436
3459,0,18.968781526519987,18.97858933405785
7672,0,30.905486794924805,31.709296669374407
3593,0,24.538095674368197,23.852228072545593
6557,0,23.774897480669225,24.009765790269917
4731,0,20.777984379818985,21.06759775939339
2510,0,31.467803123178076,32.050445145444066
7790,0,29.85599289094385,29.866738138481445
84,0,19.813310102807122,20.176224490554443
2842,0,25.84253868422207,24.97908943162997
2488,0,29.66392798903723,30.56708448696357
3746,0,24.018806819227407,24.113976473195457
9382,0,22.730742307620638,23.796509027303916
1272,0,35.242285999964686,35.77851590930527
9452,0,27.209426893475175,26.933091690793393
3395,0,21.731923634542955,21.16840482769069
9289,1,32.3276062144639,33.302141323782095
6920,0,19.57156577219668,19.83699461218901
7299,0,30.190951836015714,30.071823690302285
9275,1,45.24725781570671,44.40092574433316
9751,0,23.425520607730878,22.594099682835154
8799,0,19.83613392659801,19.14259753403498
5781,0,20.266580982710497,20.430848167668845
3846,0,35.47032513092488,34.98712041652954
6233,0,22.712184716862446,22.629069281977134
3144,0,22.620679705666316,22.897237460144307
1529,0,19.514622240770326,20.04616244409397
269,0,33.57902766989592,32.79759749608829
1950,0,26.177453360300355,25.197501405331334
5350,0,25.565958966765418,24.59621549255994
7005,0,24.016617070934508,23.273770244644425
5400,0,38.19398686039169,36.50629077103664
8459,0,40.65386823695705,40.17562999551589
2104,1,26.896415195016655,27.920797538994876
6767,0,26.471753967655246,27.248546897064166
4238,0,24.35081574824069,23.88603491703264
5686,0,30.452675796360264,31.265300372623358
8124,0,22.449963773473208,22.61100355734024
5327,0,29.666249821981374,29.739561652776203
300,0,36.316139986191956,36.547580269552675
4079,0,35.14763476465276,34.87812470593003
9423,0,49.26283545960186,50.23696198820104
4355,0,19.677169562138815,20.088303261199577
2805,0,24.973078385957013,24.507217819515756
1401,0,21.40143696163297,21.40608614426444
7903,0,30.28030134511092,30.45169600794626
3887,0,21.2175763573742,21.749756934573995
4393,0,21.99851571376301,21.842589734814
9651,0,27.72115012257174,27.944200298620913
1218,0,26.901062686463426,27.157849619024198
6755,1,35.82374989225217,35.55606272200147
4736,0,33.97047726210771,34.071813559025514
9221,0,18.676570351431515,19.40803433834401
2613,0,29.64938505105316,29.597923503298176
1282,1,28.04346612092261,27.672048993000857
9917,0,34.95007355459738,34.62941868429116
4047,1,30.82832171981824,31.160218360475724
8835,0,28.391300713593232,28.606644093999094
5980,0,34.96657285951219,34.8201337660674
6375,0,37.98962996357824,39.219151803212604
4735,0,26.67106263075869,26.58552671692348
8140,0,28.852644865310776,28.122192627903637
7401,0,28.492496720971243,28.404667073636325
6182,0,25.91322750778639,26.25732749912922
348,0,20.605070342508625,21.582797568233204
8594,0,27.743801067830876,27.599624033014752
2398,0,25.701643996168134,26.988244042127874
2393,0,20.666738983283533,20.08888107533591
3303,0,20.85801631031452,20.147202148775197
2110,0,33.77866242598977,33.84357128296581
6869,0,30.02797227749425,29.69217902446811
2547,0,24.940176009125192,24.34876150835629
5075,0,34.820223761876925,36.4715400658025
4263,0,19.15992165220033,18.54620142521743
4975,0,23.20111984320464,22.416351356265515
6407,0,29.73739419892799,30.202863897566782
7151,0,31.516515975068362,31.5962497660531
4911,0,23.303935620337718,23.028726009724057
2683,0,29.046834530810976,29.58239756694696
6612,0,22.843328651069058,22.770753169761708
6635,0,34.60052261340342,35.05238893005649
4062,0,32.23839054364169,32.885982749631616
9485,0,24.87724489407795,24.368263715335594
6554,0,35.00496197180106,35.355070252042914
7650,1,35.98888549688754,35.70827154029853
1777,0,20.942320687891606,21.036803469430776
2854,0,40.53131430585678,41.21181233742478
1107,0,25.68374806528243,27.163698944571962
3767,0,22.962082307102698,23.693558765534515
3069,0,21.905560368311612,22.66274182050945
7609,0,25.12087260637509,24.668297598519125
7425,0,23.425075223537995,23.583560943096533
5318,0,37.846006141100666,36.92646385239922
4668,0,26.411810026050134,26.803768948853126
1995,0,26.31517754699049,26.063279992853275
9862,0,24.457301039444314,25.136993149498302
3519,1,28.351433535571857,28.8291222473982
3748,0,23.151959327416588,22.910336620311817
9063,0,37.35763381859915,36.83488275854825
8099,0,26.112305453344305,25.905664928144017
8143,0,25.864212007602198,26.93319312407608
2821,0,38.752404989235856,39.14694410945135
7889,0,25.14022021962815,25.56953271504318
3822,0,23.85777726458168,24.569188444280556
8887,0,29.135371332361437,29.631342499166106
5066,0,24.272397325655117,24.56159448935077
4241,0,21.934002908263377,21.814154116641053
6395,0,27.89297587180897,27.797286500134515
4709,0,34.2728958041569,34.78421203662101
8472,0,30.013148185120784,28.715373005382784
5189,0,41.82462873692964,40.90246369482866
4838,0,24.671646063258127,23.967954055337863
626,0,35.152897446823744,35.2523589727066
2485,0,27.962668214720562,27.945829838039955
46,0,27.524770041685056,27.65276797218999
8487,0,25.536772369979325,24.671748915177282
1020,0,27.33112369544343,27.210029493950096
8961,0,28.412040418088406,28.80700398335185
4845,0,22.439041858268414,22.95535175023442
4787,0,34.82933493848386,34.85387070394855
8101,0,20.81679614429938,20.494545373817406
8919,0,24.002164465450463,23.938250761311902
952,0,28.815743364564256,28.333671957122085
275,0,32.797488787720084,31.713477308636904
3573,0,38.74252681722634,39.25914095639605
4830,0,25.23956882907173,25.443538152750236
7662,0,24.182624852922913,24.041398417363457
7826,1,40.69983170932226,36.784338446568185
1762,0,26.07305593948037,25.889073127151146
8706,0,28.438303846974254,27.502230252872433
8475,1,25.97145940212685,26.773524599956747
1090,0,34.09138123936133,34.55503180526665
3771,0,20.259163138325224,21.25248666360331
2069,0,27.558523842510628,26.463903753545882
3107,0,24.706592471696098,23.550154133776903
505,0,43.05928341932673,42.80493248227065
3173,0,25.095769310244947,25.458414343566663
9950,0,25.616569868659653,25.876748346323208
1927,0,26.273762972685773,26.865899985589323
7773,0,20.87085718066355,21.329321095658255
6880,0,27.176729776242087,27.53755698446956
5733,0,24.544983746376275,24.266454832457736
6030,0,21.192826703625812,20.76272074969286
9586,0,27.824441705595564,27.39353968493471
5200,0,29.23787884853541,29.579563614869958
4660,0,31.912875356170638,31.35157719330046
5456,0,32.82041104306834,32.601729718648336
2609,1,35.227650643417505,31.67104783842738
6895,0,31.10582190553557,31.664629298314587
4638,0,26.817218132973927,26.521826033798693
1064,0,24.736566100613807,25.02972193322411
8045,0,20.726167614494354,20.721283421362024
3463,0,24.37845989133778,23.311036142459237
6048,0,29.456076985569837,28.42124185873271
7574,0,27.088916148287765,26.982015258347225
4021,0,19.83897538518166,20.208972472634777
5814,0,21.28336107544866,21.560733822353253
6190,0,29.174571740568933,29.252695904240223
8776,0,23.616792466653862,23.692983589992348
7327,0,20.708277224231907,20.86838546265181
1368,0,23.58088753377378,23.684965298354374
4210,0,24.06078831263323,24.18467296268355
9625,0,24.373016894059294,24.231537235018198
6746,0,23.679130791690604,25.060740559391526
7984,0,27.18897903459807,27.301971112488822
5736,0,18.890277588268532,18.930224584260312
152,0,24.490378408383947,25.699003710177486
1093,0,22.702648954068106,22.532430793503227
5376,0,23.406370558120333,23.387691328886078
9130,0,35.02108508060017,34.28624044762212
9118,0,18.01571498217104,17.642542757749077
4694,0,19.29256859976861,19.702604834859372
2114,0,20.118642407031416,20.33786227536251
1897,0,22.004436885032785,22.81163296690067
4239,0,28.978408407941703,29.843475170300543
5831,0,27.004591775536724,26.747742268381295
7329,0,30.65036157106157,30.44621344619718
2468,0,27.964120017070243,28.279462223145543
2880,0,21.19887545103866,21.637683897105205
2072,1,24.719835880512935,25.37390579459552
5695,0,24.811998584565348,25.306795614966823
8567,0,20.711483920343237,21.36085706986605
2884,0,24.582396127031572,24.428565547719785
2052,0,26.20780750274843,26.046657866529713
9938,0,23.950948267136816,24.38834589579992
3378,0,25.426761694196717,25.251668297296987
6446,0,22.66155994535086,22.724183597617664
6809,0,33.2700128425597,34.49983303344959
9849,0,30.887681774573316,30.9859403501951
5765,0,23.99981752854421,23.88439343185638
2494,0,22.505508074194978,22.046925081244172
4487,0,28.661600611062212,28.300501125614687
8995,0,18.9274820047936,18.98112590280347
3839,0,46.67127589856387,46.09439184597945
9587,0,19.52517221472849,19.764600225753828
5192,0,39.261755145630566,39.0937865615505
3972,0,43.308331942649595,43.34356867790883
3744,0,25.32149435530261,24.397348660368998
9721,0,26.070192420404663,25.888641347458936
2173,0,20.79298185142694,20.0114154817625
4001,0,25.347636136948413,24.570006467645335
4953,0,26.779829528867968,26.723202776197237
6944,1,33.2573908436819,33.338221344497676
2631,0,40.246675606334364,40.580303183943016
2529,0,17.08920475155062,17.462390378879157
3563,0,24.701997043796148,24.52417656122044
5434,0,22.809022669547343,23.257478108988213
3356,0,20.640191501937224,20.337016396143405
4183,0,18.90335950608034,19.886555447246984
2256,0,25.023816021300707,24.902851979950512
2636,0,28.497510880213127,28.64963533397716
5470,0,23.360052795504398,24.082919028121186
3403,0,30.25656939466843,30.551174279885696
8540,0,30.405394731527057,30.34165587448417
389,0,22.572733751223826,23.02929666323529
5229,0,27.50521087180995,27.551391065152874
24,0,33.62084627043381,33.68504178813385
7617,0,19.520707506852965,19.8456153622271
9138,0,29.415286073578375,29.552007964371338
824,0,39.87389462372452,39.94443574888228
7132,0,19.71296487324901,20.597593765919974
4730,0,19.712354800190834,19.39821070372708
9848,0,33.410722850026566,33.111740247585416
1473,0,21.394305390849265,21.79322876906296
6448,0,22.539493299977796,23.152175215982492
7487,0,24.924817212472718,24.761985589196755
8080,0,17.794400885662945,18.57719587412945
2818,0,27.425539206530612,26.317019444814502
1828,0,26.95667538154657,26.300486339645534
3904,0,35.21310236477855,36.443766807711434
881,0,27.071805133770674,26.14606407789628
2820,0,30.341882297046055,29.460355742657008
2059,0,22.216848107699594,22.1605152056224
8214,0,26.23107072792056,25.377815340943123
5970,0,28.181852343806995,27.655074792923752
5054,0,23.944363208144107,25.276874515877488
6010,0,25.651184679246377,25.004821610519784
9377,0,29.685251909548803,28.93931438433595
1383,0,38.190806027449064,37.78726821998656
405,0,20.702332361535735,20.385265923154535
2544,0,33.788792886288675,33.94880727570169
1347,0,32.24868601330778,31.92649434896956
7140,0,26.715560249821024,27.205026207432425
4715,0,28.87227903804785,29.482078290184457
381,0,19.841723592745822,19.443704876927637
9406,0,24.400780988280392,24.49738844315163
2606,0,42.7792218104555,42.53367417971885
4461,0,28.20415774861878,27.72108990684036
9894,0,20.07284379269526,19.96947232034469
1005,0,22.6206300464511,21.76204789011256
1816,0,29.831808749475687,28.748546490386186
8996,0,28.966940074164594,29.095764725714805
8339,0,19.333345384402975,19.828273193025687
1199,0,29.05994677199923,28.964250048531902
8583,0,37.51612330666962,36.889481421659966
6667,0,32.451257141613254,33.28361221951121
16,0,28.949325310210757,28.08925750504149
7823,0,20.85630930333581,20.98487279079238
3200,0,18.946459248954653,19.325779654819073
6480,0,20.125804999557527,20.376777959127306
6905,0,20.714890833801224,20.545130124863018
2047,0,21.37634730407156,20.544017217675464
4454,0,22.24308614176953,22.16224619127212
9756,0,18.72382384881918,18.99190374843875
9066,0,23.532427577564803,25.511656255420302
8094,0,18.85924921646985,19.232824899819104
1441,0,35.11958564840877,33.59422532748486
9812,0,22.42140010064476,23.26877009014835
7203,0,28.759824199714398,28.97902760015708
963,0,24.198706265779393,23.832216739757378
3231,0,21.841303746359642,21.505364915259815
5598,0,27.28033748535093,26.69471707443014
9259,0,16.813037195790695,17.49053177852189
7653,0,22.427724918547295,21.783800116147184
7344,0,23.34781550456873,23.353191503188135
2795,0,19.669327732232667,19.866570056263434
9297,0,29.433915789860585,30.300399380723068
9180,0,24.563419805555476,24.677873234242952
6101,0,23.7040543091493,23.483353749014206
4342,0,21.37009331669208,21.13888656478379
6595,0,20.777866332891247,20.802306919958784
7114,0,19.590351852219577,19.866989642633765
9188,0,22.20621814216387,21.439756506792286
189,0,32.119957562840256,31.485694994344584
6800,0,27.340364739219876,28.18752798299176
7509,0,27.14651624984147,26.90065679491329
9208,0,18.512924109465956,18.56417745124135
9737,0,25.542624627369126,25.37114754989336
8423,0,25.512267127665787,25.06564461795548
6201,1,28.63475746063512,28.395920786426576
5205,0,25.67098641899569,25.39226144556774
1422,0,31.804931014665055,32.076886099698974
8171,0,20.263078867755006,19.940842232173058
587,0,34.05754249758496,33.78335995521743
7615,0,25.473195808404142,24.62531594212699
8510,0,33.308162559874674,33.50998639027551
268,0,20.214142434736125,20.380302355703932
1819,0,21.935732779608927,22.104343920699993
5194,0,25.15791904040401,25.282192453049323
2569,0,42.43082364103835,42.4720785804273
3130,0,18.814434360683798,19.286141704093883
899,0,25.97278886581433,26.824822482747543
8824,0,26.20694671887493,25.905799724134017
295,0,24.16002303756278,24.926433546460245
1852,0,31.438523643169162,32.39868229703044
8132,0,32.97175318050365,32.355085877724356
9075,1,28.522066854562226,27.7704666601306
7094,0,26.987285297077186,26.98498605671437
9570,0,28.99882984312859,28.380542894823712
4595,0,20.217756206963728,19.356571120951468
1296,0,25.367744263697006,24.565556338495668
6578,0,28.879984532930717,29.709676828131176
1786,0,32.890623494568665,31.993803462902168
7041,0,21.33049106482311,20.92318368307188
5356,0,24.535337296947564,25.312651771699336
9666,0,26.789750917229735,26.905416841239667
9994,0,30.065396458282397,29.831188088001895
3311,0,20.639814766037752,21.026239177861566
495,0,27.118520667770568,27.21953406159369
758,0,24.03656798334303,23.116284419234738
4485,0,31.687597789659097,31.80484409364347
8412,0,28.44586713633122,28.6459877649497
2012,0,20.45699295165824,19.351624291640963
1962,0,20.50063645348279,21.680289672518008
8738,0,30.949507454491737,30.45906262572655
1041,0,21.17022825580948,20.74731333128594
1579,0,30.569027923701473,30.128079586076385
755,0,21.92573751295174,21.705943772700245
8232,0,20.55278609914258,20.895410537000664
9476,0,16.632916873963968,16.111943158190538
79,0,31.77957624348151,31.969539682885486
2647,0,20.336921978854324,20.334461195849848
2930,0,25.59613843096709,25.35761286265701
5353,0,26.09127488960871,26.048280912209353
4045,0,33.283130748235116,32.69016132885357
8568,0,26.82608684964331,26.411798029027207
9739,0,27.25666251257864,27.78730438073638
5368,0,29.439093122802124,28.985381142132287
4106,0,22.540692827941236,22.171722710599752
158,0,33.386662482923995,33.639375129293065
7695,0,30.224020050997964,30.28675824677244
1578,0,17.65175020980691,18.882486134735114
5762,0,24.4750981369715,24.528558676322213
6032,0,36.7854530267213,37.73081245775285
9144,0,27.15502458533579,28.052221419922002
3353,0,40.19196247505166,39.65411186184718
7398,1,29.935744660194118,26.19726370497076
2928,0,27.208005576869475,27.269768874562804
1569,1,38.34691605106679,36.67918858419714
9983,0,32.11678575970797,31.698636930439108
3829,0,33.15359271239345,32.6455370244935
1612,0,25.751218922720227,25.390482564655365
9375,0,27.347812409751945,27.567886037799912
7231,0,29.031126812023192,29.448893666398416
8364,0,22.59576440069469,22.75051045634287
9747,0,32.16974044030189,31.756822921194175
4546,0,34.14536378022644,34.53816147456211
7819,0,30.86077376534277,31.421697403900932
800,1,32.13603809333323,30.973465275155004
8626,0,30.864581962570202,30.694451564712143
9326,0,23.604091234581674,23.205814167938875
4988,0,24.668447096509464,25.046278627506513
5521,0,33.80868930014826,34.23009188993037
7248,0,28.498633638162506,29.05966606704005
2869,0,24.68148183534862,24.98353031895858
1152,1,37.18177051306841,37.00267638720187
9759,0,18.387361575168804,18.225450835109324
7159,0,33.49939211329395,32.98728482338122
2426,0,25.628179571533455,25.47803974330656
6995,0,24.469700570487813,23.44001472494142
3998,0,28.42410137851604,28.214962106691022
2934,0,22.98541368526258,23.515417133160803
5553,0,30.255862909822334,31.450761053749513
6075,0,36.10702290503858,36.12688830171482
2681,1,26.195895785300273,26.903948105213882
144,0,27.426671254102416,27.379351391460304
2637,0,35.54719658096675,36.63510553710571
6078,0,27.937926104367563,27.426016851234568
7963,0,26.298863642048577,25.812103532422437
767,0,22.379739867675873,22.104993731871694
3858,0,30.589909233307644,30.76902673995653
3680,0,25.37892310158531,25.59548419074447
4963,0,22.727549417516762,22.724655405941824
6689,0,23.316088197458598,22.992950734956707
4163,1,31.92166473486126,32.612788809717706
3264,0,24.708881281165016,24.053955310213546
8604,0,23.886801836540627,22.68537527061911
6073,0,23.292461635593035,22.48157802847445
8628,0,28.455431448219425,28.557455798728867
1198,0,22.209977287687202,22.934183667459465
1723,0,27.179960945541882,27.11555855965244
6465,0,27.592332799459165,26.808006068277734
6183,0,36.456407001811115,36.14683103998363
7119,0,23.359946421133913,23.009932463230772
5731,0,25.617074357959833,25.903577613387043
9453,0,25.732079575664457,25.961540218763083
7960,0,27.035680392315133,27.709571527162012
3718,0,20.726246998352515,20.230666295796983
2097,0,30.030189562835275,31.112151739235223
9683,0,25.06225941034746,25.278661011097057
3291,0,39.94139301342388,38.90743195852539
9838,0,29.683474500951206,29.065647014247308
6221,0,18.990129698698606,19.537942180817037
4361,0,24.350788986073017,24.243565906533227
9431,0,27.54878692082832,26.785982218436693
3905,0,20.425104166778507,20.008944569144195
8981,0,25.01183731949844,25.47931184119584
3780,0,21.174753557696036,21.724585321548908
114,0,18.66855249171808,19.22992011624021
9115,0,19.266403717141163,19.1319735014031
3103,0,20.00767461505323,20.04022622277269
1427,1,34.908901761609215,33.963090141734654
1934,0,33.85773417224394,34.002774641290266
215,0,23.867320715679497,24.549678479547975
5316,0,29.43936149466679,28.589006312892124
9109,0,25.249587046906182,25.77615396352769
8587,0,28.659821202757612,27.98174540507845
3747,0,21.96961221052146,22.597857257442357
6396,0,37.95682567540123,37.380032637711
5606,0,26.94770159388939,26.850798250641244
1487,0,29.618274193238726,28.78157336559644
5504,0,25.66831014643598,25.900337039244235
6593,0,48.13319920906179,48.24697227467537
8188,0,20.614989001336664,20.037554169235186
2777,0,24.90853011073997,25.506092729688383
5941,0,26.13677721160294,26.02851534906879
4414,0,20.81827953443493,21.427012546113783
6725,0,39.44949247175345,38.70102644526861
9822,0,41.67247959275135,41.33010671337526
9051,0,27.843497075546217,27.149387855902603
5104,0,26.33239904333606,27.076817400751167
7170,0,24.881790913847894,25.440822862402257
1690,0,27.416654385832043,27.52777498455255
2971,0,24.340364271913177,24.30000360387707
3920,0,36.484252262097954,35.891873730059665
2226,0,19.911494475557657,20.28316705400633
8718,0,20.605776619237755,21.65011200808668
4584,0,21.143820516109763,21.01581362477478
7892,0,29.760288778720376,30.664004432711835
3916,0,37.025304747329855,37.53629346560737
6876,0,22.160108008532266,22.45755711585803
426,0,20.06036972386159,19.959769507971075
6042,0,21.932501539678317,22.386243879908143
9267,0,41.24853092606717,42.032513987012635
1142,0,36.89712973155214,37.249579217582436
1467,0,29.26359180014612,29.312229062234376
5965,0,20.946385773702684,21.09140407793857
664,1,27.456678242612817,27.737659181358257
2022,0,30.338613825271665,29.956061677463232
3958,0,27.1343296683205,26.871699742185477
6223,0,36.00915769052266,35.19645911336313
8792,0,22.308937463886622,21.78797447672193
9979,0,25.47150711365429,25.366006793233485
756,0,30.679482893646977,30.156272876870222
242,0,20.344520652595662,20.150835402060924
4254,0,26.275462730601916,25.854348779868914
4664,0,24.73400500613593,24.12716267870135
8723,0,21.201238525494144,21.2492969613185
6477,0,28.1577188323394,27.467569018882905
7303,0,27.75342855282221,28.3472423961191
7268,0,18.930220798501985,19.297886544329153
877,0,31.33506418079765,31.117465882100817
4672,0,20.036581211861602,20.042120927451418
4809,0,22.09675954674335,22.101536916608968
141,0,24.525222273882537,24.307008239750292
3774,0,33.063908870358674,32.40186336043229
6988,0,21.800867548804945,21.844315560226857
7337,0,18.94827062882755,18.182442548999926
2811,0,19.698312366374633,19.67634260751898
2150,0,21.96170936000012,20.8013681624284
6487,0,21.348744759878066,21.567677072212845
9614,0,31.59633735104847,31.601030957496363
2154,0,21.130409673479054,21.24006041391477
7535,0,22.256993517870004,22.144638353201668
2341,0,29.098763721904046,28.718361670459068
7975,0,30.097108568895898,31.991882783652365
3543,0,26.31928979660902,26.21965610797914
9892,0,23.736887464388694,23.939497823781792
9316,1,30.612246877787303,30.519673742746097
6353,0,23.136174101134124,23.521763270916896
8238,0,35.21385121912242,34.06160935897518
7812,0,23.269287479565154,23.718013430474297
7078,0,19.206663018565862,19.351889507866055
4162,1,24.470670445432273,24.08040115171056
7181,0,29.8722199427644,29.349223156684634
5856,0,27.45544306680607,28.462664334877406
1733,0,37.16993644120266,36.89402012007438
4857,0,30.032016888364595,30.98659509208428
4922,0,37.77347544561795,37.19786017669625
9912,0,29.872052688555268,29.30568777471176
5624,0,28.206454659065106,28.348871538954242
5222,0,28.15131260834787,27.903865894579642
1076,0,27.157598730857814,28.191508269421856
5807,0,20.61719501251494,20.50151782835372
2747,0,36.12353910015506,35.933315052584156
3683,0,27.912104722906694,27.39231774246626
4914,0,25.556407032824218,25.459919654018247
5247,0,19.195005090359288,19.127608289730127
4185,0,20.270013761525743,20.7954874311152
8658,0,34.25419044551698,33.63091940109481
6874,0,23.72615920847793,24.83422418680165
336,0,25.477127845857083,25.503258288649715
6313,0,20.141793342199726,19.763579002023647
9997,0,22.887883785494935,21.87062756358171
6058,0,20.768135619791156,19.945707125984015
3484,0,32.74615645069453,33.06097201518996
8417,0,27.879476669409225,28.8974801299254
6712,1,30.65013586818931,31.485816079964508
5919,0,32.51695334451718,33.124047611749575
7515,0,26.655162876526568,25.613494925683003
5952,0,28.04990253346643,28.274336434274108
5829,0,23.298552919857798,23.29357169481973
9219,0,26.346176292991625,27.053678701190652
3626,0,24.286615785554662,24.20046321441673
3515,0,20.58848344244453,20.119462349242536
5794,0,31.740325171953575,31.15446646917812
4439,0,31.673597906778888,30.51429227148754
167,0,28.34924170545927,28.743758852056562
5850,1,28.223051338922687,28.408426836960047
1861,0,33.16507736834113,33.66642663396513
9435,0,23.559240771850725,23.64372770812752
2482,0,27.28296104800969,27.259548666096464
7578,0,21.96994791391477,22.258427478786984
850,0,21.585945437391313,21.20850968959779
13,0,25.709132769913467,25.489682538415643
9680,0,21.0969158966503,21.40633271053827
5248,0,22.041017467146418,22.36910033986891
1036,0,27.148754236150783,28.75080161333438
8621,0,25.437752382240078,25.97729745113925
9988,0,31.284345922555076,31.0841018866945
5131,0,26.35539014237054,26.114604843966486
8605,0,19.80994451191543,19.561146960694675
3358,0,21.619957620766723,21.365109094983275
7323,0,29.086369713175404,29.035191833259365
1532,0,26.78998891724244,26.45526818457084
7453,1,31.160798032178267,31.5529716738858
8944,0,20.094795608051406,21.46351318408167
8816,0,21.095051418771206,21.791493129870464
3092,0,44.457519286272976,45.23387442741621
8485,0,26.398046341430085,26.86887105160357
2516,0,27.052953263180946,26.360870913330114
4211,1,35.76669794300468,36.56349796877304
1876,0,27.816321079386782,27.448884377528756
4161,0,35.8146724966045,35.34751092477827
5927,0,22.375943930980892,22.727868234221408
1961,0,37.28284037768886,38.14912790347786
3577,0,19.393158426669352,19.805245734898307
8947,0,22.44969380529827,22.857000318337196
3824,0,30.40003425140486,31.25781424109828
5236,0,24.06263116732467,24.42616994179325
2475,0,27.535910551979796,27.120554795567863
6271,0,22.82837744582883,23.245764624669988
1687,0,28.124815853043962,28.725152828896388
360,0,29.6341205646104,29.204079274854674
549,0,33.82207126654279,34.48886806096666
5037,0,24.265207551609567,24.004783674800848
1240,0,30.93423558618364,30.74507774725881
7681,0,29.703191378523655,29.679510263573
1067,0,31.51987962826009,31.380526031612366
3750,0,32.77919961620654,33.032864366091125
3341,0,29.546958117483943,29.16681558357136
2517,0,27.098066387127552,27.738524910707053
3778,0,25.605013555479182,25.535255454917262
2335,0,27.767775639851354,27.428367982944543
1933,0,23.166812627455133,23.26664013742302
7433,0,17.459503036246698,17.256225308096937
6552,0,25.870449523312637,26.108809181248137
2782,0,23.20006319454319,23.186514706506735
3329,0,19.610783742561463,19.636562621448938
6663,0,34.56544882824434,34.93617195131886
3884,0,25.4235173701761,24.401960878030216
7359,0,27.42437874427432,27.897613839623517
5463,0,35.89472570065684,35.72904458773009
3535,0,25.19933585268543,25.45307544950128
9887,0,30.90627558977591,31.55704764317432
9925,1,42.7552831670754,42.70225489298011
8211,1,37.01722079859153,37.265234928809726
7522,0,28.735712262603023,28.851635180647072
280,0,28.536418841430702,28.153071061227646
7367,0,41.43012038039077,41.98759981942213
390,0,38.69702444482784,38.28325079366182
6286,0,29.08953498956461,29.448648121375978
2203,0,18.546289725619754,19.362350581691977
6109,0,22.985252408089423,24.0149355798081
9987,1,38.9620637078761,39.53218018763424
4545,0,23.433968645138556,23.609973879448177
2003,0,19.307287688500434,19.47851464696602
2582,0,27.48514736555127,27.19005036019428
905,0,33.71174789982244,33.642767935021304
1761,0,25.700778397636945,26.194666509649377
5410,0,23.824074436491177,23.678906480496725
5446,0,24.14800467298173,23.444860365359506
3739,0,33.970259655906055,35.58807732393185
5983,0,25.123235841293518,26.098703293122508
6088,0,31.49731371430729,31.75354334367322
1417,0,23.815705694326,24.07572218055253
3319,0,22.604852096826765,21.93272511980256
2791,0,28.52965418717018,29.09699435559821
3072,0,32.01777422036295,32.64072731171078
9641,0,25.75952446405274,25.77682120764142
4688,0,21.610821674117286,21.978543541972034
5402,0,20.61620999012144,20.441598024336262
529,0,31.435437727171383,31.535087048699477
1542,0,28.207040479773543,28.01972745051635
9113,0,20.676241662841246,19.898280483106316
1037,0,38.113269273456496,38.72889282819787
1052,0,20.61317204678417,20.569805746743484
3782,0,28.606229591519426,28.962640625383603
7951,0,19.599322705154663,20.420264000528785
870,0,21.6278598552676,21.97928461229039
2296,0,26.1032166610714,27.40878298970091
3083,0,28.54287809898205,29.58546659196942
2780,0,29.341258220212776,30.20074501896427
8395,0,21.388012343659266,20.809204213220383
9445,0,27.718780676025133,28.334120819701425
6875,0,23.680199269942534,23.348987588909438
7990,0,24.049435527679666,24.150654896575315
8164,0,26.283885268098526,26.61365584652111
6110,0,21.29843600001719,21.06134075641431
2644,0,33.82761893658463,34.726853842952714
3835,0,31.117351657833204,30.84283481423264
5987,0,23.036635640613852,22.882690468907654
6974,0,23.537043181194854,23.555305397311315
7124,0,23.64280366676429,23.680831117561162
4704,0,23.30929191981464,22.94043010546724
4663,0,25.181543424407092,25.6202667803464
8809,0,19.587086339470044,20.193225077829457
5291,0,20.164111481243033,20.61323707943599
2420,0,36.338917481747,35.954658532529606
7758,0,30.69619408427804,31.016677362732246
2857,0,23.016552796887005,22.985132295728537
9462,0,25.923834525295664,25.967953181948655
6970,0,19.66451440736897,19.100375871244143
4724,0,25.486912118943565,24.95122166423759
3820,0,23.088905916570695,23.43703486344523
4592,0,25.951589962428603,24.914370998171457
5264,0,20.536163371535302,19.75203214015425
6371,0,21.213424679935294,20.704294913411193
9388,0,20.40965119231899,20.150449663776065
9624,0,28.604871634731424,29.092862796252742
85,0,20.026386406180954,20.05842485514418
1363,0,24.60015837698083,24.262060286714444
8063,0,34.729248765557266,34.68965496308212
1430,0,26.044420343784694,25.87248438723855
9025,0,31.5880495883009,30.625256869922914
8690,0,24.186555920119613,24.30824800464348
5560,0,21.50518913767731,21.70165132362287
8122,0,22.0639419014886,22.683571954186956
446,0,22.333343121479825,22.829272203737794
8518,0,17.045115014069978,17.421464348898066
9381,0,23.41380869266115,23.15316109331729
3405,0,27.632209767021443,27.834443793794524
4167,0,33.946185870881735,34.7359131499173
2993,0,20.64195417094711,20.228697594631647
5343,0,29.153724549495738,28.708157347839325
8952,0,24.50371824988974,25.148435030849033
7149,0,21.418111555928217,21.3567695522753
3079,1,33.077745348102624,33.40366072228613
8795,0,22.766586977109807,22.946598506357347
3569,0,29.26327943199236,28.689764046009387
974,0,26.912583993830555,26.553140712690354
9156,0,21.62701324369863,21.95628058571183
5059,0,21.878675635527717,22.062738732544933
3635,0,26.73546527316995,26.322047866879345
1254,0,26.68191857724861,26.666650159178296
837,0,34.83704077145263,35.27757015748107
2825,0,30.460501084812584,31.12004064527124
6459,0,20.47853492859795,20.126805735766506
5418,0,21.2704333400149,21.05285940516929
9214,0,27.168430578539727,27.442124909150447
3512,0,28.985585470365614,28.769265921059333
9217,0,25.04947797908709,25.768414876738756
8499,0,22.237253817202504,22.27908999765382
3367,0,29.25828376932882,30.006260749855674
672,0,21.821233144338773,21.982758837407097
4389,0,21.7723534252893,22.409795860250355
9315,0,22.731736774835472,22.60746597707293
1081,0,38.232066366711294,37.839557856888135
3307,0,27.492844862695392,27.4765894502347
8584,0,21.0104554101823,21.573910217681565
1614,0,22.007695418029492,21.626899638556303
2785,0,27.509310806123167,27.95860392030452
6718,0,22.966651638657474,23.279139820235784
2889,0,23.790084827368037,23.47425689533303
4442,0,29.035825395653795,28.45931672569085
7546,0,33.304810425381746,32.69075294034707
7782,0,27.1041370776301,26.872190697039446
2344,0,34.367938612732374,34.72220446945358
2641,0,30.562599690846085,30.09296009072228
2526,0,22.900103852263925,22.247695424301153
6861,0,34.82903933324724,34.886116910958705
1676,1,35.07761199093096,34.74504614079115
2182,0,38.122679727507055,37.76807480999013
7940,0,25.149940250026287,25.718134002248146
2949,0,21.19416535713717,21.01846142099639
1054,1,29.282851947087984,29.308512073559534
6834,1,31.016569206289642,29.927171321354553
1804,0,25.929502538410922,25.66894741352487
7629,0,29.96055138866683,30.342547230418727
2806,0,21.34455746650935,21.02170865690923
3121,0,20.58962455443204,21.114142225124098
6723,0,20.203120957897376,20.810441347658976
6500,0,29.07970085736561,29.511404653276927
8632,0,38.2632455749495,38.07527556124593
6360,0,30.429464841674044,30.519858852663987
3568,0,24.22268341846451,24.934901383624084
5692,0,34.51384637392543,35.49558818274113
1088,0,22.374325030460188,22.874795512121587
2324,0,36.24883712272543,36.29379037768871
4923,0,26.25636416522494,26.158199394540276
9133,0,21.10970413727284,20.694388834726773
292,0,26.63927941954407,25.813392897413728
8506,0,19.6262041308155,19.012781303754814
7778,0,23.20681192375099,23.091011633501655
8983,0,20.457362519765613,20.11087629495268
814,0,31.693076834337248,31.596815619669755
5142,0,28.461516252219567,28.895776611763946
6728,0,25.927604935947713,26.398067397657478
8298,0,23.876963313282808,24.46267615142097
9441,0,30.429805342107784,30.353007588695487
301,0,30.02856770657091,30.119032389609416
392,0,36.082077552432885,36.13862588550326
1620,0,22.5453018503921,22.212706004269613
7864,0,35.265703171672,34.958360135791644
5061,0,25.85074663984768,25.886017624030295
7008,0,52.73795718938867,52.8805341467036
4199,0,35.838728904009685,36.137213058212055
5001,0,21.48888013306674,22.028230697370176
2166,0,36.27805889125537,35.93580892298975
7130,1,25.52074591025621,25.497538507767498
9210,0,30.17203717029857,30.324995407092683
3669,0,37.10950181358434,36.283992118818254
5346,0,24.79790210650672,24.433636946851966
8848,0,33.19513267039282,32.86345103054038
2531,0,26.208341232799686,25.921150069321133
493,0,35.48436987110812,35.84239959890585
4405,0,27.778001395913915,27.128407084405556
7955,0,28.912918749711917,28.74527353617953
3038,0,34.95185098204196,34.765915513673384
3730,0,38.47764085806676,39.771492218643985
3999,1,40.77422314883062,37.05262100016881
728,0,21.67524573881541,21.0885710909381
7485,0,23.025537940325314,23.089856144388875
6603,0,49.95992648325108,50.16441536338968
2469,0,29.790821954118016,30.950164949963554
5112,0,22.99458326468771,22.88002066334986
8934,0,33.53904569677395,33.48638755430785
9718,0,25.36408457812141,24.945880105269538
2955,0,31.309482660501285,30.508246633126074
3995,0,28.077229033121924,27.61725889699423
8730,0,21.158373589493124,21.22207928082494
3207,0,23.42657390681762,23.737533561634798
9298,0,22.77304826536958,23.349140039744476
6072,0,32.089684936751055,30.501371089726856
357,0,23.572256277528968,23.692652815812934
817,0,26.143913036166857,25.81250293931975
5576,0,30.60446596146426,31.374822015537276
670,0,27.480253708807922,26.982153839465884
9823,0,18.07948205964035,17.68129848367476
2263,0,33.013261973199604,32.80619728127297
1310,0,22.517311778680796,23.14420689071744
8421,0,27.685356473467618,27.876542550299085
6127,0,32.1757043854489,32.00515041025565
3922,0,25.14685470711862,25.088705385499253
8777,0,35.91666343391196,36.73802328016086
776,0,19.900834974477714,19.602599035480587
3209,0,25.034671911859785,25.16324127785888
5631,0,32.24330206372167,31.283758853857286
1006,0,28.483313799767597,27.72642924715384
9980,0,41.8039066447148,42.206533041950756
474,0,28.50590425545643,28.224705864089575
6599,0,33.36206257283095,33.51581223347185
1227,0,32.335540443101046,32.09918452565956
8917,0,40.63332159120301,40.22069198160624
8619,0,23.452158292481826,23.616836578775516
5108,0,20.338458443361557,20.25717019745525
698,0,33.34672125417657,32.672304040533554
1188,1,24.72241881233435,21.955235894167046
1069,0,28.063065101061337,27.849466506755846
8556,0,18.248016439743736,17.75731505741632
9363,0,19.397609379632964,19.01333848532213
265,0,26.95909553481396,27.084439546603186
8747,0,23.153656103909018,23.9588176060512
7003,0,28.76914125631946,28.6446654503162
3823,0,18.17103945590466,18.436024125748062
6605,0,19.973045394403446,20.09472244699279
3496,1,32.642283195024845,32.30978562067654
2136,0,31.133691372392054,31.224638627496066
419,0,21.845077633000532,21.9378522915332
225,0,19.33215918227632,18.912179058662066
2158,0,30.857558994876577,29.413263136307705
7639,0,30.520843009533145,30.19217283110943
3345,0,25.453253838733538,25.735249844543446
7305,0,15.832683827247646,16.730621841623872
5688,0,29.98525863510356,30.912355501642253
1902,0,21.19104708854627,21.035967985184772
3045,0,32.27421932098705,31.724247806063616
8976,0,22.485671123018562,22.984520270887575
2040,0,23.47651166702656,22.334524225164333
8696,0,27.121733753916097,28.34397655043348
4447,0,20.827251851214754,21.354937211425625
7543,0,22.474239033103714,21.627049785017995
6195,0,34.04058386385197,33.71649365997214
1423,0,21.82088835206843,22.610475912551077
3918,1,29.91154860911479,26.34380095360568
8561,0,19.41042337958795,18.718366895524333
9245,0,22.59230721875371,22.167325090359217
3314,0,33.426084388419845,33.488520758679186
7936,0,23.933599477029976,24.457004908268193
4028,0,20.632995208465335,21.19805705122535
6697,0,22.90689868690177,22.225371835885248
8692,0,23.689833740389332,23.68102171646535
2327,0,28.769482882399934,28.623041908402257
3606,0,21.298848723860537,21.118171754727868
5031,0,22.690675634183105,23.227546641100343
3923,0,24.049726628121363,25.24460543601527
3058,0,22.933588231573275,23.127986936910016
9268,0,19.78468712825832,19.827676929746836
3201,0,24.145720286118276,24.04645694743866
139,0,21.841102880755134,22.2477599390167
1791,0,33.13812691705984,33.751727963403916
9797,0,39.79265566289527,40.61126170054827
8560,1,32.801030333396746,30.24043275283102
1743,0,22.331835178135936,22.823537370700425
5070,0,26.797267229474237,26.991340714787295
6782,1,29.08208205756541,29.229526067092312
7441,1,37.44230361856676,33.90298632560305
611,0,25.615887796135286,24.90699083834045
8304,0,24.334293849345713,23.431239610910882
2101,0,36.22258239318003,35.59969902649524
3149,0,36.342517167147,35.55275641206565
7163,0,31.34944693189982,31.54335191999579
4408,0,28.61809816233533,28.849775110989405
6623,0,21.184667886808697,20.238020820630407
6984,0,28.593315168208,29.112700716785785
1610,1,35.08429844673501,35.83493947392172
3187,0,21.332495201950035,21.69806587810553
9813,0,34.911825116850025,34.60657730864559
5493,0,17.244932530637467,17.25959255149231
6260,0,21.571137639653326,22.00220597633485
8396,0,29.5291686521594,30.023638154079794
5088,0,33.85491229823437,33.804040032077644
3530,0,23.95446035546587,24.08433875756701
1014,0,31.08787372685077,31.056726079570453
9855,0,26.58148674071338,25.88628917745709
7383,0,23.94303611882045,24.148042252846775
1646,0,34.92117882438947,34.81032166122694
3050,0,36.276465117910924,36.63175930216872
7786,0,24.202890332980555,24.647763394930408
6977,0,25.49381084323511,24.90471459911596
2557,0,26.62400840261349,26.797483397574506
6001,0,24.00974638066793,24.404045597072926
8455,0,21.039842285000976,21.01255634208486
6839,0,33.9357550715734,34.097219232726644
2457,0,20.684049952303443,21.264566242671687
3088,0,24.21865803020001,24.174262603285573
7410,0,22.2922638759924,22.45311840335643
983,0,27.02221860961447,27.495849902287798
3759,0,25.22475207406919,24.630792327491548
9253,0,28.070018507643375,28.146137483741114
6870,0,34.0741252452979,34.17831262507243
1358,0,28.987995631268596,28.815039428259855
4861,0,24.542500271600804,25.237170220383774
7703,1,32.15614539294944,33.923973286860615
5395,0,19.957104694742494,20.455691202978326
2328,0,20.93799162308533,22.458501034483945
7022,0,26.881333346781208,27.03570842265248
7457,0,23.105555634240616,23.3633840013249
9593,0,20.600334912314292,21.13766013066226
7647,0,25.44928866654632,24.537150180809025
1558,0,27.51269380273501,27.19114889431351
1952,0,22.792754103127685,22.38688629517003
2914,0,29.482410820639476,29.155573269064245
3234,0,35.124208621909105,34.68934308028468
371,0,36.6636363717574,35.77691024321961
3861,0,22.940257896489094,22.78588878796958
3994,0,22.220726149211462,22.394836784335013
3384,0,36.3374480355992,36.44245878095288
2402,0,27.138657555612628,27.633768767869658
5885,0,31.65280922837375,31.654995969348022
6156,0,28.654234621595567,27.629537068096244
3551,0,27.792064666935225,27.807824882320507
2438,0,25.33370238652562,26.28778744799508
8993,0,35.60450275461173,34.88143421285801
243,0,22.943830079120723,23.176813838252578
2021,0,26.57027614567738,26.2593324846696
3301,0,28.757854162254908,27.343863445359773
2894,0,35.60075177166036,35.670815678772335
2008,0,25.854447268958644,25.539008391132406
1350,0,27.111120378523637,28.149289547865646
364,0,35.09877713513036,35.88769553122293
4095,1,37.88036757465459,37.544531395972264
7324,0,30.426960133441696,30.37518725053912
3615,0,27.04552632518473,26.75160004806068
8275,0,23.785073907099893,23.4595806037584
3605,0,19.38130867198356,19.475752198676524
4947,0,20.49993460735275,20.823021156267593
8638,0,26.01571692141433,25.247534549314572
2486,0,31.011298371417436,29.926684131362546
9837,0,29.130878996643602,29.497216335570258
4593,0,25.08702332535504,24.815049674955702
9606,0,34.3240233282691,33.79442490176118
8635,0,19.420519964997066,19.188261070434827
7930,0,30.582643420588717,30.045263971717056
9339,0,20.334598734370534,20.57128465208279
8054,0,20.225830317390404,20.43319492037103
320,0,20.055933065722286,20.716923199518977
8196,0,21.31067218374451,19.900547832741847
4600,0,22.324637991298903,22.886271767979004
296,0,21.302380771016693,21.582662937680652
8895,0,23.09912670609817,23.01403468882096
9649,0,20.062926065343582,19.377663846864472
5417,0,31.49774562208034,32.011708185439076
4013,0,23.262814616084427,23.437409110756683
1371,0,21.441379847387,21.76036720249995
1335,0,22.544587035634823,22.076499566822513
136,0,23.61711003962481,22.96841376568905
8831,0,23.136048858962294,22.736969328976667
7884,0,28.80315324400363,29.03411959123927
4788,0,35.35952569783768,36.23652985790216
7260,0,34.04347249281393,33.30325535033979
1315,0,26.123450548783143,26.100070061708394
2284,0,33.42560327725076,33.50702712031361
1523,0,39.673036081224744,39.72067020985271
5650,0,29.73554820128844,28.54887245703447
2680,0,19.98088590950631,20.44031254179715
4926,0,20.159750825869406,20.201436665848583
9477,0,22.41935400830768,22.373285388717274
6964,0,29.80206065178552,29.739071722103827
4823,0,27.668731536945415,28.847930224673078
2673,0,20.15774968979332,19.941906421100132
2564,0,28.267981442898616,28.2660696149157
2920,0,23.990921905113595,23.721195437222036
7245,0,30.39711444678439,30.529527928157258
3784,0,34.193555006898094,34.660115269650674
8750,0,24.537583002782732,25.1955047528899
6337,0,21.3469372549042,20.98468770306021
4146,0,19.297869248107315,19.411036764705585
9561,0,30.13468578555685,30.638884290667267
6700,0,26.535512272992904,25.39260230853109
3553,0,39.33940610845612,39.83104417284144
9050,0,33.39105650997283,32.72197653369967
8664,0,28.582992450526728,28.93906039115279
1306,0,21.632356320314837,21.29229683927363
149,0,24.388891633315254,22.61420667556638
8285,0,32.74615551075697,33.63288047391813
2646,0,27.110777966402672,27.05056671260641
8457,0,26.18245947015574,25.435488035838222
9484,0,17.440669893486987,18.287776801053745
442,0,30.24360015631472,30.5986984314303
3104,0,21.576885091618227,21.318315988219812
5916,0,27.160176172423977,27.86121144579387
6799,0,26.465886464152586,26.000072088845005
8145,0,25.22109566918226,25.427680073173033
7312,0,22.381374613293726,21.572397712391762
5090,0,19.5725454338674,20.143934036136137
253,0,39.91846234446994,39.93125312783368
4195,0,27.308834392156797,27.336955342990436
20,0,25.46218704510698,25.773498254557552
8422,0,24.75063441391342,25.075109371475513
5887,0,19.95023042422485,19.440701683294026
7655,0,23.767597824262115,24.279801042963975
6243,0,31.752774149004317,31.158669863664507
2779,0,34.92766933438091,34.37542427780217
9946,0,32.23414544355876,31.36089547786479
6064,0,24.90111038080139,25.590160861769995
7789,0,19.458120513166428,19.7344127712089
8401,1,40.43569551945628,37.95068053318875
1336,0,26.23267031322787,25.55617447664768
6126,0,29.20403970722528,28.601964126465393
3656,0,26.766168776701903,26.50927977886698
6938,0,21.995563257967007,22.393772154072483
1459,0,20.487388263887517,19.665371345699562
3786,0,21.301135799977956,21.14785643333912
757,0,20.742391018406494,21.466831893956282
8597,0,40.88399788596415,41.219819090612944
1905,0,22.647257175319744,22.34467370713924
9920,0,24.645809804285246,24.112976208141504
2463,0,35.385765551255126,35.582167551268924
7409,0,29.94674796762852,30.092164811117186
6787,0,26.688297559410756,26.90442247272867
6514,0,23.684708714280017,24.2745058521914
6824,0,22.628203701703644,23.11635392909285
9439,0,25.998644744560412,26.13544081017916
9507,0,34.1527448641336,34.20409365307442
3975,0,26.798826033539463,27.008504004093997
8468,0,32.33267799290322,31.414351025686376
1134,0,36.349172243558655,35.64950544199352
7797,0,19.816141660614033,20.82246559756282
7759,0,29.622120084440443,29.03660284456641
4718,0,32.074733746731695,32.23322800422099
3060,0,23.449655889245324,22.960638065908107
7001,0,30.946500159073896,30.138863856652176
4897,0,38.221483161204716,37.10930481271595
5443,0,31.8172625433879,32.282086687632045
6602,0,28.622238863909466,29.027178380404052
809,0,23.309919131078644,23.599457959786072
9966,0,23.280765946990662,23.521539024102303
5515,0,23.381796108117022,23.62939098110175
2973,0,22.63972722540919,22.9303016368154
2144,0,24.1551716226812,24.295690429178183
2320,0,27.599556596930366,28.622303627684317
2057,0,37.067977701704514,37.66201315192885
5617,0,23.645545218656245,23.825028727152056
5902,0,24.927243049237916,25.605712937858236
2968,0,23.343136545454367,23.886995956394223
4029,0,29.820970925188064,30.390511077702026
921,0,23.072406556392398,22.507999931127774
4885,0,34.619085694770796,34.15106126481762
687,0,24.43770314939002,24.42822679254298
3133,0,21.534464737802,21.085307538733375
2981,0,19.087334471985105,19.20423545662841
9402,1,29.69172102523377,29.958615106921037
4473,0,40.45731636337931,41.298206217443834
9301,0,33.459833242073415,32.9506167104894
