row_index,label,pyod_batch_score,fixed_training_reference_score
2264,0,22.45396494044521,22.528064817985083
8264,0,29.127646378063258,28.95139706346078
7327,0,23.29033568176194,23.268876919178435
5530,0,30.827960896344862,30.822480665175913
8722,0,31.32275839657267,31.36283510104789
3458,0,26.474610389268776,26.440729053952065
602,0,29.418831767924058,29.554826752817696
6686,0,22.439750007824422,22.458185173781033
4849,0,24.074802560604205,24.17612489672583
4164,0,20.07829162475564,20.20423751479641
2861,0,22.5741275064397,22.535426794836468
6885,0,29.537538176144597,29.696790610890883
7515,0,25.379051805496207,25.599243416316423
7286,0,31.264537195766117,31.48083972819647
7507,0,22.857466324612524,22.794451081193635
622,0,30.13135119309138,30.119755031726417
4340,0,27.611291160584884,27.520815963181086
6176,0,23.547393276494013,23.53631028839331
3859,0,20.507833665244547,20.588047707863346
7594,0,21.179733091955953,21.182124693383813
1227,0,34.78851859170803,34.85921634528514
5320,0,26.431573159358173,26.4270222431345
8863,0,32.60347972872734,32.709650790896376
282,0,20.12436564089367,20.103853541684543
878,0,32.39579025177774,32.317160813621214
1468,0,21.646635884183247,21.64113392393849
4762,0,36.286091267400224,36.18343128170704
7713,0,27.100409082712446,27.05704937555353
6330,0,28.18431720789888,28.290735373277982
9608,0,16.503028114606952,16.577916993370494
3856,0,17.751623564897585,17.816975289056494
3982,0,21.643373274429297,21.662883084101917
1310,0,26.39641361730136,26.528801873452597
788,0,32.436923207807695,32.44169597556287
2280,0,22.709447960181677,22.702977358081203
1649,0,22.403410833564184,22.46578655152358
6751,0,29.188638794404337,29.0206580539654
9718,0,32.30112117107096,32.30808704858348
9003,0,24.36290740904737,24.34990699359063
607,0,28.225427539040393,28.118672198074865
9100,0,17.538416817101005,17.543506745259027
8589,0,17.497743474838437,17.487976599101867
252,1,34.55073973160654,34.50998013374298
4346,0,21.35061139246771,21.303885658281747
4350,0,41.61774956040307,41.54975749033337
797,0,34.852666244592974,34.64969637287872
6427,0,33.59137670463797,33.64689878840479
3122,1,34.80821986535307,34.495883677024445
4270,0,30.01340156804609,29.953412431800807
2638,0,29.569679255553634,29.42047480477149
2519,0,28.712442914972883,29.037988446082693
6865,0,30.46022984538324,30.423206342755073
6287,0,22.25135011731111,22.24988089775939
9785,0,27.456636924679604,27.335430939664274
8657,0,28.00717446100357,27.80669737932803
6416,0,32.717137833540754,32.658494945023975
1847,0,31.14798953416762,31.21954575842879
3911,0,39.453092975222,39.06449434364951
1764,0,22.27613752921257,22.267028725571414
9579,0,24.280697734999688,24.285512362862637
7519,0,21.12907091360309,21.224111348075194
4908,0,28.59785400090287,28.702146609900325
1550,0,25.41973750475893,25.439438545094852
3432,0,20.695878539710126,20.59064336859457
154,0,32.78437033941987,32.86544356493713
1761,0,30.08234926140906,30.340941975341686
1554,0,27.176248675856296,27.273074336838448
5570,0,36.799739894982075,36.62969455479759
8234,0,30.567496011173862,30.56795020807071
132,0,35.061232833010465,35.33028453157431
336,1,31.027350275388415,31.531153591579415
9023,0,21.28536186421267,21.27415871155616
4277,0,25.295175228583815,25.392601221861355
1068,1,30.586867917101753,30.841159757282355
6959,0,20.537704528520052,20.535865316841683
3116,0,34.51471383487623,34.51808627532071
3682,0,62.040448890457235,61.58483634869082
2026,0,20.027722331457298,20.09272357437715
9158,0,24.765767137282577,24.69330508106017
4925,0,23.050634174317796,22.987167497617047
2146,0,21.761564762226495,21.745939345759485
9874,0,20.860535628652137,20.898896301674686
4000,0,19.96724205013325,20.019089465641997
7977,0,19.45022044189821,19.454190906044484
2473,0,41.655381393551956,41.79651619217954
8809,0,34.5751895627102,34.61879899731481
5151,0,22.692871591037214,22.754541108415292
5949,0,34.530925005484214,34.38674914928257
5761,0,26.421716224539846,26.394438708203744
6767,0,20.494900077642967,20.433025047335153
2683,0,35.35725152524428,35.376982346184285
7585,0,37.06847199861683,37.03393199667544
6270,0,19.690232626207806,19.70187998448238
1122,0,24.8662788432592,24.959422169877506
5238,0,51.76520999644413,51.88042733972956
5441,0,26.230986090064167,26.33327960424684
2546,0,20.74502223591677,20.84161669505214
8028,0,24.871968512763267,25.015453381289362
9819,0,22.070948144422367,22.140434829023576
1986,1,25.36212416636008,25.402551280384444
7871,0,30.789282715220708,30.88990778078137
8974,0,24.53761974653706,24.40191409734708
9806,0,24.701535345297557,24.63133774385992
4287,0,38.41326033276532,38.27377203985602
8053,0,38.914625703057766,38.835191542471875
563,0,19.826332990542937,19.862459766818283
4120,0,37.42739836363088,37.51662896667546
8980,0,33.01279812059804,33.10346859964334
6197,0,21.08646229221579,21.10766608933954
617,0,18.409202560005557,18.494916598284767
2634,0,24.955888700557097,24.924284164875537
9789,0,37.59506659756857,37.23553341089476
6943,0,18.696242962251414,18.786949594680316
6643,0,24.233013880733193,24.298525736003025
5908,0,19.12062681312139,19.13846942398934
6204,0,23.427511671491168,23.57610702122631
4042,0,35.576874911942944,35.82807877747084
3103,0,32.06484369689085,31.837486468778657
4656,0,31.30064207519053,31.325608705930108
9011,0,20.212283374938256,20.29923247764788
6874,0,24.862170665213633,24.986999411939276
2345,0,20.57106116633677,20.500063141571417
6708,0,18.202611671302265,18.22434458539536
4351,0,24.755394306646252,24.698176535666843
415,0,29.038067066854147,29.174199415277954
4894,0,26.00087053756738,25.91055309045651
7683,0,20.650746353803278,20.64271626759408
9278,0,39.81677485552422,40.11851065219857
7140,1,24.42043316938061,24.696164912027648
8475,0,20.029394789652745,19.979961452603686
7774,0,21.74325402511415,21.70224676776465
2437,0,27.108432082637666,27.03165476391422
6716,0,25.47525003764123,25.46202018410805
938,0,20.09326174495742,20.05791298697776
2669,0,27.03690787985938,27.1784640078661
6868,0,32.66867106197817,32.613497631945044
2947,0,42.5647936345348,42.53106355040118
2156,0,21.52970768521864,21.466180354864548
996,0,27.675188019707534,27.669150960412484
2724,0,24.03657187479542,24.010000682990842
3496,1,31.130818848825246,31.009246697499446
2353,0,30.378810872155842,30.31409803637106
122,0,22.623102841731917,22.6694295755508
1562,0,24.541951888977508,24.727100245165676
5326,0,30.407441073813597,30.393989308471177
929,0,31.33619617253521,31.336727050702873
1693,0,39.1699616072072,39.180781920178866
596,0,28.413984093014424,28.53464886817505
9253,0,24.842311425959203,25.010491002903578
3926,0,18.774642511198852,18.876423548600528
5136,0,39.47852196728909,39.51148676161723
3030,0,28.25971928197602,28.35686592698728
8213,0,19.3543056000349,19.372326470690783
1886,0,25.502264243774036,25.364477203140964
6677,0,27.397016556351673,27.44244997784622
6477,0,21.831499068921094,21.731308570856353
4611,0,23.683706244900442,23.754862112454138
989,0,34.847232741123655,35.125640622904484
7887,0,31.32171829793761,31.19665194867358
171,0,26.387091714440487,26.407280609832583
5081,1,26.478083292899232,26.76440885343605
9509,0,20.882479292605503,21.03109160254714
8634,0,29.5553691944288,29.572335005584723
9420,0,19.607235043215773,19.575792513710034
2663,0,21.032105409780264,21.017943163459602
7272,0,26.876636912549177,26.731596846133943
6259,0,24.91981513530201,24.949592603296853
6510,0,34.25014350128091,34.19799047129934
3198,0,19.028978004045147,19.05112510599181
3574,0,29.481676532840194,29.652349049917895
5909,0,48.27794112934425,48.17379781028942
8073,0,36.87148845087297,36.86729412339601
6905,0,32.82953941600061,32.922168214337475
1867,0,27.920976760203292,27.88303264546277
4292,1,30.46148390807297,30.434461672308665
2314,0,30.95103415599274,31.501700403879006
3788,0,22.33971692848982,22.29939892006358
2181,0,20.109868238014496,20.26060368732579
2426,0,24.400606408561995,24.370900069919806
3997,0,19.501972462711926,19.672728151243376
7135,0,21.479845302119948,21.40050753335936
3660,0,47.60286690225809,47.497933108488716
5023,1,20.1429284915438,20.03458855388553
7409,0,45.254542415375305,45.01110675482673
1789,0,20.45511866905242,20.53860757673472
937,0,34.99165348887566,35.11818350279269
2424,0,25.11731297572905,25.21364875844816
1659,0,17.37830375303708,17.46022790864453
5984,0,29.667233819791758,29.702748445179655
5599,0,28.652439140537147,28.756644856658866
5021,0,21.78590688213006,21.709902919392665
1373,0,20.089029031683012,20.074181900364845
9860,0,26.26079109718105,26.283157369604343
9172,0,29.87992129108911,29.835969494876856
2648,0,27.403730799400932,27.375383656838345
549,0,28.696657608010586,28.960678669135717
4597,1,40.18867535482662,40.97930668978005
6165,0,27.17411029603115,27.239084773298373
1153,0,18.121801127367817,18.12189695724141
1838,0,27.182280064437272,27.096379722102874
8525,0,30.118532329542788,30.1511253494788
8594,0,41.32849367064818,41.19946521406857
7176,0,40.66884568534809,40.88961185558457
8127,0,23.98310715327217,24.046667840073678
9238,0,25.258762406763218,25.288797626907638
7068,0,19.55153309904382,19.55185090743956
248,0,30.710710939628278,30.798419427033377
1976,0,19.405607367635625,19.33100594574479
4516,0,33.000545835287866,32.91836180039874
7085,0,22.96503353177568,22.957966525693283
6969,0,23.475341170952618,23.577117118811774
6148,0,20.67572985758999,20.75080328332927
2186,0,20.71305096672693,20.75084812859565
210,0,35.82359245680446,35.9045105770698
932,0,34.686254138225586,34.63158091342657
6302,0,23.988414165439263,24.1992297186805
5533,0,21.265414952556114,21.253884091923155
1790,0,23.01273269278098,22.989579637944615
7465,0,24.984294907148932,25.224860746493345
2027,0,42.41650116172412,42.40109189930286
737,0,21.872548842270028,21.89608771251787
9299,0,17.243639584935455,17.293803545869643
9025,0,28.914841249233834,28.782417088668915
8899,0,21.961571100325198,21.89550455312822
1397,0,27.91429687391392,27.764601371560623
4501,0,33.25367450113595,33.617350541181246
4603,0,27.91017632176482,27.882589448492023
2870,0,23.061976965368565,23.261030007240066
6804,0,18.903909232318824,18.876804814137735
804,0,25.924308915261463,25.829123196404367
4911,0,21.741099227875498,21.72915856734635
6384,0,34.332006435874476,34.193428183439586
6039,0,25.103223786272935,25.0280077214157
7766,0,29.060346009504386,29.054566761226205
9348,0,24.02624795953836,24.07399305456997
1021,0,20.041293544497343,20.02149801035189
2653,0,29.19653804263628,29.30630386559628
6055,0,36.74913471058808,37.09512062088252
7427,0,27.26077734187523,27.30332130457307
1664,0,33.512090969080546,33.96005675084791
4673,0,20.9685299379033,20.95511126115595
4372,0,28.671674811408977,28.690783422786676
8793,0,22.408456271749632,22.36632194231159
9778,0,20.998596299712343,21.02049018789251
5344,0,28.802474845383188,28.623673888113945
4060,0,22.687566558510714,22.78829797491844
7130,0,28.06763218470995,28.364675150828525
7865,0,20.986601131141963,21.13459277038708
1,0,24.203572304675557,24.277549817215146
3123,0,21.680907459575717,21.583651314304447
2127,0,20.54793995956758,20.606980508858264
7131,0,23.784319778227918,23.806338736638605
7494,0,36.433270543521544,36.34490546210309
9309,0,23.233691184312953,23.13764793254127
9065,0,28.53553786736573,28.60250383802559
7124,0,37.6545155777114,37.71794145254769
824,0,31.375137417648496,31.47510705469321
7475,0,33.52795359815968,33.41970959958362
7860,0,26.509704521412278,26.517640030861248
3428,0,31.056906405862982,31.227493087480568
8509,0,19.39577457554344,19.45804113103082
6617,0,22.314692031573323,22.293262544209767
5295,0,34.51465666520912,34.51961367952084
8735,0,21.302774810561875,21.247277359157973
2966,0,34.843486001892146,34.74485034327916
7144,0,39.089874237515176,39.080302490127906
930,0,35.14434508182043,35.214906332950555
5443,0,24.052682534882546,23.995412147216882
4471,0,30.644747434738225,30.72491149918844
6659,0,30.159552500637666,30.17366242975447
4780,0,22.998207414451603,23.029117522624002
412,0,30.879015543956193,30.861011077145694
5864,0,29.15431594479244,29.220475042049912
5755,0,24.496751387446317,24.41682453280543
7151,0,18.21369045461074,18.17845642458515
3333,0,20.237379171289458,20.213500421047907
1898,0,23.593162449953695,23.61469806477162
3801,0,23.057855886860295,23.20046227409436
4917,0,21.92482559084471,21.928787195302792
2757,0,19.604150121407265,19.581729656011618
5088,0,25.446985133656934,25.489163229624793
2286,0,20.352238761757725,20.39164276205961
9656,0,25.579418986441322,25.590904798650676
6254,0,20.988812888118648,21.011060421049013
2537,0,22.204723679658155,22.089265486977162
7484,0,23.769008009915886,23.740790146118126
548,0,26.111229505358956,26.162424662996727
2944,0,20.859342560097417,20.909269824113466
9965,0,20.89045262366713,20.95076082325799
8119,0,23.394027416840018,23.343683432600518
4475,0,21.26603237393935,21.288739757385244
2245,0,31.184044102440843,31.392415475343018
3363,0,18.533698154645997,18.58239557840023
8441,0,27.803704045077307,27.683866099812224
7740,0,25.12473809315384,25.000830471129245
1429,0,16.30321099855789,16.30984378785924
8284,0,24.864045940799755,24.818582735407738
4897,1,25.582592465937434,25.78277211779512
9000,0,26.31630296427273,26.41451488624771
8743,0,25.025508892071617,25.055974898756784
8298,0,22.384579641427454,22.433549157153564
9612,0,27.399480274734906,27.493144070719982
5600,0,19.712707538600117,19.882851459614415
8363,0,23.71422676256592,23.812131114921367
1261,0,21.333823331972205,21.28516106857388
7258,0,17.11327521686949,17.17132870582743
4051,0,40.56423612171721,41.87716725821618
2399,0,22.658255401743535,22.747212979562168
666,0,21.59756248534721,21.61576895551682
7077,0,25.292812857104256,25.23758264576081
4066,0,41.17450979799637,40.79719826712379
8244,0,21.557621003925448,21.650927238468768
8202,0,26.8659940677968,26.97130708480272
8890,0,29.177083841141744,29.296732879385186
6915,0,36.31425197516287,36.5507775659021
7109,0,39.15516776125612,39.352418542208206
2435,0,29.693425702047684,29.683988773295262
3765,0,31.43587316032034,31.482159278029783
2583,0,31.20483681902875,31.244047438016008
8468,0,26.635549201118522,26.690436347866015
1846,0,24.41205102940635,24.50132784354897
6010,0,39.94031083592649,39.74959520879037
1533,0,32.50876573717861,32.35391115250312
657,0,36.74719122274248,36.753148403570634
2497,0,23.070269480494947,23.0877335420893
468,0,23.499888795939082,23.61889086883663
9190,0,26.03469874922911,26.00287891310033
6889,0,32.14377359178113,32.13617461459331
7518,0,22.210058848167655,22.334842439889567
5552,0,38.40977567806502,38.52278047162005
2228,0,28.90633453208531,28.935682652868753
6166,0,28.764767623701758,28.91686237493669
5748,0,24.937281860871202,24.946769285390612
3625,0,31.064677163045488,31.105652420887292
1598,0,29.232897889635012,29.20615051480206
5890,0,37.080646438879256,37.00942827898484
2104,0,17.41196191025986,17.422326468889135
9225,0,29.3013355602042,29.385286768536734
8822,0,25.339072544952153,25.292876484682903
2256,0,21.817430558353436,21.777014486319505
2726,0,22.253127049618783,22.369301886408106
4095,0,24.51512419074671,24.567443751010348
8220,0,24.29155980714117,24.355308513852627
3661,0,27.121300040194406,27.07204214931711
3440,0,21.021292718124297,21.09076591551488
9390,1,29.395240552021566,29.703787352308133
5504,0,17.904496166349464,17.90795801873687
2612,0,27.2141746597675,27.412910439645913
1204,0,20.694492142807036,20.639315311505257
9448,0,30.962473795483383,30.887505434848684
5170,0,18.25781354713736,18.276019331017544
4899,0,23.911360523220885,23.9791319791176
658,0,23.397580898851466,23.52151161665138
8161,0,21.852086849055272,21.845858074251726
7408,0,29.137984696184887,29.282604603565012
9169,0,26.394404520183297,26.591181316130715
9215,0,24.099156297469605,24.266382181251938
249,0,20.917430383605602,20.962328870118398
5623,0,28.295586914259168,28.388530448089565
5446,0,30.440469077722952,30.47145269720164
4469,0,26.057803110508043,26.13826792664706
6210,0,26.970085569011808,26.912313832507998
5369,0,22.085741434007776,22.15263088058541
2261,0,18.751719734850397,18.765959277683166
4363,0,17.654631960996966,17.687026615461818
3395,0,25.158988403405917,25.21414522541395
5629,0,27.35958082536598,27.44240144366746
7436,0,26.22997827794446,26.258391473886064
2875,0,30.071151194167847,30.114587905790106
2046,0,20.587037078057737,20.618768952372434
8819,0,20.18468268953331,20.133560246811644
7991,0,43.07014049794227,43.27469339151973
8527,0,18.55841387105333,18.606881305225293
1510,0,39.722216435059615,39.95757785869105
2080,0,27.03751897533708,27.249225159982952
6580,0,24.846821370131334,24.867085668412685
2850,0,21.766947846974173,21.773381361912694
1030,0,25.976001920212372,26.022334881545742
3875,0,25.03046935755028,25.05898296367561
5823,0,27.98432151811698,27.983852932095555
7925,1,35.28288093610247,35.80078272802783
2855,0,25.487854061931785,25.509093368903248
3594,0,22.38269671278687,22.465174647173065
8898,0,24.18775652394412,24.11133264442595
8579,0,24.156470390390997,24.09328940809253
8542,0,32.04895394826047,32.17746100843953
7245,0,29.37341055765403,29.67787795720377
2285,0,27.02652645652816,27.043162091805957
635,0,27.538861343310487,27.590267674112212
3921,0,21.82337052277286,21.932482244699425
4362,0,21.69842546911981,21.786636905991564
3352,0,21.084873540392696,21.046597399369308
8216,0,19.974977831160576,19.9983382608696
8759,0,27.713432883729798,27.966628455681953
30,0,26.018548199752395,26.012858117397656
1568,0,19.449050927382203,19.4956910001003
7422,0,26.77568520801822,26.824164817870034
6203,0,21.95046664751692,22.005028196793205
2372,1,27.90738607545263,28.059344476624247
9937,0,24.154282785957516,24.16270685887368
7304,0,29.604251392705198,29.72848348187624
1040,0,30.400808287816304,30.51398758036745
5052,0,23.867540790093173,23.791551445852438
6436,0,26.48632539405307,26.513934500197227
8052,0,28.94844477437247,29.018444154208982
4380,0,29.227174548812727,29.116614015184417
9709,0,23.614814508073042,23.667666458960987
4668,0,31.664632785676456,31.711394489982155
4428,1,26.678663414569556,26.753225668771798
4227,0,33.829302904580175,33.630915226857965
8565,0,24.66066153200094,24.781380313799062
7208,0,24.56193504942192,24.650466702776967
5265,0,25.62265257165269,25.859786930714385
9400,0,36.83888505333989,36.67922256907031
4022,0,20.80592316899589,20.816654243229316
8470,0,36.598485651847135,36.28744848881147
9912,0,34.2725381273458,34.16701207004415
1933,0,39.149169026166945,39.19816040536315
8193,0,27.19792390629095,27.162317765711723
151,0,18.951113250886177,19.022667344014362
8864,0,20.364277970143313,20.301045086125885
6200,0,41.23352698023508,41.24815487898694
3518,0,21.132343414868796,21.07402523082633
3183,0,21.832132414720384,21.765848481367566
6921,0,20.424657459542956,20.412682672526063
9502,0,28.31861831331172,28.226497459032295
2152,0,30.577595179831135,30.57422566649994
4879,0,32.11557277427154,32.13633253113149
1061,0,41.377567269751815,41.46846262583437
1054,0,25.639703614954488,25.75964646252839
5799,0,26.948268224789345,27.16551870502207
3271,0,21.93178548602219,21.941345452066212
8567,0,21.227324747700674,21.28108143124869
2339,0,35.58670316633995,35.770935662091816
8190,0,26.720264246942868,26.70950122992445
9062,0,30.790909263271583,30.899981696686094
1067,0,27.46121754408892,27.7314195353067
5654,0,27.286611980576414,27.265021207508866
8585,0,28.46917929672868,28.504789238149666
4071,0,30.568427060649032,30.736770518754472
2199,0,23.968225864530496,24.085776079997924
4451,0,20.90389171156717,20.92148003558671
6011,0,31.410412112786005,31.267364108096896
7781,0,18.41880576869587,18.41495999357045
9491,0,41.042828549053034,41.027963492660774
5165,0,31.346321299161588,31.560492210599598
2502,0,37.262780005361044,37.16124607892068
427,0,26.74203007444118,26.922130832799322
3126,0,25.8384594956269,25.850426970613157
7591,0,20.225221256101978,20.34283896535376
8225,0,31.858820904243277,32.2400225565972
2276,0,36.57965029097799,36.82220578711822
9406,0,21.61499841368251,21.58255635951265
2770,0,25.906465790458075,25.795416296749217
4886,1,41.5232402369731,41.31501075781342
191,0,34.5525100149064,34.63837494466825
3007,0,23.43238647446982,23.455482735380905
9311,0,24.06985859814662,24.131180170657625
7292,0,33.938004270143345,34.046516683041766
78,0,26.188597695827866,26.146775967166946
9293,0,21.520625767169236,21.48946041336043
5532,1,31.000737950298102,30.80997147703742
4838,0,23.665460680691066,23.752619185267474
5082,0,19.237650083864207,19.228525799769525
9188,0,31.521507169400216,31.549860035471056
7530,0,32.79236853508374,32.75804862415948
4447,0,26.93765898240971,26.97962652233123
1297,0,19.926747291737442,19.974707633587133
6216,0,32.124793049062134,32.04314844772144
6444,0,21.525448385964253,21.44724514363618
6620,0,20.565235762477695,20.58371342791316
9611,0,34.643808914266984,34.69630770865857
9763,0,25.474519833614487,25.631284881113256
2930,0,37.179076564977294,37.32263075466074
744,0,19.64716281749893,19.63741676864042
288,0,23.435946302105087,23.49690054964545
4799,0,32.312511193834666,32.22155085032172
7249,0,24.08365485858233,24.19782827202934
957,0,27.342586061123406,27.399006358885558
8804,0,33.57160338829815,33.833980941518675
1531,0,19.67534515174688,19.647365116185412
3881,0,31.330190197478533,31.211583173377587
9187,0,26.714267114059048,26.749432233596384
6800,0,20.399758564137144,20.406991584474667
4912,0,22.679056348274965,22.830286281388844
7362,0,21.20443868840129,21.259161418354523
733,0,28.272140825118047,28.213596215360273
7,0,26.597961610063827,26.494886695156833
6618,0,19.556496423417865,19.526000718345593
8309,0,32.093264541002085,32.02066219924582
8021,0,28.549199339566528,28.795913374007327
9732,0,28.61835166412482,28.804841395675254
2150,0,23.982794238207948,23.968813790775734
5222,0,24.317819855452125,24.219316386430666
2840,0,26.248210453284894,26.38060869787072
3924,0,17.97743662276534,17.994449766999274
4682,0,18.40204464496068,18.388161112142765
8321,0,37.68031416467594,37.75717324700124
8706,0,34.15441248291528,34.25230586120767
6515,0,26.39696430007028,26.452061943480306
3686,0,22.705685328461424,22.661525766716526
2833,0,36.6333989107517,36.87273781622021
6557,0,23.474930409238244,23.490637909430372
6417,0,25.63695463711623,25.680605814971187
5057,0,24.30109381007561,24.23199149490964
4498,0,26.6509348924249,26.59898288785319
9505,0,19.211878693574267,19.24746950984583
6957,0,26.50881107677295,26.521440347592996
9303,0,28.266876542774067,28.531727375505326
424,0,23.432995093747415,23.546547728465843
9277,0,26.016876563938364,25.989931681165118
9472,0,24.834612890955725,25.05593403241079
3390,0,38.97752012451138,38.98204254671778
1206,0,29.055107443555414,29.17302730566893
7810,1,31.0631805141461,30.687313203273185
9563,0,35.80606035453763,35.607999763111145
6850,0,25.344674681847618,25.452054079525155
3297,0,27.59417137702324,27.631101442461603
2002,0,23.508556918001304,23.436483502174926
6098,0,24.212832105066866,24.15459181621555
7714,0,26.11708676969166,26.124401260664474
4193,0,22.020369560540573,22.215158130529232
4583,0,21.314827731740706,21.385135874792223
1944,0,27.360035215928846,27.497877546221197
5617,1,35.60496525700658,35.72542312927694
9754,0,25.038530169339843,25.047577475763763
6361,0,29.474547269894284,29.528537157630534
237,0,28.97169205294202,29.093309302387055
1721,0,24.836922369530313,24.91483133762783
7681,0,32.97832275297805,33.167718703367875
7270,0,31.556516735203633,31.489974547370377
7175,0,34.52916663816394,34.49285528062258
5628,0,31.092247640693508,31.110296781730458
2366,0,19.953871037364323,19.990293251926094
7955,1,34.68242937256495,34.95506369092962
4031,0,25.147296888231192,25.11408003183543
568,0,22.187131372046075,22.22131482366659
571,0,46.069267251936964,46.229495135016876
1374,0,28.527399551100714,28.665901983239692
3403,0,28.209534906295257,28.18981936562318
4669,0,28.172891891460868,28.144714277184192
6034,0,25.133251719734684,25.241442252745674
4081,0,24.015086322192552,24.009211586596425
9622,0,30.897823276000228,30.881813051754158
7973,0,19.549217949056853,19.574871976171874
3350,0,19.080718955212298,19.212880938581947
1502,0,25.429195958597955,25.517922335360275
4456,0,26.56493766202121,26.508527977564814
6938,0,24.105288148278877,24.12729662823288
2574,0,19.37382937031935,19.47287323031974
5472,0,23.390606393375933,23.370069401181233
8074,0,21.04179876844383,21.1231921877778
9742,0,32.59201860975357,32.774162614150306
7888,0,19.999138611598408,19.958233328796837
1134,0,39.19474611401846,39.19344882349436
9455,0,21.27091902307587,21.358658642881046
5387,0,23.672566890550467,23.839196805289706
5784,0,32.82376382690002,32.46983319298324
9610,0,21.62035511102573,21.596562544126407
1771,0,31.61382872613367,31.722987393876686
9388,0,23.1426716647921,23.205518278284888
9235,0,21.96638159951107,21.960811254127165
223,0,25.59539715498884,25.894154601467104
7070,0,18.085005922643255,18.147770144717665
5627,0,24.282725292311973,24.282383267569195
3436,0,29.292967571504683,29.328843774759413
8855,0,23.122602479539932,23.12734651092898
4094,0,30.37349180401151,30.451852474400397
6099,0,21.37973192358072,21.40977416192269
2763,0,25.27684131843171,25.28042209785609
5926,0,36.76362336104972,37.05794857028696
7059,0,26.402984046199027,26.339734275819968
5349,0,26.81359470799999,26.885289226384465
4200,0,29.125680167510726,29.148530889213944
2357,0,27.378954104928685,27.35029500426209
9841,0,43.88883935659902,43.81094613744694
3787,0,25.117382379578263,25.292869385143096
905,0,22.16528263078485,22.253180849552123
956,0,33.790028226942624,34.06603534867312
2303,0,19.521647876894637,19.45821515732259
4885,1,26.16353326460053,26.13572925495201
5226,0,22.90513109080818,22.897841763379287
9570,0,22.088472210729027,22.161009192220966
4321,0,31.027075960198435,31.0604318767693
6742,0,26.614292137015237,26.697424982184295
4331,0,22.032462654882448,22.196355714893492
4607,0,26.088285555766497,26.167841063474857
170,0,39.03320639625838,38.77796789320909
4720,0,29.125305377312408,29.01435732177964
2097,0,33.01694249361227,32.96074656256661
3685,0,19.175636298309982,19.167287673556203
1473,0,39.06122459321509,39.2986486268593
327,0,46.4736249826954,46.460028757536975
6647,0,22.06104608445465,22.11155973030773
673,0,28.668008711441225,28.801823027678992
8128,0,23.160687976489626,23.460486376878855
3643,0,23.28897294643879,23.22945742645261
377,0,39.25980372425523,39.48467701730373
8465,0,25.053917918367773,25.02275871695954
6103,0,28.58734103877064,28.585195219623643
2735,0,23.962997984604883,23.952072773557056
5566,1,21.546599786760076,21.4997866157104
3313,0,30.616639743622777,30.69309289040778
6194,0,23.19553929825335,23.160723845334115
1192,0,30.27593389193759,30.458700525733136
5374,0,25.702433586091775,25.718915749726857
8763,0,32.90134278062026,32.608197589999456
828,0,23.171331109334467,23.262843597966803
7486,0,23.11728283833026,23.167321430065133
2003,0,35.99552555769174,36.107665276328106
5315,0,30.97109472340006,30.944290159158403
7698,0,29.68623555493912,29.798337282674527
9632,0,31.824905237324533,31.769945149199813
1947,0,19.286982224419674,19.313686560522488
5260,0,22.53731014133768,22.526579784036947
8133,0,27.07690053394974,27.09270551111295
6185,0,43.84931419507214,43.86507116106342
5000,0,26.038293929172962,25.93730281101479
4486,0,26.94530917201837,26.972128334111865
5307,0,28.257136201506636,28.560028045988616
411,0,25.66753000547433,25.67703688670189
4298,0,31.628671346336404,31.800433542502976
2021,0,29.6981770402432,29.69410790548895
2950,0,25.43079058060033,25.38851595162781
3699,0,17.82215756226449,17.775882357614545
969,0,22.176689345669484,22.088237039111284
3438,0,27.65658630571928,27.737864596706547
3478,1,42.25024835593559,42.08411383470779
9345,0,28.01088807971871,27.94540703799693
2244,0,21.39880179313606,21.47760902065563
9120,0,29.49907672155425,29.409691989697098
4076,0,32.36840861194704,32.44862014314884
1993,0,31.970811184397142,31.98398255923693
4676,0,35.984004239043145,36.057742667841566
5395,1,31.74352785247223,31.690282882616884
3587,0,43.80387406747876,44.52009992858532
9211,0,21.766849634587693,21.87859623083174
3009,0,43.40379701764475,43.38278968340927
715,0,29.550533638117233,29.502784107017646
1604,0,23.65535945676567,23.65673025226809
5011,0,20.795388484447695,20.795783946813607
8431,0,27.5048049378282,27.548621496212377
8925,0,25.174161187023113,25.25825165001466
1444,0,23.957805138659914,24.088442545804426
5867,0,31.749026694514402,31.6316588966567
3209,0,22.118090201612223,22.15085561066829
1484,1,28.379043740617586,28.458105909744784
1750,0,20.988246661795205,20.97423431666466
6446,0,21.57890685310857,21.652497841615368
9569,0,26.523460354151055,26.529533778479472
727,0,28.22908354026784,28.225739756380474
1092,0,25.92531493080185,25.793424734828243
6335,1,50.90673624672303,50.80033147732809
9567,0,24.62683752875468,24.69064786382476
8184,0,21.415635730413783,21.471256183041255
2670,0,19.768894854956685,19.799475036289163
1856,0,33.22279739491447,33.34874030580896
9893,0,20.128224959380255,20.14509170481622
2993,0,27.723547319492045,27.853077513249104
3540,0,20.326847324257724,20.280801417072254
6870,0,31.358231356097797,31.406904491731897
5875,0,27.34096696893586,27.182903274133903
7717,0,22.188751532748167,22.142472415527806
2543,0,30.763268967344754,30.802778974749163
991,0,33.913885140418614,34.01598274774909
5058,0,41.74559997816984,41.79866335619712
5439,0,20.562173217871447,20.668360044139018
5186,0,31.771337060818574,31.923844483863263
5199,0,29.410276643905284,29.507175023336767
2162,0,32.41250744442651,32.3799699962449
8748,0,30.824603068852195,30.962936065517844
6321,0,32.55911540475478,32.61943770953943
8666,0,44.44289742872876,44.201600102908884
9560,0,35.20341647713462,35.15896530474364
586,0,25.806634510064345,25.799690802648627
1121,0,24.028332709819765,24.053127698305666
8488,0,27.448985206003687,27.409954442988276
5509,0,24.878284788072342,25.015114128435165
4421,0,24.613251680430825,24.600095117744182
6540,0,32.54849823597863,32.75392139171092
7293,0,24.094499142482324,24.08731143400541
8538,0,28.580357608282313,28.621752741710715
2559,0,26.991560727504126,26.968488432669577
6551,0,28.091912433444953,27.985239925813985
8334,0,20.699270723420252,20.75621879656523
5705,0,27.40793180521132,27.36758587317972
3874,0,28.71420380031806,28.690964405026612
9004,0,20.43281979855093,20.50802641027052
9582,0,23.663310871485336,23.596972794957317
9987,0,24.749397518866644,24.91121748380469
1344,0,21.211405878019757,21.18483507883073
4276,0,27.381921271436998,27.398341728062647
7477,0,25.150223357594683,25.094360395816782
8261,0,24.02162360460617,24.076088955022126
3809,0,27.751595903418416,27.707228842757942
48,1,39.50828281785057,40.28078157595149
199,0,22.645001982289248,22.644256203786462
9858,0,21.809117128445752,21.838210200835732
347,0,22.8260404401785,22.91863461470544
8093,0,21.696215780202184,21.709356585307283
5181,0,26.916704483244214,26.87143517931486
9389,0,35.59551277537632,35.50079030678698
7841,0,25.341486776886892,25.512173211397002
430,0,22.870705997389553,22.942050061077005
7188,0,24.057817632370956,24.129989609326426
8942,0,18.94871225427757,18.976153118399942
9862,0,19.366781579130613,19.34041369563178
7921,0,24.57917944103892,24.4476238986587
6290,1,31.448269931690696,31.731696707151865
8499,0,28.424475736332123,28.27642180322809
1690,0,21.10616514436754,21.110040037659367
5183,0,31.620967727402686,31.729503629758902
9543,0,21.98969627549488,21.9583624084737
2172,0,27.002550284243746,26.96500355139383
5664,0,27.035654407292544,26.898680859342434
6109,0,28.75909836747938,28.85836418773378
1685,0,23.76330339607063,23.93045273004019
9363,0,18.90377502220141,18.888297389149656
8684,0,29.79081427893615,30.06526993176259
3668,0,42.25545454792409,42.0508660356094
3592,0,20.194046613675468,20.131377196825035
1595,0,27.78317069293238,27.78766416129392
6211,0,21.047934813532706,21.085843417747686
3134,0,25.35603676277045,25.447801047564383
9483,0,25.663810057154958,25.806985467556228
1529,0,28.046958021858185,28.000000322028814
3412,1,31.94031067634014,32.40583856929037
1904,0,23.44712608997552,23.527378242913944
313,0,22.069687471369875,22.036679624876264
330,0,32.58960437578832,32.734070972062156
1052,0,27.894715037747986,28.020853524985423
4406,0,25.643501745378863,25.70000217797144
6049,0,29.29962259156552,29.14472955541094
3821,0,32.956261945797074,33.03727969418088
4534,1,40.71283199273092,40.5174445165121
8446,0,22.646636866004688,22.635980783705747
308,0,33.7794389800241,33.900194074338316
7147,0,24.31097590585832,24.65016933442063
6079,0,20.8496615753618,20.87494598189849
8868,0,26.14988324340217,26.1420474487948
624,0,26.02307150834896,25.925394128000747
7531,0,29.9565350394388,29.897900223620507
5813,0,25.230328242241658,25.063750679190587
2233,0,33.23718471334755,33.557573497653884
1097,0,28.20307251902233,28.09192278871367
2307,0,23.229118982302126,23.204230878189165
3335,0,18.626376066470925,18.659513017786804
1119,0,35.065338936958966,35.18679950838615
997,0,22.25374725943663,22.260206797395735
9917,0,26.45896639408146,26.587482938027076
901,0,31.20585482361473,31.273210297757714
3647,0,24.63623671702581,24.79739395511653
4210,0,35.106238122309655,35.34954576058012
9971,1,27.482461167497803,27.35228256047159
6370,1,34.351884596641185,34.32670974707142
7867,0,18.506267504583633,18.584528057895913
3493,0,30.537108323883686,30.783125961267075
2407,0,21.784438384278193,21.72768364880156
3079,0,24.619732499927373,24.68910753915813
5200,1,34.85145773245785,35.280131588873736
5858,0,23.691337183892802,23.75899467035099
4746,0,29.195127720509085,29.237112654062653
8246,0,33.28396471412817,33.28948306895338
6260,0,27.816118126366245,27.831389655083182
6625,0,22.43135063778326,22.396107497699106
862,0,24.486488875788318,24.463358130531375
7986,0,29.966087685523767,30.158828790345723
829,0,28.8089642813103,28.87018185454558
5405,0,38.97503378589774,38.938259488263874
551,0,24.19569696107208,24.171302153680966
9838,0,21.916674950324733,21.948537618349807
9504,0,28.498379152944935,28.404779924913264
760,0,30.61421346805053,30.546901837223462
6854,0,35.05467675899709,35.02428203720058
6340,0,24.95182731419023,24.976741111647126
9319,0,22.47451563527891,22.573845021440018
7671,0,31.719651322248545,31.621795559968877
6962,0,23.022710963187606,22.980725973998922
6085,0,25.4787681683715,25.45279087531673
9292,0,28.383988895355767,28.517502346242992
5718,0,28.859891511455157,28.8113698692872
8221,0,22.703307615437843,22.751284126293704
3879,1,30.758790489850178,30.775482949150245
6425,0,20.73914680561524,20.769484712413973
947,0,41.123302757515155,41.03943141807832
4755,0,30.455662033222218,30.36740335190765
923,0,23.662932964179134,23.61400940159414
6552,0,21.287373675068896,21.403217430286297
6999,0,25.98676534988207,25.96111826293023
9140,0,22.217751058740458,22.351410179901162
3381,0,26.01636055961741,26.06608604953799
2013,0,34.96207864552113,34.812421837920894
2460,0,23.623910254186452,23.68206617048758
1173,0,27.169059652363206,27.06675026810624
3331,0,20.902840365611894,20.919318727066713
2100,0,21.140958385562808,21.101849531693933
5863,0,26.986929281128972,26.87853541159356
1387,0,35.7132740462235,35.91815540150064
4845,0,32.14937405814135,32.09337243645834
3477,0,34.228939052017594,34.2523648665398
1210,0,29.166547321881627,29.331865196292238
5992,0,25.285334733616637,25.304555193576835
9888,0,21.5291125367295,21.47820688337176
6953,0,24.053721068432843,24.04739244743483
4286,0,20.782310082025663,20.78352320789487
9051,0,27.53988479046426,27.62664947068353
3885,0,27.557447617883746,27.623550002879337
2522,0,26.541989842362014,26.619358194397986
7010,0,34.26694948602549,34.063848907614556
8880,0,22.60173688819076,22.54332081287384
5146,0,27.473222914802413,27.38383982269626
2457,0,30.943710521171415,30.85087300375635
5856,0,25.657234573971337,25.617361448691
2796,0,20.106419614357666,20.131455085596155
1000,0,22.235753328474917,22.32167886506072
4980,0,27.612243809499557,27.54116044164795
1184,0,29.794117309386603,30.0079928491818
2352,0,30.400648552338644,30.216153780419184
4394,0,18.102022127484872,18.148091358866978
7375,0,24.267224130517018,24.210714031604383
4455,0,25.631057420975573,25.642729509150925
2564,0,19.8670546985139,19.938172707787352
546,0,29.849416572439715,29.79855828860596
2801,0,19.528604859328777,19.531960958565424
9643,0,20.859729980219047,20.787602327975986
2477,0,32.26841109441116,32.46627196937559
3266,0,17.82147069842512,17.786324381742862
7404,0,26.50417822021466,26.763501696586076
4408,0,32.052631469397674,31.895765794208195
598,0,32.886260864342624,32.90441799864662
8027,0,34.161040681308585,34.10428946017431
4725,0,23.425365492816248,23.447811775685548
6662,0,30.866962965647268,30.987318610395523
360,0,21.21771163990199,21.14436573265729
8777,0,25.11594286048749,25.172755723243522
7511,0,30.432956736951404,30.318908908999063
4809,0,21.000185612067742,21.027159719654474
3514,0,31.548122444398846,31.78413365693585
7367,0,24.389785858585036,24.53941355193707
5037,0,25.825492485517135,25.842199814095654
3562,0,20.118625288660557,20.20195695845726
7746,0,30.386665992781946,30.808646912295075
8209,0,21.912839654416203,21.87271526499645
9266,0,28.117324598841595,28.07731477256472
9486,0,21.817217403389076,21.965735601820903
3314,0,33.77210912568868,33.72782918554057
4585,0,19.23001160216075,19.328664979462314
3164,0,24.26999497945102,24.29272811474731
983,0,30.964285167804697,31.055363659734805
9185,0,28.17378005850065,28.08086816104462
6313,0,34.64288229057435,34.469436450094754
3617,0,28.434173067603485,28.428252495774114
2296,0,25.40484028785625,25.302374902148884
9199,0,23.401396302661137,23.40023455145097
3385,0,27.024199609025494,27.084364431751126
1053,1,28.867433634125092,28.503131881023045
732,0,33.024003770255355,32.74606724537145
6348,0,34.84116386772734,34.81142649969187
4882,0,32.163014903621885,32.10888050246847
2824,0,29.97582714181897,30.12638739551015
6596,0,28.797805442653438,28.876790127862673
398,0,26.17788670443752,26.438454290973397
4627,0,21.675460169644165,21.73793988618945
275,0,24.8380977774255,25.003487971939265
4504,0,29.312874887647567,29.345203906142213
9249,0,23.61381621090954,23.61655813021482
893,0,25.161834157105126,25.21866911857804
8492,0,39.036913183396216,38.933492405820374
5676,0,24.832548272262574,24.849162186905932
5733,0,29.919250197346877,29.98316181299387
3827,0,25.358891125011375,25.286473034901444
4215,0,27.28552230634415,27.294001675222518
7850,0,17.59302803179563,17.578225443190934
7529,0,22.628732007213056,22.83539116055357
59,0,16.976652472752853,17.073285904470538
7084,0,26.98002066536897,27.167537874851625
1369,0,33.811555394910826,34.00763477398584
948,1,39.673883330284596,40.21801163386697
2198,0,27.586654698677982,27.557021012616683
2582,0,21.441449306050444,21.637291821536124
5934,0,23.39125894974419,23.52291288191435
4657,0,29.88077171749149,29.72986220747753
173,0,20.119483199676278,20.171018577100078
6531,0,20.67391984319023,20.71420166709936
7854,0,29.523063284492167,29.337835291572944
7157,0,25.65616010562992,25.74854256383008
5669,0,23.811878010912608,23.8021284032314
9425,0,35.99631816020113,36.12046640940355
3117,0,21.171326515457235,21.305536401997916
4099,1,26.042445354696607,26.163906224455406
8901,0,23.232254010596396,23.228565558014537
3529,0,22.984709714371384,23.06388016754778
8317,0,20.833000097022822,20.931456215688588
6598,0,28.7128850571121,28.671929210966052
2728,0,32.28721978670138,32.21695356059759
4114,0,29.659669000496482,29.753627078262674
8428,0,42.599242380922576,42.80623181440719
7800,0,29.156579961452625,29.173810896690508
284,0,30.727028838422846,30.743788991970995
4581,0,24.92169651188533,25.009826612243973
3930,0,29.052201456694707,29.053224558465807
1650,0,25.445327119141762,25.460518383159553
6137,0,21.677643748854997,21.728590404231586
166,0,32.24625442387005,32.08252713279481
4312,0,22.823922716448198,22.892277043392323
2847,0,34.99384164534837,35.04597553372181
3222,0,28.565628529825997,28.471278339736905
5097,0,19.497082272776986,19.494424211518435
1446,0,23.378741849210403,23.354651796551526
3805,0,19.397249854798392,19.344448350153318
7941,0,26.815273658481523,26.65138212652778
9902,0,26.274162834237085,26.214560150250836
2581,0,27.03773641628936,26.989137545587926
6303,0,26.882935824608236,26.916819297990624
7101,0,25.72191934855584,25.869402802507064
9879,1,33.889671056871734,34.151422821758395
9597,0,20.862550389397242,20.81754297277594
667,0,20.03047539570765,20.098683977927077
271,0,25.156787182692725,25.34468185257822
795,0,28.59950676417903,28.581656243705723
466,0,32.77720676456093,32.671527934596895
679,0,45.76951143843249,45.938735125283145
4482,0,22.958482162193356,22.944490674771455
190,1,24.757153290769587,25.24026054389922
7186,0,29.983705157714173,29.984081828920793
7392,0,22.269935279802745,22.238649010118802
9816,0,24.512791281251655,24.645323666446522
6465,0,28.19207927448353,28.127511156940926
1400,0,18.07025193428224,18.093830471205507
5149,0,34.35841767427259,34.38687145231431
7783,0,23.413099031655424,23.343547173584284
7048,0,40.945072264462404,40.64466674834226
6719,0,17.81446415497122,17.92450534036035
9873,0,28.99454696565419,29.055031507094466
1186,0,22.76614246611066,22.81031591353998
2380,0,19.929204104746017,20.067391198477516
912,0,21.342065739017116,21.289857332642168
3430,0,27.211660780127875,27.3271222029571
1937,0,24.052964711122286,24.00695508188321
6411,0,22.47853600605598,22.636337781231482
1852,0,23.882845528086076,23.940922763236966
2717,0,41.427923914210446,41.338374439906296
4110,0,22.384367583398493,22.39134190946468
8723,1,40.17845338359173,39.87621919420088
3328,0,24.108152951471535,24.0882939671628
9506,0,30.54589929236237,30.500621788716384
7555,0,33.49575659149497,33.3358735591487
8269,0,36.94639506279702,37.00665436126735
8187,0,21.724651522420427,21.811024628699812
6549,1,33.11408137320273,33.10376956108351
7914,0,32.93401897155253,33.23780989420358
552,0,19.59028036930266,19.66870961201898
987,0,26.103584099881466,26.13244307916429
5214,0,25.195638447247855,25.283568177256644
9726,0,19.702693191250585,19.67744191612774
8500,0,42.46790808441966,42.68025499163561
3993,0,27.64011844374061,27.766474397164536
8050,0,25.336599460164294,25.458936436259012
2416,1,27.22518790944731,27.296792991668372
294,0,25.115022509635065,25.199052130289928
1151,0,22.373488940064863,22.35882621466783
4890,0,28.133623941661305,28.149824278854926
9346,0,25.637966781201715,25.655498870864122
1420,0,21.327173500580933,21.295630742860265
3293,0,19.36400519930008,19.320835950458196
6149,0,19.41130189484822,19.534951825285255
4774,0,34.52814459299816,34.82813052128772
1243,0,24.640401618552353,24.649286413519924
3912,0,20.51785157045776,20.552877900650195
1225,0,33.79078480211612,33.69701655368699
9768,0,37.022474033557906,36.91258718872181
1290,0,22.88996697650762,22.846313912518646
2094,0,21.509124595339777,21.487653644959103
11,0,23.80386455351512,23.72398828947965
2070,0,33.23431161740149,33.22692785075347
8325,0,32.16716696853222,32.104719063950924
5090,0,20.94506583168109,21.010300558098088
1317,0,19.284545865398805,19.294210195789763
2751,0,34.81851221535112,34.556316413008496
9922,0,29.80743956218019,29.800946694213472
6960,0,28.49826448614521,28.49472967762321
5947,0,33.01551619640784,32.93117987645989
4385,0,24.395158759438182,24.422601662229578
7775,0,28.119285187543323,28.0697911052983
163,1,36.63090491573999,36.54925462549709
2351,0,22.880740173613262,22.927733202535656
9,0,22.3890460681998,22.335850731621
9695,0,22.71932718046019,22.69413261160187
8627,0,40.13429963819039,40.13384007238792
5459,0,23.744439778879137,23.7474304153514
6107,0,42.741699647385595,42.33593029514643
5370,0,31.369267348433336,31.369666261974047
2688,0,29.214136773155776,29.381035203868585
1014,0,22.85230737827397,22.8675315839179
2866,0,25.85030809962376,25.819542279649852
5735,0,35.93851553007767,36.16773006095052
7675,0,24.710910093079583,24.68286716190854
6863,0,24.865964282514014,24.849717162142582
395,0,20.216014758737302,20.346049916573023
4763,0,27.242508961812206,27.202814452314588
7760,0,25.11956071564293,25.32184141029665
3346,0,24.614042386078363,24.68959832563458
6352,0,26.34382662891158,26.495252383119556
7669,0,25.440306046424833,25.40696455248825
8134,0,25.421826466568223,25.532618782922697
2924,0,26.513099206735866,26.524960461267263
6499,1,23.546041660078867,23.318220422459067
2720,0,26.91692705607273,26.846189743934158
4788,0,31.264215083002718,31.331646696785576
4863,0,20.05791339960581,20.060313181575733
1684,0,24.0636967933817,24.003674423239595
2816,0,22.265707418860472,22.23010143478497
6293,0,21.000961351169035,20.962975531778145
3791,0,34.862050285165246,34.76130611128057
202,0,19.564976778180153,19.53613604491158
3947,0,37.71742534821735,37.627339036212135
7835,0,22.85542834430675,22.775229485746394
1289,0,23.37594068180042,23.379160624759812
1363,0,24.64267365041124,24.54778824947629
8430,0,32.992466762579255,33.41967706497297
8218,1,43.97311362575048,43.46991526827254
3586,0,37.981993919402335,38.02207776650554
1826,0,36.07548458236696,36.151294556759446
99,0,20.63329360234121,20.621343578160058
3392,0,20.50059812387419,20.53195301909167
4644,0,24.46376550779501,24.52907856975114
3102,0,29.507326858484817,29.628953132297692
1623,0,16.072725639388658,16.09941517352602
1617,0,19.282917289957492,19.351082228292125
6866,0,24.260844282001848,24.359753806592284
5043,0,33.4302404802544,33.324618997187194
3542,0,35.183737959022686,35.3805400718956
2207,0,34.77144620227492,34.732199501052904
5389,0,25.649132281975298,25.768459851449176
1073,0,35.12368594459794,34.85269408003639
7510,0,22.4255542944447,22.422117907131426
5003,0,31.284692928302256,31.204693130139123
2601,0,29.002911464747783,28.907045119136026
3386,0,20.468664304167028,20.53380852315754
4474,0,28.388017485783763,28.385114287846953
8374,0,24.37783531061684,24.44637358136721
494,0,25.24889239038016,25.353138586617664
4791,0,20.478744841104145,20.53145528154865
5013,0,19.604810051074583,19.62985218380663
7355,0,26.816187630989745,26.86154350896536
6371,0,34.87028252884443,34.861039586506344
4970,0,24.904768901849433,24.85009552182249
1334,0,24.077374273124168,24.04858178425226
8912,0,17.966986756125586,17.96585022309485
3895,0,29.19102377128194,28.855696727354985
1144,0,21.53053441139495,21.481286984720853
7776,0,21.67338597610574,21.68071578732829
6547,0,27.401490395999367,27.49241471591319
6652,0,18.60577101270356,18.681889288058294
7980,0,29.887582832613816,30.220874866071384
884,0,30.03967570986641,30.08194747980095
6543,0,20.316860563358603,20.496488986576832
380,1,25.264248062489166,25.1380921223319
2968,1,36.17863545581276,36.13569444643129
5609,0,24.360500977013178,24.457723273021983
6986,0,24.559624790308508,24.53936072046898
9508,0,22.52306374258686,22.526129592964843
3338,0,32.30401625295254,32.671135309484896
6611,0,23.9562432249311,24.076300202936835
6666,0,20.53196882700045,20.594641122738867
4806,0,38.48516474213025,38.64550388886617
3199,0,24.547948364749796,24.5140029931605
2501,0,23.889049122577745,23.871597862255648
6292,0,23.79615609728097,23.737989619656204
5143,0,23.666190998118285,23.803525441194473
3120,0,25.34784685540473,25.241916992690975
8583,0,23.43796841148639,23.449013489622022
3905,0,29.657322216895928,29.521171320845703
4409,0,35.133457348366505,35.199133143294695
8390,0,20.671323418988823,20.580520316598985
6907,0,29.257814758434566,29.14955320113738
6987,0,29.605464477629614,29.559001040727445
1517,0,25.612864882851568,25.57909529969527
2192,0,23.226994955362002,23.24583705073672
3858,0,24.94878741487888,24.838729515053245
663,0,33.36716794690816,33.34287703732194
3137,0,19.380538470035397,19.38783475421793
888,0,25.34060488611163,25.29408079966499
2218,0,25.197566851935782,25.122819482833915
3605,0,33.39910977798567,33.3100138594591
2710,0,24.18672932531534,24.192319381903694
7364,0,25.1641374345306,25.187870371027262
3784,0,21.413582852092034,21.466134907408808
5142,0,23.350502726926845,23.3097210416068
5513,0,21.501913225693546,21.544291343185574
8782,0,21.736344857221678,21.755348846447582
719,0,27.827087376231404,27.77449867525878
943,0,27.84945462209598,27.85341920603947
8803,0,27.588080811532187,27.627130256760168
7019,0,34.33108344134222,34.43775306033478
5720,0,19.812812353081863,19.94413258046807
2684,0,23.32665243500904,23.37430116510668
2114,0,20.21610985489875,20.208969798753362
4122,0,28.80193977687372,28.734542070332346
3524,0,21.933780742607475,22.010499178151
6997,0,18.121847083137034,18.06563521223839
6704,0,21.269943040225108,21.153439664879514
4046,0,27.72060924707504,27.804518768631787
1109,0,22.99649714934289,23.048208688658697
2004,0,24.273739349171393,24.291299339928962
1900,0,22.328896676432045,22.376482593659013
8621,0,18.98027865198846,18.989449495601047
8111,0,29.292215889046624,29.24115174022402
8930,0,28.18627915729842,28.19752032890171
8404,0,27.15922657108273,27.25994095611616
1015,0,27.770333517785666,27.80965780366839
7861,1,30.206307625837606,30.39200026744165
1573,0,22.932710114579177,23.023911858060963
4169,0,31.30256422066792,31.327919137787926
8030,0,28.928515305949222,28.95886027010987
2092,0,27.600643395902605,27.568296818831914
8214,0,25.32483483207049,25.307155517600005
6067,0,21.06902528593038,21.11823551383399
2321,0,30.249904497084863,30.03696181927507
7165,0,19.339428407647606,19.30634078545889
3729,0,27.979112316650937,28.033595502264852
2253,0,19.471203135582765,19.562325416051085
8535,0,18.7085399648045,18.676158157084487
3054,0,23.346009610850476,23.30197850955635
7523,0,24.967122083254676,25.026743850318894
1733,0,36.656592265173366,36.953385519907116
5508,0,33.78167558338506,33.81735608134526
5131,0,26.11773335589933,26.258587954231242
8954,0,27.094921456911347,27.011450015663776
2652,0,23.50783701076604,23.435507653568553
1390,0,24.594026341052537,24.613026994980185
5101,0,29.421977004431383,29.4818875396575
382,0,31.545301165543464,31.677864400366285
8219,0,34.171381889943284,34.464176426438506
9197,0,22.86001132997513,22.84678033838606
4513,0,22.937041382083837,22.988223483452323
161,0,30.21156976128496,30.321096118743537
691,0,21.287319726524924,21.442551858954758
2591,0,38.74418954254541,38.91595031809032
1178,0,31.33546878947141,31.257991910499207
695,0,31.06690252899638,31.071154566547293
5407,0,18.00533855459608,17.970716206639523
7371,0,24.80309340741198,24.806779118207846
3667,0,18.428701974376267,18.35163361524945
1049,0,25.261555172701136,25.238191075009972
1740,0,29.40096360918902,29.73373410226941
9359,0,21.33003178786323,21.3879367105031
5340,0,27.252627811779746,27.24327218134458
1236,0,26.170256731964628,26.32278801355751
2142,0,28.279512833556808,28.234007454855675
8228,0,29.1257757942942,29.303037030051186
8714,0,23.085797493204314,22.978246149977313
8922,0,24.851167435145598,25.09642438641832
1626,0,32.58435080677616,32.53525393306304
3939,0,33.51558770529877,33.590816900889386
3378,0,20.371297226536836,20.37760446162079
694,0,33.63207278940272,33.725395891342956
8368,0,17.440041092829016,17.45382924614102
6177,0,22.50793746788067,22.513510502068016
1724,0,28.86705014374728,28.84848319419558
8033,0,30.536541540527594,30.549201105593337
1095,0,28.19845046186266,28.229567837252347
4082,1,39.04982246656919,38.343563565410264
9280,0,21.829540832286177,21.813400652189415
7096,0,33.485247030321545,33.490232720866814
8145,0,22.389675629341994,22.391795979347904
8540,0,22.1850504135138,22.20993129698881
4751,1,33.909155071964825,33.910815080283434
7291,0,19.169437808523462,19.210125643636236
2676,0,29.357343090688516,29.41709721655777
8810,0,24.040495923563473,24.058007168242618
9267,0,21.401161327857153,21.556633105361126
9220,0,29.400869528794274,29.42493287991665
6828,0,29.374978458138393,29.58695000813466
9542,0,43.37970832424576,43.50596969365785
9321,0,25.419616501327514,25.524122775547905
5128,0,35.08526970283848,35.42664512097079
4560,0,38.51938117755443,38.01393324042545
8313,1,28.16947181833241,28.388599089277548
7788,0,24.987419203114943,24.967453799492972
914,0,39.32982364241808,39.508213189651585
4859,0,22.414286185232726,22.43427987978602
277,0,25.43929557138059,25.399520493925984
7702,0,26.955708883511264,26.82297406676883
984,0,22.07809023222129,22.21431992875597
8703,1,32.00177268468048,32.721039546694456
4353,0,37.79144211533974,37.8211115699625
5249,0,19.274769019411146,19.327387999494025
6983,0,26.020008330204668,26.037960200405113
2440,0,21.574187562571975,21.658281472149696
8547,0,21.614015671909,21.62224264307773
4294,0,28.26498829801614,28.27197682185258
5894,0,24.848637884334007,24.893342237815915
3513,0,18.660198924544254,18.66523247051181
8670,0,31.49451286416011,31.452322718342945
4238,0,20.248619112888058,20.297397374823177
1795,0,26.537397237244157,26.494626974686096
4810,0,27.610437981602914,27.850693887855535
3501,0,24.993816294279952,25.13792240505997
6864,0,24.12679006121229,24.18399073898586
9540,0,25.16344600469929,25.16802261411275
3943,0,29.197819145133185,29.363164943291178
482,0,29.15705104971415,29.03834157300105
4269,0,32.54054237212019,32.69358111101115
3112,0,20.018821710086083,19.962395537452938
2110,0,23.49344949416105,23.50171574554758
7283,0,16.455413389051333,16.46159106036921
7331,0,31.135525266142764,31.104817280052174
1849,0,24.146573010294382,24.0926681942667
7279,1,30.396305683158165,30.69632787187045
916,0,33.54525876800401,33.407943703586525
725,0,25.14356451315954,25.217627531461005
3800,0,26.14594731380592,26.07798261947308
7627,0,31.385053501049995,31.503849091485733
3888,0,29.699883457594197,29.540707317173126
8532,0,23.49749964641645,23.520393784974672
6650,0,32.69769932907881,32.782459368128045
2038,0,22.641824871049646,22.812880341292963
7271,0,32.36972468730434,32.27194339311459
6583,0,18.350479821578208,18.301430590032602
610,0,26.853371795475503,26.955919787743937
6792,0,30.72691248163783,30.701625532865343
4314,0,31.782473718702164,31.82686934653697
4804,0,31.2376047357537,31.606159906701027
247,0,21.658387113570523,21.620441140944553
1708,0,26.800344599594204,26.80289615144993
4622,0,17.2149026440249,17.16596670609298
5952,0,27.618809297570248,27.623772067159152
464,0,37.86767556559234,37.62422545963803
2869,0,25.494107617115297,25.58836214921619
6184,0,22.801108999457536,22.973628966336083
3534,0,29.613337486301223,29.95048473232174
9356,0,32.35004346900684,32.49082255824288
3588,0,42.847657918222126,43.14669688161477
68,0,29.711669832186548,29.69827566583969
2594,0,18.66629120013492,18.699560975100887
4741,1,36.4841282255937,36.39454775004037
2758,0,33.08927409583633,32.85692685569577
3923,0,26.013146419447185,26.231799852337367
4319,0,37.19153689994592,37.090400307293166
7493,0,34.9055192077279,34.66848055567508
9930,0,47.059040703831315,46.82720145854045
5780,0,25.321702576547,25.314612203459802
8549,0,38.03529022306838,38.12956898034992
1495,0,26.445749467022754,26.418101829864696
8130,0,40.19347066861374,39.98432870745433
7312,0,33.29586562570078,33.1287853312615
273,0,22.540243376830443,22.745123236976628
8086,0,22.482464467042227,22.49674440647128
7739,0,20.017119437122556,19.985082178985895
6524,0,18.978395580000104,19.081792371734085
5428,0,21.465238413597874,21.51193732055284
1177,0,28.09325293722701,28.171811282536186
599,0,29.709795528193386,29.65958331305974
1637,0,42.065693945910816,41.58758128296452
1461,0,32.01539729644119,31.96514648782299
8211,1,29.03071785342789,29.155324974462346
4015,0,30.525728036105782,30.486056249099676
5986,0,19.53681517067013,19.58681787966188
8326,0,20.26597184282661,20.436838884973263
2970,0,35.23202442988843,35.092307735496966
8229,1,30.42721584145517,30.327440741341736
3327,1,26.37539130644695,26.034232729609478
3760,1,31.384862647456494,30.972472311470888
2912,0,33.67847303153731,33.88105698533219
3003,0,25.41626638862655,25.486839794172496
3953,0,18.560444144516286,18.598417511475894
9661,0,24.407560188882854,24.497676564051787
949,0,29.230816682304706,29.241111287864275
325,0,35.51685041571432,35.55054917067965
4019,0,29.96607597162963,30.002060666066605
6496,0,25.630288737108998,25.675345420769897
803,0,27.18509343100984,27.172485613792595
1599,0,23.304646848643994,23.37746543070573
8155,0,20.524902847550653,20.600666454075142
1335,0,23.903316455302093,23.971105470194022
2963,0,17.346872504136513,17.44708978124318
3637,0,46.61119016280248,46.464719753074995
2168,0,24.201705585533663,24.17570275869616
6629,0,21.43399062636522,21.493027997785752
3431,1,40.10119013075397,39.86124200764526
3796,1,30.505108157227458,30.359780570372735
2248,0,23.048812477938014,22.98562206492444
505,0,28.437806455924342,28.718970321245212
5353,0,19.345588138778417,19.337773481767005
3337,0,28.397604573917558,28.232300655771084
7720,0,36.622009208870175,36.433692223119785
1981,0,23.068536257248606,23.263073001107365
3099,0,18.773205207588664,18.798319184520615
2267,0,34.265804506505425,34.22694480926213
761,1,30.28833135989888,30.3477333034328
9286,0,29.61181917529571,29.601841660230082
9279,0,25.35515614442861,25.3061747695684
7883,0,21.45397821133104,21.50472677024658
5798,0,21.257339447669388,21.343377954997713
7011,0,28.71561310107869,28.7279223946089
9800,0,21.792297310328685,21.761649688633174
9647,0,29.625545905325403,29.744522895642426
8179,0,19.14988775094211,19.22750107176717
6454,0,30.346865880177397,30.310141560400464
1118,0,28.402983987269234,28.285207011419182
2279,1,25.93027850032072,26.550153459121375
7592,0,26.615549873319427,26.575662749660697
3068,0,28.089672045579825,28.156519377891637
6017,0,22.588876015864088,22.7877405879053
1293,0,27.627497925668223,27.625352724614853
9756,0,19.53297838345818,19.649295625740425
6127,0,27.36467595037391,27.476919648734597
8426,0,27.752687784005353,27.845547480721944
5301,0,26.49453097369811,26.689110259141327
5492,0,20.34932672805355,20.428695643307794
4902,1,34.83379368374076,35.15806184682958
9894,1,37.86349193206498,38.261574668857705
1318,0,21.26135205037431,21.203018481377686
8856,0,31.985137720971707,32.1312561883721
5269,0,27.289991685567944,27.371101054341555
9977,0,21.62977472755615,21.76672751330171
6941,0,26.620436529012913,26.614248102720154
5001,0,26.340404678974565,26.33401741569726
465,0,21.016437212275072,21.096760686042536
7395,0,25.33200455531681,25.298437092369923
3853,0,18.86350870615436,18.816841524524747
4295,0,22.791022806740337,22.80836378954456
5118,0,24.752074070276407,24.836208139547438
4719,0,32.62507719633497,32.505567277851256
1308,0,20.693764333449227,20.704169059619932
2293,0,37.34862256614975,37.64130499193716
9703,0,20.930813992473997,21.022507648249228
7389,0,22.604061284034803,22.635423798425812
2068,0,34.51317821406565,34.5241264257073
7562,0,38.515939377929676,38.84950531644275
6777,0,20.471107397946188,20.66837709651423
6423,0,22.889329223741445,22.96156314402527
6646,0,29.203994741392457,29.183854335939532
4125,0,23.194991311884856,23.329549314154903
1341,0,20.169280008834654,20.135166300185173
4892,0,33.01826675031259,33.026593757417295
3460,0,23.90638909606865,23.961629725601487
868,0,21.237253899987632,21.327760439034282
6118,0,27.57270930359331,27.651157804939373
1719,0,21.624093601011065,21.62941156815846
2085,0,26.992498799544215,27.03135279685978
1864,0,27.173991510808413,27.439790636271518
9094,0,42.80596986807138,42.73453157905322
7113,0,21.03962340844363,21.147734979991306
5801,0,19.523554330065686,19.508861763814068
8968,0,20.73143396315563,20.688985903816477
4345,0,26.818999118912068,26.932497615608213
8773,0,18.642038657767834,18.708784076999812
4488,0,32.20301471243353,31.964525798427466
7541,0,26.45331999096941,26.742048889496843
7564,0,32.415896497102295,32.483518096211014
8884,0,22.871235730399338,22.81829773807602
608,0,28.242088494174027,28.31992931529753
7296,0,37.680203095287276,37.66366710755008
8931,0,32.20614786491375,32.054202549365094
7298,1,41.012070572153384,41.03015732221118
5849,0,26.560005763691464,26.469782785619625
3722,0,24.636389924132548,24.61967368772532
1366,0,18.036297942954203,18.05453894330018
6108,1,20.205837586449743,20.262004343752107
7206,0,21.5639469503687,21.587046155599975
3941,0,24.816878232404925,24.908039086062935
6810,0,26.483849986396724,26.417670667914095
7321,0,24.88230661169388,24.8624370733843
4919,0,17.333732477967594,17.36160073499594
8123,0,25.618186704856264,25.48551940315678
7215,0,27.77351464885022,27.974807154384564
2095,0,27.033717162400052,27.075573829851386
5749,0,24.77823094315145,24.805163082355055
3848,0,33.57762782642761,33.587542165006816
9545,0,24.60298663251143,24.535885131645205
8892,0,22.58358359174899,22.529284389960495
6463,0,24.158725341795353,24.12574591647387
3100,0,17.640803426588644,17.59333762328011
7706,0,18.602990176046568,18.5673471621169
2069,0,27.32424237605006,27.35452301707811
3775,0,18.81331480780443,18.853049927276754
7808,0,21.79316275984541,21.903074100945986
7352,1,29.054588579454812,29.33460161791702
6056,1,34.76169246566114,35.01784831386174
2030,0,24.585987031572937,24.722236419414518
5237,0,24.62043890399813,24.517158521111817
3240,0,21.266190216834186,21.307536679136412
7525,0,32.28015001327637,32.24497051651668
2943,0,24.15645893934875,24.168308588958137
3671,0,29.282751738682993,29.227405520097737
5699,0,32.41353628888823,32.71316749338133
589,0,24.14258988474379,24.142874413332727
4302,0,43.57233062043209,43.53073738193365
1735,0,25.099792607848837,25.129575002427167
528,0,30.793474734500748,30.810398061890936
6251,0,28.938031843802793,29.040834178527895
8987,0,21.591174432507316,21.607025079743426
6242,0,29.359655783770897,29.492388910350023
7252,0,26.272038522631743,26.200680284200207
7067,0,20.246006550376343,20.17957711089954
8152,0,23.28559856412931,23.23150324481529
8965,0,28.17418931176465,28.191044488415226
2811,0,22.285389550374468,22.385320133077368
2333,0,28.98745658880021,28.865040606530794
8866,0,29.16604645072171,29.270229491949177
8394,0,24.856304074385466,24.87962283781645
5634,0,27.776647955876555,27.754794646159596
587,0,20.92109480016867,21.018661905375552
514,1,25.92256598538658,26.27515548866736
3837,0,18.46909993854685,18.600732383438533
6559,0,18.87837219161874,18.90644979514047
8620,0,26.70543377843721,26.773117408224593
2689,0,25.71744385753672,25.57248107163454
43,0,29.580495796448094,29.52313120618143
5584,0,21.386836828690495,21.443002258271665
8876,0,22.63421467301921,22.841563914968294
279,0,29.649700387452622,29.825401930658273
4941,0,24.249777995707753,24.323754264460085
805,0,23.294392632450425,23.28125855762471
1301,0,25.605216201662355,25.55136750923952
3790,0,27.50498900706492,27.529641907075327
7117,0,31.115637825757332,31.371083929864433
933,0,26.032411974336085,26.066628006842713
8704,0,35.31201147204454,35.42881675919255
5430,0,21.19005654267747,21.17732192750366
4779,0,31.037844652741,31.178644810254433
2365,0,33.83539493689571,34.227766862038656
3488,1,38.050523635413164,38.44799762423856
7650,0,38.44802501973202,39.33076562198239
4390,0,20.02557634957236,20.060737464181155
538,0,30.85384703565359,30.914496946905366
5147,0,31.684124094578333,31.792543899921355
2548,0,21.58018864300498,21.68993453323974
7876,0,32.38494995438157,32.564635589502544
6669,1,24.550566473372694,24.373098312585775
728,0,24.35602789705604,24.43930944777152
6797,1,36.617519350195536,36.67031292071033
4396,0,28.581798502472314,28.54060757375598
6511,0,17.93942166294811,17.93212330318461
5319,0,38.65951866018229,38.46248819564536
3759,0,30.453349228327802,30.46604549552649
4301,0,35.766899750321784,35.662635703410416
962,0,24.174151668154447,24.147627644314078
1265,0,35.895976965009964,36.0797755202476
7902,0,22.113033240836163,22.041251619478167
1780,0,25.083597052572316,25.099868269158627
7664,0,19.610744582545696,19.643417491866487
8249,0,33.60360615161119,33.5185871543691
5590,0,22.85768873476001,23.00587615071
8423,0,27.041450881819607,27.134434094239907
6357,0,19.788155422072617,19.860996048930826
3401,0,26.427601621870647,26.42923075419215
697,0,19.094391712013174,19.125130522031473
5202,0,25.689453594441236,25.64986590371068
4772,0,25.086445911644425,25.125487675273487
3073,1,30.316850277245297,30.91156962024916
1817,0,24.506735150305047,24.561871997661726
3216,0,23.220681742842014,23.29825915811015
3088,0,22.120149363136058,22.139088830361793
8869,0,30.32455645399649,30.189454449968316
4944,0,23.6911891843246,23.799605144817523
3946,0,29.174890681567295,29.12162792879602
859,0,30.55510715028936,30.428575281656194
9935,0,29.428530969192877,29.662632654479193
3258,0,20.723437890173635,20.73223476835984
6815,0,22.102003311924395,22.106375351645415
5667,0,21.08112482458295,21.053947823492358
8711,0,32.43366334438011,32.6300343714737
3238,0,27.69015412767365,27.540712608307274
783,0,24.821741375121107,24.8068460723392
2403,0,27.687017957902448,27.62629270392622
7597,0,21.49291653214905,21.544154631017015
3210,0,31.785016361669495,31.761273411765245
7613,0,33.37867112791884,33.26912807188715
1669,0,50.72492811671027,50.70114887129241
3416,0,31.283976553055158,31.256427576532822
5280,0,36.532209487861515,36.577162588437155
5709,0,22.044101796281755,22.13487199459764
8740,0,22.993373060476397,23.13268739424217
2329,0,38.023392054854554,37.852076951869705
2140,1,34.99472630044693,34.85453233988718
639,0,22.143273496356393,22.097036866514745
9454,0,29.6410948041737,29.57243843711751
8316,0,37.44624679139032,37.76485881580389
4665,0,24.105107342081876,24.286281898087182
9350,0,21.878719545678727,21.981666747005573
8380,0,32.09883243299577,32.06680507040887
6492,0,30.889936731532607,30.798803854025326
1058,0,24.510847051500775,24.631058159867436
9675,0,26.01212030869184,26.095089802013636
3996,0,26.876081993753395,26.72940945186693
2077,0,21.63953497712624,21.657708848559903
1043,0,25.866728462451935,25.898491842166322
3814,0,29.876429151585466,29.88129125188344
5017,0,29.264268957995537,29.035590379520844
2615,0,19.128345247500313,19.208607292800657
2946,0,31.73673409808081,31.756247465594804
3681,0,31.749282744291353,31.793909376966685
4556,1,29.324381183906617,29.20184123639065
5092,0,23.124432442461398,23.168180577927597
2133,0,25.203244054471224,25.195671098041824
9621,0,18.4877905040221,18.428671916012327
562,0,25.15608604294177,25.357589499445663
9655,0,26.121876006659885,26.00599557243981
8887,0,34.28307801753759,34.13974705381263
7237,0,22.512093367541596,22.43032037393903
2874,0,26.87900849321458,27.026798980737567
1386,0,33.58968141514786,33.62833717656502
5728,0,26.790816680616643,26.75044138954538
3512,0,25.08591466120031,25.14279280318258
2635,0,24.496847968454144,24.603175118581085
1632,0,28.122433953553777,28.052250489649175
1002,0,27.111548031985613,27.04626159786072
8100,0,26.58340061019895,26.66177848347822
8676,0,27.916040529261558,27.78351629157636
7636,0,24.986731189310927,25.2818485601507
3646,0,22.207116902268815,22.198738996830023
1159,0,26.690918838985002,26.736003630607215
4544,0,30.10299210895638,30.27408731523169
5740,0,30.796590678066348,31.264489895588113
6397,0,27.701059615766752,27.910263361717774
4387,0,22.809966436765453,22.82119920028043
3409,0,22.303620319068006,22.372478902791755
3166,0,27.746467968589226,27.711810865792998
1090,0,17.79368240224336,17.808244905135496
1031,0,21.2154875245471,21.153430118189803
1514,0,24.326587643143256,24.447383743921193
1114,0,25.34404489893786,25.359495165223752
413,0,24.953832687023475,25.299089692331666
3404,0,32.18104539839829,32.07564577890778
8338,0,20.514388488243583,20.568185811887542
8007,0,29.399514166026048,29.38648803261488
7853,0,23.144920914484363,23.085755031205984
8662,0,20.48697626243305,20.458029144642364
5677,0,26.588496745655725,26.538339731534958
1250,0,25.93441191956541,25.960193334162625
6325,0,30.60188418248847,30.513920765139893
8795,0,24.62174573011715,24.595034372310955
4338,0,33.17356366534579,33.27591407558725
9096,0,31.724534691632865,31.701100406899332
5542,1,30.325543264369664,30.68925356602236
7466,0,27.784088457249844,27.781714701180043
9391,0,27.177231500296905,27.228740062406406
541,0,28.811238467625092,28.914887591755946
6705,0,25.059950407099183,25.073602664116464
1605,0,27.050781369308172,27.090881592013023
1834,1,20.076865784935407,20.03324952800555
3178,1,27.91516816079822,28.21323916061374
9369,0,26.752909635418302,26.647525664806338
2786,0,30.617801644372594,30.610738507874114
1928,0,23.0551625201759,22.99397051186228
977,0,25.010585673210056,24.939629980844124
6199,0,35.93221199930427,35.87069984827536
1191,0,42.09124632369318,41.87498855684725
4477,0,31.93432137122575,31.984595296547802
2570,0,24.067733620342352,24.044542449760595
3902,0,29.84586912204178,30.18682518739689
3897,0,30.395623979096786,30.433693076288503
102,0,22.026262779673274,22.00073522634166
530,0,23.254975406077822,23.26940582281911
7087,0,21.762313496253245,21.71606040178914
717,0,20.617921217728497,20.6719847046297
9840,0,26.244424798724364,26.287307865703234
7818,0,19.721570218446,19.74440654381998
5331,0,36.59173787461713,36.45703893750976
8661,0,29.97347935388551,30.089959740192338
8140,0,21.18831197550266,21.177727072010377
7026,1,27.407089930985737,27.45675319105188
6949,0,21.215925872291866,21.341781691143794
416,0,22.536788099400866,22.414869039670386
5476,0,28.68191760531134,28.686686107285706
4497,0,21.76895755881074,21.67194026780471
6223,0,23.687801798370835,23.67032114944683
3016,0,21.484484911119324,21.582112952272084
5350,0,26.02722457351554,25.957710935857623
3813,0,28.73754151147849,29.143073972738506
9012,0,25.87927474056228,25.994070622475363
8081,0,27.215592437918463,27.192853478647102
2076,0,24.77786409145092,24.748020288353302
7780,0,28.360021641786258,28.500975351230434
455,0,21.254836121104237,21.203457228351045
1307,0,26.16764430654049,26.3394762894862
6690,0,24.26973593896023,24.318028826688625
7616,0,35.41460055486661,35.398784673515955
1656,0,23.555582196582897,23.779275160848513
7444,0,22.717288528314377,22.89150987549506
5594,0,20.86588265076785,20.917545302207774
614,0,21.336964908524877,21.280548311495263
9967,0,23.33068377166798,23.249946054694387
7944,0,28.85384798548399,28.888278357846378
7274,0,33.77380103842333,33.995183195418846
1538,0,22.23665180050112,22.322613483397557
8531,0,28.71684200969576,28.828976662395693
9087,0,27.54115547257247,27.560791157414787
3466,0,26.910107223439343,26.93308567279517
6355,0,33.506114831703194,33.47878078999517
9046,1,32.673754906759996,32.69355784873493
3785,0,23.12520047634174,23.193508915703628
9330,0,25.99780802611891,25.97048225313361
21,0,21.233813823591433,21.236947919361576
6696,0,27.418850214283328,27.417482894840294
5171,0,21.19414337931105,21.17937217656899
3622,0,24.045408500459537,24.059569866018098
9157,0,18.413262442635023,18.454521272816308
7699,0,25.895670828370964,25.93536430846599
9968,0,30.334700033336915,30.39593214064099
7261,0,20.24199757822656,20.28477361504975
578,0,26.62882254589784,26.744399083876594
9950,0,24.177576529896605,24.130455589103235
9479,0,29.22021437319583,29.373044043743445
5814,0,18.164304952485686,18.196813197083873
5510,0,25.517557087974193,25.468002411860905
1108,0,23.33612729571432,23.327538126972357
7236,0,25.89256270688337,25.919162671624914
3937,0,26.349820726230103,26.482462643047196
5994,0,21.112069858507716,21.112531872941222
7082,0,25.32037418626406,25.37990613989863
7655,0,25.785030725531477,25.832017151829973
2588,0,34.37223780255612,34.31061526775117
129,0,19.21733748317735,19.271325108314514
9005,0,22.746517934588052,22.72970234786146
2058,0,35.25415508802852,35.363468165270966
9556,0,23.86901942737304,23.791321584255577
4158,0,32.56422953466419,32.757890022019026
478,0,25.250861939444093,25.19914156207139
22,0,38.76431276173709,38.822058959970484
8637,0,23.313269862603978,23.391962550573705
2923,0,19.476832624017547,19.493250226860777
8936,0,25.09382345087901,25.085301605802236
4366,0,23.509255073200887,23.53982054137618
926,0,24.622725733825906,24.537871194965625
3591,0,23.14839513334265,23.26855300362486
4217,0,33.48096892886568,33.41501236883995
6490,0,24.88451455295129,24.83211611673659
9042,0,24.60382259859033,24.596416200266553
7469,0,17.28950777364119,17.281551439337548
1768,0,25.343900423574738,25.550455393633484
8673,0,20.59159655853528,20.569411305091847
5985,0,21.460287497691763,21.580988655929637
5525,0,24.313637130906905,24.399452048893764
4630,0,21.785803091083235,21.85027340470501
2576,0,26.05450674991616,26.08151737403913
2975,0,33.22657956481275,33.20550463587954
4283,0,31.863164843474895,31.909405247953572
3619,0,23.61122131146735,23.507737085647527
7221,0,23.773137502939715,24.021712509970914
4796,0,24.773248504466224,24.931669807013414
2918,0,25.200452238049742,25.356173965662194
8455,0,37.26402348762783,37.2374691471178
9546,0,23.33357624655453,23.41474267346149
5333,0,23.52284420775692,23.46155235477551
6344,0,32.3256009766757,32.49530025689902
4123,0,23.23810342782942,23.241994812891633
6785,0,20.40271376422393,20.37431133594142
8587,0,20.29997649549135,20.270726419021248
7487,0,24.306357283869374,24.615473768528418
3739,0,21.64727783088326,21.604992220406327
5004,0,20.363347862737704,20.378326192833555
4358,0,29.438153990942975,29.646634444464265
7332,0,24.176171267450236,24.114476778008303
1038,1,24.00485453580948,24.51080280374919
5797,0,29.942359309500155,29.838904436659675
9562,0,21.74399490850286,21.76071078776576
6859,0,31.89445318885416,31.935406492415115
4360,0,20.393513753621395,20.428391473588295
7110,0,22.62366353484098,22.67960394038672
8333,0,37.09957442688957,37.05925690585386
214,0,19.395874571718185,19.39332208166185
9758,0,29.76670118075689,29.894552989190544
7039,0,31.41158506627445,31.571494957108015
2240,1,25.40489846477115,25.426092273076808
2737,0,25.92501367887769,25.95397842917241
8089,0,18.56699183029878,18.602176561267832
7415,0,26.4978453488751,26.452043052876075
9836,0,24.549918624479666,24.765726875784665
3547,0,19.72590277964478,19.81941814436314
4721,0,21.011463542806332,21.020106946596183
7370,0,22.363117726881047,22.602809338638814
3149,0,33.54075855730711,33.443381565429775
2550,0,21.5588800819939,21.556406287679007
7608,0,27.27087874360371,27.33784334874611
4714,0,24.313953930965777,24.417251864981093
1405,0,21.194767135064208,21.325059224068074
2644,0,26.16846598362574,26.237900724131073
198,0,49.343922166225724,49.74622586699907
6747,0,24.999923754573086,25.007168490946142
7804,0,20.58613835857647,20.57835365431043
3013,0,22.461800858329063,22.62937874713365
254,0,30.409407997117203,30.56415603003063
9631,0,22.537870028229896,22.666407190319788
1278,0,24.608425079430837,24.616496606346303
7275,0,25.633462660531627,25.732360580661368
6050,0,21.01008730496265,20.961714960794342
5615,0,21.37438374451344,21.398584644953157
6952,0,32.12009775852972,32.056430522912486
8625,0,25.837037961862485,25.943496385716177
4032,0,24.894464692792067,24.953521392492117
3544,0,25.35225389333148,25.39119501812194
3556,0,27.685098902499455,27.657792371535795
7318,0,27.39489401460373,27.548913051651645
3323,0,21.708263627537377,21.71715410315614
2476,0,29.948859300116773,29.943007581074504
6782,0,23.297593070350516,23.304931081258296
3692,0,24.332974673074975,24.338516899353714
434,0,26.500778125944176,26.804243003701615
4,0,29.62031603615757,29.461105186352853
4061,0,30.679831837939943,30.743100080016244
4186,0,34.53794677373696,34.504732679230194
3290,1,38.877086018849916,38.64477527683668
8957,0,21.2998893139819,21.44919781301373
4861,1,30.641775523499195,30.42775480620758
2108,0,21.80087908090237,21.89175769225352
143,0,25.820545620095444,25.83700850462235
7434,0,28.11440242265254,28.104757290591017
2175,0,21.16694733285419,21.214557071877895
944,0,37.530523708885774,37.88450255368817
2184,0,26.092543640655627,26.163526444740786
3840,0,27.547712615303247,27.745223126360983
5850,0,37.53536742697466,37.56211218034731
1443,0,38.98464836299487,38.826500126903554
6265,0,25.34882395766201,25.251818580559757
1138,0,32.45003571501632,32.46738808549276
8928,0,30.04846290972299,30.247027602451794
9694,0,22.07870230608915,22.246608036692216
9686,0,25.705963548187434,25.692604326424213
1447,0,18.19482738475652,18.242706601403086
420,0,35.07410338166906,34.93166175488998
7481,0,31.300646817835528,31.272043403937914
438,0,19.05499923711218,19.046101740946455
5378,0,22.658329783586225,22.609041311704836
9730,0,25.161441080506847,25.44627897567426
5166,0,30.436392188562333,30.566458170158377
8158,0,19.805517871683808,19.87514782624436
4199,0,22.65328740127444,22.61728419099611
5075,0,26.921190376892653,27.011645525160727
9312,0,18.920649555569447,18.94994877470106
5880,0,31.642590922164768,31.695182709451984
4133,0,29.432943872642205,29.494875039844818
3311,0,36.65190914679773,36.820922169499454
6042,0,28.752314663589463,28.78826011658592
9198,1,30.418008383488914,30.455703813579703
7880,0,20.98153949960425,20.907556510065536
6658,0,18.748952723182686,18.824918514006416
6995,0,37.61139688431306,37.62545160642257
4601,0,23.858770124713192,23.929935995380173
9328,0,23.781835802664318,23.76651983139756
9070,0,35.059439766432575,35.09311864602461
1237,0,20.498284467065744,20.52979557008797
2389,0,29.583666212823577,29.556849968426604
3235,0,31.396372438214318,31.229136869111816
5272,0,24.351406149396304,24.390988598659845
8361,0,23.894665399144028,23.948970432441985
1990,0,20.65839077069916,20.75925319451362
1130,0,25.443612642238243,25.53333604246449
9397,0,21.706819154979172,21.68774620961877
8543,0,29.5513389515518,29.567875585360675
2978,0,31.590678306886986,31.580321207844687
7440,0,24.47990483635025,24.384168048042277
852,0,25.545074656311932,25.530981177149982
3509,0,24.390864974109665,24.53085473353796
3603,0,31.70631545341308,31.638554759830644
6835,1,26.1153950573633,26.02835510786855
4058,0,40.354988068464124,40.15759070473851
7878,0,19.412395237199036,19.467108337287726
7981,0,27.14305288961024,27.31755955231828
1378,0,34.54504788104821,34.531504401384524
7749,0,38.13142848744066,38.03871012017719
3833,0,36.747106475195935,36.700634601312146
7383,0,30.23251222998644,30.15294850809211
6090,0,21.996203732130017,22.21789449992804
7560,0,20.029089493904912,20.03111969090783
1614,0,29.747702031241168,29.716549559597716
5198,0,31.483460022146588,31.42807221075802
8847,0,29.405694103166223,29.250298489967232
7742,0,23.13040721834039,23.197048655130992
2682,0,27.760834654385054,27.779040539344948
4493,0,26.36563454299983,26.504390258914054
2926,0,23.668597909253098,23.658438973426556
8035,0,25.093456668865706,25.241779959597707
5515,0,26.88683697848824,26.867976561265724
4391,0,34.94798291013361,34.821958242148334
5042,0,27.359484156109563,27.323454072097796
8377,0,21.62136338038326,21.623290831930863
268,0,23.196086311594943,23.305254205189023
2900,0,37.32639838939392,37.27618191558062
7337,0,20.1816634259842,20.186870103137778
6459,0,24.7108419176085,24.58946075807271
8388,0,37.36379885781584,37.19509192459217
6676,0,22.838312549401785,22.926276895753784
8476,0,19.61810976604226,19.607984902397707
4008,0,35.10223948419774,35.07025237330893
7448,0,20.64627525289014,20.658446181251364
4383,0,25.951774488199277,26.064021624410998
6842,0,34.75506403268622,34.548189348735455
1542,0,27.486569727734068,27.623402077553454
9629,0,25.567755919235534,25.46601522133891
9982,0,35.43293412134297,35.37301095735592
7242,1,31.98258270796434,31.79642101961156
6257,0,21.528628526800208,21.53877257041663
7388,0,31.735687298732692,32.04981956430399
6832,0,22.96043249043704,22.913499896850936
8062,1,26.628061811167445,26.909156040525783
3129,1,42.57001243556039,42.69418910705323
4183,1,38.09293758719357,38.02537989365216
7234,0,28.979720553269438,28.929457096076515
3613,0,30.806965429631365,30.697486985373263
7036,0,25.01543590577743,24.998894979428197
9441,0,27.981764407600142,27.903848237779247
9731,0,25.60080138449319,25.752002552783846
9422,0,29.31069431204027,29.374147288920174
1584,0,17.98423328309523,17.998651428517213
7956,0,26.810854999015138,26.655225744176125
9073,0,32.500600459017875,32.51672138404523
7449,0,29.30990398801418,29.495128958280464
9282,0,24.82751198336768,24.767046709078564
5912,0,29.561728742010914,29.660716546596415
8958,0,33.07497180970881,32.86999737784938
9681,0,40.00070676620939,40.18523079230559
2604,0,25.47882120133287,25.544038215565937
7745,0,32.10686567413664,32.32595367157016
9901,1,32.63286966398488,32.95263403665131
146,0,25.31131137832034,25.315445076839293
7601,0,41.18968007232147,40.978113852694335
7468,0,24.957923457386357,24.999893358366766
8358,0,27.20636699758131,27.16560192247497
4415,0,24.343608077620612,24.32579102269025
2371,0,26.51723772701645,26.45222668367749
5463,0,20.636587641102842,20.69665712384836
4966,0,39.29266560367346,39.347656053240186
2733,0,20.64718326410614,20.598882479374026
9263,0,37.42890139088259,37.481851187770225
716,0,22.386392479904696,22.41420259203361
4535,0,21.047961405208614,20.903533914404424
1480,0,42.49679347206446,42.7936855290076
6058,0,26.020922121042936,26.00839765751591
8858,0,18.367752375286386,18.441397890170123
4869,0,26.416169693222624,26.3241706763655
3347,1,28.879965525399683,28.99559879031044
4833,0,32.901960811994414,33.000187660543055
2111,0,19.898447340600047,19.866846279853927
7837,0,26.13128323663202,26.213655746324555
2194,0,28.824370335059516,28.696764528045854
1807,0,27.398414993775063,27.322592378099245
8664,0,22.958576816256947,23.003675326966995
3860,0,33.981232942500114,33.93297375457564
5300,0,21.80833207639139,21.84523362518838
6586,0,21.75235503404557,21.739272387626887
64,0,18.73855645279563,18.71123373820117
2832,0,24.04767247595928,24.000335654839436
2651,0,24.623889822993327,24.62737519504102
7384,0,24.718990440640862,24.692391501418818
3010,0,20.9840048512677,21.075669607515522
1748,0,22.05124925928461,21.983607332617932
6822,0,30.908050372723224,30.912857277664994
6391,0,26.512839446979743,26.775733498101324
4626,0,31.75969927943013,31.973753722295317
7658,0,24.90884356819253,25.111874919601245
5553,1,35.66914696308221,35.76985500444692
1112,0,21.059945652042053,21.12222351459474
8383,0,20.30843365073794,20.326388700579077
2965,0,20.06956630698527,20.029363611517187
3105,0,23.5664284493197,23.59853360529247
4576,0,29.06891447182304,28.94821564988138
8250,0,25.96669740562259,26.102534700857227
2053,0,22.909146716069976,22.910885888888863
1661,0,26.01287344975277,25.996990659544565
6781,0,29.769643189417433,29.763002846081562
565,0,24.57091847711789,24.632959861502993
5217,0,17.08978081552974,17.125152105989898
1728,0,27.058706640677286,27.08679436617604
8933,0,18.155813595764435,18.203871692303093
2149,0,23.89669069150471,23.925335435567096
1713,0,18.345860959241406,18.30664939221201
5229,0,20.62248722753996,20.695418610074796
2164,0,25.247558315179432,25.24881827814299
1842,0,22.909649944396424,22.897417539626975
6687,0,24.359393700619254,24.345964184589597
3766,0,29.455660432316414,29.790620063478148
3142,0,20.190776399919077,20.383833744869523
9485,0,31.877249693583455,31.790795326645068
3978,0,24.60568526545163,24.59661008521959
8267,0,33.122689847809305,32.93727956744534
5129,0,36.40090223508918,36.6042666408345
71,0,26.728907413281725,26.63342426542297
1505,1,21.979561802778154,22.066671558922984
4637,0,26.879241052804186,27.11964701600704
5391,0,46.23320147268592,45.9042428224684
841,0,30.409569972427512,30.343040631999134
8203,0,40.972652963438605,40.817101013451584
9516,0,34.237252177194236,34.28523233758676
8643,0,25.769932984108465,25.79782381722109
4727,0,26.025184506254078,26.09243730990815
7099,0,23.32794479639507,23.366525140732655
8787,0,26.561661636071406,26.765438510260463
1798,0,22.487043291469973,22.5537134873444
3933,0,31.534460690242106,31.661000900518033
7055,0,44.99022267762798,45.08200589128065
1163,0,26.73030596379858,27.031222094873083
9035,0,36.77057838370836,36.68774170595023
547,0,30.009831988709315,30.077098103564378
3956,0,21.419924627822127,21.527870635499195
1594,0,21.163090638290882,21.29405870368123
8717,0,30.726324587053345,30.748444085339734
1557,0,36.140660093736564,36.10903463160801
6664,0,27.225051233547394,27.192029432686006
9617,0,34.701620232043254,34.74632366805234
3506,0,20.420591010437956,20.370720202821737
7817,0,38.09189405208061,38.04956446648622
8280,0,20.429952169205116,20.384317926131416
2367,0,27.872706421776268,28.200009657368188
8464,0,22.524064324966623,22.477429463700034
883,0,28.042194038034395,27.87742395742034
9020,0,21.037410264865194,20.970548900072558
8061,0,19.898506222264484,19.850001614508724
2235,1,29.316606521916555,29.448576232084697
9664,0,21.173429804946153,21.202392127755928
4207,0,31.66365526476509,31.778093616318685
3812,0,25.292859619433603,25.396616963057475
8766,0,20.298116281336238,20.26254765864615
5776,0,22.6351573343427,22.623784767739323
1268,0,28.29739107953038,28.254401117307886
1560,0,50.174947419144345,50.23912769098596
383,0,27.85888318167268,27.880641938704912
8312,0,22.939543899613444,22.946180512334557
1125,0,19.88539685282457,19.953343146453015
2112,0,36.19272672212233,36.024755832008765
6772,0,34.47327805640543,34.36292828083826
3468,0,27.173794886230603,27.18022055514172
5526,0,27.513822620816512,27.395163114334178
758,0,24.295348917944644,24.343616577577336
8168,1,31.302428836514558,31.77496668024921
3551,0,24.535322533863017,24.502967376342358
6558,0,27.319858830852958,27.245668589014105
1767,0,30.22989152465474,30.40466446902856
9736,0,22.064330848281518,22.22686259908642
5033,1,31.71556117811739,31.626931351545657
2449,1,29.74866664809209,29.623431951329962
4324,0,21.700264603201227,21.76361612797482
9827,0,24.593822289260704,24.62975919168098
1890,0,26.603533483653667,26.601318707921365
6594,0,26.89549523860316,26.840314727298924
3871,0,32.79667703107756,32.93412066586337
2714,0,28.365307358392435,28.56507960527334
7158,0,27.56402642339671,27.44540680845821
877,0,24.50540039704382,24.593093760895208
2302,0,27.261078878941134,27.256572507019335
7062,0,29.40699071449997,29.351522174978
6484,1,46.19709079381212,46.38711997051311
833,0,25.87333514372813,25.886321465377975
4557,0,22.638672389350262,22.672608269113795
4571,0,21.062897511562323,21.080716504458987
5886,0,17.7509737421043,17.740787251825182
3174,0,25.605402813077063,25.609775837526826
244,0,29.504931787791268,29.548555583810774
6628,0,38.485600531639896,38.593147856100444
9774,0,21.708165257076583,21.652512269612846
8646,0,25.546763485759083,25.752261630019355
8570,0,33.623402198745616,33.586420020774305
7345,0,22.496030671583462,22.598726134830255
7326,0,24.69915774006271,24.909862528444204
9168,0,30.383307472800123,30.28195150902183
4961,0,22.584198185443285,22.63102588345097
7703,0,19.388931051994188,19.378847980560888
441,1,25.708888847152153,25.839324061654725
4157,0,27.88189445160916,27.941068394161825
5375,0,28.871654996786138,28.84906193183062
9329,0,31.31803776820832,31.537471997956207
4354,0,25.832450314537365,25.873024554028945
9524,0,30.220074496605772,30.192846465692615
6326,0,23.540690882945526,23.574374902917675
3750,0,25.799685545452647,26.031307365569607
8851,0,20.92546967206857,20.994125960795603
7050,0,32.999958162176675,32.82733579059038
6093,0,35.328863051188705,35.18463846334539
891,0,19.75239151448287,19.811803780662373
1645,0,28.92758298569578,28.86806784194227
7566,0,40.11288404333976,39.81846112098162
2787,0,30.507628234548687,30.59066145935119
6365,0,23.40532412714196,23.333746170083042
3977,0,22.447125570653625,22.43044691069117
7136,0,27.893201997203317,27.844072364060608
316,0,32.33257453607846,32.428159507581846
4548,0,29.55812833732514,29.526315590962376
2907,0,26.74510445237604,26.80935116590526
6072,0,32.979689272219154,32.90879416497365
572,0,35.909704080969334,35.91111965640841
3590,0,35.796969884316916,35.766664472124454
1932,0,19.288280604910202,19.344881011142245
9471,0,22.810956824996214,22.780466660458462
2565,0,41.14366881068421,41.32080538680018
9066,0,30.104912543564634,30.119524828687247
8924,0,24.261677820119118,24.311713297377505
3811,0,42.75851054590716,42.89235069098743
2378,0,27.407465033478015,27.429644906736158
5035,0,26.154888899392173,26.278651903140673
5892,0,31.500256394554565,31.570644587298663
6635,0,27.15248266503148,27.194528339054003
8709,0,27.65850100778906,27.595089768410094
5837,0,22.046795806417798,22.0469574938474
4035,0,25.546197642643193,25.54205834642198
4884,0,28.456185855489714,28.75430803002215
9811,0,28.08056305203093,28.12908949348316
6160,0,24.811701245428612,24.749510350769715
4027,0,25.497560587267053,25.39539294740021
7918,0,23.942526471227524,24.124271963096255
428,0,18.959384823082623,18.91821726124054
9604,0,35.232528374750096,35.04965062027689
1756,0,34.903550235358,34.87190401448457
7401,0,27.39832253509606,27.440316298917438
9146,0,21.255828956390374,21.218560072426527
7492,0,25.545944463457364,25.713496826357325
7593,1,24.403687973641595,24.595223521669762
3838,0,22.48184927605535,22.42539102742839
7863,0,24.00489265835477,24.047944561456454
3167,1,27.593026417940603,27.40395383048784
5572,0,25.825514601264867,25.93271640749189
4969,0,30.519284623096933,30.68252072597893
4873,0,35.787326272401714,35.999079642206055
6394,0,15.740958397530274,15.730924672960565
1452,0,28.07577923567382,27.988706393265534
3423,0,22.52148592917844,22.432425890224717
9474,0,25.45214742888121,25.325652155072028
3273,0,31.389272349094213,31.498774610439924
7961,0,25.905125793558085,25.953646432459117
7963,0,23.385873421338523,23.356814589023063
4438,0,22.467319169261316,22.457954170709247
2941,0,26.499505309977017,26.53318578769101
2597,0,24.13782880676943,24.14599464606852
1926,0,20.10635612790567,20.192551869303767
6576,0,23.811333496844775,23.801292645701214
8648,0,21.035201541761246,21.023025333233385
9957,0,33.57378963308732,33.750022195255525
8059,0,20.976107025055697,20.965833179548124
2503,0,29.76332730524435,29.98654296090648
1681,0,22.956574295089194,22.995042826412536
1059,0,30.073105304340675,30.033610755455502
861,0,21.857105744376224,21.945374369453155
512,0,21.277744311906904,21.39100763890425
7568,0,20.514426956562698,20.606242519496167
6084,0,19.712244099802177,19.727351815491495
659,1,23.732491264428287,23.873714318833876
3249,0,24.942554014832965,24.81057624291109
18,0,29.54768452273887,29.57926658822714
8149,0,27.080314667960895,27.04041979333726
8410,0,23.066634591162355,23.077525319787
1897,0,29.022573785952552,29.08385299123602
1718,0,24.032970502305535,24.075435089059525
1957,0,26.065041073175752,26.072710333476497
9849,0,27.576142866423627,27.640454798377647
567,0,25.309805545626446,25.338078474428684
5772,0,23.224888575295207,23.266216541222462
6602,0,17.35652739276981,17.3273825533103
9054,0,24.231452824389482,24.285818139809695
2047,0,23.745990907651926,23.739679522380488
2301,0,18.23338887302788,18.304942175076118
6282,0,21.256071531269004,21.242719595215025
484,0,38.85665447127974,38.696691600982405
7111,0,21.00004044431061,21.04172495050827
9175,0,18.998135576654327,18.982553029428644
5402,0,31.130237184319878,31.04284210018548
4293,0,31.978276892056492,32.1520144796561
4995,0,24.90985494591186,24.812843733250233
9796,0,23.77703077359073,23.89346185140142
8603,0,28.24853111097025,28.417028431805974
865,0,16.699594041389446,16.790943809156154
7692,0,31.852158865886352,31.805256236478282
7947,0,34.07931976329846,34.142503002719344
1485,1,26.356492347211013,26.607439402419576
4677,0,23.476001390535284,23.40828598711931
8752,0,28.270220907635824,28.25020572090772
764,1,27.118489257003127,27.19534770451701
8175,0,37.22288673748754,37.467392179604914
9398,0,24.03611616120104,23.908090009313295
1274,0,33.27465130242231,33.4142044472679
688,0,35.21329611157185,35.15103109947433
384,0,21.794912487174777,21.843725198412955
1351,0,28.70994247158873,28.656202390141218
6898,0,28.684394575233988,28.81146383036191
9077,0,23.877640924567086,23.898723462946354
968,0,25.481095175842988,25.611445888643445
1300,0,25.114636186012657,24.95173434903801
1328,0,24.816147910477703,24.801562561567824
9464,0,40.889187308533664,41.0700322274973
6312,0,27.43783418848909,27.42204688127435
813,0,30.29135737858883,30.278219273983336
5915,0,35.820092219142225,36.15628471980854
9244,0,15.940522295464573,15.97123859126885
5704,1,24.36778497179353,24.232965359779456
8181,0,19.02839730891287,18.960688852383036
9602,0,39.25459996264984,39.224549909732154
2994,0,27.980728804789603,27.855209373583488
7313,0,22.881985478925976,23.046999873215672
8779,0,30.476694525434326,30.67236365514455
3624,0,22.054298101246832,22.06090759768621
5857,0,49.58658083019668,49.26869157221082
7570,0,26.47827223463402,26.544677913027467
460,0,31.50675304273327,31.440719338097093
5338,0,24.358164591797955,24.470031489185306
159,0,24.373298285718896,24.46390156228396
5678,0,30.165589998812127,30.18686838729376
5846,0,18.15840987147977,18.131693649256658
9083,0,26.843124933653726,26.80302820994107
7949,0,43.12279313516157,43.10252138314441
403,0,23.937617585429198,23.914694500763545
7543,0,21.825450774944922,21.809658310807826
9949,0,24.60151957503419,24.61057526036509
6080,0,36.08704584429241,36.144843439824655
2090,0,29.466628439274054,29.70186656456895
4248,0,25.07730175572059,25.15019574715414
5832,0,23.18404870728279,23.270996495500242
5762,0,26.068763284375798,26.118722266954105
3918,0,27.100365976013098,27.09517358397828
7757,0,24.702115518241786,24.70989016633373
4508,0,30.07947407192582,30.03458000610297
1365,0,25.8221335735282,25.817155335615354
1007,0,27.850460474657893,27.937180522629568
8976,0,20.351578367088656,20.475613303777312
9323,0,31.678996471783083,31.689947335687464
8894,0,24.26419193506514,24.3241884924549
674,0,16.52381328271159,16.550655570484402
8490,0,21.048077382605477,21.210422694178597
8391,0,40.380772126339224,40.05039524584643
5727,0,18.153473735598265,18.172557122823136
6873,0,22.791188523882177,22.88536057859976
4613,0,26.628058206256316,26.69143447641017
7550,0,26.07303026041531,26.23665106862209
8612,0,26.75694904646032,26.758918742275785
5551,0,36.503688728070394,36.86807513802733
1884,0,28.15065250701625,28.14559199816994
2823,0,29.980041713913273,29.89787812907971
6570,0,19.842158805584237,19.999400312345756
3262,0,36.00636252706523,36.20631821824165
1309,0,27.423464971456124,27.41548598829383
4141,0,26.725864798717136,26.602364467141587
2059,0,26.522272011752897,26.873977548294825
6585,0,19.827038366711264,19.852630355826285
5792,1,26.668941903709765,26.331539546673884
5474,0,18.9759356189279,18.94057664720071
3097,0,21.635764037254805,21.63309889460049
212,0,28.98922148694277,29.068578211078734
1117,0,31.339168442871806,31.305716642022944
4566,0,22.137905957546458,22.085991898105792
6418,0,21.968405316316385,22.17175836795665
2989,0,23.69126191589496,23.645648736251054
4449,0,39.63826841565077,39.59675589799246
8605,0,23.268089019889214,23.40142745154729
6311,0,26.713213746613963,26.670934669310956
5501,0,19.337828494957296,19.3103899818498
1325,0,24.276267833535105,24.58006070692608
2551,0,24.575345399363446,24.54021298972698
2242,0,21.82634493564146,21.833356195489813
2451,0,21.15121693977153,21.105447770677547
6309,0,25.740805987616028,25.754897374520695
4002,0,25.24558374222905,25.173442305901396
3887,0,22.448118732396598,22.4979102510061
7360,0,24.575104704937473,24.823845503935658
8156,0,31.623980939393224,31.50539947185054
8881,0,20.9442277167605,20.955442518088542
3886,0,22.177100583307187,22.27772945574552
9773,0,20.56352999812396,20.623192316863374
7225,0,24.613940138392955,24.58703654997685
1299,0,32.22565992258153,32.22744755591638
8029,0,21.622334822235775,21.75864616106438
5971,0,30.088663645169028,30.097114116302002
3865,0,31.010953460351356,31.212211943234045
5231,0,32.99885018016286,33.027295754235126
1977,0,17.4439701090587,17.502114257507067
6258,0,32.61096654041166,32.66063631729278
684,0,18.56324115430817,18.584872596652104
2671,0,23.48711476460649,23.445197162114894
6329,0,22.09620625149585,21.986068793605277
2115,0,24.462944993426024,24.476994648873486
9536,0,25.67110629337693,25.805746590047896
3595,1,26.47000762349162,26.399842184286623
6298,0,33.32204107170337,33.56638799754991
3360,0,33.33982556833011,33.28236510016826
2694,0,30.661070937236524,30.716693043237125
8756,0,29.382750343198776,29.551178686370502
2693,0,19.87270013654532,19.946682174707686
4206,0,27.258130398917363,27.486846256315967
5938,0,23.1438317022338,23.247411017834715
1668,0,32.183904390209484,32.29110512911795
5754,0,17.866955494670623,17.870787246336715
2166,0,25.760903122801682,25.746560057197208
6111,0,39.763710730226045,39.72488663713628
2124,0,34.457516405295046,34.72243669024714
5045,0,28.886822143836106,28.981149571232667
9419,0,25.97150995988145,26.21601600044739
8972,0,23.53868518980686,23.346810845873097
1796,0,17.4964487800774,17.492483637680298
3999,1,36.78651322085173,36.71552644216845
6826,0,25.505419729940293,25.432260056465587
9355,0,23.682835870199742,23.64549735821751
6019,0,18.49083925114999,18.526728899547905
7457,0,19.103616794676494,19.146487744622583
7686,0,21.245881628122934,21.24735260454366
9533,0,21.624640164537748,21.701113778203958
3691,0,26.30758448899284,26.40532108855235
1313,0,19.794388431077948,19.75542522346916
9986,0,36.3805350492323,36.308830482623804
2485,0,24.38153357025179,24.343973779579237
6766,0,31.805283509708445,31.74001106550473
6623,0,21.274507054016727,21.249774085691598
2348,0,28.5998338564791,28.516100770810407
7833,0,30.344750732863304,30.300797151184756
3398,0,34.313351096982,34.48060521019895
924,0,20.69759800527804,20.7553917395109
9541,0,31.103277236377142,31.161179807715854
5106,0,26.132359586391527,26.294840898326136
5625,0,24.504457682610376,24.46969933137767
2681,0,29.01001751382424,28.994382628417853
4521,0,30.399645734326526,30.289283425613178
5962,0,23.14498767184293,23.068351722999502
3863,0,29.964983939669246,30.034325983390286
3934,0,22.00506210291485,21.97556699867667
3737,0,25.177603796975795,25.180382169624114
1709,0,32.39343151998825,32.24003025159298
601,0,27.58058875376734,27.50548785859182
1911,0,22.275673612431156,22.215773203076978
7185,0,22.71085319525013,22.770341884918405
9980,0,19.874520286222182,19.92388045487911
6155,0,32.47256667144182,32.26665867667806
9557,0,34.314452933724645,34.287832614548336
1848,0,23.76270137863059,23.914231855891675
8247,0,20.222220914995543,20.167420806626456
433,0,32.9477580669376,32.79914451349094
7246,0,22.637142056997,22.638802825210927
375,0,24.788429457275175,24.862617176933092
2974,0,22.044672594263258,22.130360510795917
3064,0,21.100075567655004,21.1214798525733
8463,0,33.87911428769818,33.63039500954406
6752,0,42.856291300114016,42.79387841678954
8459,1,37.67127338604837,37.12364241923825
8725,0,27.261528936211686,27.43370129064924
5204,0,20.757614900017657,20.754335340080647
5522,0,22.908660948104547,22.95512632329937
5842,0,29.345002691117553,29.28964488993571
3891,0,24.45703942476583,24.31916235450759
7622,0,34.05230770528582,34.51713248554806
1619,0,20.828424588055665,20.877067689153773
8037,0,19.892914309957316,19.91387919123593
9456,0,29.299795877937964,29.349036554688155
4432,0,23.829937479285984,23.895467426332388
9738,1,26.99625776581624,26.998472768340168
3712,0,36.164681705530626,36.385632218747546
9572,0,22.35351197362329,22.352315431597003
6902,1,29.01752695216504,29.22991370499261
9156,0,27.20517044838908,27.33586414802791
2411,0,30.630103336078577,30.527046850127803
1257,0,20.06609667331707,20.019634125681808
6715,0,21.02907905174902,20.98511671450195
2515,0,28.55947106108459,28.4877156324872
1851,0,32.26564073068022,32.39274733314379
4612,0,32.08050075041448,32.10212752119144
7336,0,31.360212267314395,31.498750391598783
3201,0,20.813370372254724,20.763581245619747
2397,1,23.53689799719508,23.65642616110058
7786,0,23.05059301618225,23.092946931055845
3175,0,22.19651551357693,22.123732066889122
8327,0,26.159087375979723,26.177763762166723
2049,0,27.590866142859237,27.643763190327135
9377,0,39.54800672472096,40.03525656830931
5685,0,21.16395513319905,21.16061223184416
9255,0,24.94435844772122,24.84325759265667
7431,0,24.16120712465953,24.150173325405795
5888,0,19.36820196716379,19.374560803325622
6300,0,27.372017092711836,27.415445218525655
1539,0,24.407465966835662,24.55034745519843
9549,0,30.976291265320466,30.897181331590925
3245,0,24.50085643394812,24.531412912115865
7908,0,30.50891214730503,30.51398028681442
1682,0,42.77414390704521,42.98247068630177
70,0,25.915341719450222,25.766444100877596
9637,0,24.960882461801614,25.259963439417078
2363,0,24.610088805267925,24.526323400332437
7852,0,22.743136176153854,22.71871169637897
3927,0,21.671711894341783,21.708836232237143
627,0,23.317803934427886,23.29451776116659
7343,0,42.33716027552249,42.211270026541
1956,0,21.043262845762627,21.041824151602757
9974,0,34.01215666631002,33.97930815151193
5164,0,28.11538191679307,28.40073808338117
5690,0,22.370713545414073,22.402560158278803
8466,0,21.150487619740797,21.181252773063594
4638,1,34.651735847870675,35.33249639048741
8416,0,32.61558755858572,32.55002283033549
4234,0,27.870161211388115,27.83461319904251
2540,0,30.793498409294052,30.830495156835674
7805,0,21.297317356896105,21.30648834232501
2274,0,22.923858176888075,22.873910220627202
451,0,23.507434559239975,23.448032083406478
3757,0,20.130454678378563,20.20089232007917
7374,0,29.612723443771543,29.657493386960322
7646,0,27.028350283459872,26.98616008029426
6846,0,25.611858738211343,25.692330660774154
8019,0,20.73866741480657,20.793520670485396
7278,0,37.513951882075744,37.69271656252589
103,0,25.138268882441974,25.171437479727523
5824,0,35.807616372735765,35.71437938539765
7204,0,34.08413250392656,33.96978459368384
6955,0,19.66526726211603,19.662116540306577
4067,0,27.21693930665155,27.251169241626343
2611,0,27.936300683435046,28.096912693994838
6353,0,20.295231930042746,20.425717255363256
8574,0,19.8820742310341,19.793321787591154
9101,0,24.145050051776586,24.151813445451587
1720,0,29.033083325246295,29.21649558001546
359,0,24.346814267997523,24.410749875004434
7012,0,43.952509889411616,43.622337230464204
5261,0,22.843077522353468,22.877660191408385
9706,0,23.9525325774664,24.267986157989988
7284,0,19.391969092702144,19.36414469670216
5767,0,24.974171657337116,24.895491353994863
2851,0,23.679603007506437,23.59581934886771
8889,1,30.70577119272446,30.637024036953555
9947,0,28.672905024793078,28.546309810860812
8110,0,31.720551294931436,31.793276063243297
7910,0,22.201890956486316,22.25879135368318
5651,0,26.70378687580743,26.792357773556706
584,0,35.96249331843584,36.08552702283347
5457,0,31.622963317484405,31.879137197235824
5122,0,31.877966470458908,32.05765615548618
5158,0,22.34153972272222,22.205568263363823
169,0,21.942577786931892,21.970962069408557
5424,0,31.115641489723313,31.103638973465273
815,0,19.53676926991866,19.519723200308707
1716,0,22.980917560447153,23.21090784234466
4379,0,25.202419946028744,25.159507514788718
7994,0,18.75951843271053,18.77521522560028
7721,0,22.192055147914047,22.24234749239569
9548,0,20.126287585615028,20.151513515210933
6899,0,28.15331413405905,28.066096522733563
1892,0,24.19309379712835,24.230004091515628
1453,0,27.44841220642281,27.44157334103172
9016,0,22.4739799317108,22.457404787477515
1135,0,32.19406089762896,32.127516530749766
4103,0,26.40405689817693,26.41625641278053
8121,0,32.62357115325171,32.78236887297864
6574,0,26.72981086126485,26.68288317602468
2956,0,24.64051947578605,24.640191007603047
1454,0,26.58316106795495,26.58396549942433
5490,0,20.227921013694,20.31202453828645
6615,0,24.13984991383525,24.161859682078543
1731,0,21.25043209382194,21.204199102918697
8283,0,23.850504466387346,23.849574342096066
2616,0,27.6922303321145,28.02943224704266
1345,0,28.864726687170243,28.764562631585157
8335,0,25.81422590833519,25.950659471627468
2442,0,20.35095289396648,20.353484339055424
9150,0,24.138896593961412,24.11638676822329
4057,0,36.42678590554537,36.275822875984105
4001,0,19.485749974462763,19.47599920483271
1665,0,23.479890680739228,23.38977277516469
2000,0,21.874110872431903,21.809801810557417
6437,0,24.551191752706536,24.673778013748535
1819,0,24.676037915050255,24.610536910822763
4541,0,17.819762300187467,17.848340020215137
7240,0,19.820008792343746,19.854239187061292
5656,0,26.48368177046798,26.520376788557687
8708,0,41.596925893283775,41.295690805697355
3733,0,24.61990335120974,24.57114754585023
4930,0,25.730102908998205,25.71490060023152
6851,0,45.889817000096414,45.70084331877562
5916,0,25.629160349139116,25.51233335330047
4975,0,21.16862097734023,21.191437988533092
9626,0,21.66958534676319,21.684354531518466
4660,0,24.647559517126528,24.643970644744563
8970,0,23.10629846908158,23.25700738319428
2825,0,30.61720625107568,30.7113739621449
357,0,30.23148288345284,30.23831884482284
3294,1,31.66454530734772,31.962942563396595
3816,0,21.046890295253828,21.088201262246276
1442,0,24.87876653127782,25.184953103237238
7021,0,23.516329682141958,23.576880724093797
7305,0,30.466661921404313,30.344817092851724
1304,0,23.046147396432296,23.023663604521055
5302,0,28.498447747878533,28.516024825489797
9550,0,25.583900692815092,25.80764340013875
1952,0,26.782836531445213,26.960283158528842
6351,0,30.318062786473025,30.417183764332016
5714,0,21.86604830874344,21.840786139990986
6086,0,17.764607768514715,17.77388040127137
3157,0,31.906605369837415,31.897978179630442
2176,0,36.763385260286526,36.64903757572762
7391,0,42.47889943628133,42.68972859108347
976,0,21.472421029285755,21.448124476822485
4108,0,30.19642722566536,30.05785230210432
6985,0,42.43994637509018,42.526487419049644
646,0,25.699115250517195,25.689595702497588
1536,0,27.454482137218065,27.439640479054695
7512,0,31.975864621136687,31.83031114340768
8645,0,33.51481932497376,33.63695150317979
6277,0,40.7394257801908,40.58090423180844
216,0,24.96854667689453,25.03833553974392
8146,0,31.252284266722608,31.19439678508985
8278,0,33.85966804613928,33.97606923761317
1717,0,22.537317903184352,22.547641296151387
9948,0,23.787379937356064,23.87822533577183
4802,0,31.450847584613975,31.490897514659466
8182,0,17.851050768333245,17.91346339986402
8558,0,24.419006228130904,24.35667723071407
4500,0,26.29544648817099,26.241576587909538
7100,0,21.887280559917684,21.772024000020515
1004,0,37.474233633333796,37.4272375804185
9895,0,20.193755772640866,20.210941499040946
8700,0,25.149262523167195,25.096186942105486
1242,0,21.112927341127502,21.091261199720652
8529,0,29.661584298464987,29.359986715104675
1704,0,21.56374309926068,21.496656188447812
2888,0,37.5496985875867,37.59461130661049
5477,0,35.45326146057875,35.45567373313219
1395,0,30.924645370436842,30.758740961369956
2215,0,22.751490020412966,22.778371407486926
633,0,28.318695292831823,28.358701933746747
6189,0,15.961762684724391,15.953167711362662
9528,0,20.059796660813852,19.944231869443694
7235,0,26.148898853041263,26.244450074056033
739,1,26.998953695940017,27.061790607692203
1576,0,36.378014030706474,36.467379494631004
641,0,26.932999965523976,26.839058392277423
7726,0,21.615186580306272,21.747514944018018
5484,1,27.73600666059192,27.79666739675351
4694,0,33.285704812769055,33.12033448388216
3636,0,24.843720090126112,24.93146431185455
4136,0,35.77749798545898,35.86618397055151
8686,0,24.65861306424838,24.804359231880255
3500,0,37.64051907889359,37.55782493996748
6508,0,24.200087989532655,24.179468716093623
4352,0,32.84121693135179,32.745561109521866
3236,0,20.78293721432163,20.849070882695294
6561,0,22.122791903273953,22.332587058057182
7060,0,25.55950528080224,25.524892318353785
729,0,41.328672814204,41.37041545144829
5224,0,26.358319454120185,26.3667570254944
3949,0,22.18015937260884,22.303405680321486
3862,0,25.8272239803954,25.811304525633112
1361,0,21.548054506996163,21.67066001316858
7799,0,24.029895902874877,24.138963135876978
7889,0,23.8697553542892,23.863017115874186
320,0,28.624699412391855,28.792261880731974
9842,1,42.631093078998475,43.0255821097678
7365,1,51.967616351474966,51.4754351486814
5722,0,23.639407103273278,23.807796114528834
7811,0,28.122214748109617,28.03328897359605
1189,0,24.783114339044424,24.81606255607015
6609,0,17.841190856392597,17.89054838266238
7248,0,19.55225096478397,19.528872821535206
7731,0,32.91245738616288,32.82244322069333
4683,0,34.922922642028645,34.9599240734126
135,0,20.130477834783203,20.167104651389714
5141,0,22.987720291211946,22.96616353407808
5107,1,26.004200084474082,25.83152457701427
6102,0,33.534388988557374,33.52291876506512
4116,0,28.73653706215953,28.661064859380794
5311,0,21.197549491793346,21.21991222276825
5343,0,32.47578352927523,32.51352113236126
5211,0,18.135219794653956,18.232853967291007
857,0,21.279236447995054,21.27337672218419
6,0,23.267247025576346,23.154683870117815
5364,0,22.908505523002425,22.990065915741905
5574,0,24.086820152357,24.0744183500483
6671,0,31.375656161052675,31.34205036831304
8533,0,27.789905997656096,27.81550393865178
4855,0,26.01680176668467,25.951710192045354
8132,0,30.80074644479692,30.870699648066644
5871,0,31.29529702266419,31.45609270786065
3922,0,28.524434625899257,28.51800831150296
9223,0,24.29685270861439,24.420295187310252
426,0,22.83765034347504,22.850729794432283
1273,0,20.21984944739157,20.26880079053261
6790,0,27.1219436811249,27.031543513233466
7421,0,22.35365670602156,22.50611129094734
806,0,25.527022373482676,25.58242614175076
9723,0,27.107258303900693,27.004493602819185
992,0,28.593196125294792,28.81124816591418
3665,0,21.142795054466895,21.277844236004416
378,1,28.028839516164098,28.336787280721435
2883,0,19.412416686657924,19.47592130160468
7017,0,20.762129716830025,20.718033307725243
5381,0,24.805382494239115,24.77983832703257
4412,0,28.2608869607959,28.171487087713885
3641,0,20.8676768342706,20.806250265063827
2074,0,30.068842067170195,30.296502629647062
9666,0,21.886530306087437,21.84628749507073
9091,0,19.564511729239896,19.53342128269275
9669,0,26.392005069282696,26.439715555380268
2686,0,27.58208691615027,27.492901671636336
1966,0,20.409678353923397,20.42145966563836
6930,0,26.240526654354795,26.541961434022525
7164,0,23.806733839879712,23.703056942910607
6233,0,18.90660747031861,18.89220089537838
3292,0,25.30245113432944,25.266205887430974
7505,0,25.04949575902306,25.094099306425537
4300,0,29.444739510808503,29.388239719025105
1586,0,25.58287252804593,25.648024330167214
4984,0,31.230770471963453,31.109625711795445
3706,0,18.837535624511034,18.81494036615055
4209,0,28.20998745653647,28.24518922466472
1791,0,27.778213059690486,27.722037704483277
958,0,42.42672081086244,42.47372691057294
1099,1,27.397199387949918,27.276459872235485
7826,0,33.51585652577647,33.93006412643155
8639,0,25.609491743394717,25.58122669972952
4265,0,28.887245004562995,29.159054654373847
1917,0,32.67829083635713,32.67154058330611
5606,0,24.06091724194815,24.24739175066138
9568,0,23.997143910322915,24.11736092372956
5769,0,32.09531405349607,32.15026131798453
6770,0,42.07560840550392,42.300322765995425
2390,0,24.94781759175948,24.922905602416797
4090,0,18.22829008809919,18.313797713019248
3823,0,27.584664006865765,27.785100668314797
2299,0,38.11217914328751,37.94086906194272
9375,0,25.784698509636584,25.873576200669035
2799,1,29.65247874329604,29.36285465131261
4754,0,18.905229326503854,18.94444028127748
8024,0,20.340415598449646,20.267106403751434
1330,0,30.11021344191679,30.254993018672643
6332,0,29.96209664752265,29.962517217776252
6235,0,20.59870531757066,20.552305734616066
7264,0,28.147059716513933,28.376737665790664
2145,0,27.03943356031651,27.117413214375393
3532,0,23.175286576369466,23.162897444549213
1651,0,20.011603144930078,20.064850448162282
5730,0,32.38809310767801,32.35561607970473
1407,0,21.981340988921552,22.080497312821915
7992,0,40.363791620398196,39.850048893239574
1456,0,20.7259660565192,20.774861458497483
1525,1,30.771108756934236,30.389836357453355
7619,0,25.30696024715641,25.28391466964731
8056,0,23.781144804513566,23.87828150634297
7758,0,42.70809900187597,42.40639693818976
2986,0,27.641571156771377,27.58159344034023
2844,0,22.547568130824818,22.53121441706822
480,0,22.371890235395593,22.404392928998504
4707,0,24.303528874950256,24.322894903102146
8434,0,34.22531022115956,34.19015451819169
4986,0,20.433501420653073,20.535118064883083
8745,0,31.429143936791032,31.47029208063712
8920,0,24.711653040805942,24.661723411773202
8031,0,19.79502152070426,19.796720289570104
8116,0,25.88080139171366,25.831938662055293
123,0,23.151788844104466,23.13794678873677
7129,0,17.843898847016195,17.88811022900324
2718,0,18.444466565502943,18.464851546354673
9074,0,26.72514047007211,26.697886770633918
1142,0,17.200128929431198,17.240444631988307
6229,0,24.435639975029424,24.485797138157444
1198,0,28.14620163600087,28.143202406721556
9133,1,30.635059116437755,30.784829012174868
7959,0,39.32291811580687,39.908463382796796
9394,0,31.087597937569146,30.9567693085794
3000,0,23.735988757482282,23.818270877853084
5264,0,23.18407056640415,23.24452626192073
3256,1,24.52166104103579,24.19207345049344
2116,0,30.407263814066223,30.508171280753604
6919,0,19.629863567367742,19.665491337444625
6711,0,20.275424487013613,20.327591790168537
4241,0,54.86961974681404,54.2276478048819
2222,0,19.879238567184153,20.045883866498393
483,0,22.7115528056453,22.752583638587048
722,0,21.51198256091094,21.514707305825258
8034,0,28.539737461767263,28.543265664211958
5818,0,27.44997942679991,27.359963114775425
8048,0,26.015159082980425,26.04391620796227
8733,1,35.84804970781676,35.56701366394439
980,0,22.11628028494326,22.156387696307185
506,0,27.365225857724443,27.503146559232295
5967,0,21.869286378590147,21.814264863156552
3882,0,41.636354707477196,41.83917757107348
1667,0,33.38360188843628,33.66258982800906
8425,0,19.183348682667262,19.160729470974136
9113,0,30.927711426373506,31.233427903235928
4811,0,36.206787698182985,36.36784230260789
9782,1,33.742969247235536,33.93614757067952
637,0,20.415302597133092,20.385590593989313
376,0,25.641953978542833,25.554600454950943
7812,0,26.037243658956342,25.988756230463295
9943,0,40.452908557880725,40.54714032833313
9071,0,22.010531481856194,22.021116078751923
9417,0,34.4001571613528,34.39674975247358
6634,0,22.555844458817177,22.614909963292025
5488,0,28.41780151436748,28.511009780596908
2740,0,20.26793440182946,20.216036495183555
8341,0,29.05153106208814,29.046133508247575
2842,0,30.714799866631207,30.6491567733542
5822,0,21.63176619019735,21.67250657564888
7957,0,24.079537408641865,24.044935243468988
7978,1,30.09643219825665,30.428653070428247
2458,0,27.397042961140116,27.36729909532854
2024,0,17.95519217852762,18.009430199791275
2430,0,21.18245277025727,21.253963089575056
5427,0,30.155039466849697,30.20695778368338
4829,0,30.854402782611775,30.87144748801746
7834,0,35.375335155260395,35.45073420910028
5195,0,24.850913687231273,24.755185871653257
5420,0,21.226224569784645,21.315215587294094
2708,0,40.49420025030567,40.71374722258021
2790,0,32.92602764516005,33.07332710352357
407,0,27.500539236364045,27.608777136021168
1902,0,23.788968320393998,23.81891810088315
9006,0,24.82359989756155,24.76534169555643
1873,0,23.73110467606344,23.85229364598952
4775,0,25.000877555543724,25.08196847245981
4816,0,19.94740387246454,20.066056310772368
8523,0,25.14882458597789,25.169826686000928
5258,0,38.71965238160394,38.73431090361725
9291,0,29.119298525425986,29.117619220543695
8406,0,24.398376219008274,24.562541612053995
4463,0,26.815937858788427,27.058870636322386
6231,0,26.881988414482493,27.125984408959344
1368,0,21.22867059492536,21.36537627191887
7583,0,34.11181372887475,34.544040521138015
2252,0,18.857188563008727,18.834860387282067
2976,0,27.94409175913462,27.862578229912298
9649,0,31.735732967378826,31.670677136545635
9650,0,30.2189787321387,29.942222992821005
5,0,25.979817357605395,26.013154720899724
6157,1,30.27323496978,30.25096861815345
1887,0,25.224543821363884,25.400278435789737
37,0,33.40789116455596,33.49571918043943
4923,0,27.93399375716282,28.00119697492233
4361,0,21.85241587292743,21.989116945451265
7926,0,19.600079533102424,19.557540811423397
2752,0,41.862998113474475,42.11990298994092
5450,0,20.044770755812397,20.1698201645181
9332,0,37.009075034265464,37.02415059418249
8747,0,24.032153001439788,24.07574379522971
6232,0,30.62211111982011,30.591059734012447
3707,0,32.039817662036825,32.11012425454471
820,0,31.86035956566983,31.806796193385292
7999,0,25.82365084415846,25.864681252491792
2985,0,22.552090426445247,22.612374645250398
4619,0,18.883059312515197,18.88285590106026
2443,0,21.692132653244478,21.66958435342916
2173,0,25.690808829021314,25.720304536663633
3110,0,23.000857123929677,22.93648309969677
4864,0,21.969517039233942,22.00141269257359
2690,0,34.23287542507726,33.93156945645239
9333,0,26.104202804489947,26.08734978069638
5860,0,22.091781461358327,22.305716266701598
9520,0,23.88369537504032,23.946164803518155
28,0,28.807839023551622,28.925026448341118
385,0,27.184037617191823,27.32436812783096
5674,0,23.013868912407375,23.084923111481924
3253,1,40.31149108861259,39.96209892125933
4976,0,32.582719204668166,32.62153490331749
5835,0,33.732944202337556,33.681470552582915
2699,0,22.392472386021907,22.429876350590547
2393,0,20.492535093576635,20.50965855707204
2035,0,25.45890032547265,25.41585206971129
6206,0,21.862568770613215,21.95957713798506
1160,0,30.371757337394154,30.17151238743037
3189,0,17.37841015557327,17.39201231582095
9173,0,35.62718207645707,35.57900305486903
5449,0,23.400495049892914,23.498773599552653
1907,0,21.02171789282447,21.03785098456138
9019,0,42.03951243169149,42.42046412912248
1065,0,28.18739348831925,28.2133476034232
6289,1,32.13897669703146,31.672801855617557
1687,0,20.7548193594861,20.78071770314427
5169,0,37.209082571494626,37.386406991793045
699,0,20.430409813950483,20.525281428621348
94,0,28.76326286527997,28.903918340567156
9752,0,24.831824520996676,24.803068779916572
856,0,22.631174343396182,22.625348541575782
9710,0,24.368016614161814,24.37411531168186
2849,0,26.413317024053658,26.519973086182144
3898,0,25.510554489692673,25.468296139659138
9432,0,23.487491752412218,23.56322131851624
5964,0,23.257318395990843,23.326307078781788
7723,0,19.85367601154213,19.798164553934186
4150,0,18.69356767230987,18.66282577576904
1992,0,30.795432685555614,30.65057455058404
5963,0,23.15034036321626,23.225481530809585
9110,0,18.860964083607193,18.850021455293987
2241,0,27.07579705955679,27.07029748612879
3702,0,30.260231183857417,29.980935566790656
2067,0,19.590935056057376,19.61780900902144
5334,0,24.387262622213733,24.373265545095634
4768,0,20.958651948509242,21.01136696547075
2672,0,36.74545843016954,36.73915380662174
7488,0,20.162175486587294,20.143030168490647
5901,0,20.054728497324554,20.151064887572733
754,0,31.048265159995548,31.03851351306165
3411,0,30.256736608217743,30.152011389112328
1943,0,18.869999320128137,18.856504831158812
6565,0,38.71159636472976,39.17621073973231
6207,1,25.743789729401286,25.90375796835785
5112,0,40.91070670639271,40.74742438106973
7769,0,19.253080314803384,19.275790510513087
6950,0,19.41305095721805,19.431365539420536
6426,0,26.52290504449298,26.592230213856627
963,0,27.475782171035497,27.456071864314914
1833,0,25.491778604526473,25.410518785704966
5468,0,17.983033894634847,18.015054942637203
1434,0,28.838805473878555,28.91761312570401
6591,0,26.628422541011265,26.684477296184898
5717,0,17.616242137483663,17.642481609541594
9217,0,30.072946738620583,30.10082190417298
8718,0,23.958438949742632,24.276845907834264
3723,0,38.212994809601255,38.142673392663355
58,0,19.550567815955933,19.57376151988003
6534,0,24.28008191399836,24.38259165502851
4219,0,21.53147701990966,21.45060999040187
9688,0,21.581438230192553,21.53576792278055
6364,0,26.056266449051346,25.988671955156722
4056,0,20.30492581434114,20.36184263585163
3867,0,20.415817729839844,20.36125025168729
8289,0,20.68921746662304,20.687532584371002
5163,0,26.971792077368196,27.082291732505436
8311,0,33.31649715657537,33.29796563978502
9184,0,41.45907338450635,41.4919178527537
1699,0,25.66192550796651,25.75508725406125
4162,0,25.305618265425796,25.273478275506726
970,0,26.864053006937155,26.815618090402907
2520,0,31.870095400115012,31.89290093298286
4166,0,37.369047211804705,37.18209403932323
4117,0,21.70912373336685,21.717447300873403
6749,0,31.431080509814823,31.45494023793411
5876,0,33.63259602370881,33.050096768459646
1175,0,19.246066631423695,19.21081524416638
5358,0,30.32038620762081,30.28679565633467
9704,0,31.420953815636867,31.429408233682008
2896,1,25.488866998681893,25.017620983980553
8196,0,19.814492637196185,19.836036187229563
1267,0,21.600160339257286,21.603087284660937
8875,0,26.185275971525726,26.326650242041758
8411,0,17.669757248895525,17.64416527427874
6884,0,26.060473531320916,26.002870673354856
1229,0,34.7858612449597,34.8803937259152
7128,0,35.13110521560282,34.984144362089275
6410,0,20.835291716620894,20.872148786166395
8328,0,22.991650440028806,22.98918986841733
7366,0,30.195758965173226,30.264728444302243
4783,0,26.730918126713966,26.666054521603215
9883,0,22.137647060151373,22.26418692837407
5444,0,37.63851914764346,37.89606022305534
6170,0,26.504679870302756,26.539580507324487
26,1,23.350712290688882,23.47885567222791
4757,0,21.017801528927105,20.95306310511676
3153,0,30.535542373732568,30.62133178268906
5576,0,21.013242197537256,20.88499986890248
8815,0,36.51382324492395,36.86664858816129
2739,0,28.175476674456572,28.103929445324326
6038,1,40.008613015752175,40.01826784276412
3663,0,21.185680195433985,21.24138988714998
5380,0,24.607320452909846,24.684124505586155
9538,1,21.627181247804327,21.740411289928232
6721,0,22.263787397897467,22.420264239686922
8417,0,19.560168351773267,19.550792391644844
7773,0,27.120736508489298,27.40722906436777
2099,0,35.30370299016896,35.49157371819774
7456,0,34.23852301373683,34.350420381759825
447,0,31.866382366515406,31.814883694624324
4175,0,25.677765884497596,25.68489900208905
4670,0,30.134226162942454,30.227555830547423
9176,0,27.974783274426898,27.969932248894978
3232,0,21.550872503208062,21.489761390349045
8010,0,21.87129222410964,22.038463890029025
1726,0,26.157095069586394,26.13629158433837
6462,0,48.97378767978361,48.94968903432324
1515,0,30.72192864595202,30.672509469775658
8834,0,32.88124163577432,32.818090785348375
5289,0,24.25723302083954,24.376340375647022
4662,0,23.754074176921904,23.691887759321247
56,0,32.27847863650786,32.38206891097868
1028,0,19.150625095978633,19.107761085313683
6732,0,24.339525967094648,24.302476433166554
3497,0,19.838893539061708,19.820392661050324
5025,0,21.35959781346879,21.31791581032309
256,0,22.33199761151709,22.271719806031022
3608,0,23.906299996804066,23.800061065804627
4496,0,34.504590624724926,34.4670988692591
5519,1,25.269501359716838,25.58594485098823
7538,0,30.83631341886294,31.155539633801133
3447,1,29.562892832657607,30.19968485363043
1954,0,30.934223177119858,30.98264964682154
759,0,23.444533629608063,23.338795573502626
9689,0,19.000183455782818,19.04949167888193
9029,0,22.085747847305548,22.04760470153188
7801,1,22.947562657802514,22.94017239856923
9585,0,31.199927258223834,31.18673431150398
1763,0,22.706996181723323,22.749916785332537
6808,0,26.173314631598252,26.267932123734763
5614,0,28.816924114966927,28.9213888439575
7102,0,20.92907616370364,20.846470000953214
8192,0,26.204725214930836,26.175319819396254
2863,0,34.841750547775035,35.14819457379102
9231,0,22.907360634736975,22.933025763517186
4971,0,26.307141799648768,26.273696449944833
9305,0,26.845256481698225,26.773238003660953
2779,1,36.76231006841045,36.90058349312403
5950,0,22.938264734476384,22.977684043264723
1914,0,23.604486910958364,23.781804798800838
2394,0,25.267398130623878,25.390104559244474
4342,0,24.13744071916851,24.05340025943768
5878,0,31.963508980903768,32.22672476356894
7430,0,24.249546549500856,24.44766898963597
5111,0,20.103289698977687,20.11658016485786
889,0,31.228068734818283,31.301355195215795
3405,0,20.365871514689612,20.4581070213899
5356,0,30.753518936191863,30.653122921235724
1959,0,34.787678495886624,34.886042266781054
4997,0,20.326224540615343,20.26070773768683
3810,0,23.048204660970885,23.20227997264387
9554,0,24.334513405795818,24.29059088584654
2484,0,28.702215682102768,28.84253939843493
121,0,28.73671375038795,28.655865329990938
2654,0,18.994404320474455,19.017557749043604
1655,0,38.089669609015516,38.08178093196111
7629,0,23.177357971812278,23.147177405076512
7490,0,23.63353619690462,23.69471389073687
3038,0,23.060625385394818,23.0181565532344
6339,0,26.970777403724053,26.885784934852882
5724,0,24.480463221126435,24.428961523855275
9452,0,21.251786718557398,21.289524708957654
4084,0,27.724861589166863,28.122270112244337
1775,0,25.498648790735853,25.434657077539697
8330,0,21.235447966979628,21.437161636823383
2482,0,27.008284920793145,26.97415786355046
1818,0,34.657076702326215,34.341793259612395
5671,0,21.13621352408911,21.176100482222477
1597,0,19.35054274388706,19.354794508569412
9880,0,38.65695134920141,38.53936451256128
3004,1,24.30449429321049,24.50132318782679
6488,0,22.403491146919045,22.440285104821644
6632,0,28.091902154637708,28.101229457194187
5831,0,23.15831507480856,23.114170067811035
1474,0,29.72828396312829,29.965563022436818
9429,0,20.35270830043509,20.37618326448416
9866,0,21.522392554267405,21.57539530415499
9810,0,26.163729840928337,26.283165489423975
3470,0,18.871894300357685,18.88368115484085
6212,0,23.893074627152274,23.928294404365
8323,0,22.696296112880013,22.705215731346513
2204,0,26.114217802803353,26.061353902897785
5352,0,26.053011872325833,26.009954043175906
6333,0,27.579895895058794,27.752220150277743
7558,0,20.906423362742796,20.865027676951208
6908,0,25.838213042249855,25.869732400607088
8098,0,18.257889309940957,18.28448792808232
299,0,22.411934834957005,22.485286926703186
8672,0,27.70734037288952,27.785423495220357
9048,0,29.437662624708484,29.440875620206764
5785,0,21.403365576769932,21.376339490286295
4246,1,27.574761718786423,27.715848192493535
6756,0,28.042714407769836,27.98174174813218
4473,0,28.15814081767043,28.231952034423532
298,0,25.410273658077806,25.45698743127073
860,0,40.56559228600137,40.50989484497487
6768,0,25.069288650251547,25.32953327681114
7359,0,25.012706278818168,25.074872040510428
4188,0,22.314795060840357,22.390401045426916
3539,0,21.774164726702438,21.828698513159875
41,0,21.753379254705823,21.81845930456511
7155,0,30.791616167369543,31.011238595105876
1107,0,25.969603154202915,26.115465919196776
1707,0,36.508697395219315,36.59415520785998
4978,0,22.173774251598427,22.20504025451606
4417,0,24.667172286883044,24.704100662691886
8364,0,36.959019694049,37.04684861275436
5658,0,29.570999823142508,29.563661249859894
508,0,22.03697794286393,22.114825994310458
8494,0,28.02925904426514,28.277030338386727
3701,0,21.255153673419244,21.265072831841458
6608,0,23.962881871547943,23.86708997456682
6173,0,21.33780571872017,21.346169987619135
4822,0,22.851241361959737,22.860552656003534
9896,0,21.590855216773377,21.676065790077885
8450,0,37.16093106210128,36.96635065411136
5768,0,38.66155668591985,38.40337119836296
8870,1,34.52805700846303,34.70926673869225
3515,0,32.299731992802435,32.458645335409535
7088,0,20.24669422337506,20.239950730664322
4274,0,25.3338362474695,25.45706580375863
9848,0,25.189108734875294,25.151813971839807
5578,0,25.486329718330833,25.54469825960925
4092,0,39.50998700036049,39.27340330996706
3391,0,24.00008306119893,23.974307368447192
6657,1,28.869115762067416,28.961405585481977
4921,0,21.92635998830514,21.83059613011915
8308,0,20.922604190491466,20.91950730044368
7028,0,31.01436899355376,31.124427216776528
620,0,21.24228140991283,21.158858494203066
6624,0,33.307200477299396,33.25038096585263
4699,0,41.5002480836714,41.4823725131234
2547,0,33.796690802651426,34.15293691765208
3203,0,19.173337615953333,19.16343696831173
8252,1,45.92828373673915,45.565059261883405
7020,0,30.119880957486536,30.19215734111459
3626,0,25.92631905607049,26.081321065514423
6693,0,24.609032376891754,24.70063268308759
6848,0,25.757340326462288,25.84575420441383
9749,0,25.172398254306216,25.184303627326805
2263,0,37.36798161565403,37.311577795841394
4127,0,32.324418074899555,32.48248053463389
1593,0,26.2082347294497,26.27205371620272
7732,0,29.22933940203766,29.30583964190792
1370,0,30.108660075244348,29.845721988185733
1188,0,21.793482435053182,21.81382543468127
1078,0,22.879505585036693,22.837388934169567
819,0,29.14694934610695,29.180133710687272
6979,0,22.972565080734796,22.91352339095936
656,0,26.277345372682145,26.457413769623216
7844,0,24.121436438891603,24.128531406393815
4524,0,24.625298601245078,24.61253182474426
9069,0,28.399769083387607,28.4402764185548
9164,0,24.01045429741934,24.031078980552426
8578,0,19.903800052835567,19.89568903037192
1017,0,18.74635696214401,18.837904443930086
4434,0,24.551667650089563,24.436493181413528
211,0,35.120475334316815,34.92080301581761
8678,0,26.045972136407187,26.24121496848856
5708,0,32.63513803943144,32.60400354593456
1193,0,23.901806975727567,24.02784605979229
5452,0,27.371735830094224,27.359072576272247
960,0,24.87789211866363,24.829273177090055
6890,0,24.70820940697301,24.73511544366364
7716,0,21.41057286654896,21.431073175920343
555,0,21.63137703626126,21.791147593946317
5126,0,28.62923255937074,28.743189387037944
9412,0,23.683141002289258,23.723603456004156
2624,0,32.81481992416681,32.70957787320533
38,1,24.79871064008483,24.90940666971571
4252,0,22.821961786208316,23.01587185953698
5580,0,28.302455251517717,28.305691426366526
7912,0,29.453301945847148,29.630380539650965
8802,0,21.117277635452652,21.16432016147933
8832,0,27.713054715555582,27.65155580579669
8838,0,27.353001072975943,27.415465423504887
1506,0,31.457711676144072,31.484935614988036
6689,0,24.097240900865064,24.19499330815239
6053,0,26.257176731091914,26.24555954770124
5279,0,23.870292476431423,23.846271390617723
2488,0,26.90421523935751,26.97130544444157
7793,0,28.369696161784713,28.66850077318829
7929,0,29.927209273049964,29.876576663772866
9751,0,21.784728424689316,21.851542429783123
5359,0,29.551554829640015,29.609715313539382
8449,0,22.523989423442003,22.493561338811368
4881,0,23.767961399515702,23.847194868585852
1702,0,25.009736272674015,24.98246431419833
5758,0,27.69198702516515,27.677495472606836
2513,0,21.942831822656146,21.905830992370383
9653,0,25.19921429356526,25.182866197849968
6288,0,19.90277377707811,19.944520295023516
540,0,34.22001330018655,34.225341045106404
4040,0,19.59161909115292,19.706396471315983
6420,0,36.82113498862162,36.74929904912454
1923,1,46.89228487946083,48.0451688082268
9586,0,25.306842331559114,25.440758531245912
8090,0,26.338659656837475,26.31474669409795
2153,0,21.8530868052253,21.881279933144764
9715,0,39.6405473017141,39.55706543169265
7029,0,32.191350550517406,32.335865501510995
196,0,24.829191161374393,24.775041126750224
1433,1,28.637579776788478,29.081290451305428
7300,0,26.649999606697964,26.845140294626773
1808,0,26.49549007707015,26.489286250786055
2148,0,19.258458405026587,19.310861673251217
5693,0,39.04572577341518,39.16122525213422
2843,0,26.23029034260691,26.319147668539344
8282,0,40.58673879254227,40.26216929653854
3087,0,24.5510500224136,24.447179617914507
7572,0,25.58424586361256,25.520655183329946
9308,0,17.698430381978635,17.73777170598788
6217,0,29.50532125960115,29.74030258488413
167,0,22.0229198898523,22.06559115731744
6536,0,27.08243562857888,27.126716139086067
7297,0,28.647436467129282,28.780385810998457
4429,0,22.06310991353182,22.101312149117142
8408,0,24.58939704931038,24.625085691869337
7495,0,25.94979370974808,25.88999759380885
5028,0,17.678820845743388,17.74454570544017
2031,0,23.770429671023116,23.716179145403558
7814,0,30.231317160836024,30.517577104327916
8479,0,26.52026174995182,26.441017765123757
855,0,28.81408732716782,28.847718527662153
3490,0,22.082874147822558,22.137721672259513
3148,0,22.055823793698288,22.037886943263093
6934,0,43.14287839757006,43.184564486940936
1432,0,21.3841666128652,21.39458578750296
5288,0,28.1498038235126,28.200249727912123
920,0,34.492448387944464,34.4866182956492
5936,0,24.18804563560057,24.16805885237068
689,0,31.805451171293686,31.692971927568937
9382,0,24.11427518873752,24.008381300464027
9692,0,28.49077074535364,28.373865490123425
3453,0,31.75121724674492,31.672123226271104
7678,0,44.27050295917983,44.21831095219094
3585,0,31.29172483223793,31.26965513041546
6567,0,18.71516003745667,18.67979525270654
4718,0,26.04164562689595,25.936969144169964
2494,0,22.85294857617118,22.910073528036456
7795,0,27.723759032961144,27.816713515258197
81,0,27.555234393209957,27.686768908386917
2826,0,20.74736320916151,20.727302570842554
2472,0,27.93185975986842,28.002404153761617
3742,0,18.172658874588993,18.26778833943507
9386,0,27.09249200667119,27.042573401710438
1266,0,20.490508255873987,20.585824007506844
9457,0,22.015012065343633,21.94167388731671
3387,0,29.970800417440714,30.071665863091376
9214,1,39.75055850696401,39.70131826979784
6927,0,23.198598337430106,23.35065625103224
7295,0,27.500591261123926,27.41148968408414
9204,1,31.924134878723187,31.924374331253123
9746,0,24.53347308016516,24.464170674186942
8798,0,23.339049328214422,23.280091743867114
5781,0,25.470416900318718,25.456292027173067
3842,0,23.966538293108805,23.999324934298553
6236,0,27.26799472358421,27.189076281885846
3133,0,44.6167681638259,44.279283415323114
1522,0,18.63386065056547,18.6656428854913
263,0,26.877845906039596,27.01959579219201
1934,0,23.81156689361783,23.9133272971986
5348,0,29.008031866038046,29.23671127363114
7006,0,21.819988826031004,21.76495479963106
5398,0,35.65197163115886,35.32017122956215
8458,0,29.325964573355037,29.35977619681453
2392,1,26.0174528978982,26.059799622429082
6775,0,21.42541845590232,21.456498739996487
4221,0,26.8003920744462,26.901909041758337
5692,0,24.502049518499692,24.623038756969407
8124,0,35.47950041474647,35.22149391368057
5328,0,22.849782708408302,22.928137527259246
295,0,35.29863176581319,35.06814393215286
4069,0,27.019089409436454,26.989012008268542
9428,0,22.16903390167501,22.29274946140999
4337,0,26.511120363124668,26.438581101017085
2788,0,22.98857977016865,23.118016066637253
1388,0,32.653245766066846,32.780840281306915
7905,0,24.26077165978041,24.25126300198023
3883,0,17.708226088975984,17.78328124029005
4375,0,20.649617081618782,20.62753107290453
9648,0,23.885915219910903,23.880840335308466
1217,0,31.64140250590262,31.64272237273814
6528,1,21.333022811358976,21.64558533023029
4723,0,37.09424850664119,36.97048435738016
9226,0,20.88415592396501,20.771430568653496
2596,0,24.002190828218875,24.115280476023834
1465,1,37.3010067753485,37.16562057982607
9915,0,26.460084578650594,26.38606158805637
4204,1,35.34268848970922,35.67007087618386
8833,0,28.271474185311767,28.208082795450068
5976,0,20.280937366585494,20.218074211245597
6382,0,28.09500282764875,28.131713269494917
4722,0,22.527624014569792,22.498853244551803
8139,0,33.74916309559688,33.824885288284406
7397,0,21.800814256540903,21.924338411349805
6186,0,28.852832051518128,28.786393509790447
345,0,17.318591185281274,17.38706517153597
8592,0,20.38415455103522,20.55642431862073
2381,0,40.633694787197435,41.04741597402149
2376,0,30.08126280049,29.92863194126845
3291,0,20.935660982196357,20.94336068487099
2098,0,18.81645341298173,18.839920394633353
6875,0,24.469091327376866,24.59044661353169
2532,0,24.845777777054067,24.804095963998385
5069,0,21.699617061410052,21.696606275835638
4247,0,50.19373187133002,50.25614568902559
4967,0,31.977740764252868,31.911916741063635
6414,0,21.865115510920575,21.865532487621714
7152,0,34.0151279604178,33.60545721501011
4904,0,28.254916827568326,28.1998308540794
2666,0,21.144743332821037,21.115748956252403
6622,0,18.531443186468614,18.683302203499363
6645,0,20.864809956929513,20.89674518446895
4053,0,23.835400167424673,23.9111021118927
9489,0,19.408495243280964,19.409059399837894
6564,0,33.9173606101577,33.72616109566607
7588,1,28.49958467973238,28.82345811767278
1760,0,27.1514161305642,27.002798845235983
2838,0,22.3607438694266,22.35986506314415
1102,0,21.78685332796233,21.810779839628054
3764,0,22.246282790396492,22.30232904369094
3060,0,24.346618620384987,24.296813452160187
7614,0,22.706947259529755,22.86248405240985
7424,0,23.13580196316603,23.299324701289645
5318,0,26.957335788808283,26.935970246709676
4655,0,26.24826751167385,26.266429594360787
1979,0,27.697496556940948,27.837137132377208
9859,0,16.958550118183254,16.92852517736754
3735,1,28.205132100067463,28.325123455706247
3744,0,22.114894989349107,22.090302108935088
9064,0,28.641723774495894,28.78248205709024
8099,0,20.978768773803417,21.082981422618296
8142,0,30.588166355627386,30.542067866693888
2805,0,23.113756371015775,23.06954702535159
7891,0,19.228846703621965,19.24847881756055
3817,0,21.53302317126368,21.71983186286006
8885,0,22.880209031409255,22.91077110862816
5059,0,34.62010767190263,34.64992114796994
4224,0,29.028518272366394,29.17076709004266
6403,0,22.08558362528201,22.190723179645016
4696,0,21.30334181641757,21.327081659736336
8471,0,34.4510124463126,34.41688876038343
5185,0,31.026981397302535,31.217443312794455
4825,0,20.9037282852314,21.014816471496836
618,0,26.179021127145294,26.18913438478737
2469,0,20.31081925132982,20.33779741906976
45,0,27.38183340734383,27.44034389650485
8485,0,23.308850474967837,23.301078610348004
1009,0,23.509682136074716,23.535951267363195
8961,0,28.019953414249407,28.119074189455137
4832,0,37.90320343610823,37.97203501850678
4776,0,29.32723637171144,29.33723326232871
8101,0,23.461730380631884,23.583359795996902
8919,0,18.449592643086604,18.46656511342571
940,0,29.177360806693155,29.17247187793173
269,0,28.636769717880316,28.52897886574421
3565,0,18.797735818036916,18.844946490907432
4818,0,26.763545342240995,26.712863864307568
7668,0,33.79109176770156,34.00600020660384
7689,1,28.94270410691692,30.116906831623723
1744,0,24.358967957362545,24.430807697648156
8701,0,29.876989112909886,29.90748420340095
8554,1,26.428067151410026,26.67353504686432
1084,0,30.04172054210522,29.999170573856468
3768,0,29.401677148765202,29.473153153821343
2060,0,23.656302189818245,23.726202267888166
3094,0,25.951706255901357,26.10625288799905
499,0,27.68373438659167,27.630914230241984
3159,0,22.31740945839397,22.283576906197787
9946,0,23.963256166877148,23.95281120393924
1909,0,31.312380498621486,31.517291261814453
7779,0,22.075801216103645,22.11905068503697
6887,0,28.752607580567364,28.695090125456684
5736,0,29.566719146873268,29.563766418684242
6028,0,19.65650092573421,19.670028016409145
9587,0,32.986579551614405,33.01958156956384
5196,0,18.871603623574668,18.889831386768513
4647,0,27.104898514851726,26.937988871151376
5456,0,32.839773006880726,32.613141499285355
3024,1,22.24242704331169,22.109866782154374
6903,0,22.28746189945504,22.35421080523608
4623,0,29.25603614299449,29.294216753168907
1057,0,23.107349102585612,23.102691459215322
8046,0,26.30094148222217,26.192129276343827
3457,0,24.08637905507515,24.09230367526924
6048,0,31.761460790192107,31.814483816161772
7580,0,39.58922444810077,39.80267346938733
4012,0,38.112272034031896,38.08566064405443
5812,0,33.770164260375466,33.77422559749443
6195,0,19.934881386465104,19.915879448101965
8774,0,27.12189288296575,27.017361636551854
7320,0,21.80840939582537,21.935833948220033
1357,0,26.549314117121796,26.550066334973295
4198,0,30.919483704610585,30.977111549628784
9624,0,18.646709545470593,18.717004072194975
6757,0,28.408147803101297,28.381013510716468
7988,0,19.823106563316237,19.813377353046036
5738,0,17.87569291769296,17.84201823111231
147,0,15.975979052459383,15.93610085839558
1087,0,35.49053011456228,35.60204685852083
5373,0,39.681126777418534,39.178274028077816
9132,0,27.744403055210135,27.958652747478137
9119,0,31.484330049903253,31.327368545499482
4680,0,39.770112915423674,39.89578700804161
2101,0,31.529041540343368,31.4521462579901
1879,0,22.58912652155241,22.56552505260138
4222,0,34.47410772959961,34.44431244735249
5830,0,22.54144886544764,22.61956900607968
7322,0,22.05377583530627,22.011690292798896
2452,0,25.349837733748927,25.3725366798273
2864,0,20.49409040216872,20.52544596384327
2342,1,29.080993639920116,29.451233478933712
5700,0,28.297564401062637,28.31290637473072
8563,0,24.195279712907467,24.16457799249165
2868,0,26.359747231771262,26.37389480150331
2043,0,28.366253991570836,28.656938431273083
9934,0,28.54960643709051,28.551753551282857
3373,0,24.411563671037985,24.591141485506792
6455,0,23.720166616768857,23.832659955755073
6817,0,21.614503477131628,21.664377792107175
9846,0,34.171316042620205,34.12594172004183
5766,0,33.21065830500871,33.30935253918266
2478,0,34.468751823572184,34.40326103689541
4472,0,20.41879193550702,20.395358078257328
8998,0,39.153408967483344,39.06714067541405
3835,0,25.230494019111834,25.265750074530278
9588,0,30.821721407540537,30.632871826508218
5188,0,24.904675370429825,24.863833476816264
3962,0,22.348076872926498,22.387901438463622
3740,0,32.001364730780686,32.42342324132952
9717,0,27.33715672515113,27.56056687933772
2158,0,19.291118524669162,19.346065319589712
3991,0,24.88290578134627,25.134943086386798
4945,0,23.883776605286922,23.837541259139904
6814,1,27.27269123395936,27.556833545629154
2613,0,37.701767455235526,37.56808449645675
2512,0,29.623654190024915,29.690690160249606
3555,0,30.526681318277397,30.59376563187632
5433,0,27.068730784863636,27.154189300251875
3349,0,26.229441648742537,26.204775079863374
4171,0,25.14962979724093,25.11548790025489
2238,0,27.512403941141763,27.401069399669908
2618,0,23.90307632178562,23.891109330075555
5469,0,33.32628696292826,33.432947490897604
3394,0,22.151694958975405,22.206884284502358
8537,0,33.86251325414463,33.89871819093373
389,0,28.045078536540334,28.073687834088147
5227,0,31.407172129498786,31.254666460416743
24,0,23.163645685190918,23.193151603905257
7623,0,25.634409582605173,25.570999168339732
9141,0,21.54882536638662,21.573336904416596
816,0,30.769643791507587,30.729129614384625
7132,0,22.12568785041916,22.122891323936607
4717,0,25.062753893381878,25.176677903107592
9845,0,26.334058051399627,26.29393048907745
1462,0,25.410027325988775,25.469611729044033
6457,0,33.781033830643,33.67768356240182
7485,0,40.612987039857224,40.77765580070939
8080,0,24.801722369593932,24.823666633247637
2802,0,23.80701945499296,23.877307054020182
1810,0,23.44830748575162,23.480450173665577
3899,0,23.274141106922173,23.291228575844134
874,0,27.676847115335786,27.74477397853788
2804,0,23.92065560423618,23.980403995030134
2050,0,22.371697365244145,22.502330531750946
8215,0,19.122068601493954,19.180143108538818
5965,0,25.166565294280055,25.280452975690977
5046,0,26.268723472511496,26.22378150926955
6006,0,25.84694757591167,26.009805374562863
9381,0,22.457124653350988,22.4580842754823
1371,0,28.801589950544525,28.604906645436262
405,0,32.585541266269786,32.88116639267941
2529,0,28.501006710250163,28.590545110714313
1337,0,36.894843012686394,37.16529368642469
7142,0,24.425034026277384,24.58102116566355
4702,0,29.698877297648753,29.591176924765907
381,0,20.99274504839402,20.936130916593235
9411,0,17.673670873451737,17.704473993343267
2590,0,28.460592738516024,28.54006011488325
4445,0,23.11781800156057,23.27464914179658
9892,0,36.1364228357545,36.40480959686663
994,0,26.79805317903302,26.956709075158006
1799,0,17.762540968136452,17.753403796146035
8999,0,21.04494731129288,21.061702430945218
8342,0,29.338726122772606,29.19908285539113
1196,0,21.783664081835028,21.883983320419226
8580,0,19.118967673935963,19.209403125050805
6678,0,20.533824671884016,20.555979194327566
16,0,21.87667053988571,21.877395397637326
7831,0,33.83404563669079,34.25476699558974
3187,0,17.892287356856265,17.86431942097827
6489,0,22.631312907863716,22.6600169779988
6912,0,19.57210656979311,19.747545931266657
2037,0,37.224158812661145,37.38764624071536
4436,0,23.215621428290703,23.238130278958344
9750,0,22.850042265502157,22.929386325277342
9067,0,26.329139731736618,26.340202746098768
8094,0,29.29403046380713,29.424173602819916
1428,0,18.697470900361047,18.608774044437684
9807,0,26.497022070482853,26.667383590183082
7202,0,28.522859613108597,28.37034239204557
952,0,17.16087967320444,17.11118344427537
3218,0,31.765853009085696,31.69920148386435
5602,0,23.069999533597624,23.111163977806306
9264,0,34.58541487488988,34.850139640056895
7659,0,24.775377046471462,24.85943075566278
7338,0,20.006063825713618,20.02165933955648
2776,0,36.62796812391168,36.53545829804673
9300,0,25.18521330349437,25.17796332136789
9183,0,24.023128262317204,24.051131244833524
6104,0,24.59456622552093,24.516093803048804
4323,0,29.955116805006888,30.03795003713172
6606,0,34.7771960511705,34.635932919314214
7114,0,23.696259080776507,23.85076099119062
9191,0,20.191955261216677,20.08394376026164
181,0,30.446211257964453,30.599223657413084
6807,0,28.60297991456331,28.79796837761328
7508,0,29.68555195284762,29.645558296922612
9213,0,28.329936978711324,28.333582026659297
9733,0,22.565550707638884,22.77075136518089
8422,0,29.34799509270979,29.41344527116176
6125,1,32.322433361291324,32.595239272918214
5201,0,18.834832341313707,18.934200829508132
1411,0,19.16619581932894,19.126993721562258
8171,0,27.07573306704561,27.17818908679385
583,0,35.17500615816957,35.432546295505425
7621,0,44.79399839411499,44.53721580485303
8508,0,25.456714546955688,25.50103757208342
262,0,23.092399029361744,23.123990493641426
1802,0,25.049040789039868,25.152230527856936
5190,0,42.36014526990099,42.25518897336478
2555,0,21.10885893043197,21.05487680921761
3118,0,39.119477152919266,38.895244273611866
892,0,31.877694010423816,31.83390438075234
8824,0,18.866344179344196,18.89830613559039
290,0,18.165520929870826,18.22690677800531
1835,0,23.2529285197009,23.189306638441273
8131,0,27.568089169617878,27.48573428308324
9063,1,38.30315594889973,38.22741113812657
7095,0,25.274143961808154,25.343479739907576
9573,0,25.12001411826553,25.080568150374805
4580,0,24.15483739762122,24.23022364122172
1288,0,33.841697738075325,33.99651938088212
6588,0,30.18886865094445,30.16992619344409
1769,0,19.441851409707482,19.494748050231703
7043,0,25.84366732321204,25.78624163471998
5354,0,31.055643786209544,31.05662724239219
9663,0,23.718036455950124,23.832937980423903
9994,0,29.86119043452081,29.788189491224735
3300,0,26.935379305616948,26.974637420324655
490,0,35.37412612412755,35.212409603545794
748,0,26.69362059117621,26.754000867526017
4470,0,38.28215506293237,38.696988750060825
8413,0,27.67481442876293,27.879018575369518
1998,0,24.535033286573434,24.650035475869224
1946,0,21.857136176364698,21.83201098555996
8737,0,25.603671702915225,25.63055806481822
1032,0,20.554769241967264,20.695806810304894
1571,0,26.88491936265934,26.894128234023228
745,0,30.98759323044558,31.133439348299532
8235,0,33.741678795199135,33.822670214838325
9480,0,23.692960502700693,23.766074755366763
76,0,46.8519081010716,47.01497154511093
2630,0,28.54831277251348,28.717470840515784
2915,0,26.486867067703002,26.572530682627573
5351,0,18.52488250683774,18.55813570103271
4037,0,29.22119203567513,29.031114171329644
8564,0,26.726681191653054,26.664030602976982
9734,0,22.319117438281168,22.292541417727488
5366,0,31.12252196220022,31.28923485960448
4097,0,35.746413271623325,35.803109585189475
153,0,32.90281568898147,32.9895615523978
7701,0,26.64913669925754,26.713114956807118
1570,0,18.72479576919485,18.77143846157252
5763,0,19.676667912715377,19.648253508744133
6030,0,25.006049839038763,25.0681295694875
9147,0,22.263407767209493,22.249247438535463
3344,0,25.089811408723392,25.227503618548916
7451,1,32.3700746960314,32.607281544118415
2913,0,32.38246573974052,32.570533331495135
1813,1,43.45006095729885,42.97779147003232
9983,0,28.83527589484047,29.14917227267509
3825,0,24.674790938131732,24.60479487157649
1600,0,23.712774647759485,23.743906850571243
9379,0,22.34658111536964,22.36229898858033
7230,0,23.3908848846362,23.40911970274393
8365,0,23.319658328244042,23.319210506792384
9743,0,22.025730863753903,22.005639099898847
4528,0,25.14519304717291,25.31544062736374
7827,0,25.580641848311018,25.61736527721228
1024,1,40.25785363713772,40.35192164249756
8624,0,29.73862953438213,29.881938651797118
9325,0,55.723409259854485,55.80405032592697
4979,0,21.510700685930782,21.524683409717614
5523,0,23.844437046688377,23.84378186331247
7247,0,20.71967512695347,20.669590228538972
2853,0,28.4245135096452,28.432585440565582
1200,1,28.590996332496708,28.795389769887233
9753,0,35.19885470027092,35.22543454730726
7160,0,27.727390840366375,27.617583379685012
2409,0,27.13375353704496,27.159634898748024
6998,0,22.14732267194304,22.056713622594074
3989,0,28.86133535460577,29.03073645774651
2919,0,25.711732895723735,25.800230958493756
5557,0,48.31934797307805,48.42036111037717
6077,0,22.853285288860427,22.86552947108957
3115,1,35.996179620372075,35.512815132444366
139,0,21.391240355647184,21.38869576044148
2619,0,34.498385675337744,34.37862878401119
6081,0,30.331904633282292,30.294257576778268
7967,0,24.247669348765513,24.28145621288603
757,0,23.594153319684594,23.61641468803864
3854,0,27.257407572185617,27.11394081336421
3675,0,23.56554545563544,23.690701169126015
4955,0,22.833390662786556,22.871311470565235
6702,0,33.9027745077527,34.12891471274993
4424,1,31.320812607159525,30.928947945931096
3251,0,27.67763624641026,27.691200489156945
8601,0,40.80754476419187,40.73195836577818
6074,0,25.66239146623543,25.576161234130446
8626,0,27.86366346946367,27.91922088972896
1195,0,23.52795006955332,23.557843218406326
1705,0,24.666001618549142,24.729382121052133
6473,0,38.111474862463666,38.15139454442033
6187,0,20.479139417490213,20.468070987349947
7119,0,23.41151082254245,23.327221051531115
5734,0,18.457294927060545,18.501145124123063
9458,0,26.722304121629705,26.816300396744026
7964,0,21.179665767263703,21.26787989390926
3713,0,28.940331124034888,28.864233225688142
2086,0,31.49819981566829,31.38868956492442
9679,0,21.32458973265243,21.48101616237555
3278,0,25.887254715321518,25.73776086572011
9834,0,22.11517728536041,22.04641050478944
6225,0,43.81941243242959,44.310411647272645
4344,0,34.83703155234879,35.08254847998277
9435,0,29.16032057072774,29.134303685678738
3900,0,26.743939627517623,26.812375224698588
8982,0,43.26137575077621,42.98642526949011
3776,0,20.50075708952583,20.505462295234267
110,0,33.09089650088979,32.96742494755954
9116,0,28.54683835506915,28.685663274500435
3091,0,31.895716234774763,31.867116881372176
1609,1,39.9066401830208,40.50981139755703
1916,0,19.403101350182233,19.355991787800903
206,0,22.884472028809796,23.081906037822893
5316,0,25.698289903825128,25.559271781387274
9109,0,25.091772449789335,25.012619786955867
8584,0,43.136952646335956,43.00193440207609
3743,0,20.504158824581985,20.508029084561603
6404,0,39.6694577147181,39.68879418609217
5610,0,26.171911770649128,26.097571662518504
1478,0,29.15395154442858,29.263413686479034
5503,0,18.535080053943407,18.54156672181398
6604,0,25.397014621541516,25.411569013308846
8189,0,23.675155711795366,23.825328258608305
2759,0,21.968200255785852,22.071902489265312
5935,0,30.281683362549753,30.249635620727435
4395,0,22.15743753723303,22.155943281782648
6738,0,26.255767843440672,26.263740480768654
9817,0,25.70829055768568,25.68217082966221
9050,0,25.84196965605161,25.728184618035023
5100,0,24.464593477728236,24.49676020715268
7170,0,23.86371360549587,23.844302762548445
1674,0,31.333893623728265,31.416533996587315
2955,0,22.629477830019155,22.762173319719665
3913,0,32.016541385126935,32.06688947447137
2208,0,29.78747594543397,29.858250675832263
8715,0,19.559157011949097,19.651533827621098
4569,0,24.49546672568129,24.49797712180115
7894,0,24.44315359222253,24.52956094997336
3910,0,31.28630893529666,31.1902527831185
6883,0,21.244594735025462,21.15668285551454
425,0,31.53348327233304,31.501520773543536
6041,0,26.96950968628105,26.993767432023816
9272,0,25.867994375635895,25.81838930980372
1141,0,33.34459782570974,33.239489106295316
1455,0,27.398820583187824,27.359176978238697
5960,0,40.61956534899166,40.59017514237792
849,1,28.882090027764104,29.489181845928755
2009,0,21.865208128200027,21.959335534990878
3950,0,27.85642038561343,28.058994614142552
6227,0,26.76666887407381,26.7543676614559
8791,0,34.118205738380226,33.960877576088265
9978,0,28.407273644026883,28.510159536710667
746,0,26.58835507918561,26.546935746824207
235,0,22.009486589416138,22.042170424683952
4237,0,23.963459808397513,24.234396536083732
4651,0,24.558643729924768,24.699482021665744
8720,0,22.62879986371833,22.680001532630335
6486,0,23.984864994708676,23.94673393055663
7299,0,23.385018638392356,23.51112896041306
7265,0,25.226170808421532,25.217786724485443
870,0,25.625354062519087,25.66708212364025
4658,0,25.834787680953085,25.984001703638217
4798,0,23.449885754170662,23.51578517448918
136,0,25.65600946132049,25.52267786202093
3771,0,24.55619933589777,24.494338271905903
6992,0,26.672338741351393,26.816906154948377
7330,0,23.3180111848131,23.415494779748038
2794,0,28.156746540521098,28.13271901357065
2134,0,19.409091186098724,19.414335077448236
6495,0,25.899040794462305,25.86174545937998
9613,0,36.49192783617613,37.480701985690075
2138,0,31.744858154295148,31.643655008836568
7536,0,21.047864952550647,21.11049359699978
2325,0,47.87846674728275,47.69908272160165
7979,0,38.72747505325905,39.745766246504175
3535,0,35.541688239624314,35.511831270355835
9890,0,20.074206360678033,20.085000668749622
9245,1,25.565924296130195,25.579791163775333
6359,0,34.06898798371802,33.68177225298679
8241,0,31.60566401359617,31.428292850943055
7819,0,24.407249296325418,24.34951445299332
7078,0,19.529945179614792,19.60417161697466
4401,1,46.1544797629534,45.72709095478596
7182,0,20.272875594441583,20.323422831140256
5854,0,32.855208015468875,33.0005814395484
1715,0,25.100847356951533,25.288819046497125
4844,0,23.98797052086069,24.12722034521647
4915,0,21.198029316101458,21.20460833216458
9910,0,27.679000624699658,27.669438449806233
5630,0,21.65249319040585,21.607851959159802
5220,0,28.45823789535606,28.542727885001472
1070,0,20.096122544326278,20.10592743883198
5807,0,24.814714947010987,24.80786304596001
2731,0,34.358911748959095,34.05490986527916
3678,0,24.405203170488036,24.42665195094939
4907,0,31.90582327979043,31.897389414662378
5244,0,36.06785616279649,36.04567396638329
4173,0,27.724041899707185,28.139700507612893
8653,0,22.61823389007338,22.658016411611356
6881,0,22.739650494306563,22.847428867516044
331,0,25.02974594367599,25.013646578927354
6316,0,19.28803961659852,19.244949857281348
9997,0,22.4315701748513,22.415228640493893
6059,0,20.967012939934513,20.973854738232625
3479,0,17.933907358418015,17.97717167102399
8418,0,29.39152847295128,29.497587650330516
6439,1,31.873051333714013,32.13141918405482
5914,0,24.81386408954595,24.927749417699005
7514,0,20.87764285743507,21.00731194726342
5946,0,25.272394801116096,25.354433889430506
5827,0,24.03663545792466,23.993076854730077
9224,0,18.05182577935606,18.057396630039637
3620,0,48.815460012764824,49.432358868049135
3508,0,27.986714973033024,28.18443681473337
5793,0,19.760368876639742,19.8437208860478
4420,0,29.483844826402983,29.479753105003688
160,0,23.769234425419654,23.87807048335948
5928,1,30.226463025917894,30.775856847738353
1844,0,30.043544211642388,30.038389217088003
9439,0,28.563408952792475,28.800885369597786
2466,0,25.86930240622613,25.86925420449582
7584,0,27.316766898710227,27.22158838846957
843,0,22.30170880478048,22.28122802751433
13,0,18.28774873180893,18.28987157653793
9676,0,43.37314801923151,43.422873034881185
5245,0,24.873251035160028,25.042847130591692
1026,0,36.730380899142126,36.599749244351344
8619,0,30.911655941416274,30.814483706805586
9988,0,27.26550028124025,27.288026480040582
5127,0,21.258969838700654,21.18885247744639
8602,0,26.086919754040117,26.32202302135475
3351,0,33.51928938397309,33.79638597014523
7316,0,33.673243641814686,33.84356943816859
1524,0,23.84888879929584,23.89516273244332
7470,1,32.37902429967111,32.653101919011476
8944,0,21.755588370815182,21.772290269731194
8816,0,19.807490928517744,19.78602584500343
3081,0,23.41969953600663,23.37076166067065
8483,0,28.010338848616847,28.187061147936923
2499,0,23.885115773287307,23.99557414591738
4443,1,38.5037708428916,39.024514754131225
1860,0,24.485153173027143,24.691451095078833
4151,0,23.61176909701595,23.657917099493297
5921,0,25.736642448757856,25.899204184450312
1945,0,33.86588237227443,33.96537963740191
3569,0,29.33515129966539,29.375634367076913
8947,0,33.273007973547486,33.25818225653176
3819,0,31.1860498642693,31.12895958169444
5234,0,29.847717267375153,29.867172209087943
2459,0,21.60363957559606,21.6407954209729
6273,0,23.40783795192114,23.4812686002858
1671,0,30.389628592591723,30.514342730484316
358,0,20.730928391117228,20.792574914461277
545,0,20.67832130651272,20.74816667616602
5029,0,19.529767607057668,19.57561809941824
1235,0,27.54138903236325,27.81244297474874
7687,0,28.097585410447284,27.894889226222706
1060,0,27.970126705542135,27.849491300164456
3746,0,22.268524384945017,22.284141380348487
3332,0,40.82588170870053,40.67502479778316
2500,0,27.38081822113082,27.423659184788757
3774,0,29.605449499932348,29.645072829238675
2320,0,27.04053653507009,27.160318622347752
1915,0,27.203039648553027,27.136275207031144
7432,0,30.537572220385545,30.76523744718774
6562,0,30.882212306758394,31.129493220977995
2764,0,22.48606223996291,22.436797482013272
3318,0,25.584485157701245,25.599753081019152
6674,0,23.713630093613695,23.784796603231182
3880,0,51.08590635884256,51.00675649584461
7354,0,22.914063623491806,22.900199910351382
5462,0,36.48013677059633,36.410987519233615
3526,0,24.49223076840383,24.480087958905607
9885,0,26.049067402892426,26.039647170251975
9981,1,40.44020594180156,40.18924086656541
8176,1,28.002428067888548,27.999657887283437
7522,0,31.238082543880378,31.11786531113737
274,0,24.61395885292835,24.62364237305302
7363,0,23.104182823799377,23.011296787761818
391,0,17.664548243328504,17.664089234899546
6291,0,24.020988391334996,24.12529995023607
2187,0,25.34315630255124,25.323310626672992
6113,0,20.450531228112915,20.57083460900327
9984,1,32.399997075337346,33.0381448025881
4527,0,25.621151134959547,25.688614043110395
1989,0,22.135099705932873,22.133577165808163
2566,0,35.33603857385827,35.238323643170375
898,0,28.4978570681743,28.269606302890782
1743,0,29.29831645301762,29.165787934201795
5408,0,26.687217116354923,26.664316299844838
5445,0,30.99761151840125,30.947744009477532
3734,0,28.318793253333485,28.285561099773652
5979,0,23.48125924872549,23.53372679000129
6091,0,21.121174479571824,21.239416366924342
1406,0,43.30613177091349,43.063002135482044
3308,0,27.24726772867591,27.258251819025073
2772,0,25.17892277845433,25.11989202798385
3063,0,19.916833838200205,19.868969643149295
9639,0,30.143316225801872,29.99311565911586
4674,0,19.805423908713394,19.857972050879475
5400,0,32.53185251046324,32.72305629296479
525,0,34.96451580826445,35.00773049299237
1535,0,31.696700538258288,31.732715830814982
9114,0,32.25626167483547,32.17514847209076
1027,0,23.288852045718375,23.255426664736724
1045,0,24.136763973974578,24.038485961767453
3778,0,19.07395562770891,19.18946869345898
7953,0,41.46495705324593,41.591010974794706
863,0,29.629448906060794,29.877272409476806
2277,0,32.505107977195415,32.37220717473635
3071,0,30.584084444105443,30.683647516071154
2762,0,28.47989520847206,28.42904254034624
8397,0,28.78943262459158,28.922883207750477
9450,0,21.613529833332272,21.670368938899145
6882,0,18.831478951449608,18.865575944023842
7993,0,25.599795037990578,25.598763722605387
8163,0,23.05859250476245,23.001750530547866
6114,0,27.258522902247517,27.192116726828218
2627,0,29.684984497529612,29.833908180199128
3831,0,37.847582887324606,38.09323408590722
5983,0,25.60325482661809,25.614248837343457
6978,0,37.437962844448265,37.40467659582946
7125,0,27.218036199048992,27.38599978611237
4690,0,25.379051962131655,25.331787466658756
4650,0,39.87098428123529,39.6032809900123
8808,0,31.638148997191628,31.71394819533006
5293,0,22.989028628165226,23.060406772101533
2404,0,26.808644625604583,26.754357425095662
7762,0,23.514999643200696,23.58579221271158
2841,0,33.28421308743603,33.27973506501362
9467,0,23.047351563641346,22.97614002343098
6974,0,20.82852762441071,20.897095636579316
4711,0,23.617787696612893,23.719020823940728
3815,0,27.517518745952792,27.751798284551384
4577,0,23.403664843050606,23.561448657012836
5262,0,33.68438633734783,33.834327614048114
6378,0,24.78451598238042,24.749463929254503
9392,0,21.77082368194493,21.70239433624341
9623,0,21.2131252110815,21.20446987374563
82,0,35.393627155641134,35.23679557037675
1352,0,23.457022770936014,23.491094963022093
8063,0,29.51193032849407,29.38881595319303
1417,0,28.50803579348827,28.46876012942811
9024,0,26.902010497481456,26.89218415531646
8685,0,26.37491272703464,26.351895433286614
5564,0,32.93105951287884,33.0378429509069
8122,0,26.206782993316185,26.38267444703566
446,0,26.056802279147806,26.353897634665024
8515,0,25.582587020734163,25.603666416316567
9385,0,23.901123579000373,23.960385097875378
3396,0,32.15841992817689,32.480343093667585
4156,0,23.38651387072238,23.40511129086516
2981,0,24.391353970688744,24.527272848592446
5342,0,20.876174243593255,20.880222678296573
8953,0,19.53222515297641,19.58670702419078
7150,0,25.817245135311342,25.929272589771262
3233,1,35.10408540420292,35.35786248961466
8794,0,39.23903073941006,39.57351399424054
3561,0,33.008857500650926,32.764217123167995
964,0,22.983590927032658,22.85087357578322
9159,0,33.743571010991225,33.737262824453204
5051,0,21.563004245566486,21.646081456606982
3630,0,21.336273034572017,21.357877024347196
1249,0,24.28395356207533,24.264360141324183
830,0,28.64538497383217,28.784458953175847
2809,0,24.88741537223324,24.80210767352687
6467,0,25.60010903913472,25.520132908758267
5416,0,38.800246752222264,38.90385293067286
9219,0,34.010529518932515,34.128329244230436
3505,0,19.53304751609645,19.51508274148729
9222,0,24.53916593773172,24.602715260823366
8497,0,33.93704561926121,33.96973449016131
3362,0,29.458211777923488,29.555202150241016
662,0,20.853766364423198,20.956245039689595
4371,0,33.30924390687949,33.0985983511143
9318,0,33.00762826892132,32.98957726744681
1075,0,18.80124840424967,18.83062772654859
3296,0,24.07281165506184,24.13101614704488
8581,0,18.79009442093443,18.800982006653975
1601,0,26.9199534820292,26.915205695109687
2766,0,37.80274227897134,37.610638916490345
6731,0,22.821796797915045,22.8350758845822
2873,0,24.993412895597682,24.99809431572779
4423,0,24.180240663975816,24.147409581764624
7551,0,22.311114347110355,22.27986209715677
7787,0,22.853209139498915,22.916953970236122
2328,0,24.74075666398443,24.87707143490797
2623,0,23.880148294544178,23.865209226690723
2509,0,23.66844083086977,23.695018443243693
6867,0,20.911826597479553,20.870217629590073
2011,1,27.143556708688866,27.497117304087517
2167,0,18.433414529405095,18.49727612305318
7942,0,24.554485284751955,24.617315453733042
2933,0,17.188386004001817,17.221506692827383
1124,1,32.71111190999241,32.92504590304531
6692,1,35.54885598488376,35.13554614519136
1786,0,44.80733545695366,45.089704627454445
7637,0,24.751847518792758,24.864273988379633
2789,0,25.975618696854422,25.947542586736564
3108,0,21.465514104134982,21.396605380798114
6736,0,21.937009425429448,22.055501174666684
6509,0,21.36839639216794,21.385391424071067
8629,0,23.367227743659488,23.354381351720107
6366,0,21.179932788041757,21.151778503608238
3560,0,36.6265257708259,36.8422367243563
5697,0,22.528424619873856,22.53619341442075
1082,0,29.621741488675116,29.686130253466313
2309,0,26.948628367433976,27.104884085497847
4916,0,24.26489013464677,24.2409287110521
9136,0,19.07019290824924,19.138016519963113
286,0,52.96754052683653,53.27283009369397
8504,0,21.892916110757042,21.934227531926567
7784,0,23.107897575026488,23.22336050202386
8984,0,22.358001322333514,22.38693840071901
807,0,20.566204125302647,20.72230600571945
5138,0,28.224530026604693,28.103669820345537
6740,0,28.460993192518334,28.500992643706468
8300,0,30.61244252088047,30.602405305459637
9446,0,21.152076223732244,21.096565422918758
296,0,29.36935885076691,29.414270138066364
393,0,18.59959541149815,18.64639180601533
1607,0,20.908777318734806,21.00002568205371
7870,0,20.16993294195441,20.249902405911584
5053,0,21.00468483248205,20.939714921419537
7008,0,25.279838251114857,25.264781253162763
4187,0,21.264130574945547,21.353949152106022
4991,0,18.580849463212175,18.61792500370366
2151,0,21.671848933943707,21.753044288109948
7123,1,22.4131060773402,22.709526646969397
9216,0,31.20308779604453,31.112027483742565
3664,0,32.793884781113995,32.880535373705854
5345,0,27.14408740785106,27.147564796004698
8846,0,24.57049391702413,24.55030221663032
2514,0,20.83338672817922,20.986522245639925
488,0,24.138603340584314,24.069329496436325
4386,0,23.15689083335432,23.192396129804948
7958,0,28.07766790805648,27.987959984107608
3028,0,23.522936065635538,23.40441290878987
3725,0,29.05075578661476,29.11908184378169
4155,1,25.02338924867968,24.9531509413665
718,0,29.00391081659872,28.9261435793506
7483,0,22.052021530317482,21.988903322040326
6614,0,34.74131200266212,35.11615310232142
2453,0,24.521925127405044,24.56599220977063
5110,0,22.79061843459256,22.748142220821112
8934,0,20.466983840504902,20.600687951600765
9714,0,18.861444455953503,18.884639698400473
2939,0,18.969282070915675,19.048891107314258
3986,0,26.287386606475437,26.212534181758134
8728,0,23.314369183570676,23.275779395153698
3193,0,22.183122989004,22.280982174351717
9301,0,27.987408337240492,27.912045442328665
6073,0,21.285002570216434,21.404021148985315
354,0,26.832761191710553,26.885366359093712
810,0,24.160005688434005,24.19674138249929
5581,0,29.439791126832755,29.419425939063153
660,0,17.128369476402042,17.172594113350037
9818,0,19.216070572614214,19.235676495872266
2246,0,31.200600930876895,31.369582694601302
1302,0,28.085087676772925,28.141755895459614
8420,0,29.562592867282504,29.469576933115615
6132,0,28.18897278216195,28.517998086931403
3915,0,25.235427673788443,25.376890420359697
8775,0,25.439167306633742,25.414909904331175
768,0,16.220545169895537,16.223825754306237
3195,0,31.31859993264598,31.644688337931722
5637,0,27.900357947912838,27.84513697832789
995,0,25.55677247161993,25.654548710886345
9979,0,19.813426041290292,19.838544594111454
472,0,22.07000910089127,22.11794528629698
6610,0,18.427385456130068,18.486149188008245
1223,0,19.96203403124802,20.020890877993732
8917,0,25.504294005832154,25.495750956428616
8616,0,20.845084430132303,20.790500702112453
5105,0,21.098355556928922,21.103873000851813
687,0,26.458778826360664,26.49285716262807
1214,1,34.86945946117683,35.81236472829779
1062,0,31.832904172371464,31.632542486747315
8552,0,34.29202541179161,34.29856207528323
9365,0,19.579494010572006,19.55371475581608
259,0,24.05746150196794,24.08204239658388
8746,0,29.76729372914346,30.08161606164392
7005,0,27.163342831378063,27.091469767502584
3818,0,31.051277591884055,31.049494209021276
6616,0,24.849329494918717,24.777218914711906
3632,1,30.462693338953557,30.58029835433149
2122,0,28.424567610604633,28.52466649690085
419,0,20.803444509390005,20.8120178648454
217,0,19.184526390841288,19.267977758424646
2143,0,25.31210774922604,25.232722444059682
7647,0,29.735126759130836,29.986859159038055
3336,0,34.7549402493565,34.76410610191116
7301,0,20.676302209239722,20.742956833805398
5694,0,22.54570414558077,22.596689124732023
1885,0,29.836834324539637,29.821081406171363
3036,0,33.067875290858886,32.98603614604469
8977,0,22.62526771139468,22.709433398122684
2028,0,29.141595589909606,29.03101462543769
8691,0,30.675112017389363,30.643448627618067
4430,0,30.86066457011521,31.37858710758047
7545,0,26.463230963010272,26.544766631499083
6201,0,28.371431469235734,28.245270076156867
1412,0,22.337877601809563,22.300677230413818
4047,1,25.81635880981292,26.30338272716838
8557,0,25.406875532526126,25.353152043418604
9250,0,30.543124509087413,30.551377117942593
3303,0,30.098456537424255,30.186792501307423
7938,0,24.003480072587404,24.03666832337551
4020,0,23.993999865741138,24.23887196113925
6710,0,31.06314752357906,31.238618625776112
8687,0,25.526962790962244,25.689201457241772
2312,0,22.64412827470076,22.561949266257194
3600,0,19.537902086947533,19.60132014492966
5022,0,25.655491412639392,25.60481008212597
3916,0,21.475488939614205,21.554565104733427
3049,0,26.04914569655942,25.994298572851765
9273,0,21.70929908551143,21.71956500257811
3188,0,28.722588584596508,28.823514243786004
134,0,22.681591389037084,22.666628744665356
1774,0,23.23354233349821,23.251534938921257
9793,0,20.61048207262153,20.56623781414145
8663,1,34.27525485278676,35.35206621136344
1725,0,22.606702578720046,22.750361455900375
5063,0,20.637283872155944,20.675382185471012
6600,1,29.177284147153117,29.739635670744715
7459,1,29.009684083517822,29.188853768630906
605,0,25.193930992960166,25.343714987825184
8306,0,27.522499670579634,27.381224613280583
2091,0,33.62868453132985,33.44259944017965
3138,0,22.208894716687148,22.19108521143893
7163,0,26.5958851186911,26.986563818294556
4389,0,34.57081910812374,34.3986747488155
6633,0,19.567641681681792,19.660616628883478
6988,0,19.668197913315563,19.80737553479441
1883,1,29.024532099891175,29.546792830498166
3173,0,22.795353668063953,22.741572966543988
9808,0,25.30712129885968,25.478777179537538
5493,0,17.73388461180264,17.700406469491643
6262,0,44.82881388186604,44.42777857277005
8398,0,24.486413946852625,24.398213225943294
5084,0,31.921631176439163,32.258248700711896
3521,0,24.110123131367438,24.09346410725298
1003,0,23.775814206059188,23.853462673371293
9852,0,28.74696705754156,28.886601961088253
7381,0,23.720468219022038,23.756367054491363
1633,0,29.044159164745082,29.036275053631346
3041,0,19.188889809773688,19.310523619324854
7791,0,35.33172525222342,35.77747832408564
6981,0,29.443141278523115,29.354995317067374
2542,0,23.26980349681556,23.461095953217423
5997,0,21.887461189646302,21.925768122645326
8454,0,20.833153838981914,20.904728977841803
6845,0,27.274462079360916,27.353649582318383
2441,0,35.13235170428849,35.081391710298234
3077,0,24.556201597087064,24.504518000568847
7407,0,21.46158590968572,21.480582867161907
973,0,25.73239797721827,25.776841672191125
3754,0,22.737732409937216,22.669492191146606
9259,0,23.93809102292419,23.916324390486032
6876,0,23.706454725592188,23.75087876846778
1347,0,25.252287696275047,25.266929136194587
4848,0,31.027754023246462,31.039634029977442
7615,1,42.36914093161562,42.78772508675193
5392,0,34.1174021088618,34.01848365158199
2313,0,21.74136687638035,21.872341552823947
7023,0,20.358309562662992,20.41272587805441
7454,0,20.482299137486848,20.50751228366033
9594,0,32.2972588020486,32.36568113180189
7654,0,34.732883395578234,34.78871342052625
1551,0,16.742562816617465,16.767655399943422
1936,0,20.245864494460186,20.260637954139344
2899,0,39.278113623362366,39.0440942915091
3221,0,24.439379380719483,24.495828813595896
370,0,25.491237440940914,25.489022288303083
3857,0,24.855006821757204,24.89519056889928
3985,0,31.55164783762972,31.332177999935404
3377,0,23.8235850803884,23.865478128110567
2385,0,28.01606049770212,28.203145415528642
5881,0,26.497148346450686,26.81518461729099
6161,0,24.13345660651295,24.09516436413762
3543,0,25.064846705176432,25.16262684429046
2422,0,23.162570320436718,23.269735938920174
8994,0,23.415505007510344,23.602157023098513
236,0,21.390025858249032,21.397833474085918
2007,0,19.673634109450855,19.759795842235732
3288,0,30.3171724221561,30.459755426812322
2878,0,29.443597626373595,29.32995262447096
1994,0,35.637330067601695,35.13726005867006
1340,0,28.928846674577677,29.032556334807158
363,0,21.533486020721256,21.573139205030678
4264,1,31.021866105820926,31.19372674653096
7317,0,17.839804978191943,17.946717091864215
3609,0,21.041882303783936,21.08318616905062
8277,0,23.037777900401995,23.25487098966099
3599,0,28.111141274368002,27.943309612763198
4939,0,22.924915135193288,22.96242284341936
8633,0,22.382467432795394,22.411870663532643
2470,0,27.166658593203934,27.246483971038973
9833,0,25.39067764537363,25.347778254914033
4578,0,22.29987408991178,22.26623390274759
9607,0,27.015957727520853,27.045175297440167
8631,0,52.14383736624922,52.256669249359206
7931,0,23.10913979027329,23.103621556652243
9338,0,23.681546122553662,23.934215680552583
8055,0,25.357217003933098,25.309605014723857
315,0,28.044230153500465,27.779668164574502
8197,0,30.62305207645226,30.611248063427645
4586,0,35.93318422746024,35.92876666872038
291,0,26.49514630364719,26.455979046774754
8895,0,25.149327900296427,25.12258375970886
9646,0,36.43560357007591,36.319398233463
5415,0,26.01537914579938,25.918212011179286
4004,0,22.33280185494529,22.34430611556239
1360,0,28.688993736104834,28.898207913798302
1326,0,22.332241345819675,22.51205185239621
131,0,22.243725656481516,22.33274053315222
8830,0,30.984295247237856,31.15076465671318
7886,0,23.45958920715182,23.432399145887988
4777,0,34.27741723080115,34.296578644653366
7259,0,27.8266448164406,27.795111528084078
1306,0,20.84947747002151,20.965513711313474
2265,0,32.01881749432349,32.30991290881399
1516,0,25.745358903656665,25.62336662664003
5657,0,25.302462134075473,25.487661169265834
2664,0,29.606396185538948,29.55819560171306
4918,0,29.866623554648235,29.826517884387247
9481,0,25.400553322361517,25.429405441375778
6968,0,33.10157712774463,33.21714031896113
4812,0,20.028920361321,20.071037222649196
2656,0,32.36024220827962,32.366533025309316
2549,0,27.29038206440573,27.482593136531495
2904,0,25.460290867384945,25.372727845176875
7244,0,25.77544748111642,25.745331666004926
3781,0,22.837199334617637,22.831490292279273
8749,0,27.632417309912903,27.549411169977414
6342,0,20.706451339765707,20.749121341867582
4138,0,27.720267072906303,27.75224759182897
9565,0,23.07343666611958,23.07772328766135
6713,0,32.36265853230448,32.731301767379875
3545,0,33.20283280284889,33.38598535548803
9049,0,28.247695063308985,28.258153353538916
8659,0,24.201392798203617,24.17226011368532
1298,0,18.78471268509596,18.810434907710388
144,0,35.132070189832405,35.18020161731547
8287,0,21.25307063198291,21.223768150966468
2629,0,20.00699252756378,20.094284706341057
8456,0,24.65480126566482,24.627611595894635
9488,0,25.197235642966263,25.124389119598007
442,0,27.095739162326574,27.279087309055296
3092,0,39.69909117642266,39.84394420589255
5911,0,30.609063397368125,30.757594754785536
6806,0,29.434064146155862,29.492704810622925
8144,0,25.038739088125606,24.940963422258072
7307,0,32.181810704941526,32.17218571403962
5086,0,30.358952265612245,30.433032784032555
246,0,24.69222366261695,24.749579850371784
4182,0,27.24960964879785,27.221255545473557
20,0,21.080221738574874,21.222906843860372
8421,0,20.369077415769407,20.33801140035569
5882,0,23.400119252523357,23.365052506917724
7661,0,31.4840895905589,31.57669324870128
6244,0,20.497618470671522,20.50720537352652
2761,0,18.647259751971866,18.667724020825325
9942,0,28.14044486387914,28.441443315610883
6065,0,28.800400430963133,28.902437700955666
7794,0,24.41098929512879,24.411463146232347
8372,1,33.20348099702735,33.351087381051265
1327,0,30.362353110968307,30.228854377126947
6131,0,20.657407440456844,20.73709344891171
3651,0,17.584007231753603,17.66955441773675
6945,0,20.223210587408282,20.278543824843304
1448,0,35.692333027820936,35.649321744178415
3783,0,34.49572982123386,34.516919253742266
747,0,27.991773126978416,27.97260557521813
8595,0,46.986489542361156,46.64751154514802
1888,0,18.029452364305428,18.062724284393944
9918,0,32.53345357762078,32.4601418039188
2447,0,20.029923954007135,20.05068003004259
7406,0,35.43456564952753,35.460453298366446
6793,0,34.66418866338791,34.573206106697775
6522,0,21.25828757605762,21.25741472862373
6833,0,24.394762985780414,24.53076361624259
9443,0,24.76006124590038,24.5338485915972
9510,0,37.5083607555493,37.298403031481946
3965,0,31.434193674618868,31.92294657975063
8467,0,23.433613445624957,23.415727796217983
1133,0,29.256838027515002,29.188618172051292
7803,0,23.66535590302769,23.59340333366649
7763,0,26.09269366838621,26.214835101952715
4705,0,30.029567441005806,30.05384001927389
3051,0,23.363310964831264,23.349508178676988
7003,0,24.519644379319278,24.743997775188102
4888,0,32.029219621778196,32.21959124811233
5442,0,25.368506317349475,25.535304709222522
6613,0,27.53656857105927,27.58617936915982
802,0,24.09268852364328,23.96403541208412
9964,0,23.75817083196615,24.066336161422143
5516,0,26.511451578578516,26.558035195729566
2957,0,27.482475679272667,27.75369624208716
2128,0,18.883469882483688,18.94510240432696
2305,0,19.848818759578762,19.905285820624297
2048,0,37.59610087091176,37.710393746390956
5622,0,25.605024681246316,25.60888542927107
5897,0,27.376563858767053,27.276564170059174
2952,0,39.06001529188174,38.841797067688084
4021,0,21.773082134907582,21.709005783920134
913,0,23.061625800552047,23.107326790164226
4874,0,31.381042421946958,31.213199774261582
677,0,27.483007403240325,27.51176008059974
3121,0,41.109962361383154,40.97066017644118
2967,0,22.08943130226842,22.108639804654267
9370,1,47.40533343922321,47.899026839012066
4457,0,22.733198826866808,22.707281162326915
9304,0,33.15232047606026,33.12015463249667
