row_index,label,pyod_batch_score,fixed_training_reference_score
2271,0,31.642617372788706,32.063163696756334
8248,0,37.59762480816008,36.62429883884674
7333,0,21.18525552123391,21.385175489096152
5529,0,22.455092722455205,23.376608725997936
8722,0,20.83879964878123,23.798554216970878
3467,0,28.92504038033144,28.643653464908855
608,0,31.38026013881516,29.303014516890862
6680,0,18.85651090928416,19.729149526888737
4858,0,24.52744002303814,26.870393087821686
4184,0,23.978725163471744,25.170400424023605
2875,0,52.86827794510117,50.89489305820207
6884,0,31.18284602784035,28.011221852227372
7511,0,39.15430928124046,36.96816106430827
7290,0,22.325689957862895,22.855622216088356
7503,0,26.567976800768168,27.813514617876166
628,0,19.995722514990636,19.89053169143192
4357,0,21.207124263594807,22.76389957799626
6175,0,23.744414746030213,24.52929787030822
3870,0,19.781345740616125,21.085844386651424
7584,0,26.49283901950961,26.996023421654723
1224,0,30.676444711562926,31.779484338172608
5319,0,33.981585834048964,33.86799548941222
8863,0,18.513682275865687,18.819250093487085
287,0,22.94759076353414,20.966510390061536
880,0,21.578506122266607,21.808762195712923
1467,0,22.793389184908598,24.712586269325474
4768,0,37.45555690816876,37.32350545027966
7702,0,36.32328325349627,35.39967638701822
6328,0,32.182244132506966,30.496015816697863
9608,0,21.42186644638131,20.343102367038718
3865,0,53.018767916402524,46.96613423853287
3994,0,27.514192851642193,25.383935417726462
1307,0,31.68194192092987,31.119315102738135
792,0,23.659338326303732,22.62436840789633
2286,0,25.15574334392653,23.992912006191375
1650,0,19.18673736848601,17.46590803835457
6747,0,20.843625746828735,20.220797648257633
9728,0,23.228152371867388,23.146341978010465
9003,0,27.145080715000155,23.741540443742785
613,0,26.75571863166083,25.884382284619804
9099,0,26.48288663579125,25.261263670424245
8586,0,24.207019643616526,24.233389946829494
171,1,34.879084082460615,31.07225209086462
4362,0,21.126931704175224,22.005075119329494
4367,0,26.282352916720498,25.90341267968996
800,0,22.065701612456035,22.809593238733946
6421,0,25.47961963893047,25.505241018493663
2811,1,23.256087046327735,22.708329187120118
4288,0,28.924346721033526,28.287868935255794
2647,0,19.57175298960541,19.044927635515737
2526,0,30.29143157798296,33.12160218496038
6864,0,22.313496492694615,22.8375186115246
6286,0,20.15836857608324,19.907955217506135
9793,0,25.046466542265858,25.57746938800928
8654,0,27.20861384861058,28.067937804209084
6409,0,24.76711259335173,25.685629488360853
1851,0,28.25354078559289,25.404698523997457
3923,0,20.01885419976285,20.86913487949335
1768,0,20.786523150817285,21.577755933894483
9578,0,27.760296178960417,31.090407633136586
7514,0,33.452297012885445,38.69971017082525
4908,0,21.08544838670096,20.666681061960674
1545,0,24.288775475845092,26.924003946089417
3438,0,31.299446379126447,29.070718087296953
160,0,29.75186807747774,33.11439966998045
1765,0,19.94715421630599,22.639631537159506
1550,0,26.518213420758485,26.633457614368133
5566,0,20.836045806250418,23.1693535528064
8220,0,29.089147865886126,30.670224891052708
135,0,23.259824265853787,21.97237674401325
211,1,27.987350047284284,30.300771195029107
9024,0,29.91709532471328,31.92495225142256
4296,0,29.687193297797183,29.50580749523038
1022,1,24.32479506477732,24.33900462258066
6959,0,28.02859327448785,28.042567311368103
3124,0,23.29924982814497,22.97735086868725
3691,0,24.239373742830022,22.62267131939639
2028,0,29.569233867756928,27.034215595759655
9156,0,19.975406467547547,19.68450245815351
4925,0,34.970756019535315,34.54918081754819
2153,0,35.22964706851186,30.752202826849196
9881,0,30.823117191654205,27.39423417294134
4012,0,24.337742934727483,21.817752655884785
7962,0,28.980699517401106,29.08540103800871
2478,0,26.431035940218067,24.91651790589828
8808,0,24.26188680136836,24.091172657968336
5148,0,26.60116806306823,26.5886781065267
5949,0,19.174701207372163,18.034182200661277
5757,0,27.377332491252563,27.922210209068346
6764,0,36.05090044138555,37.3001199173218
2690,0,29.701737987994953,29.85987467231517
7576,0,29.8515333414685,29.00887196845817
6268,0,22.902308303580543,22.18437959113334
1119,0,33.743095975268844,30.349504334744076
5239,0,36.230801711686624,38.296100472827774
5444,0,29.82606366370055,30.97038831171392
2554,0,18.778405137476156,20.736479963801436
8017,0,19.76653031020996,18.69983445693014
9828,0,40.13920850334105,43.96157284663604
1925,1,27.90763605685903,26.88953970561533
7856,0,22.90327680223188,20.736056418430138
8975,0,37.2710349037405,41.451278535053184
9815,0,18.360264395417595,18.747104076846913
4306,0,35.73358697143571,39.83682630475697
8043,0,23.04299018519278,20.97252316024362
566,0,21.367341795736493,19.26176185913835
4138,0,28.977556342238596,27.828084981108482
8981,0,24.97021706828742,27.359050725310897
6195,0,39.70265873366089,41.372566274904685
623,0,22.182836701921676,25.099235329489424
2644,0,20.364986083748516,19.67857538992446
9797,0,30.993326490699964,30.00066591791674
6942,0,37.3182073492714,34.63953210310645
6639,0,29.65885473866316,28.603471131609606
5908,0,29.85509772096584,30.20943957130781
6201,0,28.641480880019326,27.49453579869474
4058,0,25.82334315874094,25.58581584100497
3112,0,23.84911107378329,23.38785037146549
4666,0,31.55914217604634,32.072102867106
9012,0,30.65787725491053,27.50688375854572
6874,0,23.204650804748404,25.073539654764716
2350,0,31.315146594259033,34.262199280862646
6702,0,21.932526600334025,20.661216903702996
4368,0,28.435874366688886,32.24321844076248
416,0,18.322754952356973,19.891322366955503
4896,0,27.163974033744072,25.208513727114035
7672,0,23.561224821029597,21.692874215994927
9272,0,20.706504024306703,22.155360958240294
7066,1,31.606303125972712,28.63591497870609
8468,0,27.00342406033083,25.908764953990037
7762,0,23.585629927087197,25.238999862933312
2444,0,20.76846589411469,22.274463980336822
6710,0,24.295186552548742,23.217717397738024
942,0,26.475568141876803,26.346931621645318
2677,0,29.252564016064433,30.113502526440875
6867,0,28.54201641953629,29.954154017125823
2960,0,23.549001969184843,24.587370728853344
2163,0,25.61628920018729,24.385303760754432
998,0,26.83725089246695,24.883465045520563
2730,0,30.339038330270366,27.086641283650465
3426,1,35.88502130286293,29.245083131723575
2358,0,26.06623670921387,24.209328215332018
122,0,27.281975470708957,25.69542049640803
1560,0,18.720404344507998,17.819751292608895
5324,0,19.820647239150297,20.167961221613467
933,0,24.353547767195117,24.69649943480347
1694,0,30.443393668745266,31.273744924782346
602,0,30.021262933101138,28.5318341511269
9247,0,29.667946928116496,32.59628829773717
3938,0,29.46271642847077,29.391306795373776
5132,0,23.329894306193992,21.309284777955202
3038,0,23.098218171101326,21.89171374313325
8202,0,28.03301589201767,26.79235489868058
1891,0,23.338738806936448,20.871724387472348
6672,0,42.38939144231691,40.836383101520525
6473,0,25.751575288172052,23.11811571653346
4622,0,32.007129827949534,27.035467365526255
991,0,35.830905641847515,34.236319485450956
7873,0,28.404700436053666,25.313984822214074
176,0,27.133806301556408,26.84144331937129
5144,1,30.665482407502754,31.681759375543137
9509,0,29.971350822471642,31.90945659805843
8630,0,18.62285838945691,19.470629962018972
9418,0,31.915928879017258,30.73025393475084
2671,0,19.051697889184656,18.459399054272843
7277,0,27.737019287087602,29.112907191556438
6256,0,22.387511492624487,21.305896790521224
6505,0,21.25315026909284,22.996956731482353
3203,0,23.642493692505152,22.3558332536672
3583,0,38.61423110201233,34.30852121680118
5909,0,18.939664505371308,19.186605985204164
8062,0,20.727279572605113,21.855634010536896
6904,0,20.04905928689313,20.343309545834405
1871,0,23.959884533333227,21.8930403020508
4040,1,29.18565555567255,31.437915040229928
2318,0,36.34190542517854,34.03221231061199
3792,0,24.702164080664918,23.69113964932105
2188,0,21.006630183864985,23.06705870566178
2433,0,30.21316839761352,29.96584372290006
4010,0,22.880357663695733,24.44964508372837
7140,0,26.89058947555449,26.444626464968845
3668,0,25.641954435616558,29.184667501575603
5002,1,24.858546985662574,24.302895926608645
7410,0,25.68577126360468,26.71202958787022
1794,0,20.18964587351333,20.104402808699216
941,0,28.49972666967753,31.268091004470346
2431,0,23.20971563568733,24.310888729503574
1658,0,27.079173583771006,27.255088531463212
5984,0,30.856368576754495,28.05629097677993
5595,0,36.937838042436226,36.40697446818418
5023,0,19.50644702302537,19.064329210787985
1374,0,28.04027358377457,28.425757782453818
9869,0,25.93120574247752,26.262162466968608
9171,0,31.026088352015403,28.510159659941326
2657,0,24.65282870355097,25.188896450658895
551,0,22.610149654525905,23.785111944716352
4292,1,22.191267155097098,21.42574669169451
6164,0,21.979172129871706,23.63631862749551
1151,0,25.009368649591167,28.979319959690233
1842,0,34.38213246566635,33.02661464393333
8521,0,18.354807127660806,19.210109504866658
8591,0,34.91748266889746,36.15100135517354
7182,0,26.84364032800895,25.386242101859427
8116,0,29.474614584842364,31.75708125039949
9233,0,17.72208003347642,18.452713287473674
7073,0,31.499379303445725,27.330770785870165
253,0,18.195849458228185,18.613243589683886
1981,0,25.833774273322014,26.419348726821234
4533,0,27.0295350045898,29.327024972822535
7090,0,25.490769809510763,26.729312380510788
6970,0,24.841071935520873,25.783812606890404
6148,0,20.54382298236288,21.520244280956625
2194,0,30.81794468192279,30.069746897193564
215,0,23.570880710566712,25.67292862111425
936,0,28.187729509325074,26.54469271619194
6299,0,25.561662157755404,26.1706897476641
5531,0,30.672379371688546,33.08987573024054
1795,0,33.38981455355521,30.068632882384623
7464,0,24.50937535799402,22.4944743307495
2029,0,26.678762104782127,24.698849383238304
742,0,22.754832629618097,21.595346697459085
9294,0,43.12559112225786,44.94181707495299
9026,0,23.08678959320553,23.1036162339432
8897,0,19.969352881338374,19.500502275063674
1397,0,27.27561614676794,30.155198838188607
4518,0,29.883142756195443,30.581598121197565
4614,0,24.885936622303877,25.089841997063054
2884,0,40.32862582307012,42.3043991000323
6800,0,29.223402065421947,30.89880251985533
807,0,30.879002395423473,32.40565363638401
4911,0,27.806191806521237,25.229345151973895
6379,0,19.152940415096758,21.01088525734683
6041,0,41.65183782241899,44.772134828067045
7755,0,29.948204402987468,30.89608725856818
9348,0,30.071393924621507,28.67012577259691
1028,0,22.8167579428587,21.49968544122999
2662,0,30.784187754481337,36.09922926630245
6056,0,20.245842261752742,20.473200049311302
7426,0,38.27440797606322,39.30317305785382
1663,0,27.47259189942395,26.564570811670176
4684,0,18.279655392307422,17.941195464015696
4392,0,17.650880743884038,19.03497419975022
8791,0,23.57883294200445,22.006245742173565
9787,0,37.824436888881415,42.477012798835474
5344,0,18.9606982306261,19.21726431120599
4078,0,27.505591571250193,28.30960869706316
7135,0,30.32410354511931,27.577975724099034
7849,0,21.74360332488562,21.078152373272818
1,0,22.694047447494547,22.338658138474358
3130,0,26.33058282163469,29.490255002014592
2135,0,34.78803357885569,31.59530769702102
7136,0,23.668813785859832,22.101784913922156
7491,0,41.657805389541316,48.11568413499193
9305,0,18.54580599756966,17.894010428892084
9063,0,17.00053169050878,17.784499367211158
7129,0,33.13442925039622,36.629308902648425
826,0,23.621917201659205,21.45452462206864
7473,0,24.94512739256466,24.20719620106886
7845,0,38.23610038266412,38.23439221465245
3434,0,23.798139825623906,25.221660895392283
8503,0,23.475503793111137,22.48069469371067
6612,0,21.412660459409306,23.483797781977685
5293,0,23.77046652722334,21.019732039932133
8734,0,29.627212476733124,32.79446057235437
2977,0,30.265871431708707,26.48794089286757
7146,0,28.742620346517512,26.336814232937872
934,0,26.878967829620837,24.90077863242245
5446,0,22.462485080936936,23.550529801509146
4488,0,21.960244527229456,23.20051564737939
6655,0,30.786271896894142,28.39050942661277
4787,0,42.80216416755328,41.054772256113736
413,0,23.075035289850863,22.880398872955446
5864,0,24.520480393986684,24.374393478651733
5751,0,23.876952591820636,25.477295993511316
7156,0,28.265659646363595,23.60239512662578
3336,0,23.174419281492742,22.039751045684906
1903,0,28.853099482816173,28.108779320071896
3804,0,26.41582889660563,25.75886239520461
4917,0,25.68293362921838,25.63876723304186
2764,0,24.53369094837343,24.87792108482799
5086,0,27.531402915403877,30.815568909213447
2292,0,18.99616848805889,18.00024037978005
9663,0,30.970444870546814,31.251221058030776
6251,0,25.177259985207147,24.845842564242734
2544,0,20.349732884212308,22.032851791504292
7481,0,37.370389065480815,35.60053892016356
550,0,23.861274754628035,22.64615769598062
2957,0,23.422457306367004,23.052796559912075
9967,0,26.87034909090366,27.699755983134708
8108,0,22.508974258424225,21.17852786552163
4492,0,22.122990555415644,22.748745516934573
2252,0,18.436965543935166,18.126309004184645
3364,0,20.056532968831508,20.233997061231598
8433,0,21.80164586365279,22.05281206840057
7728,0,20.212248936235547,18.94015983261109
1432,0,32.92024259735301,30.73055407667076
8271,0,30.773730038227466,32.17875352404122
4831,1,31.52207958981368,27.84733367700864
9000,0,25.17912423616099,23.663834189812547
8742,0,37.83282704309758,35.26002099795322
8286,0,46.42649707417045,50.39613554630798
9612,0,33.263388749094716,31.770178909393927
5596,0,28.21057647562993,26.222205435176992
8354,0,26.734078073007833,29.310009557389808
1259,0,19.589468380964444,19.332107717066197
7262,0,23.602272183973586,24.841662885969388
4068,0,18.65009639748097,20.671652935341623
2404,0,21.376490296478472,21.609121948335748
671,0,21.510222694936562,23.179269656610042
7082,0,19.159170283061126,19.500115720529053
4084,0,21.996592001036852,20.76378511594
8231,0,39.38907086777466,41.07762128107823
8190,0,21.927211533680964,23.48872771379157
8888,0,31.951534090626634,34.124235218644046
6914,0,31.725682658108635,30.08877467418221
7115,0,34.08538010097245,29.365807581510616
2442,0,37.561706750245875,39.94235903785632
3770,0,34.84143515850817,36.473461441258266
2594,0,29.52721467899926,26.800287847885073
8459,0,26.19923978866394,24.54689553422404
1850,0,32.34283919025179,34.5874000136408
6013,0,23.505938451363782,22.97469850131178
1526,0,30.14289304931581,30.398730039152348
663,0,24.719523733378487,27.84520690669658
2505,0,30.484606441941327,29.747741711471388
467,0,28.350646997683334,29.380029283483566
9188,0,29.795835152321146,30.09756832515879
6889,0,24.38727708989428,22.473117657255344
7513,0,19.059291593952334,18.40379348886155
5551,0,19.29202134862091,19.40042103931094
2237,0,26.115264940141927,25.431548610418734
6165,0,25.9260381811485,24.561651955834954
5744,0,33.45906818151474,31.092727405955348
3633,0,19.43770606437436,19.839537018620344
1600,0,27.3783887300503,27.754031225887058
5890,0,31.75159289538895,32.258340323917814
2108,0,24.134405271795266,23.841844305546182
9220,0,37.8829044969128,41.226229264144834
8820,0,33.16944489333007,32.021873209491304
2263,0,20.178340456036054,18.75438321439153
2732,0,23.957632108585628,23.29692037100203
4112,0,18.375315643619697,19.182268757950155
8208,0,39.8599266780317,37.54811869738475
3669,0,26.04015879898795,29.847722703626125
3447,0,23.53924921387481,26.051205075033426
9417,1,26.982579674238725,27.140203152360947
5505,0,29.844116860534033,27.98414622036153
2623,0,28.472135638123156,25.572592850976246
1202,0,29.529614722016866,28.265838192163304
9447,0,35.019635150226335,31.2293498699417
5169,0,21.7437146264065,23.873243791567738
4900,0,29.034317007764365,29.138183245388277
664,0,21.074449868124002,22.060290395586343
8149,0,21.307310437291306,20.336495045285872
7409,0,23.891856688179548,25.167653751647226
9167,0,29.657670732240835,28.269354159092313
9210,0,27.22915108383328,26.72046047325392
254,0,21.654670780622766,23.1329230867563
5620,0,37.09175786509268,37.8651522726324
5449,0,26.853492403050822,25.16230095163151
4486,0,24.895547630317285,22.893670675785934
6207,0,41.01263370037088,36.58518200757899
5370,0,20.690847382649505,23.52301435177585
2268,0,23.86130943410121,23.871475873587105
4383,0,23.545282408031163,22.23799106044622
3397,0,22.927724408702044,20.557071062383447
5625,0,29.652277354003783,26.799286795656975
7437,0,23.200574971249956,24.507274279763273
2889,0,17.864964994162428,18.42372029807335
2047,0,28.949710318773068,28.153975373876882
8817,0,25.578816349781555,25.778363976730418
7977,0,25.80846320712193,27.23370155922943
8523,0,29.870036928217136,30.49559110069196
1503,0,30.713613607176136,31.043962116854587
2083,0,15.688638771760282,16.563244973765844
6576,0,19.528332120446454,19.77242318331852
2864,0,24.455014108335483,22.408456813542344
1035,0,25.547504083466794,25.20811078158367
3887,0,28.630057157886196,31.9816113729924
5824,0,27.393237920343154,28.108189991427466
8158,1,41.49701643543536,35.97560138470515
2869,0,29.85806077549446,28.97648795122808
3604,0,36.10025696188708,38.09665259731228
8896,0,22.72128141178022,22.24966770582079
8576,0,25.962938161948124,24.086081680080635
8539,0,37.45843516282877,37.908434580330706
7249,0,30.08967361785103,29.69452703580166
2291,0,26.35987607329001,29.41624769889922
641,0,32.353295318753624,36.04537995622043
3933,0,28.556071289708996,25.844529621744083
4382,0,23.681212943696853,24.071108956918792
3354,0,44.998057563616946,48.407848063139696
8205,0,25.971384246780712,30.646062430284204
8759,0,19.660798605907594,19.459920208656552
28,0,23.938778890465187,24.341984681333425
1566,0,37.07978113779667,35.12803033382589
7421,0,23.750078804365547,24.951796026981796
6200,0,28.48742899238718,29.072629419559227
2203,1,24.136342013503285,24.529753517437815
9941,0,24.643596871643393,23.43226542550411
7307,0,19.842446676616753,19.934979622853287
1043,0,31.10262503521739,32.08287038660014
5053,0,24.351331184102236,24.64191496558531
6430,0,23.285355297878976,21.974558367714053
8042,0,25.07923470643634,26.029741655625052
4401,0,34.31953550163515,34.94814116284528
9719,0,23.005751134949527,26.184653726090897
4679,0,29.07872932137655,29.64295633079311
4074,1,27.311967209408902,25.635490020070563
4247,0,34.598010737732025,32.96367186493387
8562,0,32.5743090130748,31.265798351068668
7214,0,22.171197138874707,22.353452012298295
5266,0,18.447665907397663,18.819933050468084
9397,0,31.290501176608185,28.359769147214152
4034,0,39.086785790175036,38.70936893245311
8461,0,30.233265092530907,29.510661286033518
9915,0,28.65838305919131,30.855621096228436
1938,0,32.07446340602665,32.535255735790344
8180,0,24.245971557965028,24.351486377206705
157,0,35.64988957351894,33.51734945362857
8864,0,32.0177236715982,33.050503232982905
6197,0,35.55820807269195,33.48679312605982
3525,0,19.50838515968651,18.78009881469373
3188,0,38.78267170211173,39.95895930143243
6920,0,38.90188872182872,37.03016830975397
9502,0,25.180834812943402,26.80055561741414
2159,0,40.843048295071604,45.811792807744936
4884,0,20.19131137048157,18.740867404267696
1063,0,22.266022844745724,23.319396052975463
1056,0,18.026021606310806,18.47250726344508
5800,0,21.8280009660462,23.638726463300003
3274,0,26.081442136465,27.899427464611325
8563,0,31.91931825603223,35.70494946560894
2344,0,35.878435802161476,32.34574429200578
8177,0,22.265847627591707,21.150131793894865
9061,0,30.61390053649842,26.97639644039679
1069,0,38.0690265692522,38.287613357382526
5650,0,30.222800849772227,30.222968311675462
8583,0,34.71637313559481,35.16054189787608
4089,0,27.86868952991802,28.118349687818064
2208,0,18.188316409234954,18.896785830434233
4469,0,20.33354756214216,20.550771481793888
6014,0,19.726768655119688,20.83789528752346
7768,0,18.131749664918996,17.298760100793668
9490,0,23.322086421226032,21.487095453497375
5164,0,18.732751940046057,20.111921636787745
2510,0,21.566150951011714,19.91456615332341
428,0,23.17543541584167,25.595956742891328
3133,0,28.926358895706493,29.07358747256651
7582,0,24.79663223219147,22.874687506934357
8213,0,27.975532213896994,28.43895829711276
2283,0,27.349922969526595,27.201856340021767
9402,0,26.256284051827514,23.043240166489742
2779,0,22.585377949086887,24.312267653494597
4823,1,29.174257939664976,29.791676634454795
196,0,20.475966665859886,20.833261948071076
3016,0,25.976294279991656,24.328404231404086
9309,0,35.30387463887835,38.08461096222412
7296,0,22.429445955980537,22.051998582288007
75,0,39.563381273167955,36.444924310390235
9288,0,21.937824787898627,22.452666724276238
5550,1,25.69009077588992,26.392629801747507
4846,0,20.519109763587014,21.904989396538983
5080,0,25.211986761503624,28.972164231577146
9186,0,22.60465382132079,21.76507586273614
7524,0,38.97525082380707,43.99144999269951
4464,0,45.5678394689248,45.228657667998434
1294,0,27.935954123332333,27.84979138288404
6213,0,22.553341105327252,21.700590038038253
6438,0,26.983723815180088,27.859402667335875
6615,0,23.241443606375142,21.61495688128703
9611,0,24.579502579523044,25.809988266626533
9774,0,21.80616907223107,20.138591899671784
2943,0,18.774006064782803,18.586347537295996
749,0,30.656299112329286,29.914713816513995
293,0,27.824520657937082,31.948953283037184
4805,0,23.23027004247765,23.21292586023936
7253,0,20.336798726700017,21.819904676649703
959,0,40.19067218543744,37.99195063876203
8803,0,20.705536048629195,19.234776919058675
1524,0,23.48653800307678,25.56166013460813
3891,0,22.040009752431423,24.088894196165853
9185,0,42.074511746172185,45.915799930849616
6796,0,19.799849717059633,18.412297482493756
4912,0,37.181882187393285,37.15625057673986
7365,0,29.53871345378847,27.15969702226584
737,0,33.84221180508126,35.05756603735925
7,0,28.70063515666421,27.909896682589732
6613,0,24.239226100504112,24.880617620452533
8297,0,44.187131857870014,46.7787978761587
8009,0,20.117241280276595,19.729332009679243
9742,0,24.55367052591968,25.197454858863015
2157,0,24.128553085620474,25.12159565361388
5222,0,26.860265440040752,27.04191206741216
2854,0,20.095289013281253,20.540717421689365
3936,0,29.31187644894049,28.48703165404426
4693,0,27.335841402553186,29.903670626317737
8308,0,25.720268865953834,23.611369037748226
8704,0,20.144687629305718,20.179305385680628
6510,0,23.000215464957193,22.54283868163233
3695,0,25.008071357666992,26.603521351191848
2847,0,19.046971136275026,19.0463754427912
6551,0,26.528082830240912,23.82564792459109
6410,0,27.876685132439842,25.736638032198627
5057,0,22.679467924602786,20.975207726818432
4515,0,25.666520133200404,26.105599722424643
9505,0,23.18320639763434,23.04563025312275
6956,0,17.685638315305,17.96168480287963
9298,0,26.54445779070304,25.307354651463687
425,0,28.461423877219808,27.796733735517645
9271,0,24.460524172685535,27.633351134568656
9471,0,32.26594544203717,31.926218647593505
3391,0,31.933949547040452,32.91586477836877
1204,0,16.235204217950518,16.591721256494353
8012,1,30.739384085791976,32.409976627616274
9562,0,21.182386610876982,21.000777092722878
6848,0,32.00637489972882,27.66294443111372
3301,0,20.208741347851802,20.525798898147865
2007,0,22.09751606465744,20.594321573229596
6098,0,17.991229928405065,18.808240953219503
7703,0,31.28076821503559,31.542136067925703
4214,0,20.066732220799505,19.823241975947102
4597,0,27.81465307007763,24.12132048243662
1949,0,23.021536349695538,24.67221006783207
5718,1,31.747739440570086,28.685085152082124
9764,0,25.979474454417286,26.620454975673447
6357,0,20.269527234666555,20.450496420820315
243,0,29.36319414510698,31.271389460364006
1725,0,25.766883682353946,27.71814069676357
7670,0,24.046072436191476,23.763586628032222
7275,0,20.69672495969386,19.312833869453907
7181,0,21.382334839955604,21.53158957617503
5624,0,26.02309281715611,27.219553627260844
2371,0,22.644863462189036,24.017424883592135
8194,1,35.88736534893129,34.22594232658554
4046,0,29.371179315920713,31.258219440538586
571,0,19.34552139120284,20.063846867918226
575,0,19.30787488170074,20.288069790596737
1376,0,25.799446947608494,26.747089439521815
3408,0,25.036541889617762,25.704555019011238
4680,0,23.784633787636416,24.432207916213656
6037,0,20.120088539394036,18.947968293995
4100,0,26.720143804392613,30.202242191239336
9623,0,33.551034724055654,35.49774650088058
7958,0,36.61168408492733,36.75348392675808
3352,0,24.884158936603402,23.021283813049
1496,0,18.16247323279121,17.489388911924983
4474,0,26.364036011537607,28.320487938059326
6938,0,25.822826798132297,26.7454835731204
2584,0,25.166986585084842,23.106588932529018
5474,0,22.05735712182627,23.397286439747436
8063,0,16.799728725706597,17.050142691425705
9751,0,31.10421098829376,31.486234243254216
7874,0,32.516514606685874,32.03474483003189
1131,0,24.482115329921303,25.005731824152353
9454,0,21.3856927418177,23.20989696987107
5390,0,25.59286812567644,23.594043393204128
5785,0,25.77841358419197,24.910691392152927
9610,0,21.381468329307676,22.64671008941689
1775,0,31.244909541666573,28.927903645637734
9387,0,29.255472276280056,30.73848678805943
9230,0,22.698971407650443,22.208887971330068
229,0,22.106556483255055,22.590109494482387
7075,0,23.944806405247274,24.836940095830467
5623,0,18.30112177405975,17.641270595981428
3443,0,20.963959638223116,20.168509822674995
8855,0,34.7713725067287,34.36675702157759
4111,0,24.092106721177064,24.474638586729085
6099,0,20.777698177228746,19.64520087990282
2771,0,27.83998571271535,27.803682851547133
5926,0,31.36765697506018,28.155752254733848
7062,0,31.267589809734694,27.838802294358473
5349,0,23.082625767847794,22.30553597917163
4221,0,39.06243648854416,44.56295150837735
2362,0,23.888168391074235,23.450533815626923
9850,0,22.036426905151806,22.06153406789509
3791,0,26.77580124260384,26.38198369229234
908,0,29.430815383890554,30.101892752010404
958,0,20.066853420072842,20.3193509726579
2306,0,29.570962207567323,30.4749129151831
4782,1,38.23182707471089,38.09315259302267
5226,0,27.674080203265774,29.273184469388283
9569,0,25.280286597158337,25.440357612255752
4340,0,35.02404352652569,33.20797035187684
6736,0,23.85984752658981,26.219935567924146
4348,0,37.39036571101572,39.763280278468656
4618,0,21.494497355312028,21.80086057443975
175,0,21.775605513271053,20.862764874907036
4732,0,29.699113671844536,31.307563135970433
2101,0,24.049665421248,25.100365106663094
3694,0,21.024362448153028,21.136793296667957
1471,0,22.164306858577646,21.341183223126876
332,0,25.46523572256141,27.38543977629328
6643,0,40.239606145466134,42.772221034008545
678,0,21.97664470126414,22.51496466088831
8117,0,28.01730541067804,29.425989207434654
3651,0,28.55761179197711,28.221437834457603
381,0,23.461668177979593,24.40669846249892
8456,0,17.83467595099165,19.811980154059682
6103,0,24.6675746588454,23.774722655561604
2742,0,25.83591082829147,26.747953351708837
5618,1,27.849916797687932,26.754903752314274
3317,0,43.722155083369984,38.54920092096112
6192,0,25.64983224263931,27.759478849456894
1191,0,31.36290348930411,29.057649279458687
5375,0,34.36553717675275,34.22789299029193
8763,0,26.07767220238652,30.244026117518857
829,0,29.941682092063118,27.59125539997039
7483,0,22.59987034150091,22.22667879099382
2008,0,34.79180389543468,35.6975095232275
5314,0,21.05550315866114,20.69097231990648
7687,0,22.2966266065308,20.063398832158473
9638,0,20.89753266615204,21.801620749944917
1952,0,27.392024994231694,27.419528356597166
5260,0,23.854204350107366,23.203750263476874
8122,0,24.003124466119118,22.332755184965503
6184,0,25.9216454396323,25.397804781045995
5001,0,21.879214055322016,22.98054175836913
4503,0,18.84379569869423,19.353149425275017
5305,0,24.71106315624381,27.276291676176765
412,0,26.04243723489896,26.073980767416092
4316,0,28.09151795727603,25.652979446547665
2024,0,29.38296475952951,27.733302899233497
2963,0,19.05275969203389,17.696576491476467
3708,0,21.743012749769854,20.971616483001203
971,0,23.112851565888793,21.212347318718738
3445,0,31.04253215645545,34.433785378397495
3414,1,23.96142100741106,28.912193177377173
9344,0,19.973822949664576,20.43379573617162
2251,0,20.784152485186297,21.72725189823673
9118,0,21.908279989289255,22.492827340535364
4094,0,36.824093489095375,42.21850591421733
1997,0,25.296903661711053,27.43797513886154
4687,0,28.878990417271353,29.22917366570545
5357,1,24.391172443896032,24.381287690120267
3597,0,17.314182324578475,17.81556606906415
9207,0,28.58199493452953,25.786887554118692
3018,0,30.32931094003643,32.206717421309236
719,0,26.80773322777836,28.03904601201304
1606,0,22.751724788382536,23.50943246165654
5014,0,26.781192922811016,26.309793525907956
8423,0,32.26914930011936,34.30469668518114
8924,0,20.107395828661172,21.546277262148244
1446,0,20.74658533382035,19.698981178094552
5867,0,26.962868538316233,30.782032918244013
3213,0,25.050042968229516,23.18660958997153
1546,1,24.493680956126525,25.242446869459037
1754,0,24.778481162205402,26.364786607024364
6441,0,25.11083451375414,23.429175032819582
9568,0,26.068541378577194,28.635351916924122
731,0,27.72658849979003,25.742342483248738
1093,0,26.834419549762917,27.065681072103004
6411,1,28.566698032920986,25.949660735992897
9566,0,18.836582470363698,20.801988524893645
8171,0,22.430094682950873,20.855338663279806
2678,0,26.92455302148777,29.116432244608607
1861,0,25.66647792355198,23.448771058551596
9897,0,25.055712696461672,24.823570712643562
3002,0,23.316671629417932,24.8575777726355
3548,0,23.95704350504098,25.073491403504583
6869,0,30.315416996679936,32.16186850052713
5875,0,20.5841909413033,22.711211515121686
7707,0,23.393216556369264,22.686938998359032
2550,0,22.07991797165943,21.295820684207307
993,0,30.16713881597251,28.725245904559593
5058,0,25.740757150230174,22.759703773295264
5442,0,18.180377721925485,19.826576441750436
5185,0,34.74204936980402,35.62884534748802
5199,0,21.961795171156183,20.740592935267216
2169,0,23.88070211222873,21.813338665300464
8748,0,25.05118999954423,26.15382910608737
6318,0,26.074528416487823,23.427304324755276
8663,0,22.867740370060034,22.559652756152726
9559,0,24.36913309683756,24.00673191123154
591,0,26.122044355018115,24.182429725415677
1118,0,21.239542240264853,21.80328542524092
8482,0,20.709287388072223,22.47225208501025
5509,0,35.4524081994474,30.297614356357116
4441,0,26.976014629162723,30.15684693803498
6533,0,27.380816469192258,29.811359379743486
7297,0,30.246878994777664,27.679732237638788
8534,0,29.88952983782314,32.5715298093863
2568,0,21.795400254763816,21.23964889287807
6544,0,30.207546498491368,32.74150124540558
8322,0,42.064680660323745,45.02285406324485
5700,0,25.636397507650692,25.183212072275733
3886,0,28.654272030941957,27.321731775081677
9004,0,21.815868046511063,22.35488153210907
9581,0,25.04733190149021,26.2748869873985
9987,0,20.44836016776477,20.661815333158977
1342,0,29.132416996225018,26.310481787970616
4295,0,22.447561470186816,23.425348069478005
7475,0,22.04037053740283,21.26924820210404
8246,0,29.487596493183165,26.765709173621698
3816,0,20.821274624178567,20.64737755156749
100,1,28.914504102409985,29.21630960559115
204,0,21.20678732300921,22.944831152622864
9867,0,23.3766612864804,24.23842855584287
350,0,26.96995889990339,25.317742419910957
8083,0,24.899499302778633,23.623006549997935
5180,0,24.413709784856085,24.324642818687
9388,0,19.19402563179355,18.30475675420603
7827,0,19.280865479174626,18.464910685137347
431,0,27.765974940193104,31.368055512741194
7193,0,33.14020266423213,30.38496367072134
8943,0,21.337378514760104,21.178397533479792
9871,0,25.285028496600567,29.24615917435734
7905,0,26.378825396859114,26.186720299917173
6361,1,42.373864575621525,38.85409289127596
8493,0,32.98671178803458,32.712761988415714
1691,0,21.215625214508833,21.948944072194234
5182,0,20.889787916458634,23.09352049063044
9542,0,19.89349299275269,18.63574939043519
2179,0,22.726376974006772,23.51862955115253
5660,0,38.69159993608664,44.40464165705665
6108,0,19.561904898941155,19.981706871656403
1686,0,45.593217383913455,44.52290109235226
9363,0,39.30202277047913,39.80755704141809
8682,0,18.397459366738108,18.5487945076208
3676,0,20.994428133679953,20.249230832295506
3602,0,29.470632861605747,29.930075059551157
1596,0,23.667207846358018,21.718838096431565
6208,0,27.741919092675676,26.27303915973356
3140,0,21.028031855483306,21.42425622431928
9483,0,25.71170862775848,24.780905791001345
1522,0,27.590773013549246,29.513030653396722
3363,1,29.58173612513326,27.558800152368516
1909,0,29.13902108942811,30.573489822281225
317,0,36.52997915234154,39.06492773577526
335,0,30.54634271554559,27.9924555946782
1055,0,17.693230961452315,17.186832369925124
4426,0,26.14325095252301,25.80252758841362
6050,0,25.44237116904291,23.47663596358614
3827,0,23.913900229946265,24.173362248251763
4151,1,22.90415054391554,23.32404449579718
8438,0,25.843968347781598,24.574044248584425
312,0,27.825388467791942,26.173003888243883
7150,0,21.18341817649035,21.186043423215853
6078,0,31.667472019146413,31.315786601134636
8868,0,40.139079717708285,36.8131351072928
630,0,29.291765328272092,31.516854590890965
7525,0,39.82530672379929,37.902938757915365
5813,0,21.159070533588967,22.44400749583927
2242,0,29.95126409833062,30.91314114551478
1098,0,20.118595850860487,19.325034079578064
2310,0,21.78594010431642,19.842590316173215
3339,0,21.77216319050572,19.781407266449637
1115,0,27.53712140296917,26.266606752013413
999,0,21.42683899073923,21.097310199968447
9920,0,29.313289915087793,28.439747735256336
904,0,24.211096171466295,24.06466057105374
3655,0,22.64216609925474,23.098106350192975
4230,0,25.250394759214675,24.41779320647568
9904,1,24.074924636352787,24.73860154298916
6447,1,31.39322065004946,27.538413478451293
7852,0,41.56013940331445,39.60863467410549
3501,0,20.05876446250943,22.369028103821393
2414,0,26.088998501865028,23.816083885290787
3087,0,20.26301947589015,21.173127222805668
5200,1,24.9472311222752,25.370812235146627
5858,0,25.795749092549997,26.092100308480322
4755,0,22.07404253927634,21.106281348335642
8233,0,21.80602842306667,23.101824569650557
6257,0,26.55076904504513,30.136890380860788
6620,0,25.802978580165785,22.871187929400932
863,0,19.398726715110797,18.938788977136696
7972,0,28.596895758502413,26.644067445043
830,0,24.12333218183649,25.206097619226657
5407,0,18.278251751716784,17.95719921421437
553,0,27.998138581255944,26.10781354733097
9846,0,33.50635869125806,31.53991839932346
9504,0,24.240183855809153,25.14473753398957
765,0,21.502621732903528,22.5569111767393
6853,0,29.599370207521368,30.872521891336177
6336,0,25.4433909005245,24.067344202494425
9318,0,23.738575658799252,23.46249815248116
7660,0,21.04699196922957,21.495430378778906
6963,0,26.123009566452236,23.437343738759246
6084,0,17.23677165834891,18.0271209725389
9287,0,33.42332931503353,31.06862344849137
5713,0,38.47215855543898,38.95264758756834
8209,0,28.006936823380634,30.52912329565885
3805,1,30.22309798536092,32.08604873214401
6419,0,26.427627949585226,26.961854037567022
951,0,35.633056555383284,38.69248466257019
4762,0,22.371264115370547,21.78414810458189
926,0,20.06987465300246,19.889494414263712
6545,0,22.460239789241665,22.111982599932844
7003,0,23.14456264426917,21.3792874244732
9137,0,26.774684543463124,27.24637048220637
3382,0,22.432693905519123,22.514648494888043
2016,0,40.15225606576404,36.495147510137116
2465,0,20.83080652006991,19.40658051002819
1174,0,22.666951519092752,23.665341048696348
3334,0,19.317841533488934,20.09803437623371
2104,0,18.701446800310247,19.06140936702474
5863,0,18.019681335453896,18.315077764131622
1389,0,30.17312163927658,29.537870507359493
4854,0,22.496256074556655,23.786475233385517
3486,0,21.578147448477438,21.915081084538613
1208,0,21.006601354589854,20.799540615968947
5992,0,25.812197307096856,26.971693747789406
9892,0,23.725174898191995,26.446041657409307
6952,0,19.53465281138844,19.292757660937088
4305,0,23.971142574959877,24.955066870550564
9051,0,25.15567568941733,26.773696234173464
3896,0,30.74487931990027,29.04065616386251
2529,0,25.09359751794836,24.190093180538724
7016,0,27.866884824735457,28.468346473017196
8878,0,38.578446920214404,39.46096377560946
5142,0,28.727764302508326,25.891531632513043
2462,0,26.345788066429613,25.355961977360685
5856,0,27.042517891433427,28.191408948400387
2808,0,25.6273711845513,22.90672669448339
1002,0,29.999430850379717,27.98834683482594
4981,0,21.874335967683553,22.767678188620106
1184,0,26.49033512777722,23.5176178716463
2357,0,21.646061483772993,21.18144971276841
4415,0,24.27883406602154,22.56427466869803
7377,0,34.871288132235236,31.753948698685395
4473,0,22.692786183637217,20.874295877128297
2573,0,27.94560228206881,26.54962682203563
548,0,29.815677623664218,30.956777369305073
2814,0,41.570625394159265,41.50073963686757
9650,0,24.345317122874185,24.0768862850193
2483,0,26.591782896581684,28.9140177009996
3267,0,25.33846743548696,25.081860865385664
7405,0,39.93819978150831,35.6388925953844
4428,0,22.10870968730224,22.897547134498947
604,0,34.69249819795946,33.183609547746435
8016,0,34.452874601390555,31.50201770741465
4737,0,30.12421474179555,28.4517564146329
6658,0,31.135373996987234,28.753676296639334
363,0,24.274138934193573,25.20189341753116
8775,0,27.66354582484029,28.136846690380565
7507,0,27.266623466935783,30.236060266917928
4815,0,28.05472340622226,28.305270728328352
3521,0,19.27680550829567,20.549385165484992
7369,0,34.08240521830644,34.38137396950465
5037,0,22.13320614832946,23.191614181931055
3571,0,31.527354528449287,33.4612575477806
7734,0,29.717130708268545,33.13887756436488
8198,0,26.138656647208396,26.515452032119807
9259,0,22.220952891850576,20.765996994593035
9486,0,20.80840176100226,22.082318847115907
3318,0,24.140780936120482,24.47611929363664
4598,0,29.279888117468232,29.783417996703026
3170,0,42.19864919390212,38.603573969329794
985,0,20.61713891356712,20.774369504078983
9183,0,26.39648452525742,25.138328611571797
6310,0,18.62883671330054,20.29074359127713
3625,0,26.758343122196187,26.054979105840008
2300,0,22.33274681122445,19.501936015827987
9195,0,19.606673815883045,18.952261049123404
3386,0,18.038341231052534,18.756126643750324
1014,1,53.47786105217912,48.38681304310484
736,0,20.153050078066535,20.621602707836292
6344,0,21.70700800781027,22.801044890310582
4886,0,29.742634647073732,31.610510377566307
2837,0,23.89091048145248,25.43094354263836
6592,0,24.619976277281676,28.196884483166883
399,0,26.4474946946245,26.555805122201278
4637,0,28.69158076810688,29.730147702435605
280,0,23.906300786991885,22.933009480943745
4521,0,25.691159188573415,28.767743490335057
9242,0,28.38625542014102,28.27417716225345
896,0,34.067855626986564,31.372857061463336
8486,0,42.43809249168943,46.815582842203284
5672,0,28.91208003525542,29.823362547244994
5730,0,35.45191401609119,40.44841551247968
3833,0,35.45399181581953,36.920492152638246
4235,0,24.830258634542655,23.030181901639143
7836,0,19.82869753400108,21.937106016532244
7523,0,21.355395982499793,21.588484149396617
55,0,23.788729570718008,24.462682879305984
7089,0,30.258371018017275,29.49066575742699
1370,0,42.1356640349083,37.06958372475808
837,1,23.681692467259367,23.572489216636836
2207,0,29.21343543468675,31.668379443852622
2593,0,37.86059260075141,36.290492511685606
5933,0,35.07308335597038,36.121773740123714
4667,0,28.26298263767842,27.00494473844139
178,0,23.870738275693466,23.27710104046335
6525,0,22.412733970762538,21.665769831788193
7839,0,28.690346616289364,26.57218036571002
7162,0,32.80907745864315,31.872140040410066
5665,0,30.281070969388665,29.34092679308028
9423,0,28.93826739770513,28.514408035785138
3125,0,41.162586906295815,38.070488359741944
3879,1,25.242453650878314,25.507129706722466
8900,0,26.020941279536046,27.211924473797858
3536,0,28.536808504757452,25.63393173376923
8304,0,30.286020587267647,31.012039279902595
6594,0,19.72552544071132,19.40105667487698
2734,0,18.518702681468667,18.21273376580827
4132,0,31.969091370606343,30.70962235961869
8418,0,26.806917453535014,30.146640488061742
7788,0,31.996295376913228,33.701791197540054
289,0,24.692073957981712,26.609103884656953
4595,0,16.73731874029434,18.43994875133515
3942,0,28.2149902640608,29.205589860312948
1651,0,35.33138199757886,39.37004949823934
6137,0,22.780857431361444,22.113197009879126
170,0,33.55838696171608,36.28662991714864
4330,0,25.640667778689092,22.88064926483147
2861,0,20.109269908519074,21.157359979583312
3225,0,18.842470943770465,19.28991090983916
5096,0,29.92508126415483,29.149143006167606
1448,0,37.20516226806692,38.115986254064545
3809,0,18.820884962639653,19.258221514576267
7927,0,30.919432685834856,29.458958830328847
9905,0,30.021321999748377,29.222330424845868
2592,0,27.73730244866586,30.993412127134928
6300,0,27.784420748747255,27.99778346356091
7107,0,47.91946655353465,42.61520583167264
9758,1,35.890580810877765,34.68072230371495
9597,0,35.29605012545313,34.79410286361934
672,0,27.024428795623773,27.179723644556056
276,0,32.675068750535274,34.47301256887947
798,0,23.0222202786057,22.714849140323672
465,0,21.814568598095683,19.248683483592178
684,0,23.793198426297636,25.21907561033553
4499,0,29.785267705236635,29.763249153364793
128,1,27.55097274601649,25.30960301487927
7191,0,27.181610268319588,29.951769297382096
7394,0,31.426791198613586,29.4641998051253
9825,0,22.409560753097228,20.86741338839202
6461,0,23.050321784626522,23.800274952525406
1400,0,27.311744134565426,26.52659304279635
5146,0,25.767954902638234,27.115226884917323
7770,0,29.478125856497577,27.392287044889624
7051,0,22.24197410659405,23.72129663950893
6713,0,33.85503153973583,35.33555478002092
9880,0,29.832950491027727,29.666357497777376
1186,0,20.11510831647132,22.324993136358035
2386,0,24.376880398682403,23.42723678048969
915,0,33.39376077271203,33.028784525908854
3436,0,29.370947439079092,28.818130261671907
1942,0,22.085117285897212,24.44067219094574
6404,0,19.678413433509803,22.044422786842993
1857,0,24.931723474960837,24.899475900337958
2723,0,36.63521697258246,36.56138024148021
4128,0,23.72013405661718,22.6085374901779
8726,1,25.36401942311436,23.864550810560292
3331,0,29.188958305113157,29.345267313486463
9506,0,38.22222579619937,42.74736052047796
7545,0,29.651733874465236,29.47698561581109
8253,0,19.10409563693196,20.827780472253018
8174,0,30.106592150661008,31.13614989934086
6717,1,26.61444663166654,29.576176186285508
7898,0,24.877251262338472,26.216147188541264
554,0,24.72718999722947,23.65751669631713
989,0,38.349689858887636,40.10429532966153
5214,0,22.67139008560607,24.280615724203468
9736,0,24.352579530915424,23.705639789979465
8494,0,21.303695089651818,21.189214167708823
4006,0,23.5999729385743,24.468189227542865
8040,0,25.563386667720323,28.039417890693134
2347,1,19.704420302615887,20.33341481054307
298,0,28.01131290181508,27.143014240031782
1148,0,34.57237253023217,34.678507337554336
4892,0,35.771714917408524,34.56285322525909
9345,0,24.36638460912327,22.862947956649194
1421,0,26.94565430588397,26.829302543692375
3298,0,20.895429381159882,22.024835604204927
6149,0,20.789194829726387,21.162502437304475
4780,0,36.37579775841816,37.69718152073616
1241,0,22.53983173289045,20.640911290148303
3924,0,27.673117942280037,27.90302802042309
1222,0,26.743718975259704,24.85478022502915
9779,0,33.81095825863101,37.555330953758364
1287,0,18.679587025749086,19.170870972407847
2098,0,29.777951708029395,32.16434410340123
11,0,22.601266503905556,23.56505177385432
2072,0,29.018815794364233,30.70363418566457
8312,0,26.0270800369513,26.01026313433332
5088,0,32.22224499821906,34.66240989357381
1314,0,27.36625244800022,26.025739834461405
2758,0,18.22679005413077,19.850365216680352
9925,0,24.66994958478904,22.407624942535676
6960,0,24.118742802077655,22.106616948274876
5947,0,34.96376044443443,32.30666806173115
4406,0,27.161827700350685,27.39200454819619
7763,0,24.044353040344944,27.34477248472038
126,1,26.147913679635334,26.601539670835145
2356,0,31.97634438362871,33.74686871226695
9,0,22.239682036026075,21.756431750325348
9705,0,18.393586113927444,19.899336379150153
8623,0,21.590686020176115,21.460442162615244
5462,0,29.014649476804443,30.03244029212568
6107,0,28.337268254555998,33.79634699023783
5371,0,37.97361783358225,38.18662499132328
2695,0,26.732347534199146,27.74293948593705
1019,0,20.769621153918358,19.113819277483838
2880,0,38.37795007599723,37.052799197118006
5732,0,24.480809341744493,25.75972463948857
7664,0,20.759768266786228,21.139069739821263
6862,0,23.66957683483036,25.231436759585893
396,0,32.86272439180907,28.910678241080298
4769,0,25.373643644601476,25.684758102719925
7749,0,23.95894180856316,25.99243022671255
3350,0,38.49002143290853,35.962052223544845
6348,0,35.27599043542047,38.43331981211303
7657,0,23.45730853618472,25.660664855342795
8123,0,23.767010714900174,23.38136619489446
2937,0,26.113263092168363,25.28073446327142
6574,1,45.584086363500646,40.37502556612048
2726,0,20.354814414084764,20.854971507414092
4794,0,19.688331805225385,18.502273620513147
4869,0,20.896685930225637,22.112908737243487
1684,0,21.69183086925837,20.965506482154986
2829,0,17.63044396215876,18.767848645475397
6290,0,21.161386400758325,22.004452095929118
3795,0,21.132685066655554,21.975402900029366
207,0,24.02014126827271,22.08078132116301
3959,0,42.732429483901704,40.035611469826776
7821,0,32.00577424578424,29.699182928096498
1286,0,22.43350568937977,22.91139931615771
1363,0,25.601483481417322,24.86341021215591
8421,0,25.970402928343443,24.48340626047909
8420,1,32.02951478904088,32.565991662132845
3596,0,21.98151588977471,23.550658964551523
1831,0,43.072648438829916,39.47030211558013
97,0,27.59662188175525,28.306979312008167
3393,0,23.897735192150183,23.316179197410065
4653,0,21.675529130715177,24.286736085963557
3110,0,25.80164037542464,26.863781427820832
1625,0,18.182782189624977,17.779650524431933
1619,0,27.990424247346436,26.590865533288486
6865,0,30.97377416167971,34.319337482919735
5044,0,23.715610337401934,21.202450915311246
3550,0,29.434956262802636,26.528135358214683
2216,0,22.664562550515704,22.243072066985242
5392,0,26.56426679165693,27.362023442522997
1074,0,20.85095558469803,20.092889967918595
7506,0,20.7444926457206,20.061136038022735
5006,0,27.609983427574694,26.58200868448936
2612,0,26.7250920002047,29.998807210457226
3387,0,23.12345658112575,22.87468550895928
4491,0,37.69854672799725,40.23462995359954
8364,0,31.34511617847302,31.10880190207809
495,0,23.985796058766027,26.037994720001784
4797,0,19.91539978863206,19.714449959445147
5016,0,29.570035514849707,27.49303976623914
7358,0,28.53811085363918,25.732054607801306
6366,0,21.171965508347377,20.164608687727835
4972,0,20.70909813037768,21.97292327561303
1331,0,35.96221240975343,36.5032034602875
8911,0,36.04649356807097,32.39950989797182
3906,0,26.139607421310444,25.33887652654477
1141,0,20.313483047855073,21.50009292268495
7764,0,19.84857279338999,19.85480757498263
6540,0,27.319701525336086,27.246389513484765
6648,0,27.516779389211415,28.457533953929747
7964,0,23.741241907668616,24.386385070344225
886,0,20.957122979148973,23.886415611836384
6536,0,45.44175227482219,41.602595883518404
353,1,26.554316277034665,24.870613788574655
2774,1,38.09758299825267,37.25042232253209
5605,0,23.13106633249971,23.860313211047572
6987,0,18.996464857346773,20.189484886404323
9508,0,21.412049404997248,21.356403656434896
3342,0,34.87574482831438,31.6452811644511
6606,0,23.318305806195344,24.107081191877594
6662,0,28.304723087722195,25.965731251451665
4812,0,22.331995809926713,22.356200793913196
3204,0,19.976013276201716,20.301763474579953
2509,0,17.12206141879198,16.7556986704405
6289,0,23.408937074562004,25.73920951383773
5139,0,26.427537591026763,26.63036862596925
3128,0,28.26864946012476,25.387965567482933
8580,0,20.52599598204469,21.51687223705034
3917,0,29.907771430266262,26.70679480503222
4429,0,24.772946295701853,28.49613708765894
8379,0,26.44874098109332,24.754688679797553
6906,0,19.518595249508923,19.263510854611336
6988,0,22.64213655454542,24.446157448146984
1510,0,22.794863005672017,21.98011481339663
2200,0,18.706266033849595,17.741343461594262
3868,0,28.684334407907826,26.14109237761552
668,0,23.520555250291245,20.564756952251123
3143,0,18.664999299422643,19.12575281076411
890,0,35.390117721949444,36.475112247799984
2227,0,28.266292998803593,28.499517444715142
3613,0,26.27125789069047,25.233294115269597
2716,0,24.692403668588412,23.349855819325867
7367,0,32.44493999762095,33.40948847723933
3788,0,19.293206033251977,17.851852457464517
5138,0,26.59669729097541,24.427887181036194
5513,0,27.89965627275744,27.13908548672632
8780,0,36.044995244308815,38.366804807982454
723,0,19.434001025319912,19.224394007279912
947,0,27.053720229620957,27.581220559377538
8802,0,25.223864898035135,25.302010397875463
7024,0,30.79018283365021,30.39651899023499
5715,0,31.121075613046525,33.31525797321346
2691,0,38.26800760740403,34.431299906918724
2118,0,32.75763809881043,38.228792048643264
4140,0,33.61304869933885,37.47863784851024
3531,0,35.07474712960714,32.58067976001816
7001,0,28.824117256821236,26.80693705539535
6698,0,23.400190975558406,24.55463954348338
4064,0,24.80346549885724,24.020718317122356
1108,0,30.375095668087752,30.4741810740331
2009,0,29.508198171279002,29.42867297647756
1905,0,20.465530556789012,20.244356394362736
8617,0,26.381906010030633,26.695753324433014
8100,0,24.97163051507717,22.58091086722349
8931,0,21.774860891882845,23.088734337512392
8393,0,33.23671483912462,33.49326437521747
1020,0,29.05432153751344,29.088653344821292
8070,1,34.27882208262742,29.55231595408923
1572,0,26.413670263949882,26.986054569601023
4190,0,32.534335339818064,29.46092631137996
8019,0,19.84930391495541,21.041525559305164
2095,0,20.66157299805259,19.155149602881526
8203,0,29.91789840096574,26.488379950100356
6066,0,29.05889499006571,30.619732948792887
2325,0,22.386169847610205,23.182304129082542
7170,0,26.36814783652539,23.08359889396511
3738,0,23.865387010731382,24.89402329361268
2260,0,28.443455653286946,25.77332877933946
8531,0,30.140012393368895,27.866452012871722
3063,0,33.27931406819649,28.61962431590531
7518,0,21.746132974753174,24.20093084508568
1738,0,24.016801349910708,23.42109403745155
5508,0,24.548534743999642,26.457774421194564
5128,0,18.603127325863017,20.9118983138628
8954,0,31.46362730021437,35.25004267858358
2661,0,24.682023098721668,26.346552769167754
1391,0,27.401223640519124,26.504395900183805
5100,0,38.07391423865098,34.0720774520517
384,0,22.13552375611103,22.89211437847507
8207,0,33.0931752331107,35.91261173087218
9194,0,27.405878567486504,28.224703929714153
4530,0,25.50717066763012,25.00848791971524
167,0,31.57831572146259,30.817309394611296
697,0,20.253761193581283,19.660217460055584
2602,0,36.12691179233942,32.60458866594347
1179,0,28.93017072411905,29.437061189010414
701,0,23.5517796717704,23.837647130286292
5409,0,32.74701064981512,33.86566370432179
7373,0,45.10329060457726,43.88573357688648
3675,0,21.522302358166804,22.767099028249188
1052,0,19.171605005692435,19.88652424178069
1745,0,25.475024082896645,25.16362463777185
9359,0,20.844229319669324,21.656692620660653
5339,0,27.85993746609036,29.254547781201616
1234,0,19.371369325365205,20.917932650239678
2149,0,28.71669087867679,33.036026560114124
8216,0,26.807783887762525,27.615737318190764
8712,0,21.415111301619945,21.799225153501627
8921,0,26.95381212021748,26.513342781683356
1628,0,26.198704619108746,27.215132835124216
3950,0,32.37825696280321,33.26506791472179
3379,0,21.36820307192835,19.741727643382976
700,0,25.267063749556847,24.764021051117435
8359,0,27.765866792000924,27.90299052958925
6176,0,20.1273747139001,21.73642697893495
1728,0,31.032066122373347,33.883140316161345
8022,0,27.524118679597645,28.21369590318235
1096,0,21.660180773409078,22.27206717858183
3867,1,24.423456074050314,27.458046744093778
9274,0,21.576449665394147,21.001195571840842
7101,0,29.271335090661204,30.657388424740923
8133,0,21.498480881993622,21.85199823212857
8536,0,23.13923158561736,22.26647694882646
4461,1,32.97912745378551,33.24572231721637
7295,0,35.124186034034324,36.62646219150701
2684,0,19.791686265786335,19.085465680767882
8809,0,19.35676473134991,19.461654455088386
9260,0,23.641619495968737,23.86010827358704
9215,0,32.62847836104181,35.61606265054705
6826,0,25.2992535149043,24.379756580671494
9541,0,29.17503483501549,32.18976426910726
9320,0,27.82684230609987,29.17098602029793
5125,0,29.4735617964188,28.46983740133506
4573,0,20.754544702891273,20.612075424469733
8480,1,38.1562101964051,40.21962212182007
7776,0,22.08433156020279,24.176732940069087
917,0,28.804130334301824,29.287345470665016
4866,0,19.95940679201805,19.443182862081123
282,0,25.585604850247847,26.758990586997697
7691,0,32.965558701702555,31.198537371116593
986,0,23.704308682462845,23.303601950778727
8713,1,32.05897293912682,32.44037232425507
4370,0,31.7357444325271,29.967887383165397
5251,0,18.97632253812418,18.947660557586264
6984,0,20.83254423462961,20.36085093068725
2446,0,20.978073979388757,21.64614133668705
8544,0,23.75138242549731,25.241763212517046
4312,0,26.616769118041884,26.851423415128238
5894,0,33.929083564499614,34.65533733424276
3520,0,29.45853200118382,29.825389552195293
8667,0,22.281528282920046,20.966577078394298
4258,0,41.728816059791036,45.50415803931259
1799,0,22.044843966085846,22.41813410634841
4816,0,17.36801784140703,17.574951850152516
3508,0,24.0141614156282,24.152414172439233
6863,0,25.92353683541901,28.749300216383098
9539,0,25.389385316583834,24.761284063044087
3955,0,32.323992011687444,33.82725506982649
483,0,18.576199716949038,18.4535544170049
4287,0,29.9166290597938,27.8016850819434
3121,0,19.142078525102928,20.40076957866907
2114,0,22.870867926212618,23.23784980995504
7287,0,26.897531896348422,28.73787179905382
7337,0,24.10282268506246,24.495083406518507
1853,0,30.296598837736187,27.366865558287046
7151,1,29.2506578641651,31.000712481301075
919,0,20.753719024255773,21.10599239464342
729,0,29.650405595792947,31.092390952263344
3803,0,25.251323739861128,26.038073833034037
7615,0,35.509315937819714,37.64351677201111
3899,0,23.206693191161715,23.503256746511163
8528,0,23.426437184318136,24.7409395822694
6646,0,20.610161085828317,21.48673280012242
2038,0,32.789137253749885,38.96345151032613
7276,0,31.936456408592793,33.18394204315444
6579,0,25.80064721601205,29.907795302430138
616,0,27.42553929828139,29.04034508247076
6789,0,24.87231046884474,25.297813801637183
4332,0,24.78918715939481,22.701046173739442
4810,0,32.17842421413984,35.66310066092237
252,0,27.53718645476487,26.00118777915534
1710,0,23.908640209996427,23.068925991561713
4633,0,26.85619271800049,29.535310691111782
5953,0,24.61588176352563,23.27432186387981
463,0,23.39210298297076,23.198841678430924
2883,0,17.002613964689655,17.327622185056978
6183,0,25.436399076695086,26.470410286991886
3541,0,30.50114540338376,31.241579080505772
9355,0,22.37652793630131,23.042432515038712
3598,0,19.60584323391182,18.69428693189958
64,0,25.38707509635007,24.20336606956878
2605,0,35.79192030719129,32.26389793805196
4373,1,25.12266970464915,27.134164590778322
2765,0,23.106134011521313,19.943190065041538
3935,0,23.675471788952184,22.429740708601543
4338,0,29.21494616334723,29.244460568077727
7490,0,25.147953258641135,25.806816717675822
9933,0,34.639394070366826,31.83579711808264
5780,0,22.13365627914651,22.58342887778424
8546,0,21.28529673151795,22.771330047547075
1490,0,18.739475180341067,19.650902422563362
8119,0,27.640584740630864,29.466766491212155
7315,0,36.09251903844919,34.3569738082566
278,0,21.139096219471526,19.567355643320568
8076,0,20.441054946512278,21.05022491442245
7727,0,27.052103098263004,28.009556644109132
6519,0,22.19589072178255,24.04591406188872
5431,0,23.078775172170637,24.544026570099174
1178,0,33.17167531189675,32.26171552729985
605,0,20.68413374793498,20.728189252860396
1639,0,28.521090729060237,29.72736152044866
1462,0,28.780342163691593,28.530707745273933
8410,1,35.04209027178346,36.767738881501366
4028,0,22.2785960364446,21.344182177731867
5986,0,28.454373443455065,30.256036763254503
8313,0,29.854830685511576,30.080963936385558
2980,0,17.78378947734436,16.56698401889815
8422,1,22.739656677183305,27.76589089454703
3286,1,27.389338974089352,26.145628757742045
3545,1,27.328617662059692,26.74881054906086
2925,0,24.27256496798175,24.607281516800516
3013,0,27.780941612921044,27.704768729180042
3966,0,23.02412375458524,20.35812274516385
9668,0,26.194060511459153,25.98984229575987
952,0,28.131480274445845,27.924272225019998
330,0,25.09769136396286,23.729159056243812
4031,0,22.819101980404433,23.17836633400974
6491,0,18.601213557630466,20.450997177181655
806,0,25.243161767027114,27.04299584091428
1601,0,30.546258310842507,29.53573685506375
8142,0,25.543487969889373,24.388503834022643
1332,0,28.176317411091162,26.557133057761746
2974,0,24.524222734916954,24.457580443554725
3644,0,18.1338856518205,17.8127197352137
2175,0,26.42479445597936,26.600089649642754
6624,0,25.898685783886418,27.110839858988804
3402,1,28.126597266260944,29.198357378660695
3638,1,31.562748336950218,32.63429258112677
2255,0,18.20322716179062,18.179211504644414
508,0,22.57622586992578,22.46146203553082
5353,0,22.41354478386055,23.27105311019288
3341,0,22.015716803306987,24.053158623522506
7710,0,20.920849532893,22.319134381879216
1987,0,25.998885265257815,25.934878568982107
3107,0,24.7605700131465,25.769902461338667
2274,0,29.158278252011677,29.98664774541949
585,1,23.903311376726137,24.216906522289083
9281,0,26.037758884470215,23.903346476673317
9273,0,24.365708736028566,24.192588707271653
7868,0,24.98151673556468,23.551717614098568
5799,0,31.375744713342794,34.28494984698569
7017,0,21.91584954002761,20.921164129557695
9808,0,42.332733422012275,40.31933101885364
9654,0,19.912946392035778,20.4120647537382
8166,0,19.935610599432117,20.33412353770783
6450,0,32.281796226156544,28.775770905558435
1114,0,45.222170720131494,41.818325191368324
2124,1,22.096492486116503,20.69588802542387
7583,0,31.542700795017396,27.642496942083287
3077,0,21.104311694017937,20.04411784628993
6023,0,21.14915043773346,21.54057693401869
1290,0,21.71972213393311,21.05359386280739
9766,0,26.648038995443493,26.29958043745205
6125,0,27.61113212806704,26.780172498870385
8416,0,21.370086947584863,20.940398392522308
5299,0,24.780495136569865,27.48418889781889
5493,0,22.291870505711326,24.081111148619314
4851,1,31.076082702943705,33.127145092181934
9769,1,35.67069850481646,33.930017775887656
1315,0,23.508359237224383,21.579578319676568
8856,0,24.445871698856845,27.286038733405434
5269,0,24.616995097408576,24.48041171744021
9978,0,20.610619752543137,22.774531115810532
6940,0,24.065042582821754,22.423636614872326
5004,0,23.425947179052425,21.724183725345434
464,0,25.067827645530755,26.233827449168352
7397,0,22.338413103664397,19.305976608503904
3862,0,19.657962276629693,20.425076273433987
4313,0,21.41352715417054,21.489188955665025
5115,0,27.425557504475535,26.628283162767225
4731,0,21.419265613215337,20.120578772854785
1305,0,19.73038915768512,19.04610639155978
2298,0,18.492124331144435,18.160742007477726
9713,0,26.419366245366632,24.541600345328366
7391,0,23.86823458811948,25.180790000697268
2069,0,22.61854704211857,22.92256986218132
7552,0,28.447364645912955,27.238266625449043
6774,0,26.264831718641297,25.33315627122882
6417,0,20.771176734428707,18.60017871643949
6642,0,26.331213918194315,24.773845992354573
4143,0,32.8657480243468,34.294082668954346
1339,0,30.973074156040365,32.67056050451859
4894,0,34.79691282512758,33.53146253735429
3469,0,33.73831192193339,33.06743534909314
870,0,24.45750794946887,21.957162327554304
6117,0,22.712205624822968,24.44349889296637
1722,0,27.458919155331383,25.414762412734923
2089,0,35.69770283804582,38.605979748644586
1868,0,30.762617082280503,33.462592722206026
9092,0,27.02203956707916,26.553587070734746
7119,0,22.290985709583396,22.75021951816703
5802,0,38.023436656355805,34.11499763489226
8967,0,31.94723898311809,29.448691866789716
4361,0,27.654727122972737,27.25955766394881
8772,0,26.1736007211967,29.576544521817887
4505,0,23.97556050960182,24.903327745030126
7534,0,23.397100152564683,24.01386659978984
7554,0,31.498460229552624,35.48079455788716
8883,0,17.29535693102019,18.272336554444074
614,0,26.19798200026373,27.987742637751243
7300,0,17.800458709071513,18.883865522076597
8932,0,34.55673577716771,35.477683475691606
7152,1,28.088921553320986,27.531274242303265
5849,0,42.01308257701868,39.169655515804976
3731,0,23.256574679677858,23.303513271820425
1366,0,35.37843156595134,34.58518105367871
6126,1,33.267373434378165,36.70471875190598
7212,0,19.312297526734216,18.749980322191643
3952,0,20.58687139222365,20.503459974170088
6809,0,34.80212775457347,32.6982264666105
7325,0,29.575686834197455,33.73105883199546
4919,0,27.10047158109159,28.956628234595648
8112,0,31.763370372394608,30.741583704852214
7221,0,28.234117552852375,25.067738559427344
2099,0,24.818142130942995,22.54318717940928
5745,0,23.720896122296363,25.32003039223488
3858,0,28.716537014165162,29.47708023012417
9544,0,28.980093561320288,28.3039137568366
8890,0,24.57959769877589,24.305368062719904
6459,0,25.22833879124892,22.9131349083398
3108,0,27.562496358184887,24.71489366197425
7695,0,20.178310573459864,20.308702802121083
2071,0,27.179382942492435,30.59520996526176
3780,0,36.030589792453014,35.78519655660068
7795,0,22.592514740111724,21.104881321775206
7267,1,35.914796774786915,31.702386882331638
6021,1,22.06749513171294,22.881278388562674
2031,0,47.41941757355228,44.28855770207671
5238,0,23.386252320778976,24.26557659322046
3241,0,22.30734819338043,24.98325673515873
7520,0,41.64610950154111,40.47701246223532
2956,0,25.10465129890924,23.757038146595026
3680,0,21.48518574472499,20.75063684960838
5695,0,32.49993273942846,31.543462408981718
595,0,21.96641581971324,20.982333743958137
4320,0,29.181073067997993,28.07203029422733
1740,0,23.362690843992162,22.9995737993444
530,0,22.007710010289877,20.83550549186876
6249,0,23.45883269838507,24.31048980015566
8988,0,22.826394604774222,23.185264283028566
6240,0,16.45147706849475,17.340531364328985
7256,0,25.24878439684467,23.01559862554169
7071,0,20.28876895893641,22.6306250723514
8139,0,33.28335443363108,32.52751120646769
8965,0,25.270568305363483,26.833562785176948
2824,0,31.578150789824935,29.89741570786967
2338,0,37.35429698993748,35.388651324437376
8866,0,23.236318216724722,24.216802799560988
8383,0,32.346622147966684,29.928282665045817
5630,0,20.562282374994123,22.919019823649112
592,0,26.587386968951623,25.606467493583068
500,1,43.13019061356818,37.26381882095524
3844,0,31.528029579733687,29.552697480567584
6553,0,28.748718764685904,25.684565779522586
8616,0,18.655609308678482,20.31185249805905
2696,0,25.894237148531957,25.314389575722686
40,0,37.978101415244176,35.99410247133442
5581,0,27.322798078293587,29.70766981651832
8875,0,21.656717178563405,21.20369371780086
284,0,21.139749125889775,19.99180779890303
4942,0,23.399569973042478,25.702648267854517
808,0,29.711730987733674,30.119294669223404
1298,0,25.902716854782334,26.900905674878054
3794,0,19.424709779702077,21.340720444366646
7123,0,25.723578530354676,26.63750949023637
937,0,25.550529860706607,26.942989305060774
8703,0,29.35377702644483,26.618041601377303
5433,0,22.39877908468075,21.475019356091362
4786,0,33.84404510297968,29.506981222986376
2370,0,21.05740039120199,22.744322088914643
3420,1,39.32490633612243,39.58565049546128
7637,0,29.39530574571848,29.80661077497256
4411,0,32.317727474149095,28.486453987215747
540,0,30.410611316045916,28.464592226668337
5143,0,16.823931975077343,17.44327189284454
2556,0,25.314487651258148,23.269991560673848
7861,0,31.839613688091678,29.86905030669637
6740,1,28.79776387234911,31.747114696526037
732,0,35.83679766413048,35.31012628020597
6841,1,30.65161708727177,31.851469394391362
4417,0,22.628768570211623,24.607195348393116
6506,0,21.847601030476916,23.478114144214224
5318,0,23.87549641649622,24.620759644362597
3766,0,39.310571763839896,33.695298250534556
4319,0,21.250759514894973,21.585006682672375
964,0,26.61430181195009,25.06145631211572
1262,0,24.24062833798147,22.365917078749472
7886,0,28.090243225441167,25.226896412561572
1784,0,37.20513031265739,38.639701320673154
7651,0,23.66559525955337,23.564944515647124
8236,0,38.32122997226177,35.71692640147156
5587,0,22.683118254079595,22.230733402601714
8413,0,21.107451918300583,20.464592479146447
6353,0,21.1525375295813,22.057115627683054
3405,0,30.71082367709693,28.646732226281777
703,0,28.98666335806371,34.43350898470531
5202,0,22.07026157504252,22.31503640727529
4778,0,23.647427479483113,22.062640173023595
2800,1,29.005123295618787,31.056320813823124
1821,0,25.046521917025505,24.58503309508121
3219,0,23.44309723401369,24.032603037093487
3096,0,19.155839591257312,19.141177133058395
8869,0,28.75573095386324,27.282817256033283
4946,0,25.52105870807039,27.80366726834272
3958,0,24.06210583607865,25.810043877480133
860,0,18.59605039060363,18.48186807649704
9938,0,24.481754066146912,25.272868325796566
3258,0,30.384717879817874,27.77914115122749
6813,0,33.16031314669318,37.52705090897359
5663,0,28.62460160490447,33.2703532111075
8709,0,27.908421405116286,27.240212466186517
3238,0,25.992500097039244,26.998620757460138
786,0,34.36343984648867,35.96815366046748
2409,0,23.445583257933837,23.631166530927068
7587,0,22.41921507636367,21.826926196857876
3214,0,27.855256713815564,27.884684730047624
7602,0,22.79722889624309,22.11662911007878
1668,0,29.357087041497532,29.716649471586734
3422,0,18.865955566978837,18.731240520082416
5278,0,21.979770198663985,24.2597090318913
5704,0,27.815980129128135,30.188918728049842
8739,0,26.697396263107485,30.178202389370124
2334,0,28.425569917017032,26.715646515328025
2070,1,31.07719998535166,35.65469738692814
645,0,24.5539823632681,25.087533480884655
9453,0,24.87027106395315,24.604904445171638
8303,0,22.077496286560045,22.549489129920985
4676,0,26.192168892498433,24.320168770490667
9350,0,22.48527185480986,22.926029457399842
8369,0,34.589219000677005,29.7057837936786
6487,0,29.442723087012773,28.463512967371205
1060,0,28.444863919697195,32.146065180566055
9685,0,32.879761206796964,32.57676035771902
4009,0,32.071792038145766,32.690950973886956
2079,0,32.151838137959416,28.45251136456475
1046,0,32.301117657726294,31.917689192242477
3821,0,24.48900684082172,24.516442918188424
5020,0,19.79247493080129,20.179064066433472
2626,0,19.200080441649174,20.330537161368717
2959,0,22.353442384048478,22.491003095562334
3690,0,25.559927158967753,22.557866395943343
4187,1,43.78711666265549,47.68983085107163
5091,0,38.05627677739286,35.92642093447308
2141,0,25.19641872231089,23.261080891632467
9622,0,24.559791731222273,22.062678371381956
565,0,26.211566669789065,25.94955677657987
9662,0,25.229733098127355,22.918544462883027
8885,0,27.645228930607427,28.509003228851398
7242,0,28.973383850657598,31.39311654966102
2888,0,27.64012128609991,23.630462286278053
1388,0,25.644188146883536,27.096022864985787
5725,0,25.903592670402855,27.36172496334047
3519,0,21.64099862894825,23.987826320269797
2645,0,30.093114353637294,30.865105561957147
1634,0,23.049316145643107,22.030762802848948
1006,0,23.072954663573856,21.743449035325444
8090,0,27.713066027917783,26.66944134371732
8673,0,22.44128634497685,22.132230275890457
7623,0,25.43581664252217,28.005761456578213
3654,0,28.777937851982262,31.203482444232076
1159,0,29.126206142837113,27.272465607044836
4560,0,29.722809761278242,26.0136045456993
5737,0,21.45479843070449,21.24307807995688
6392,0,27.15091680578975,29.878587633791252
4408,0,19.234020225674318,20.835599531876642
3415,0,23.541993007841878,24.627196384953727
3172,0,26.604950095061444,26.090054507492418
1091,0,24.769186286088637,23.92048838163124
1036,0,38.54520285595383,42.60133025863976
1507,0,24.197916441093877,25.430902138370268
1111,0,27.883821989550427,27.861892849750486
414,0,29.015546127639865,30.928837739381915
3409,0,29.72660157273262,32.05901225641042
8328,0,21.638128929218617,21.443618065909497
7994,0,22.39403038756596,21.454149144542036
7838,0,20.557034523876357,19.266881881698822
8659,0,21.394394770931658,20.855961349250034
5673,0,32.05432088459851,31.071534304155563
1247,0,21.54440965803055,21.25474917255049
6323,0,22.28672472884124,21.032014634042984
8793,0,30.8763644829458,31.269123958204453
4355,0,33.75692723600733,34.61322808831273
9094,0,21.47186346924572,20.886064210632348
5574,1,34.24362082693993,34.19049313358075
7465,0,29.43344785451457,32.41947343023329
9389,0,17.883856975514703,17.133162925728772
543,0,24.03223647715413,22.935663772004016
6699,0,21.181450600739954,22.34141369079105
1607,0,27.013379554348735,29.063151863449573
1735,1,32.90505549747987,32.924705266882825
3011,1,25.707119231588663,28.247972985460247
9368,0,30.107904871224797,28.982982508093972
2797,0,32.88525530303041,31.67896033294782
1933,0,18.813302412056995,18.945797356616918
979,0,25.17154047802581,22.194096260423933
6196,0,44.21036308986797,41.03674711515445
1190,0,24.336107264749767,24.806756051566822
4494,0,28.811754197968373,29.6522904051264
2579,0,21.39025538923788,22.998139924576662
3914,0,27.653762242650647,28.982127905295435
3908,0,35.8223884885595,35.74908378642872
101,0,27.210522932704723,26.951013777280675
532,0,27.46502624132012,28.33021079461408
7092,0,22.495397626620047,22.201997652935912
721,0,30.13897454980332,28.00463130948605
9849,0,39.69970302174093,41.79592154419778
7805,0,21.553630539811184,22.62402642139862
5330,0,23.985765007473372,24.605056998740437
8658,0,27.020525556072357,25.641093510819143
8128,0,25.48659317373542,22.539359508614492
6995,1,27.111497938406572,27.60963174924766
6948,0,23.042052789227412,21.274850030429906
417,0,32.513134659504935,38.64133285558737
5478,0,36.16285132725663,31.20724399475334
4514,0,42.3571739528838,47.14807581187632
6221,0,22.34667782995449,21.735609315052503
3025,0,21.83229586394398,23.174381802943877
5350,0,21.956287784609973,24.516851866414328
3820,0,38.53602355456468,40.83548926076061
9013,0,21.988332951576954,21.726020229563744
8071,0,27.641226064759042,29.991281411779394
2078,0,21.35010239830582,23.32115548915434
7767,0,31.055208356327334,29.26739228612348
454,0,27.3987052760909,27.242596787485997
1304,0,27.72098414974868,28.07614149893768
6685,0,26.458736858287583,26.95274121920159
7604,0,21.635009621652884,20.957727200441518
1656,0,26.15205159808542,27.27232824493926
7445,0,32.31051766655467,34.125461405850494
5591,0,31.432975127674585,30.986831780365147
620,0,19.4815247766671,21.878229844261586
9969,0,37.92728099533762,38.39227991685547
7931,0,32.055110908175735,35.850870498553654
7279,0,31.624365600631904,31.476781679011673
1531,0,34.265297904211565,33.214750744930136
8527,0,27.18009755704583,26.846676363467672
9085,0,21.67627769793246,21.14364660475292
3475,0,25.555650451123167,26.130235742681364
6351,0,22.053718164368085,20.357516260123568
9006,1,23.372099710124672,26.1724548317661
3789,0,24.557585727031963,26.014925585910294
9329,0,23.4864397175582,24.11170428701851
21,0,19.76206107228714,19.269297978128662
6690,0,18.460727239108706,18.75849869322113
5170,0,30.50152330886382,32.4513698854156
3630,0,32.81505579886315,35.13209406985421
9155,0,27.680119489719406,27.90738545870428
7688,0,26.286911972823116,30.488866958128387
9970,0,23.70988050102064,22.609375479090517
7265,0,20.14105997719637,22.010136615627943
583,0,32.6372458195246,30.79585168943475
9954,0,23.9165865808595,25.027079714123698
9479,0,22.102377576826335,21.4499612208664
5814,0,19.825249001188183,18.85494367355568
5510,0,32.137253062518866,29.70711401397051
1107,0,29.995516353251084,29.595295449370834
7241,0,28.345850233700432,26.053948954964063
3948,0,24.999895968982212,26.42035409649441
5994,0,26.534614823202872,27.490434951691967
7088,0,26.34482342201153,27.451443714538765
7642,0,26.687070355092565,30.23556123968979
2599,0,27.810451591545895,26.263829361002276
132,0,27.65307182500866,27.155756883618935
9005,0,28.940997308161794,27.765091862913266
2059,0,18.5511513964495,17.13600009715584
9555,0,21.575910702933122,20.110572454421554
4177,0,19.694078795226755,19.1760986642676
479,0,26.22609995773143,26.14183308907193
22,0,24.458510614569406,26.77309505593106
8633,0,21.364837350181364,22.734735245381525
2936,0,28.12766206019478,26.766434708138224
8937,0,38.46346755907788,34.92692727408641
4386,0,29.406680720720008,30.39185815557966
930,0,26.27197651776997,28.03869443907623
3601,0,27.718086332432282,25.5983506910359
4237,0,41.14689789431883,41.37006477081864
6485,0,24.59739558005905,25.421597718809558
9043,0,25.069120011552325,21.729004653274455
7468,0,29.952757450131124,30.59425829783807
1772,0,22.507647768824015,23.99786931002556
8670,0,33.318135626801826,36.797575272418655
5985,0,38.32865598205317,38.13768818869528
5524,0,28.513386689941367,27.387161722016003
4640,0,36.88962929400848,38.85049964587553
2586,0,20.869175777546733,23.123796277918142
2984,0,24.060950655146513,22.49598988469452
4302,0,18.772141565833394,18.901137355334583
3627,0,23.06305814098589,22.913654335949442
7227,0,29.616542966775707,31.441249463462952
4802,0,34.795544524948255,32.47485953277058
2931,0,25.97787732115105,28.304188542239245
8446,0,20.24864794422312,19.92013650229862
9545,0,25.86896146202319,25.958749406536764
5332,0,26.08426164567482,25.940792716271346
6341,0,23.26185361610588,23.685786177355613
4141,0,24.091336171851474,24.812508557620355
6782,0,39.89065728258569,40.79796114619324
8584,0,46.26912869095328,41.81464978080259
7484,0,19.218838274571194,19.289247195293186
3746,0,34.3505586576347,36.39483017181487
5007,0,25.5859998845726,27.32674255656531
4378,0,38.050408399236844,39.57793689305161
7338,0,36.90257315208361,38.23265524167846
1005,1,35.968377595865284,34.31570299877766
5798,0,30.238579570188328,27.912411513680684
9561,0,27.924317013415134,28.549283431761438
6858,0,25.065131896884893,23.684058231164606
4380,0,22.24948188012204,22.678079734123223
7116,0,20.46479671996453,21.155725800958983
8321,0,31.15843592180933,28.393033139197264
219,0,34.63054536978561,29.101715750969806
9770,0,29.007862598692974,30.095076535531383
7043,0,44.523708013426265,40.02473906283632
2097,1,25.15239883087036,25.157267446414945
2744,0,33.68342802556499,31.03074966581871
8079,0,23.84962232097109,22.379936569989813
7416,0,19.491466465970944,21.009991006864176
9844,0,55.420685213914545,58.7776518387082
3555,0,32.280943885355214,31.836238290710767
4733,0,27.15331943225008,26.654247489414864
7372,0,30.372369701129557,31.758403349970635
3155,0,22.29564879988018,23.783362473418393
2558,0,24.848485781749382,28.64218821982706
7597,0,27.93509936909559,27.708766686244186
4726,0,19.13046346827868,19.08219946085291
1405,0,32.80987199807058,31.59741709911945
2653,0,23.192250025316213,22.432463693503713
203,0,24.943939669638727,26.08213852194938
6743,0,28.547970012842885,27.68020514512612
7791,0,32.29656801937288,30.342136073109305
3022,0,19.003509254337768,17.868392404443245
258,0,23.289900862629974,21.636947258541007
9635,0,20.310356106497554,20.77766447736265
1276,0,25.40348559156807,22.5155029058522
7280,0,22.40837551132369,22.844361193729668
6051,0,20.9681163317297,20.90233221064619
5612,0,38.814270586091865,33.02887074438294
6951,0,26.91195192084741,29.071947354754656
8621,0,30.623596240492162,28.487305923721188
4047,0,23.275792666281546,23.449892228801392
3552,0,31.98085567318919,35.9790423389317
3565,0,18.69335633875888,19.02852549585253
7321,0,36.940661127447214,33.64638110767804
3327,0,31.707060249465343,30.989915671576703
2482,0,32.26493533847582,29.803192925430828
6779,0,29.595461551178953,29.154971774240924
3702,0,25.130495112000144,26.122584441124264
435,0,35.92206653390334,30.631264552589638
4,0,19.436973880554785,20.54001378610306
4079,0,25.45722995339228,24.81220796677406
4207,0,28.99259952971468,30.002405439062546
3262,1,28.037247476963376,28.711147540734093
8957,0,32.02996211261308,31.899648972341353
4672,1,41.73952926061281,44.18078207604214
2112,0,37.088788389064575,38.516215740842796
149,0,23.01511002516098,23.606639278689453
7435,0,31.58042408771369,30.127856708224606
2182,0,23.74868456888933,23.799587262754862
948,0,18.276255344079097,20.14698887729887
2191,0,24.645418528236345,23.864486816445247
3847,0,25.42323637443891,24.667079708720227
5850,0,29.729042742096283,28.33152193593441
1445,0,25.01771266936249,25.185163741120924
6262,0,37.03837668080355,35.020018926199306
1135,0,20.367524779083613,22.773549812678382
8928,0,22.019497758309395,20.389645850802157
9704,0,32.59393881565312,30.46810229879815
9696,0,22.686747549928956,20.51608571828652
1449,0,27.294970091500527,25.56534653379726
421,0,27.954553030476355,24.610689971847716
7478,0,24.666777025136287,24.82866643012921
439,0,40.97067872391137,43.096778106453094
5379,0,29.6128052825318,34.19482375068677
9740,0,29.51238947670094,28.86536525130301
5165,0,35.72145781506566,36.47911574387398
8146,0,30.92854506390413,31.21818492981615
4220,0,20.068067591066463,19.55263597408619
5075,0,25.127859082668653,26.308236739503855
9311,0,25.300580524753833,23.510908305077265
5880,0,26.661325658256178,27.264714856018553
4152,0,21.45467264504898,21.75091244276834
3315,0,19.856638856181036,21.064327303497958
6044,0,30.365810369082418,28.420383564808528
9280,1,29.25119770604539,28.784664115205246
7865,0,19.275747129669977,18.923914368313117
6654,0,17.74212984745912,18.12382498639792
6999,0,38.31038301209612,34.270678948237745
4612,0,30.301377440507608,30.848051569913814
9327,0,31.05613819051284,31.051504821333
9069,0,37.16831337735934,38.74960561797583
1235,0,20.356482438728428,20.875407414471724
2396,0,22.774082411359412,21.04571352537464
3235,0,32.87164599222084,31.35445904275191
5271,0,28.083935414692583,30.78996202680366
8352,0,21.269447149867787,21.921108839524322
1994,0,27.792401975027,24.996222910255522
1127,0,23.525577141404142,22.13070234523353
9394,0,23.076295497160984,21.784996686469167
8540,0,25.169312877950208,24.030551413936188
2987,0,31.099554302925508,31.252836397790958
7441,0,28.48556078301112,28.12179875577645
853,0,21.36777311141222,22.179877216711052
3516,0,31.687901308615633,29.52512011175842
3611,0,24.154422566915514,23.677717639961397
6871,1,40.256381661655645,35.46824588952454
4076,0,22.084893552467907,20.774871708900186
7863,0,33.44206508771336,37.146951627040664
7966,0,22.320096952444068,23.149193052009593
1380,0,22.42243490477874,23.51471831702207
7738,0,20.904796567296984,20.79832718434036
3840,0,31.85335631600587,26.80142559856405
7385,0,19.97493489046561,19.44952626115734
6090,0,24.889287376146797,24.2186965291434
7550,0,34.33050269944092,35.57998050436131
1616,0,24.666288544741676,23.294032813682346
5198,0,18.066514691561835,17.748325152935976
8846,0,26.348856656604287,26.26939882102719
7730,0,30.635434858505814,28.99818340982616
2689,0,41.78892784962101,37.61428999481182
4509,0,22.204433401892036,22.512422487884535
2939,0,19.959811956063863,21.395882567336592
8024,0,28.603580789325346,29.50465177937624
5515,0,28.932169393381745,28.164472678456548
4412,0,25.50160978378972,27.199047426440327
5043,0,32.78243551857126,34.56018280928094
8367,0,22.53689453888004,21.757266046866025
273,0,21.563653854647484,24.698302864607665
2914,0,23.697275634928744,21.56223488121341
7342,0,28.16502160128143,27.973264173654538
6455,0,35.650043259302436,35.39193648227746
8377,0,49.62967725369062,44.47175565062642
6671,0,25.314788139034675,23.660214160731023
8469,0,22.415182751054026,22.832399938128045
4020,0,23.573929440980418,22.88837734528458
7449,0,20.10114867235921,20.901382400027593
4404,0,22.76040438609808,22.15937241908835
6838,0,23.256007952376454,22.50717075801228
1536,0,27.46153307518936,25.307185999209363
9633,0,31.177386500154288,30.222326766505233
9982,0,34.06891227334116,34.08458389330353
7149,1,38.084411103666476,38.721442269345715
6254,0,26.80577832743102,28.32047022516531
7390,0,25.23756574797675,23.313514114207674
6829,0,29.43964697749075,27.838037453466463
8265,1,35.41208593564549,37.771502863467134
2841,1,29.259217304507516,29.290382679058197
3962,1,21.64279980365542,22.00049861984916
7239,0,23.110309666356283,25.540148536853916
3621,0,23.058848242403112,23.098188226642407
7040,0,23.52036083413492,22.198228725560718
9441,0,31.01149835966541,29.81306904897996
9741,0,20.13700227152224,22.14059126519305
9420,0,35.36594130913303,37.49214241352118
1584,0,31.449267216369915,31.014204319693786
7942,0,29.82962930879864,31.592672478823047
9071,0,19.249981539375984,20.0014235514551
7450,0,26.890549440546884,27.746199606773523
9276,0,25.42713530883195,24.031346222858158
5912,0,28.242102918372833,27.572191365335794
8958,0,22.372934808654215,20.745068891284728
9691,0,21.993285856563244,22.765871771976514
2615,0,24.49695316744944,26.020047355133823
7733,0,26.50469283476591,25.183618667530787
9812,1,32.64311370900323,37.91352514456459
152,0,25.660828679589624,25.258964965546465
7591,0,29.285869806291725,32.27894176592189
7467,0,21.223027185741714,22.41818229300192
8349,0,29.899669216509896,25.745590128723165
4435,0,18.921204385284806,18.93210147063022
2377,0,41.331759873670784,43.69767194305215
5466,0,22.20572528395157,23.048767439290554
4968,0,21.97120748248704,22.876597420919804
2740,0,24.77325529183051,25.902612546837744
9256,0,20.852286445949865,23.12591942913921
720,0,41.84171149297092,37.081101775826916
4551,0,21.600688196886555,22.4351824674675
1477,0,19.3064670577732,18.33095634489461
6058,0,34.95010636039779,32.75033381893252
8858,0,35.11611426760576,34.8343352553374
4874,0,28.777874520818642,26.712590191064876
3293,1,22.528972066929853,23.35079060671314
4841,0,25.64945777092257,24.815020017160318
2115,0,37.892054784350925,39.363831931024755
7824,0,22.214489465681197,21.363143808749175
2202,0,25.95328490055709,27.94976536289218
1812,0,27.2645523504368,29.736002333693843
8661,0,44.05935804673854,41.029394805142516
3871,0,21.85109617049635,22.707209560554098
5298,0,21.408088295295656,21.117126458365217
6582,0,27.306664851329117,25.48727292249864
60,0,21.23424659187095,19.599212831799786
2846,0,40.57895158839922,41.16119594385298
2660,0,26.541650184118403,27.004477782392005
7386,0,28.375339382192276,26.66505233130302
3019,0,23.704910393120258,21.344289511224282
1753,0,29.364789352746214,30.491488578642173
6820,0,25.26690769138645,26.848865156296977
6386,0,28.462088247201144,28.7102770745917
4636,0,28.620963051178318,27.026928174664807
7645,0,19.058223763693235,19.651395665744275
5609,1,34.30627708093468,42.05189448861059
1110,0,23.709272410319798,24.048660743963616
8372,0,26.543171952913568,25.323945510472463
2976,0,24.264020425351276,25.69967307831548
3114,0,27.76434150850741,28.40418281479234
4590,0,25.131500926217647,27.368854713636185
8237,0,18.962623165277595,19.710554396989643
2054,0,42.7663085746975,40.51253522245331
1660,0,19.711371724440653,18.950429281882904
6778,0,23.312955148329642,22.236583789922754
568,0,36.2904753533384,30.479949047345663
5216,0,33.387541745051394,33.50312255960606
1732,0,29.98234580137993,28.363926545934728
8934,0,34.96103832181709,32.69699930895234
2156,0,28.510685341149482,25.13072050431167
1715,0,37.18235649243187,42.192377228400474
5229,0,22.26448126779182,24.380642482618825
2171,0,25.705789974975076,28.209115792096952
1846,0,22.345645927808736,22.475178346769596
6682,0,22.280254888060057,24.841209945519456
3771,0,32.759662935917845,30.820407633009182
3148,0,27.49148485420008,27.80767042788723
9485,0,19.580494371476796,20.309175328968536
3990,0,20.549916100750668,20.70116842310158
8251,0,24.51003713002183,22.215562297632154
5126,0,22.86373571770325,25.24315412985597
67,0,21.033376279930355,20.564258093608153
1570,1,33.707680468055145,33.720601205049974
4647,0,21.902520097860883,21.669411120381064
5394,0,24.591473415757925,26.591237493912374
843,0,27.15325253872895,29.85660050848642
8191,0,26.952516088527407,27.813958009315122
9517,0,24.143973530942777,26.058259339199907
8639,0,25.53534430882502,25.288869632882736
4739,0,31.953812054822254,35.15871374178534
7104,0,20.553626820004784,21.62054712203097
8785,0,22.086960140965772,20.688007864415873
1802,0,24.355362486007206,25.45306687155325
3945,0,37.29868447262282,39.749784312273846
7058,0,21.952054310038392,19.581584914942486
1163,0,38.834431194238945,35.123520685596766
9036,0,29.37788283737664,27.152801522332467
549,0,32.38119098386393,33.56387303691338
3970,0,19.37161162522265,19.150181128116344
1595,0,22.21873912992683,24.537333012140632
8716,0,20.39774474006031,19.54064661611924
1553,0,26.006411597158834,27.188165633430998
6660,0,21.631276374491936,22.45373328475116
9617,0,20.18431602951527,22.27737320075162
3513,0,32.54177559752111,28.815852142363994
7804,0,29.982726667879202,31.30767354386488
8267,0,25.484647442872348,25.051152049368337
2373,0,34.966428202048526,37.378150872112954
8454,0,22.605168425326642,20.21207352176975
885,0,24.972321016355043,25.176108299536793
9021,0,23.363217058310955,21.96841435945114
8051,0,20.360143405669632,19.39138269736152
2084,1,27.679883076226865,24.571074916116977
9671,0,25.475445257323543,26.589887613046695
4227,0,32.54914520082015,32.57849424508121
3819,0,24.275855488554626,25.827982698969375
8765,0,23.885171341015322,22.801784013568568
5775,0,26.96280302512951,26.48431839075128
1265,0,30.28571353231234,29.788227310350912
1557,0,32.062957313548054,32.143702247536176
385,0,36.541119568374455,35.35289762094032
8300,0,23.398224244986263,24.169582873487837
1121,0,24.017177692487678,24.68094517374208
2116,0,32.06652216347157,33.318783944895465
6769,0,21.838028242752262,22.004479099304667
3477,0,17.640363760228528,17.39950032559184
5525,0,23.870272832687252,22.991813258617665
763,0,19.408411065940303,19.426483799667853
8327,1,33.79611434689902,33.81018468011583
3560,0,30.14092726983675,28.487722051520564
6552,0,31.021007161395957,25.953810318253563
1771,0,29.00155823788037,28.09100645685405
9746,0,24.701710725692994,25.15418525341212
5036,1,30.27933422384117,28.555007759458846
2382,1,39.466405080686286,36.048487954774494
4342,0,31.07111252146565,32.69113302131007
9836,0,24.66047233817615,25.039793207009904
1895,0,22.7543714982355,25.747317557006298
6590,0,18.788942237678796,21.312882020405553
3883,0,28.831596024472642,30.978711458203033
2720,0,23.98565898496886,22.199244139359724
7163,0,21.39375550617237,20.173026178687213
879,0,22.758062246137403,24.131299266994088
2305,0,31.371199595329422,29.721185998627096
7065,0,17.257621590305085,18.101446079678574
6556,1,35.10054434225386,31.47944343119622
834,0,28.47438939845009,27.49376097778886
4570,0,18.2335287214631,17.846522789746125
4585,0,25.12748352902667,26.24612404896739
5886,0,22.97245286682645,24.810820421799818
3180,0,22.291632930894643,21.74976604713407
249,0,20.94913478836961,21.0359653956409
6623,0,22.85640153358737,23.986733522319142
9783,0,30.112597929830052,29.41819020613236
8642,0,28.68263397732384,32.19971080704209
8567,0,30.29859989944769,33.69467455295113
7350,0,20.28105509659419,20.653574074835717
7331,0,30.211647978519125,25.250343559710817
9166,0,24.958681458607987,23.942054037237828
4963,0,23.175946494157653,22.348014178262677
7692,0,19.25746048585455,20.298677881114266
447,1,28.185625450406295,28.7554315666222
4176,0,22.74727415415147,21.830429916173674
5376,0,26.239083657447477,23.663086589638134
9328,0,24.744906478244115,26.3169104718727
4374,0,26.24899469950307,24.757162503201428
9525,0,25.495170074830973,26.000949514149607
6324,0,18.084136866336358,18.548580834261585
3757,0,24.671688003953797,23.955412840198154
8851,0,38.49016150539981,34.89446333438804
7053,0,24.447923008831268,24.407763579744845
6093,0,25.578772535823344,27.23879488226006
894,0,37.954341421680745,34.749975642008806
1646,0,30.88990374485051,30.954055836460384
7556,0,19.426286968083566,18.80817669087861
2798,0,29.583757282631147,28.00162789302701
6362,0,22.9386334569509,22.80564731611777
3989,0,32.78576397800882,28.85574458127541
7141,0,31.029715894174494,27.82257127798864
321,0,22.327107756813504,20.21861333870408
4563,0,23.67082212122603,22.680071287535696
2920,0,32.11310953106761,33.51862301686801
6073,0,21.05768130355554,21.605534495551872
576,0,21.062272207664044,21.623141236609165
3600,0,25.998906819439526,27.075831740850774
1937,0,20.604046508360682,21.479050045800356
9470,0,31.931840539903433,32.294361612881346
2574,0,28.977688304889035,33.44632668865352
9064,0,31.238294754381826,28.81310012613375
8923,0,24.484050929130706,23.38030663770924
3818,0,28.343469721146477,29.099228188305723
2384,0,29.31643017503588,27.026935475886525
5034,0,22.681320803975243,24.447169495678047
5892,0,31.308227613731606,32.77488907684124
6630,0,21.78599245968431,20.03864679384308
8707,0,17.556934625656197,17.483927898428774
5837,0,18.434390184052283,19.13609827178925
4050,0,32.62794462014424,31.89429588820137
4888,0,20.367797000989995,19.35210586722433
9820,0,19.300607535292265,20.20305763916415
6158,0,27.855311286843378,27.478129006552624
4039,0,26.962630820984224,28.443573068286568
7902,0,31.449716867079132,31.162838029394266
429,0,19.320433823163008,19.932957224267266
9604,0,26.054886238368155,28.105354989018448
1760,0,32.585870098713634,39.228220994559216
7402,0,23.867344453529864,25.943593763609336
9143,0,19.386029585971322,20.17125228313696
7489,0,21.767276822672667,22.580264915496986
7775,1,39.93521759309394,39.3861238686571
3845,0,19.441775266270618,19.16329338136775
7847,0,18.308328210565275,18.562801260549406
2894,1,35.54934783584651,34.441006103450256
5568,0,23.34607882471005,22.568226794063204
4971,0,26.493995045424224,23.33570815201843
4878,0,21.35637560317924,21.528318237896855
6389,0,40.45944289623781,38.99040956240312
1454,0,34.23572458664532,37.522219941197314
3429,0,22.087549079820597,20.577864718827527
9474,0,30.83190983866219,33.621084148031336
3276,0,23.351294326804805,24.24448379304642
7947,0,25.60036918716932,25.98680989698802
7948,0,23.9486990537895,24.068420452366013
4456,0,21.743545146655403,21.192209933138926
2954,0,20.914358964752065,20.929447394656144
2608,0,29.112978370084505,30.638104977265968
1931,0,24.008091730239045,21.970900378917232
6571,0,20.555909428916287,21.12368453072652
8644,0,23.3565273477089,23.36253292136319
9960,0,28.060029873442062,28.574595338733985
8049,0,22.817206234251287,21.135825908126385
2511,0,33.924095446128746,33.45100264014668
1681,0,30.14357682109728,29.98400684719432
1061,0,38.7801954375354,37.48164322020453
862,0,25.26857725901172,23.233536382091582
515,0,26.50134217471493,25.517794610930267
7559,0,32.3042449073581,28.395151646319377
6083,0,23.65443311280564,21.70099667438116
520,1,25.49958402192508,24.32225623073496
3251,0,30.238685562529973,28.736621656447635
18,0,35.54602881954976,37.653657098984816
8137,0,33.85011436628393,31.08771855771766
8399,0,27.54818220411894,31.74551589042167
1902,0,24.05606779270948,25.329943812896857
1721,0,34.7710550651703,38.77780554483654
1962,0,21.173528199239584,21.069981400779277
9857,0,37.48349124110442,39.917423653491994
570,0,33.02349808434225,33.7564330232069
5769,0,26.122040990564273,23.82391814876658
6597,0,25.502922899488123,24.482934689878807
9053,0,22.75966449481352,23.079545754282883
2048,0,23.388074448096933,22.309945341450483
2304,0,21.91591553620217,19.403860351341983
6282,0,18.478731417401875,18.930375097862644
485,0,22.837847600363347,25.690882924649188
7117,0,20.295038186546673,19.421250209590628
9174,0,24.497609954490073,26.41093170172527
5404,0,27.74662663402745,30.00963124344679
4311,0,28.847440750652996,27.562098069051007
4996,0,48.55740184291926,55.0125086620172
9804,0,23.406819459758797,25.153746755803112
8600,0,19.1208634823571,19.606094871979572
867,0,25.892107967188817,26.43051391812507
7680,0,32.20370834073527,33.63442091829077
7934,0,26.34653247987319,25.28987939994924
1554,1,29.035220219837054,30.209989434401937
4688,0,22.116754302785214,23.485010653837925
8752,0,19.852600253408916,18.54080331053939
594,1,29.300303730056104,26.062109306213774
8163,0,28.31592518026686,28.14936340180305
9395,0,28.43546508409315,27.18804358680201
1272,0,26.140765741663344,25.960607986339635
694,0,18.277955079994697,18.260753052794684
386,0,22.88442502618124,22.9523597442229
1352,0,28.559407785490237,30.824308337729654
6898,0,22.829077632604804,24.596883270624378
9075,0,22.00667583211656,22.36288021603399
970,0,21.21763025705185,21.927791877134148
1297,0,19.687401936611177,21.292866708224977
1325,0,23.194737520315037,22.668499067370607
9463,0,28.96252821849293,26.610759038928546
6309,0,24.070988842891655,25.598610287560568
816,0,22.27413524329951,22.6998250595448
5915,0,36.773436531666135,39.52003923079631
9238,0,26.55211845788527,28.021640449894893
5773,1,37.377987134685675,40.9251341649856
8168,0,25.239598831899706,25.190645649392998
9602,0,30.209253953278893,32.49210070158996
3003,0,27.628553001206797,25.460644960786432
7316,0,23.544018596733245,24.23178140521157
8777,0,32.311165378456,29.03770451346171
3632,0,27.70209029436322,31.473055183547075
5857,0,20.622834913010674,19.88336098532092
7561,0,20.050153542184365,22.96617260700839
459,0,28.829676382805115,29.608562714878868
5337,0,36.394698338370894,33.433000368428274
165,0,20.157439340583274,19.34360001305268
5674,0,31.69288556428844,32.16966129199623
5846,0,21.03882474360073,21.889228290977783
9081,0,21.42472327206755,22.150069659213628
7936,0,31.827638448552175,28.912730273774176
404,0,33.790782332591206,31.183078797060222
7536,0,26.567234723910982,26.177381583130472
9953,0,39.43700898139795,37.914378083495336
6079,0,24.20724732335724,24.543451774825453
2093,0,28.341207009852265,29.769148271713707
4266,0,20.343487113145834,19.09858197422293
5832,0,20.574906109983107,19.994749041468243
5758,0,23.186124219086558,22.335740349130276
3930,0,37.102400357835926,34.83154538528275
7746,0,21.112748477130676,21.47833939379393
4525,0,23.434400228033283,24.673788919443023
1365,0,33.802918587896045,34.42337910484157
1011,0,18.22622595494658,17.030329437155682
8977,0,26.896655651244124,23.301472021942665
9322,0,22.846480525640583,23.87084015857451
8892,0,26.290515780931617,28.469015597227532
679,0,21.00008161206269,21.296153505365318
8484,0,26.896409690633867,26.53078828476974
8380,0,38.95557590821372,41.167007590584824
5724,0,26.335070267324063,24.15961371638321
6873,0,23.01951764215349,23.463207623530916
4624,0,26.652508349354083,24.166194033330527
7540,0,29.36846242378087,31.45942077674583
8609,0,22.76253070081801,22.406170879962183
5549,0,30.757438839973176,34.55079694231909
1889,0,28.35337358454567,25.5347092714607
2836,0,26.976032811088153,26.86381762204855
6565,0,30.887568378422735,31.655269356522055
3263,0,29.575379439873462,30.441743738438056
1306,0,22.2408699561317,24.482429943427565
4161,0,26.638031086212436,25.669739630508566
2060,0,27.48225999446287,24.689590734852732
6581,0,31.772354649756974,29.15089401527952
5781,1,28.638867301249434,31.085319397370323
5476,0,21.511614548458958,23.32087364681939
3105,0,26.62935929065465,24.47163738226463
217,0,22.763089864514992,23.25026161231207
1113,0,22.119766264189547,22.457912519020024
4580,0,22.835653665845214,21.436470470036493
6412,0,23.469387729768936,23.892651360181222
2998,0,27.282692365801086,26.478046999373596
4466,0,25.88221261510918,28.08968158932454
8602,0,21.20098058610426,22.557846539884405
6308,0,21.594166529795267,21.48190110534016
5502,0,25.51764573861353,23.10601680037549
1322,0,29.50973009291749,27.36992451318884
2560,0,21.82411066616053,23.090250584460183
2249,0,24.753135378242327,24.246506289051666
2456,0,22.777899464855658,23.30653226773475
6306,0,39.68057749712855,38.96135813361418
4014,0,27.744775062419773,30.495048584831153
3898,0,36.31453851629549,36.74038468890531
7363,0,44.611017208571525,45.46745361390553
8144,0,25.24532712251405,25.262335158684426
8879,0,23.151677996172957,22.208984159773173
3897,0,44.258955571408244,44.728102853215944
9782,0,47.36974972457947,48.25191331431804
7231,0,22.95866466586031,22.14109952177469
1296,0,30.186440146494355,27.513215289574376
8018,0,22.250417813963274,23.276277165612314
5970,0,27.64507495058892,27.964274584292667
3876,0,28.28216906209215,31.83253285080352
5231,0,23.9679549906896,22.395169352973408
1982,0,35.439458996034475,35.28967829024315
6255,0,23.315065385496368,24.54511434242951
689,0,24.736107597076078,24.54175679786598
2679,0,28.207054613546543,24.018119191995307
6327,0,22.109703568915407,20.292700678869803
2119,0,27.854335265184694,28.429795441225718
9536,0,22.121581592666807,22.71436482480643
3441,1,35.08885372303114,34.46716910804045
6295,0,21.365008099679265,21.83800408145977
3360,0,33.40399740948635,35.91839039379114
2701,0,25.797459372690128,24.209030227724483
8756,0,21.298305837843117,23.40107832729969
2700,0,25.704490779983118,27.532104096772795
4226,0,29.63960148300012,25.70245689989001
5938,0,31.777478858262928,31.217991658892675
1667,0,27.40395450093484,28.94633836004299
5750,0,32.906290814656856,34.59096946110106
2173,0,23.100453162513134,23.215789965214523
6110,0,25.167189358551116,25.482959424771387
2132,0,28.764522306570736,26.878582026460094
5046,0,37.025421027786344,32.2211574347235
9416,0,18.595754585882073,19.063713942540613
8973,0,19.878405948205476,20.64958870250611
1800,0,33.93308027757382,33.65082399823057
3839,1,27.87284243968426,27.336510887098445
6824,0,26.080346966879855,24.410589014365968
9354,0,42.288681456443776,46.96685227752014
6025,0,22.7605299271387,22.224941360067227
7457,0,33.148309948978046,31.358096487877994
7675,0,25.93872315732895,24.791801276599898
9533,0,47.05050232246439,45.39864747435161
3701,0,25.736963434983572,25.107359179963602
1310,0,34.37977167419711,36.576581090781126
9986,0,29.216335902511148,29.23098825458165
2493,0,18.64116197438816,18.436186851554957
6763,0,20.138480694366617,22.18217374793958
6618,0,33.567621530461516,32.67052846261307
2353,0,25.40918373622667,23.956663984012437
7819,0,26.46629189283719,28.320161076395554
3400,0,25.32806243164041,23.74350034140412
928,0,22.03262533489388,22.183872685447934
9540,0,23.948033096748716,22.28578287523193
5104,0,27.433289055677815,29.98389680738222
5621,0,23.896805947889018,24.599611726479893
2688,0,30.098489696538962,28.77847016277969
4538,0,25.06005476538884,24.119541588657317
5962,0,38.239671406278354,40.14765713070332
3874,0,36.143986190264854,37.14544043762936
3946,0,31.21566708923807,34.617688885480135
3744,0,36.89044614978318,36.68315397385286
1711,0,23.79423602635377,23.978349986805583
607,0,23.932770365838167,24.988040896029347
1916,0,29.670174756226082,28.148730328672197
7190,0,29.937569216486903,27.26921436875656
9981,0,22.913023767117448,23.497014131524995
6154,0,25.213650371003627,22.514139136568897
9556,0,21.252307621270415,21.20555635594214
1852,0,19.32255778670029,18.639547490863812
8234,0,49.56069690304612,43.502991401958205
434,0,38.19559613476412,37.06257375333513
7250,0,21.38274118806118,20.16757998375247
379,0,24.320473077093023,24.82771260984893
2983,0,34.0463386096555,33.48370440738876
3073,0,37.885101510852806,34.43484384247959
8453,0,28.40278125858276,29.012107148768603
6748,0,27.785352282505926,26.166376233290542
8564,1,30.692227425588904,31.80617431214336
8724,0,34.1661201184795,36.01658511247172
5204,0,33.62244690873085,30.947227663607322
5521,0,19.50133000178227,19.535040367821562
5842,0,24.412630309460198,23.929067037178676
3902,0,25.008350728191466,25.6285325074652
7610,0,25.89335942006461,25.194474652726335
1621,0,30.062909065074276,32.39866081807544
8026,0,26.74617430627624,26.906542136338153
9455,0,27.229680778984623,30.052562777702427
4450,0,32.29608539860029,31.665960214908928
9626,1,29.492634614854648,29.915776335665377
3721,0,19.09000302440098,20.287459074662696
9571,0,19.91596925979361,19.996414843447436
6925,1,30.664741133465135,29.319415918136833
9154,0,26.276925664481542,29.437059209426938
2418,0,21.645158629388067,21.750718440038785
1254,0,29.333534320336724,26.77821187860227
6709,0,32.26580247317519,30.950283301179667
2522,0,28.159025875981143,29.470586045854496
1856,0,20.72878872093553,20.288604881451164
4623,0,27.602409986996364,26.627727538330618
7341,0,26.785521462665262,25.987750982951482
3206,0,22.567008182465557,21.602509411474283
2331,1,29.61379976262446,29.158617930598783
7773,0,25.069262471437405,25.769487190533273
3181,0,21.348514498217664,21.849432215111232
8315,0,24.583028525598674,26.263163634066053
2050,0,20.65701448820315,19.304019121389167
9374,0,19.613183490587826,19.02557574971831
5681,0,20.454911722195256,22.134475320053557
9249,0,27.992579543042716,30.177680944739684
7430,0,20.12986105617195,20.5538152368052
5888,0,32.35195065757534,31.925299364686733
6297,0,32.81704572237278,28.232113309554034
1532,0,20.91379408767154,22.55041709834416
9548,0,23.14446615925075,22.14568053316153
3247,0,18.22227541076618,18.148571674066336
7892,0,22.855974402709943,24.121849174075578
1682,0,18.665980377628223,18.370328618228413
66,0,21.913203389790294,21.245703018918057
9644,0,31.860910397857186,34.297068510774054
2368,0,23.377545040490958,21.508943646165793
7837,0,23.21887591031071,22.552034070991716
3939,0,32.24003097187704,33.301046869155016
633,0,33.160360117186194,29.873344894485086
7348,0,21.586709800955816,21.251864743368643
1961,0,23.551823501232604,25.005138619268617
9975,0,21.656011308207532,20.62046068259247
5163,0,36.705934350180854,40.32232713520065
5686,0,28.877673633320942,27.948638325429506
8457,0,27.496315058628152,27.285541881170047
4366,1,29.25353740186502,28.632063352530306
8405,0,22.855430113353645,20.78420607634767
4254,0,18.25538356631253,19.166118774630878
2547,0,25.391035370990647,22.653639985566898
7792,0,23.93078598781771,23.858773528465967
2281,0,21.39283899081954,22.57885274338289
450,0,31.640990120515806,31.771664333732225
3764,0,28.17294798926321,27.438166786948813
7376,0,23.925781938234397,23.980405774136965
7633,0,23.321142365221355,25.311163214790536
6843,0,28.713730636009036,29.76478304004014
8007,0,27.512081659472063,27.187865235767113
7283,0,33.56260306360241,38.142482171305886
103,0,35.06228857923514,33.74742630794617
5825,0,25.32682854579758,25.143282043292622
7209,0,36.204501599363354,34.2194511331401
6954,0,22.87006870383444,23.60611861862937
4085,0,25.600679867398455,25.762029119760953
2622,0,20.449151110803705,22.002081741382362
6349,0,25.613425545219137,28.381107906405298
8571,0,28.445018733103172,25.844297388980877
9100,0,19.23582593477679,19.44547688683153
1723,0,21.55308126318156,20.328814850763038
362,0,26.464813848678034,24.918551625599104
7018,0,27.634779623423945,25.842342328454947
5261,0,19.324250474147703,20.394344559773465
9716,0,22.26111419958595,21.911177987597227
7288,0,32.83334868366197,30.68871971610343
5764,0,37.01749180877826,34.452840628194686
2865,0,24.45408977915647,23.898182952270407
8925,1,28.081496439486383,29.504755263034475
9951,0,25.01803125444431,26.65661311803779
8099,0,24.55166705499587,24.060951662331323
7894,0,19.602809800620307,21.06442059289114
5647,0,33.07117335461056,31.071936113106084
589,0,24.632163497384102,24.61231047488165
5460,0,29.586900779157094,27.351252549297566
5119,0,19.103258776518608,19.393466970088916
5156,0,19.703466029883057,21.111355232929157
174,0,23.542930235490864,24.436722233746227
5428,0,29.06133191284829,28.362586986783917
818,0,32.98495731280424,31.528710471394586
1718,0,33.58800027560971,34.42260173561698
4400,0,18.380755616972927,19.487749375320742
7980,0,24.16578016564337,23.689519470858865
7711,0,20.89745960894463,21.74290019989174
9547,0,18.13885794910911,19.477246062544634
6899,0,28.75523892063398,27.326899409996997
1897,0,22.805374545685655,22.40161574344566
1455,0,26.24812206603255,25.450232097543203
9017,0,25.747384296727724,25.697383179674627
1132,0,22.3953312561552,21.81536253304889
4120,0,27.600228266050127,26.92225111477361
8110,0,23.07114520229692,22.155207340340183
6569,0,33.74617781952421,31.84852565655929
2969,0,19.65429872530702,19.27219702154405
1456,0,25.768173408233643,23.05623748382692
5491,0,43.24311575895554,47.16847078031168
6610,0,25.06797996218151,27.287276767025272
1736,0,19.356933910989998,19.117303137264432
8270,0,28.34161714511132,27.512376360696585
2627,0,24.794101053867717,25.533624920282502
1343,0,25.22056823598771,26.472129069260326
8324,0,30.9576029211231,30.221579435755856
2448,0,24.352252833786988,25.293380004845254
9147,0,22.733854918706843,23.699388049770537
4075,0,20.504400146551014,20.56452433540204
4013,0,25.890793730503134,26.272293252856713
1664,0,26.19673406383321,26.04484176718265
2005,0,19.781727558106052,19.455799583293526
6431,0,26.835023759215343,27.46150434887929
1823,0,25.154134618856204,27.749400191125847
4557,0,19.969555209302182,20.280813899185087
7245,0,23.437608048907148,23.516999706773206
5652,0,37.0833305280359,39.42993512880284
8706,0,40.20041135259394,35.92984607006918
3741,0,21.828988293166088,21.99564332945744
4930,0,24.994572049001437,24.504693118693265
6849,0,29.883253718867117,27.859080987782043
5916,0,24.039671763024415,26.274899166753364
4976,0,29.08795530563231,28.532665491778946
9629,0,26.07100514737448,24.18184136399651
4670,0,20.39679748833261,21.069846605904825
8971,0,17.927228477922316,17.68563785318681
2838,0,24.353734430989853,24.694951861493532
360,0,21.23260448744378,22.856835735575427
3271,1,35.764458900945925,38.674773421341946
3823,0,23.367908924990367,24.499417564758943
1444,0,23.738128722555437,20.377927500364027
7026,0,31.019528630352546,29.90517542100107
7308,0,36.317130997532814,35.58473278705432
1301,0,45.705001100499445,44.4418892125625
5300,0,25.641329694527684,25.891985092738583
9549,0,33.950482222751454,33.742511401888564
1957,0,33.66485479456816,29.702852458251392
6347,0,21.148560462027095,20.96192207477432
5709,0,31.560074835082695,30.664990455606034
6085,0,25.39874215913562,24.221505260709204
3163,0,25.64443665977932,23.151311585111205
2183,0,23.025062054841584,23.787094117581052
7393,0,39.45095004407438,40.23797730766515
978,0,33.36681609239603,33.59004176064306
4126,0,19.07203404048132,18.321242644608983
6986,0,23.409922539389285,22.72425909131938
652,0,24.598615839792878,23.359621942374293
1529,0,20.05251700231124,19.631430440191764
7508,0,27.715021932806202,27.747647477746362
8641,0,29.131206370678502,30.153797295387225
6277,0,34.58042515803441,35.86873299405588
221,0,31.415015356344373,32.44394205708762
8134,0,28.87233790743286,29.52206563606612
8262,0,34.511083114274314,39.31795450420711
1720,0,31.298843427200882,34.38169027018556
9952,0,30.855894940489435,28.486940487408894
4808,0,27.8061419362061,27.54148588355264
8169,0,23.46147543539408,24.447195239318912
8555,0,37.22954280187107,32.50424187139468
4517,0,28.057652025584705,28.41835430166027
7105,0,33.7129993828171,32.18257791436421
1008,0,31.209520477236364,31.503276692980442
9898,0,17.623650311111135,17.965127845437266
8700,0,21.455986826856368,21.425040608548183
1240,0,21.354344841222375,22.173533459067585
8525,0,19.079039701850817,21.26121934724563
1705,0,48.026980151176154,42.89658132703735
2903,0,29.14309391003098,28.022996334386548
5479,0,17.394385686519552,16.723452763231855
1395,0,21.57845826638352,20.75099986517522
2224,0,45.937540581859075,44.27256605256107
639,0,32.92798047871977,31.757087794469175
6187,0,23.48973843472363,25.66065884573539
9529,0,22.615847599928454,22.15467511551939
7240,0,27.146045274388875,27.384430994900583
578,1,34.896578312806476,35.61515594618632
1575,0,34.30099104762277,33.54993126874696
647,0,19.634773385000788,20.443477390755803
7716,0,29.14801357564167,31.762976839414318
5424,1,27.615855546343248,26.970282124823566
4704,0,22.566986384552298,21.172361372905126
3643,0,19.713108350672446,21.213159867984345
4156,0,23.15097486300188,23.376554087930685
8685,0,28.663892201158887,27.837009599491036
3507,0,29.863868984896172,32.06228296290162
6503,0,38.678597925499005,35.93991585513135
4369,0,22.833581570315577,24.798955269877816
3236,0,38.032786224715025,34.258612905012335
6555,0,30.473173541716,31.342105413679885
7063,0,20.99883890287095,21.141792108352206
733,0,22.020139556378332,24.281207475576323
5224,0,33.50779835290067,33.15956703798655
3961,0,24.159833843215818,24.57073514032993
3873,0,18.735648783499247,19.471832199917607
1362,0,35.24030108082297,35.43597814753058
7787,0,19.676596568345843,19.208359706423586
7875,0,19.274796708886228,18.37027370089006
325,0,22.880477476135844,23.114768949151184
9673,1,31.57854575807598,31.97411871079226
7329,1,33.902271181795996,33.24084222568162
5717,0,26.61799671332313,26.23585642065842
7798,0,23.053308731426814,21.480948428130755
1188,0,19.597241515454414,21.11063515951998
6604,0,23.372440527376103,22.319396034759798
7252,0,30.32818167047138,30.459722927747823
7720,0,26.93518324390238,25.035237565376665
4694,0,31.594071289923757,32.542513124831046
139,0,34.02476546521333,31.04651908916729
5137,0,22.872360916806933,22.291543283215788
5160,1,25.166347736336302,27.547106502673845
6102,0,25.94328912481039,24.428850325126117
4134,0,27.164846445900643,30.879308417896382
5310,0,29.59981726373438,30.68981830333069
5343,0,30.59129311077391,30.032847473418247
5211,0,32.31307041057092,27.72465103561729
858,0,46.404803772229556,45.464284311737416
6,0,24.792476773022102,22.59714266481043
5365,0,23.626764069217746,23.345741449244183
5570,0,24.267820916344846,24.120405986890173
6666,0,28.786623695776207,24.02947697697924
8529,0,28.34679962410509,25.45307866620721
4863,0,37.90682236735384,42.47390564249855
8121,0,25.80356765378607,28.79468477606364
5871,0,38.80804813951898,33.91517652612493
3934,0,20.482938294514543,22.477522436469716
9218,0,22.189237753052417,21.177104158346708
427,0,22.457843529989198,23.424178120649614
1271,0,24.250345006659884,24.21514314366067
6787,0,23.326872350056092,21.094211790670737
7420,0,32.432842260887924,29.729627072714948
809,0,33.582687281987845,30.11035173258536
9733,0,19.585694469935685,20.954086065126535
994,0,22.54825800232752,25.177942802782077
3673,0,30.809857350363025,32.931108887005024
318,1,24.880927615454095,25.75385391687246
2897,0,21.259795299574094,19.449635368888664
7023,0,28.003009007254086,24.939335682187657
5383,0,22.71836040767196,22.49361658330654
4432,0,26.403784264453076,24.39247321172759
3649,0,31.621008262107225,29.74697500096792
2076,0,19.94851157228084,20.382675225646626
9674,0,27.127360878914182,25.51358547957055
9089,0,38.73517097802567,35.008629529998395
9678,0,19.63266333933526,18.203215863529902
2693,0,26.502631109715676,26.237161056800662
1972,0,24.738516975448423,25.688508892246798
6930,0,22.122735656843716,20.915890262158293
7169,0,19.83913888763805,20.17114101322368
6231,0,32.240370005942665,30.587440457502375
3296,0,23.639729372216962,22.467581075551514
7501,0,39.47449276509857,40.736957472344315
4318,0,26.884036863661493,27.00811594298392
1586,0,21.881118052529057,20.92376611515975
4985,0,28.876944794757275,27.899456341536247
3715,0,22.992115995726095,23.176970736209903
4229,0,33.178196687956685,31.328518769495854
1796,0,19.80439381689074,18.37843654375883
960,0,31.893580436510206,31.338376948622532
1025,1,28.905064999728335,33.71826891287317
7812,0,38.036822193521814,37.36113846316846
8635,0,24.544569606189548,22.745881605244435
4283,0,31.093206068065218,28.1374190094841
1922,0,35.81606818358303,35.18025302749742
5602,0,21.72049795296215,23.20538219839883
9567,0,30.3341621509227,29.085887853169364
5766,0,28.96214974417337,30.152042610397512
6767,0,21.562012591701148,22.429211326875876
2397,0,24.58927927230949,21.61948503623933
4107,0,21.62824368655631,19.983267019076262
3829,0,36.67997372377007,40.69604232324933
2302,0,25.325142662491917,22.897492511467583
9373,0,27.793579392112136,25.5971974441817
2559,1,37.82334048972265,38.84699864454972
4761,0,25.775994946880598,25.7739901288207
8014,0,19.932437702583307,21.067085145788123
1327,0,30.225258776898343,30.907494851783124
6330,0,19.32549396694115,19.165555899286293
6233,0,31.228785354027814,30.712270332778125
7269,0,33.231760457885,28.13986827399204
2152,0,35.51010021356299,34.51269456311018
3539,0,33.56109746308096,34.60655200441778
1652,0,35.497118107090486,33.91104217733412
5727,0,26.383481740402576,27.196623937377613
1407,0,32.9997413179549,33.43481868729165
7978,0,29.654498634014182,29.90396536323398
1458,0,23.12015709897769,23.349253756565044
1580,1,29.505965727151892,33.420877973185334
7607,0,21.605298016957985,22.637387947297142
8046,0,34.933198064875434,37.3005767831676
7747,0,18.50153560825292,18.355301109765914
2995,0,19.575694859989632,20.956212334432458
2858,0,16.664965463919913,17.036031233320863
481,0,28.66356209014061,26.399200428397126
4719,0,18.896609627350237,18.273611363620304
8426,0,23.48529368416383,23.503170913133335
4987,0,19.47620271549322,19.003648941833525
8744,0,17.397696267356995,18.652548368300703
8919,0,27.442028940308518,30.735149929317448
8020,0,24.181170745749718,25.61233692061612
8105,0,41.95576223136005,40.18729214938746
124,0,25.981628003725884,26.80577953427208
7134,0,22.063845178884225,23.618190692270726
2724,0,23.725079070142066,22.300000023060452
9072,0,17.65736519185606,18.88027973796062
1139,0,35.487291496990146,32.7193269407936
6227,0,25.692453364911152,24.72401844172637
1197,0,28.49960031892475,26.588060175767197
9198,1,31.037241056245215,30.892984973283035
7945,0,18.731144803529233,19.95080272312014
9392,0,19.657673375498714,18.943313615761504
3009,0,22.03041635830499,22.58075907745109
5265,0,27.77366962470306,28.13152808375852
3246,1,25.89869083831082,24.40276860248793
2120,0,21.94270366644785,22.544555889684585
6918,0,31.92349360814207,29.57398045423504
6705,0,36.56057510791291,36.31693229688879
4261,0,30.985090932809094,31.746676695563934
2232,0,33.525835646599944,35.375721964040295
484,0,19.840624569089528,19.453300842808993
726,0,33.977479723993376,32.97172628843147
8023,0,29.048493672612235,30.157216873586627
5818,0,33.32819681405689,35.6333780560054
8038,0,30.09496051551387,30.923201574268727
8745,1,32.453105164751975,29.543665411206685
982,0,25.89618914042846,25.932097944906474
509,0,27.026275392740164,25.325181101774593
5967,0,20.573182418043874,22.150769842795157
3892,0,22.010178907481958,22.11249962901445
1666,0,23.212074822121043,22.592021118964706
8415,0,26.059483578941865,25.069642753949385
9111,0,29.789164980394684,29.72940586213302
4817,0,23.007739110563747,24.346160872760006
9637,1,24.968354887869523,23.956300448750135
643,0,21.196526239552952,21.575020812449946
380,0,22.71006687007045,24.47448301789266
7799,0,28.878066425148223,27.13510428863518
9947,0,27.188863844331088,24.947195587961858
9070,0,26.484035940527786,25.119468973208622
9413,0,28.444729348119242,29.61169287628607
6629,0,24.897715038317887,24.709953670255178
5489,0,23.412365310048838,23.334413125028004
2747,0,20.24454214053985,18.984300605522105
8332,0,31.850467556967732,31.19731916259194
2856,0,19.54268124448987,19.054304694255798
5823,0,29.01447133847762,31.413517055117822
7943,0,22.120631712423666,22.298869409959675
8224,1,41.38872291269042,40.36631553850001
2463,0,23.90731951443683,25.483149427324374
2026,0,38.72654007503827,35.90767426482818
2437,0,21.95933193354982,23.611512900422344
5430,0,45.41567411533439,44.281694666283165
4837,0,37.0223720465207,34.1266409766793
7820,0,35.53925421096045,34.218737534523854
5195,0,20.570325816743555,20.60465799208655
5423,0,28.90126230614111,29.398064098984975
2714,0,22.032089225644285,20.497875874295094
2802,0,30.541275556194066,31.48618117097572
408,0,35.08807260382802,35.3661780195486
1907,0,30.678534977962663,29.18077238522912
9007,0,27.77688869871643,28.522235091417166
1877,0,19.12731255672616,20.43102389640574
4781,0,20.785866050661244,21.7200707498426
4822,0,23.137852802159216,24.772211217976984
8519,0,23.943855564217728,22.985205401256447
5258,0,21.45811863502255,20.547700261563907
9286,0,26.68137752921851,24.14425039651431
8395,0,25.51906297384102,24.203994961069842
4480,0,27.1557188436202,26.278602788889856
6229,0,24.93350542199441,22.904751458515243
1369,0,20.96973771741839,20.33394864338266
7573,0,22.701374268053776,22.452772357525195
2259,0,33.286328547710234,36.69185152590158
2985,0,34.058337539921695,31.22700106693591
9656,0,28.540535850512136,30.782325238415527
9657,0,20.289406456719476,21.24054051051413
5,0,21.994473073825944,22.176301632140042
6182,1,25.385975808142664,25.710192928821424
1892,0,23.860224015334044,25.741180708892873
35,0,27.858480445654592,26.496128488793634
4923,0,31.42878244169837,32.68190392870653
4381,0,28.197350233901993,27.59686028513944
7911,0,20.303515034979142,21.1964853355002
2759,0,29.985720746489513,28.103372195813694
5454,0,36.61996328383489,40.00394320723352
9331,0,32.94726755900939,29.599378514368336
8747,0,35.696002339790425,40.2175219325031
6230,0,23.67781772195216,24.396897724829373
3716,0,21.44987060704255,21.95770291473606
823,0,28.147482704362275,26.47755327499874
7985,0,20.95251570360047,20.880850107688488
2994,0,28.587916640139778,28.212056401399767
4630,0,29.899003411836652,31.797588615451065
2449,0,29.88660265974552,28.99103415408582
2180,0,18.683528490893327,17.83456044913848
3119,0,24.770648299870775,25.728732408866318
4870,0,29.10110423504887,29.188595148941577
2697,0,22.755286367660837,21.79920060334096
9332,0,28.74623061058981,29.669991144137867
5860,0,25.487316031201207,21.68029228563211
9521,0,33.952124134779815,32.19135191210469
27,0,19.099410011286974,19.314684810281317
387,0,26.045695462556868,28.347771032323482
5670,0,24.945848268515125,23.014177528082165
3239,1,41.31196232204776,40.05475789104044
4977,0,22.050205987681416,23.4105049077332
5835,0,23.985514782610075,23.545191727653044
2706,0,25.661181440159787,25.848232610747765
2399,0,27.026626733936734,27.968588935136715
2035,0,27.93137995673804,27.055103589516037
6203,0,19.022966151364294,19.676899519190222
1160,0,20.645567354058134,20.930054994578835
3194,0,20.290170430199286,19.989012869841776
9172,0,23.59292668564852,25.039624082732523
5453,0,25.582441424763996,26.289701836073256
1912,0,27.771397256555787,27.906061024512105
9020,0,27.840862791841527,29.429503005654755
1067,0,20.842971913515775,19.86041223715495
6339,1,34.864811235888396,37.31741496379631
1688,0,22.084395689003347,22.699747364073943
5168,0,25.44322642849478,23.746869334409464
705,0,23.73719203077464,23.979297356569
92,0,26.955892821112744,25.75387346549082
9762,0,25.015712311987418,23.706383404822276
857,0,28.924778557121044,26.245635154328358
9720,0,20.231035562883548,20.604150582707433
2863,0,24.094133827014115,25.0073302112311
3909,0,20.439763928268103,19.719885974014332
9430,0,23.176574826471917,22.962647000823377
5964,0,30.241007247333542,27.82061415596784
7713,0,24.407065674988168,24.04970545926548
4170,0,17.768958520795437,17.864308528318524
1996,0,27.803652276659985,31.53482765736489
5963,0,30.761579931223284,28.73782434691815
9109,0,30.703103915768654,31.21760577855668
2248,0,21.487338229987706,19.955570569597754
3711,0,22.517049506183074,21.366135512264915
2068,0,22.499746517229827,21.41194648500824
5333,0,22.010037041824422,22.247687703154778
4774,0,17.250291020557825,18.33665013359791
2680,0,28.439028293119794,30.173262070540382
7485,0,25.486465476998585,25.79776148619503
5901,0,23.52423896806306,23.295807873148025
759,0,34.53164020620921,35.218423369094246
3417,0,23.788740956429816,22.87954458423154
1948,0,23.50212614134045,22.204576308683144
6560,0,25.81110990559681,26.924009886680913
6271,1,32.71422415619911,33.66824833676885
5109,0,19.51877301733838,18.326480221757194
7758,0,24.35581122980023,25.297397495644944
6949,0,24.99300283745977,23.858808099102088
6420,0,25.392705034576117,23.645057558180074
965,0,27.200379778031586,25.838459440497303
1838,0,22.60241402631533,20.915099480661723
5471,0,35.70451175018303,36.23776902319334
1436,0,30.95206622877183,26.424296364369226
6587,0,41.812391937382294,44.37977816985068
5712,0,21.31868155828584,22.239695805630642
9212,0,19.96808072618978,22.209385778570017
8717,0,26.746223625271146,24.738722154254738
3732,0,18.432016086736166,17.04683239533583
54,0,33.27807909703608,32.80486632112431
6527,0,27.267609137252006,26.680937668321057
4239,0,23.77290494542644,22.824491866399004
9698,0,25.21725439109153,23.105738452555176
6360,0,24.271616245226262,24.659248812492287
4073,0,26.904001093055843,27.310591166788075
3878,0,23.45893572343324,23.418747182782777
8276,0,18.904473380853144,19.629917364878597
5162,0,27.390483309822734,28.111885977814126
8299,0,28.44012899951224,27.910722214123155
9182,0,21.471924951064103,20.96129367271864
1700,0,21.51192033415085,20.479884203492098
4181,0,22.3396506141233,21.072739279294122
973,0,25.985060454382175,28.49977637952585
2527,0,29.232735721013935,32.69834559301607
4186,0,23.407828918675104,23.700591504861936
4135,0,30.42595882896617,30.993204585035233
6745,0,26.698248290091076,27.97472350866697
5876,0,24.8758386238569,25.03039262771154
1176,0,35.54574669714705,34.42204133567474
5359,0,19.993372380013962,19.847636809695853
9714,0,30.873043363026422,28.496088224383975
2582,1,32.37648628788031,31.33699101881881
8183,0,27.363305838250433,24.61293745675799
1264,0,21.441687863332778,19.515075412761618
8874,0,26.825971893156133,24.93767644279425
8400,0,23.86553216578449,25.14033186645421
6883,0,22.478174890729754,22.269498952455642
1227,0,18.674341498367546,18.047569935755956
7133,0,25.245166141023393,23.437820443904847
6403,0,26.91235814298603,27.348855477474633
8316,0,20.869297203231778,21.335774940472824
7368,0,22.326340892196185,20.60279747388117
4790,0,45.81895815955251,42.30395465845456
9887,0,28.841488813807302,28.566236775846782
5447,0,25.34706969729047,28.15468554879599
6169,0,20.545208204481728,21.638069520312374
69,1,22.787419640085105,22.175763420518724
4764,0,21.255652423639102,22.571817803943024
3159,0,18.33028931551609,17.607370904315044
5572,0,26.104172823114705,23.54833997236846
8813,0,20.662815823659013,19.472783510294093
2746,0,22.74783432634975,25.884153315267827
6018,1,25.844432611659023,26.73546610345317
3671,0,35.29175298857975,35.18905051595539
5381,0,22.663600711095885,22.21503999946732
9554,1,27.31716878008367,26.97310319803605
6715,0,24.628887434607428,24.7011302597418
8406,0,40.79808385326044,43.713848106592366
7761,0,28.9666503836133,28.243471521879393
2103,0,27.440067759424196,28.15986854830098
7456,0,18.14805898423369,18.547835922281564
446,0,22.215245861632354,23.668622791175977
4196,0,30.991795439670014,31.703587419207842
4681,0,29.03426795707306,26.518626757498946
9175,0,29.493300143150087,29.31516287570374
3233,0,20.740941923156743,22.56009337831015
7997,0,18.810428819489946,18.917751834067946
1730,0,30.293537754351945,32.14876675134997
6458,0,25.94929074526057,24.57185490274636
1508,0,18.972596000881943,17.924138437353434
8833,0,30.30064704083121,31.11883251084993
5286,0,21.967904771070636,19.72199377238234
4673,0,24.371784720457246,21.789675558371986
52,0,25.5011829842133,27.19297541124832
1034,0,24.574929106696576,25.486560686494226
6727,0,30.216052122545168,31.78887895993277
3504,0,20.26017820317656,20.713957083005766
5026,0,30.383401774480102,31.921493075142113
260,0,18.775304279280927,19.203245039875537
3616,0,26.67874103924069,28.41967806214269
4513,0,24.369409640978777,25.341008005327737
5537,1,30.605004161869974,25.065038979026262
7531,0,21.455270787080156,22.573858274723094
3403,1,27.948018909241846,29.047080488071323
1959,0,32.29551559522903,29.002754212675022
764,0,19.414830228545824,20.783756465886132
9699,0,36.637057704847976,33.34095436019985
9030,0,20.40284433184942,21.772653567868748
8003,1,22.68547920067889,22.434572670623236
9584,0,19.06738135766878,19.213598028742837
1767,0,18.647160143057654,20.416860917784827
6807,0,30.752154866030022,30.463294304080804
5611,0,27.866356005682597,29.689274946275816
7108,0,38.953398500164525,37.44805971370216
8179,0,24.85468962335713,25.649885774596004
2877,0,40.02976609865139,36.56078014749985
9226,0,33.550129089765704,28.683028648581775
4973,0,34.47822689812884,35.32988068571221
9300,0,25.535883494259235,23.55381657822236
2535,1,30.21009320335391,28.535588276551486
5951,0,28.688262454531884,29.13097981195985
1919,0,33.013418982595525,31.249296551283738
2400,0,29.297419069211585,27.37731012773956
4359,0,26.826219513006805,25.62354195436736
5878,0,22.759692311903606,26.463392584298322
7429,0,24.74587878840644,26.34909773367821
5108,0,19.645833464062893,19.85422629163511
891,0,33.795829068423295,31.451754775332972
3410,0,24.619859475747763,25.521977945729052
5356,0,28.49976869162289,29.43302564471812
1964,0,23.052711076884894,22.888358141178447
4998,0,37.40559525818828,33.540602826852606
3817,0,18.84305659494094,19.846417487283937
9552,0,28.42783394611689,27.142962938845404
2492,0,26.87882486730565,23.98285176861038
121,0,37.04950381370148,40.3250834251521
2663,0,29.05463546993159,28.91475971114751
1655,0,20.527908985050217,20.204291114185533
7616,0,30.439717365197943,31.772560300554478
7487,0,16.54774811243667,16.542175316286293
3046,0,20.58679217725341,18.418117898768344
6335,0,20.02167853550273,20.068112302536335
5721,0,26.766836732947933,27.00243660832669
9451,0,28.84077138904378,30.77312751350914
4102,0,24.335278157390025,24.26932436417922
1779,0,36.28732395043134,33.93110304460416
8318,0,28.864089003360334,29.66825494391499
2489,0,20.973637439406062,21.52895846286635
1822,0,26.61563248976025,25.130712160718137
5667,0,22.435356288702533,24.036439362077413
1598,0,29.799390442544293,30.18648564724024
9885,0,39.40449782359853,37.521857281160806
2781,1,29.654166912549982,28.864046060287112
6483,0,39.68489131149379,38.77116716737681
6627,0,27.262886317000405,25.131271064174875
5831,0,26.024002321174724,24.60453813520308
1472,0,25.694106290892375,27.49141389042046
9427,0,20.62794179443423,19.600685548974145
9874,0,35.705685068651164,34.86599201025673
9819,0,21.288732126548954,21.699810268183246
3480,0,19.509916818702955,21.95259596719683
6209,0,35.59034919371874,33.795615683193425
8310,0,30.715277594760725,32.29294714055838
2213,0,23.58052661317658,23.695799537030396
5352,0,27.109881501663146,27.355615646369206
6331,0,20.58856651667945,20.4911970185255
7548,0,25.63517921231758,27.082985177997465
6907,0,24.065703335625308,22.913251623937562
8088,0,20.33028071797343,20.08517948705227
303,0,25.434859762565527,25.171044469833767
8669,0,22.397695114865385,22.49603857655553
9048,0,31.519480545323443,31.074774247498382
5786,0,28.801822371329894,29.14149384766162
4025,1,27.162751512995072,24.303878102419148
6752,0,25.037148264229344,24.270816294387284
4490,0,30.766818320894615,27.925450024693856
302,0,29.70806712935605,27.458360475528227
861,0,25.845649949274005,25.014991396707746
6765,0,23.63190255475766,23.100399677245324
7362,0,21.269958879912238,20.19937332369278
4209,0,30.939918018943814,29.266559963218366
3547,0,38.16277743067696,33.06827210438018
38,0,19.61809899928218,19.813545523416067
7160,0,21.650644040062215,21.00585736702004
1106,0,30.50668783011442,30.355184403777727
1708,0,22.87070882242484,24.676295231900518
4979,0,21.7991484327012,22.2661366132608
4437,0,25.96855734047145,24.243101131182677
8355,0,22.34756164281896,22.01373767760857
5654,0,19.130372344011974,19.183523593084566
511,0,31.399874596865487,29.897190047313533
8488,0,23.262871873845135,23.85830226271449
3710,0,29.444792172183774,32.63295027629048
6603,0,23.5766022789305,24.963855884067158
6172,0,24.258055394305334,24.795285680835793
4829,0,22.51834859934839,20.155845380275295
9899,0,23.58805439849775,25.79750737181725
8442,0,27.149913843719016,28.221553585730206
5765,0,21.964890905139985,20.17011882933566
8881,1,27.12099407248938,27.179449266407843
3522,0,23.1497441367901,22.50724292910278
7093,0,32.82477418351123,31.223086683921583
4293,0,31.728737374711784,30.02053345633599
9856,0,22.760969769644245,23.489400920799586
5575,0,26.84753470853807,25.196460461167522
4109,0,22.60741291673915,21.398197350900777
3392,0,21.10954311467137,21.154485657242105
6738,1,28.162583370724477,28.68316388500987
4921,0,19.30488768930416,19.834559323806328
8296,0,22.6071795860182,23.532412405064928
7032,0,22.984138571996258,22.230974160823013
626,0,24.05726631727013,24.78450524633381
6619,0,24.076666498697236,20.436827136129573
4710,0,27.39295039904819,29.002721521811722
2555,0,34.01703879342077,34.506116861339514
3208,0,16.67156043332853,17.095680197907747
8465,1,28.17755162473587,29.194919694381475
7025,0,30.492399837907563,29.251847589958896
3634,0,32.464449294849395,31.84964644095254
6687,0,19.34548964892905,19.094786502076996
6845,0,23.306409509567082,21.068111905298494
9759,0,32.222224173773924,31.00890341575038
2270,0,23.862805357932523,23.07984946734271
4145,0,21.57665107995149,21.0194214771174
1594,0,26.03255994289125,26.34360613816386
7721,0,29.946761357439808,26.76825447382167
1371,0,20.901831142737567,19.299026149871388
1187,0,27.305358314664087,26.07038699547032
1079,0,26.28591214113618,27.613828381747627
822,0,22.68713649028498,23.76814889585252
6980,0,23.1670415248715,25.844493075268616
662,0,23.577263226054317,24.696975774902466
7830,0,20.66904526622638,20.540458718460474
4541,0,42.433403034964876,40.508913552539276
9068,0,27.689142156458033,30.60902119271055
9162,0,22.850301813121632,20.635208147897934
8575,0,23.523204610523585,21.66770657088533
1023,0,29.287627072421316,30.910963693054754
4452,0,34.64483253727695,35.50534499343014
216,0,18.69085916986583,18.559102374717227
8676,0,22.398058939555032,23.36475500439931
5703,0,33.54210065820256,33.23930687518818
1192,0,23.61368341609361,23.298217069848675
5456,0,30.19011793353637,31.832484954203075
962,0,34.34460779839997,36.472214994445686
6890,0,32.403373773979965,33.91466917052529
7706,0,19.78977617327244,19.599802135592757
558,0,19.86269342491737,20.19992154666095
5123,0,16.278799446354498,17.317936953913616
9408,0,19.172831967189428,20.10831124982486
2635,0,21.936831919305376,23.483356881853666
88,1,35.456575079634405,36.56805257526009
4270,0,22.438851368826487,22.296204038188147
5577,0,26.16916226726255,25.934654339364748
7896,0,25.65920914501207,25.847252865968105
8801,0,19.391978487386204,19.030681472746377
8831,0,24.22475411151899,24.242567940033375
8837,0,19.598006769544238,19.615265437261836
1499,0,22.172120711697296,24.419648945835615
6684,0,30.806843179996452,31.345577474088476
6054,0,39.38564803874908,39.92581493984819
5277,0,23.03362624897531,24.145079025511155
2497,0,16.739498230681512,17.33642832839651
7781,0,31.26456013542941,31.06271657565701
7915,0,22.03838681052625,23.08411088370915
9761,0,35.209430998768,39.6747773922605
5360,0,22.456571383692772,22.27428203549004
8441,0,22.6901006192294,20.67735677597104
4885,0,17.73995307361367,19.01205838358693
1703,0,32.0136056601938,35.45172424803339
5754,0,20.600851993640873,23.15261377713874
2520,0,37.30810866812089,37.31333834819718
9660,0,22.0172309738723,22.901771285558077
6287,0,25.577507218133285,25.466512134353664
542,0,30.564544751035477,32.627195220045614
4055,0,22.84587022906581,22.105604261632827
6414,0,20.357231375945485,18.901199488353843
1855,1,36.77609942936791,34.24951732472537
9585,0,20.344836241685126,19.077661906919886
8080,0,25.59577233297471,24.77253910222686
2160,0,22.292516428492267,21.046400597630882
9725,0,24.928429311952463,22.78897057189733
7033,0,20.841239976279617,23.88076610983191
201,0,25.09154758362117,23.52207408567721
1427,1,23.65373254508232,24.6340590043522
7303,0,26.173641934928536,24.40216395010417
1813,0,32.7722388658182,37.54568917777525
2155,0,19.71197853699849,20.383833871383906
5689,0,24.192945160893217,21.64182015536938
2857,0,27.469847050990744,29.480733542322035
8269,0,22.37772321632358,20.90227884016971
3095,0,21.272088153499134,20.612541355592693
7563,0,32.74661141697524,28.54907614189821
9303,0,37.30909908589654,41.360414330550086
6214,0,25.421555663441584,23.757057772009738
172,0,31.65011399652739,31.19200456824042
6529,0,19.637707182250544,20.91065594971529
7301,0,24.166570063365434,25.765327109150487
4447,0,21.385538001973245,22.497576752715826
8397,0,27.85823685052599,24.922303629128564
7492,0,29.820987586964414,30.712175239377988
5029,0,23.80275124484739,23.09696624039117
2032,0,27.105258642090085,24.800005202278264
7801,0,24.762353116486434,26.9200966659672
8473,0,23.718779956098277,21.960187604485107
856,0,22.572376478323946,21.68008339772292
3498,0,28.11860791303301,25.915411344920592
3154,0,31.321541139384845,33.27731791707151
6934,0,33.377353680341095,29.93426892232918
1435,0,25.840648669256034,25.892666864977095
5285,0,29.18006958380703,27.2311463205536
923,0,23.164769941558696,22.058590610950404
5936,0,29.357842155258847,30.275326114112143
695,0,23.557920072111344,24.791381243065196
9381,0,22.006709878700672,21.863535101879304
9702,0,45.795526340892934,47.57270577521484
3460,0,23.095477424323253,22.05255304624567
7668,0,25.61810951089692,24.39638194047291
3594,0,21.667072376090555,24.684991342167322
6562,0,32.56514003273553,31.425761925025764
4730,0,29.720377801785016,31.008837996937725
2502,0,21.1766561240697,22.936621714185915
7783,0,18.98444578998009,19.03397351514301
78,0,29.23422926338678,28.278098335807062
2839,0,31.955823319759418,30.15326933507612
2477,0,23.82809902556825,26.837468372136826
3749,0,17.324517164465597,18.596617538160483
9385,0,23.449517306219807,24.64741940497195
1263,0,28.742101343876403,29.263637353852573
9456,0,32.51459937671257,32.07304595196291
3388,0,22.387676646333247,25.604037026178798
9304,1,31.184472943389874,36.270200661864855
6927,0,26.223375504204917,24.32004417888345
7299,0,30.406308036293435,27.828072328948178
9293,1,24.302318127187366,25.339105662786814
9755,0,28.64965636641142,26.657200766322664
8797,0,39.83924789834297,41.42335060369811
5782,0,22.248974715343802,20.522076121461733
3849,0,19.93087607887883,22.65273025860483
6234,0,21.57592641610496,20.516999969820134
3139,0,24.226749407421337,22.525595178509057
1515,0,28.38334389718345,28.758189200425072
268,0,18.413271078791794,17.081813521054787
1939,0,24.951971946736965,25.650354364012504
5348,0,27.953384407324364,30.135891686342386
7010,0,22.692857901928754,24.122108581618473
5400,0,31.770340427435237,32.29273745475441
8449,0,27.963222288125007,29.25568714339542
2231,1,36.12848052075769,35.2490108473096
6772,0,21.550360743496388,19.73602454715973
4241,0,26.54070462110297,26.35974115126775
5688,0,25.22660659620432,25.153727680726504
8113,0,38.05401489482156,31.977114113283072
5326,0,22.024788439260817,20.177600200785097
299,0,24.897470596401767,26.835515110783273
4087,0,24.76161800569306,23.06370047008627
9426,0,28.285894190564562,26.42288753350746
4354,0,34.33980399664748,33.25970243321244
2799,0,25.662931360174287,24.514506656601526
1390,0,24.155347047838273,25.193523846353504
7889,0,28.797751510913383,30.096769260312193
3893,0,28.994695995952682,27.814810028363
4396,0,23.281545303558495,25.533421481691157
9655,0,35.30551413832964,34.943676714501414
1213,0,32.37759375146776,33.86896598646656
6633,1,26.80433175314535,30.51152641673988
4735,0,30.190028843015668,30.26738453651309
9221,0,26.09455449590716,25.727905881576135
2607,0,30.29883821684778,33.613171790972366
1434,1,33.52355789231543,34.760840403955214
9918,0,23.604317945437266,25.216597723363083
3969,1,31.72118869082349,32.9735110156237
8832,0,20.57400461994054,22.21601043052671
5975,0,34.42384078989546,32.92527935912788
6377,0,26.900749830711987,27.23433955912733
4734,0,29.7295268348269,32.20606199997083
8127,0,17.57030427480323,17.329710225232596
7399,0,29.454803362645688,32.353235056841086
6185,0,24.011313237682362,23.97452804872109
348,0,21.81028634483743,23.146202198556928
8589,0,23.347555882445484,24.386446937601818
2387,0,20.73800684763548,21.730776265392148
2381,0,23.138261006599333,21.5104469105649
3295,0,29.790963164743836,25.802045729341827
2102,0,28.065656686216066,25.50265454322273
6875,0,26.97609394287231,26.437620327752736
2539,0,37.40400517477186,38.84994167182129
5069,0,24.66164016874326,24.744995411494703
4265,0,24.499895946366728,25.80922492096107
4969,0,25.187818192433884,26.137331956441276
6407,0,27.69154965368475,27.84943752782266
7157,0,22.366139685803358,23.72702233704591
4904,0,33.756266369839274,29.478710596342918
2674,0,34.657710575995566,33.130561751488244
6617,0,22.642028546983553,23.996502195162392
6641,0,23.97925375128925,25.485325446865065
4070,0,21.61082290065331,21.772789003398266
9488,0,23.35950782597859,23.570283295269462
6559,0,22.41488994898281,21.36958625408928
7736,1,35.606756683292915,36.60286912861304
1764,0,31.84345663539537,34.34139442425133
2852,0,33.32758380034707,31.77970602236071
1102,0,22.26860172709893,24.174011845645417
3769,0,24.115794960032645,25.12554018681041
3069,0,32.701880080919075,29.257192222541715
7603,0,24.768533708296026,23.07635405700854
7423,0,21.558630971218914,19.214219426964284
5317,0,27.73129334442354,29.067696020311665
4665,0,23.40866430215269,24.970712641470463
1985,0,26.816002536590975,28.628099505233376
9868,0,24.443994954946092,26.580567515788907
3538,1,33.09976268807232,31.884647978480363
3751,0,26.232364769843453,22.9670149974066
9062,0,33.303924751387164,33.32272550861801
8089,0,31.363982850976154,30.300501495642507
8130,0,20.77685116555056,20.44940551227523
2818,0,25.58083455305822,24.282026131159967
7877,0,25.247378068833434,26.196633301584804
3824,0,31.876152860586792,31.484174810688685
8884,0,26.04466703722126,28.147054983281148
5059,0,21.437163252335992,22.262373534532678
4244,0,37.972897264781615,37.794090611786515
6396,0,30.568850240236088,30.307297942246866
4706,0,20.920684157435844,20.55225404675209
8462,0,18.401061498144106,20.070721121149173
5184,0,18.720697217446354,18.996054458988755
4833,0,28.911095209293485,28.469480968277345
624,0,25.872487868378453,28.629275479357823
2474,0,21.557418219658516,23.576480907822905
42,0,21.322184516354053,21.244062664966627
8478,0,19.988880877433843,20.659169029237137
1013,0,20.205713750853583,20.70290868826102
8961,0,27.364507565246498,25.58506181892639
4840,0,23.055454494639996,26.812484902737253
4783,0,21.665315511226797,22.085665770010372
8091,0,28.747387486920072,28.28392065220312
8918,0,28.863053923103916,27.94044544129574
944,0,36.34162718573557,32.83613571090886
274,0,47.10700775597732,44.91595642876405
3574,0,47.81600427982083,48.34847941540914
4825,0,33.596040266859355,34.11747925366649
7656,0,20.655138467205425,19.363274656421048
7925,1,31.00599604861534,32.34181698661148
1750,0,18.46656808499954,17.5730205511567
8701,0,21.141353258908772,22.418920453442446
8650,1,37.24272390514883,37.18397887305265
1085,0,20.317718416703382,19.186916984926697
3773,0,30.2992082309823,26.967457985701873
2061,0,25.193397513056066,24.620521120324522
3102,0,26.2181790577533,26.462603463345054
501,0,23.033308925157442,24.141399437355464
3165,0,30.012957842064488,28.309898381575778
9950,0,24.49639330691297,24.9106155338524
1914,0,24.938944862263504,27.327859102351557
7766,0,26.097471336294632,25.232026486418018
6887,0,21.02145524031913,20.334023459609497
5733,0,23.509582132071397,23.352325299164484
6031,0,39.943067583829155,36.53028496004943
9586,0,27.14829791574517,24.120512327494684
5196,0,23.136091547193708,22.82231627929754
4656,0,28.76466231572354,26.73907894825876
5459,0,27.20242015940633,27.122970444980844
2791,1,39.509396886237454,46.571043755162556
6902,0,22.092316414369332,21.133776507347438
4634,0,25.550991091520658,25.819985089415916
1059,0,21.98911394982504,20.8777435569206
8036,0,37.576928502927814,35.47223972508849
3466,0,23.305616400437813,21.896361490232714
6049,0,19.940587452107973,19.209635931909748
7570,0,26.826790956006285,24.89112133437906
4024,0,28.63382743252017,29.82130697010684
5812,0,23.328211666118502,23.250378769300507
6193,0,28.861349891937945,27.525121253692614
8773,0,27.052969471589563,26.654590705917126
7323,0,32.272193595076985,36.78735541789906
1358,0,22.736238997062706,19.982485205283297
4219,0,21.833331612143397,20.55430582108986
9625,0,21.883450849905874,21.923517563829133
6753,0,22.25913455044178,20.69057789792765
7974,0,25.824141863795788,25.77726654500725
5735,0,30.663754374520416,28.829069372407137
153,0,42.46885940411505,41.86688416328398
1088,0,32.122981195523096,36.75141400510629
5374,0,22.737455042061708,23.872593922233655
9130,0,22.632971869519274,22.221201776208467
9117,0,31.169167058995555,32.492052967641655
4691,0,41.96762968367055,39.31589053886951
2105,0,21.942714763082492,23.103678089147007
1883,0,24.678116365334482,22.92499441463601
4242,0,23.21669587405606,22.532138764067195
5830,0,27.18645677711508,29.68212608743297
7326,0,24.53157959664417,25.51565825772962
2457,0,28.86798474204447,31.29122814777875
2878,0,26.000603704342662,26.2783883452581
2193,1,30.008871802931438,28.925641497064145
5696,0,29.3626378263161,31.631889943557322
8560,0,19.63002861247741,19.94409320971873
2882,0,24.734946053319725,25.17989084946928
2042,0,25.91838438853569,28.76495418816843
9937,0,25.093034190157198,27.922388679272395
3374,0,28.589926218367598,28.046035702259015
6451,0,27.079667096117024,23.79824365151095
6815,0,18.462283849823688,18.857566941935367
9854,0,23.98617352285415,24.372996932815386
5762,0,22.275767070921486,22.994596293635603
2485,0,22.824880215254147,21.086552891420723
4489,0,36.80204383769289,35.2363670362386
8998,0,19.30534716208397,19.896201014426158
3842,0,29.353063026361664,31.93824176426046
9587,0,24.92970227628681,22.16404865692536
5187,0,26.941885891369196,28.347893524821714
3976,0,34.715261117237795,35.31183653142985
3747,0,29.684708609772237,32.43487432259642
9727,0,19.76623644128164,20.299590131017705
2165,0,22.96201158345293,22.723023845624734
4004,0,34.71622999573505,31.52582175956355
4947,0,26.432312237012834,27.361178787065118
6847,1,33.976886298153154,30.034376601268637
2624,0,20.8467809818337,21.67572631572477
2519,0,18.593809597544343,18.294494885800262
3564,0,19.494830893835694,20.605979980891433
5436,0,26.218754033095475,24.04661583315888
3351,0,37.205298702381675,35.312949558699806
4192,0,32.8031969808625,32.50844727184471
2246,0,23.29508082840882,24.09919404651498
2629,0,21.83235178533111,24.092201999301032
5472,0,34.38537672923768,35.76187247150414
3396,0,21.662734837576227,22.556930147577226
8533,0,28.510813030632868,30.42176086605363
391,0,22.35597139180159,22.254503012639425
5227,0,28.895133685005018,31.436981658795858
24,0,28.325555873950094,25.90493504494159
7611,0,27.28624238121735,28.070752092196145
9138,0,19.01571221201346,18.003332991998352
819,0,20.93745784365171,21.455615221247808
7137,0,26.840887885718548,27.45782671033743
4729,0,24.820473875652052,24.49523447809208
9853,0,26.069555609751063,27.76714421632726
1463,0,29.197714462743505,28.90846644733108
6453,0,27.545601904504597,26.874831346630426
7482,0,21.93605715995625,21.433625116220522
8069,0,26.760057781516174,25.324134710264467
2815,0,26.04134969334912,24.783565032394613
1815,0,34.57012503453849,31.696425792343106
3910,0,21.535563042295067,21.709533160085478
876,0,19.589472301641468,19.538995724387448
2817,0,28.47392103620001,26.31555507070831
2051,0,18.575446015892727,20.097660031315893
8204,0,23.832535026389866,24.55982015266355
5965,0,24.521993247260976,23.040789750633785
5047,0,35.66792786680249,31.62899439072844
6008,0,30.70208070423993,31.389253212207468
9380,0,20.095007487060002,20.357811952906022
1372,0,28.52984939486001,28.507800066464974
406,0,27.20033481448592,26.24380992733772
2536,0,25.034424869020572,25.20711332640133
1334,0,18.688134525668335,19.8208200520413
7144,0,27.329537710894808,26.73947660384644
4714,0,35.42991000386761,33.92605765675054
383,0,25.18799173194043,23.44533271947684
9407,0,22.478941812541446,22.394731111663162
2601,0,26.05472035159922,27.276283177367084
4462,0,26.206176737679925,27.73459592700241
9896,0,31.76025457630393,29.929218898896607
996,0,31.491676231603833,30.515857815008424
1804,0,32.91926095605872,37.576027173196366
8999,0,23.962502484633944,24.107957258471526
8333,0,18.92988293460827,18.254637958694996
1195,0,28.863452655867107,30.2239329321774
8577,0,16.92646291619656,17.73266960243458
6673,0,31.79609315610452,33.44569354231642
16,0,27.587833080750894,23.981109455880006
7817,0,21.776512817875183,23.119616951038676
3192,0,28.60043175626566,28.276457637983388
6484,0,22.24493647034093,21.859372284435064
6911,0,22.81443201382375,22.515773372429482
2037,0,20.816063533968805,21.002357675699333
4454,0,24.27570946004417,25.816094294189625
9760,0,38.63061105859012,39.942537594627495
9066,0,33.61465182283098,34.651204081901525
8084,0,25.02032611650564,28.830617210505064
1431,0,27.58492962016982,25.24426961670112
9816,0,42.034001097227396,36.11076955502554
7207,0,41.51762388139238,41.70925387895221
955,0,26.07682369086513,27.725648957822866
3221,0,26.99919486294181,29.5274370764594
5598,0,28.326739427860165,28.088732281932963
9257,0,27.841442445095293,26.308526690501843
7646,0,24.22910243990938,23.06072544756436
7343,0,20.29469579129609,21.307865312978766
2787,0,30.96938551886856,30.900499259440483
9295,0,19.852825682427813,19.76946116819406
9181,0,29.91473438062254,28.01224497690238
6104,0,31.601549690732064,31.42953785367849
4341,0,27.68341474470365,25.915600808013906
6601,0,19.253388023976417,19.77203733169344
7120,0,22.94033669963228,24.8292375725516
9189,0,27.866231004660502,28.79714690048597
186,0,22.105669477441573,22.846455350919115
6805,0,25.422127907898393,23.65202247803539
7504,0,26.839613510409485,26.86266177643378
9209,0,21.928382928973914,22.973640909315407
9743,0,24.116578009797298,22.783399140600455
8412,0,24.71421692766382,25.349703567597203
6130,1,29.071091878085102,32.80977641782166
5201,0,28.817212749223774,28.665025083473456
1411,0,19.2437602206055,19.366609866627428
8159,0,20.59208747054189,21.423986702819715
588,0,23.638485693173422,24.203611511577115
7609,0,32.68671251524824,29.88564064791103
8502,0,25.00299776439259,25.11828273283117
266,0,23.17284845299107,24.565429773368013
1807,0,18.82030775516228,19.352044241862053
5189,0,39.62919359628674,35.64811899410357
2563,0,33.544255460809346,38.048045121434654
3126,0,30.175584076017373,29.9731004869311
895,0,17.149288796457764,18.216811111005345
8822,0,20.598691351363954,20.857989536496977
294,0,22.818744901032986,23.25650993878144
1839,0,29.378020646746307,26.655436240787285
8120,0,32.19853788763544,31.996551351033798
9095,1,29.356352845043926,25.461408398374722
7100,0,19.36144054552893,18.909688502400524
9572,0,27.972919664163406,28.326504379197484
4594,0,35.372846649243336,34.06376233115715
1285,0,20.28146540052626,20.65809947436503
6584,0,36.66727446580663,35.20544192296801
1773,0,19.666765609762898,19.949557648022985
7046,0,25.52051489745752,24.91919144607873
5354,0,17.077612694184204,16.357866117614183
9670,0,19.81897813884231,22.14272903007214
9994,0,19.4276326381288,19.212741573798148
3304,0,27.37289523078528,27.30809407513711
491,0,21.50514945550615,21.242089063758314
753,0,25.059869176362866,22.65540126412575
4487,0,21.966789966135924,23.479196256268228
8402,0,21.2887017343739,21.79286962020522
2003,0,34.15015627876791,35.086461583790786
1951,0,23.67855528592892,21.92604813458725
8736,0,22.564617974053558,20.978536631025893
1037,0,19.086317294893476,20.299720812185925
1569,0,24.224769220121907,25.008686736500987
750,0,18.832115966073395,18.989663976181806
8221,0,21.195537610892988,19.640517497091658
9480,0,34.672572099809074,35.37504419121534
73,0,20.536398736211687,20.78959232637645
2640,0,24.88927113755087,23.779211652164566
2928,0,20.125191085969124,19.774282348336325
5351,0,21.99368575322173,22.37387323527905
4052,0,21.176793231523693,21.396951787612828
8561,0,25.45634801701428,24.0016920816491
9744,0,23.654962406735336,26.25480914845213
5367,0,25.011545507386604,26.383228027134294
4114,0,26.854642237201638,29.30032436459048
159,0,33.236928033113344,32.04892852012552
7690,0,28.52791550024252,29.13535369165264
1568,0,30.420142456089362,26.777404236097183
5759,0,20.37933033865339,22.023052340403872
6033,0,24.316722487211738,23.914787830369637
9144,0,28.134316575009226,27.441448324562945
3348,0,29.8268334865484,30.051430380669494
7434,1,30.19788381074695,29.49827631327759
2926,0,17.66432890367049,19.10147099624843
1724,1,34.53013232708124,35.820903435769786
9983,0,23.468635153301367,23.304390780529687
3831,0,30.179580991920165,28.24321141291938
1602,0,26.642929679409267,22.729346367663442
9378,0,21.63617010408708,22.031776040557304
7235,0,23.208398926135796,24.72853757236093
8356,0,30.945288466199546,35.33338367103219
9752,0,27.96114373169102,32.39701090591536
4545,0,36.32307583410021,41.93014059052044
7813,0,24.94620377161153,21.184360512849725
927,1,36.117305052122255,34.63898947242994
8620,0,33.71344621921775,33.252823991809926
9324,0,31.483027380337116,33.142088712564565
4980,0,31.519362753897372,33.95313731686064
5522,0,29.857125342308763,27.25376707104388
7251,0,24.67059686330797,25.87619454719031
2867,0,25.460695193706805,25.59154820220835
1226,1,25.608832301504282,22.527814213123683
9763,0,26.610740219617227,24.20034916061904
7165,0,27.879838394418105,26.043779087162545
2416,0,33.72520695581542,35.964602682303955
7002,0,27.434305647602283,29.098029791736018
4002,0,27.568794418082053,33.01905359410596
2932,0,24.047562384601147,26.17845814005707
5555,0,20.649237789811068,20.52517591869222
6077,0,24.253512183419428,22.962337035244648
2810,1,34.0099563898537,33.22784915262279
144,0,22.281097478014406,23.501427597037917
2630,0,30.04404547898772,26.786300642326758
6080,0,25.308022588920625,23.12198136650986
7952,0,29.691392083557922,30.866885942342062
762,0,20.837757271020344,21.71820472970466
3863,0,23.014107365384174,23.695383276905506
3684,0,33.79907774390832,33.470239612783566
4957,0,37.74304687281922,37.63634884498903
6696,0,24.64350727203412,28.0311423375826
4061,1,28.181566935567194,28.670855240886276
3253,0,17.125922321540514,18.287101193311038
8598,0,18.253353513420688,17.017674816612157
6075,0,24.095432245473347,27.503519866008524
8622,0,25.01591927662857,25.880838552206193
1194,0,20.71764954139447,19.025195115521893
1706,0,34.31078866148423,34.56119068832824
6469,0,20.347072641843827,21.221431110772954
6186,0,22.350030283243726,21.63495599526761
7125,0,18.03234255527781,17.029465363007475
5731,0,23.890079036342826,23.522582794282826
9457,0,31.09706938066965,33.093678942412645
7949,0,26.401719628196535,28.172379422219763
3722,0,27.213753535229436,26.2742826969451
2090,0,24.458048358207407,21.266807925770745
9689,0,30.554545206637357,27.266164169903995
3281,0,21.594692355961847,22.1153133376751
9842,0,34.23779864914947,31.410406294176703
6223,0,24.963346054726554,27.41276982137903
4360,0,34.58930535531276,32.964401684075455
9433,0,23.23911650171927,23.377691454340606
3911,0,24.596080649668128,26.96233672178265
8983,0,20.1524723803803,20.411457460585254
3781,0,19.616227075007266,20.355695191742985
111,0,24.082499508500174,22.83843155710697
9114,0,27.15802685048788,25.78956852222964
3099,0,25.792947985822867,24.06349099000802
1591,1,36.943132467875344,35.35835057671513
1921,0,25.452146428200017,29.498963747606144
212,0,29.41342909496583,28.326409169966624
5315,0,19.619239212610513,21.074513703750068
9108,0,23.823962236005766,26.10214304574814
8581,0,28.98825719383651,27.273237515551862
3750,0,23.422704816165787,23.91233917665187
6397,0,28.499253428083485,31.17924508579786
5606,0,23.589224076260468,21.257106223507986
1476,0,28.930054566518194,27.745376499743003
5504,0,20.38328074803357,20.783254559363666
6599,0,21.112658041886853,22.39255937731459
8176,0,27.613358610749767,26.13813035819877
2766,0,19.967761180183118,19.14750536810841
5934,0,27.172706545916416,27.83376518825133
4416,0,26.957497676344808,25.339509183019114
6732,0,36.94280040117747,37.97295081130567
9826,0,21.97060875491864,22.613158103005393
9050,0,23.700942197105277,23.713338555776733
5099,0,27.390288286034707,25.14860216662697
7176,0,24.661076996789575,24.91824299320656
1674,0,26.619107849544452,25.74871079453563
2968,0,30.828501655161258,29.041682268103596
3925,0,22.493403151070197,21.436953751439614
2217,0,20.16827213235242,21.890891879602385
8714,0,28.39924431899002,30.11361090526749
4583,0,21.3860124354583,20.94934350566217
7880,0,22.29729042318732,23.234170982268765
3922,0,25.730771171637652,27.156569690061385
6882,0,27.03278304431295,24.908829434655498
426,0,30.53413518733081,30.969928596330224
6043,0,21.565008850584608,22.152740230153057
9266,0,41.7938884568874,42.87331224245046
1138,0,25.7699535791833,25.316569968800906
1457,0,23.108280477576475,25.013925108955796
5960,0,21.244192099472333,23.149923969597115
790,1,29.037363150497562,30.19828062395721
2013,0,20.739903570331666,21.049254180724994
3963,0,18.731791300790285,19.883033202940506
6225,0,24.108204766979362,24.025514673259135
8789,0,19.807463116938123,20.08159744001342
9979,0,26.300755190417274,24.383945195443882
751,0,30.719325363257827,33.7934749067763
241,0,37.04027657480127,38.36476383064552
4257,0,28.45812475140759,28.815092540180462
4661,0,18.789787272766443,20.219320051456464
8719,0,21.335601995090403,21.71768271046129
6481,0,23.250384526318808,21.863893892496744
7302,0,20.376908753750584,20.263847261089257
7270,0,25.523016571744993,28.35381756241197
872,0,22.32452940674339,22.957332840406426
4668,0,22.056889261918,21.49197923951077
4804,0,26.476352024254318,26.655391973077137
140,0,20.483341438112504,19.804848594673114
3776,0,29.3399609524238,32.76741072377467
6993,0,20.651057191920533,20.525620320822533
7336,0,32.455582443994565,30.53576686921509
2806,0,19.88275703434665,17.622509341142838
2142,0,20.669875479555913,20.057103748879598
6490,0,28.561262561452487,30.527413685147884
9613,0,42.285450791369904,45.13857693160984
2146,0,38.779508552558525,34.02923243072235
7530,0,29.567380426030596,30.275558120796017
2329,0,25.69399466542789,27.774363132368237
7963,0,26.156328919444398,26.045207328342784
3542,0,26.077140839842382,26.545545483878488
9894,0,20.063981564858743,21.685882876279116
9307,1,41.91736309210304,37.483668849158384
6355,0,21.45009176848418,19.697602758770152
8228,0,24.00269664844032,22.612628346175285
7806,0,32.853206667112865,29.597499065974308
7083,0,27.524607233505698,29.69486847832016
4059,1,27.106546428741826,23.23253171420212
7187,0,18.096848487976857,17.45500039512782
5854,0,23.020960930528236,24.796451978369856
1717,0,34.10704369783173,35.890978783502085
4853,0,24.451901895509522,22.912329825112387
4915,0,41.04462773051138,42.36186331692643
9913,0,29.433727346398907,28.77235764293323
5626,0,30.269579429868735,30.126831013516796
5219,0,28.018089872929252,27.2969908758656
1071,0,21.00906957824077,21.070079963577832
5807,0,22.00660414627583,22.70593869416114
2737,0,23.688897364553807,23.94440791641332
3687,0,33.32631134863854,31.753886925733937
4907,0,39.160856787049624,38.860389072722654
5245,0,23.93003906226949,22.647782322239763
4194,0,22.124525014822762,21.269633276525738
8649,0,21.569792355914394,21.59526358785376
6880,0,21.793559252203995,22.516163748853767
336,0,21.97548723326257,21.58753753210099
6313,0,32.31808109820956,32.3594799108656
9997,0,23.70137580255237,21.300448598241342
6059,0,26.105764173005863,25.135402447940336
3487,0,29.42261090171909,28.244345381287182
8407,0,20.03349946107808,18.86806485447606
6541,1,33.22002915760075,29.908589378868136
5914,0,22.29024924645306,21.5238107216292
7510,0,20.605931036476633,21.059659974400418
5946,0,22.072854484663903,23.108934509172787
5828,0,34.53952824104129,35.36230646953683
9219,0,25.3243268909599,24.230554475928606
3628,0,23.96219704753943,22.942640151208124
3515,0,22.557470367680015,25.638659374443176
5794,0,36.97255377337814,36.19487437548478
4440,0,21.09901636155203,22.06713859628168
166,0,22.895060369482287,24.605540665505917
5935,1,28.268527705077144,29.590440057014195
1848,0,17.84498020304228,18.82295248383088
9438,0,30.142082350584854,33.51405670565974
2471,0,25.56436886118606,24.18636124393459
7574,0,23.281559859856557,23.833348146843633
845,0,21.390619961381653,20.820074277709434
13,0,29.15620188932532,32.5117356745994
9686,0,27.115248208838207,28.84666885184962
5246,0,31.65811245961627,33.13908708114505
1032,0,36.885970183223314,38.034471623818824
8615,0,29.205328054785237,26.900692314837645
9988,0,23.074858264776868,23.24307644924892
5124,0,37.14614654274604,31.882659698587254
8599,0,26.345626634356226,27.242346584064375
3353,0,26.947458377138883,27.2449164940191
7319,0,22.845114293974262,23.262930360329722
1517,0,26.416674965964283,27.080576746192488
7575,1,25.11922403647667,23.905594496452988
8945,0,25.1631060578987,22.77876533933532
8814,0,29.308030799069922,27.59789988410486
3089,0,19.861822880435415,20.964280949002973
8476,0,27.24653089634416,24.736053547058912
2507,0,26.41873868572071,25.32512514225773
4117,1,28.17183379575891,27.06375159327396
1864,0,31.07145862440117,30.127850292111685
4171,0,24.466415979996995,24.579299514958144
5921,0,32.12420266801907,36.123437728187675
1950,0,24.464666628470955,22.933149663494593
3578,0,34.333620606491685,36.02626378884957
8948,0,30.065589274328744,31.648148695625135
3826,0,24.5528847854,26.358175211922642
5235,0,18.24442679501107,18.414601723391538
2464,0,40.83225564961561,39.490618648968756
6272,0,20.693819661713352,20.146702381701694
1670,0,30.934762482787416,30.00767704606229
361,0,22.359485432990134,21.469133418897005
547,0,31.801221163785552,28.020642746445354
5030,0,23.542549417117232,21.873845044946492
1233,0,22.572014152451395,22.281515643601274
7676,0,29.294881224621275,30.93089915771992
1062,0,20.030827709271296,20.77880559205236
3753,0,27.61349449730955,26.810353266352404
3335,0,31.93425345451227,32.02143003074066
2508,0,30.136032247199946,29.476268727222223
3779,0,43.551499984926636,41.08013558547066
2324,0,38.51324403074571,40.304008214670766
1920,0,27.7146204808664,26.609514957252422
7431,0,19.865913629720158,19.14249886089829
6557,0,21.835509206776702,21.999643721667834
2772,0,24.686946135101184,25.837131604532413
3322,0,32.398177745438545,29.795253861947206
6669,0,20.587889044145776,20.579592074369696
3890,0,34.47110976492901,32.01183397082687
7357,0,22.483168526871477,23.5276235393557
5465,0,31.98160740492459,33.8172766854248
3533,0,23.374159947077118,24.485820409954535
9889,0,28.650642576641552,27.012761101874144
9940,1,33.20484787767149,31.599983765290315
8330,1,27.190247286355874,21.95904101282788
7517,0,26.443555114887307,25.62218999078578
279,0,24.27262787684995,23.215225244239747
7366,0,32.45797251038495,32.75032980509544
392,0,19.2889864463955,20.43982167991724
6288,0,30.588256508767245,28.507587588416015
2195,0,31.774104879125243,34.56763838122905
6112,0,31.97748430495405,31.378425897105963
9985,1,26.805533085315687,29.29778855710647
4544,0,30.01937704259055,30.100302580926616
1993,0,29.98707241284998,27.383224010517033
2575,0,36.881823268793475,40.26354133939442
901,0,26.94752716984202,24.115996440172804
1749,0,28.57368053440027,26.161652072260274
5410,0,28.937398479487896,28.333702520278866
5448,0,22.84974219087957,23.945403749597233
3742,0,23.4068075172609,23.796869472872736
5978,0,31.59841374374789,32.51597859059227
6091,0,31.193503672279423,28.961028019655924
1406,0,30.26328129718426,28.313100875665086
3312,0,20.786797593565264,20.747925757237137
2783,0,24.37204447207557,25.174187154970802
3072,0,23.91140197014784,20.811770429219536
9646,0,28.673439377778326,33.466181935203366
4685,0,21.258202860749353,19.46526207466671
5402,0,24.057680898936095,23.057584257247264
527,0,30.34906878587215,29.134718689115466
1528,0,28.78165298403622,28.37755079638238
9112,0,27.445047246291576,26.238015781882844
1033,0,27.315467032543427,31.227756285320115
1048,0,28.388491354947988,27.489817116713052
3783,0,38.887904891881405,37.21121377019873
7940,0,38.00630898826492,35.489033168307174
864,0,31.696689097418346,28.58208065373847
2284,0,25.82452567872263,26.287374402065822
3080,0,33.98781763476118,35.754895470808
2770,0,25.62553396356583,24.709297140720754
8386,0,23.38280048309698,24.54820713751027
9449,0,38.134642534331476,37.465289870230926
6881,0,39.32672346056822,36.26767282248083
7979,0,32.71047627840507,30.42848344618867
8151,0,25.628258324713528,24.993505159600897
6113,0,26.227768181065027,26.35787405176845
2637,0,22.45639192526949,21.782249929090284
3837,0,25.607798463620078,26.110749581684463
5983,0,30.907992943812065,33.50938860741969
6979,0,28.92951392087115,25.973220066570093
7130,0,30.932842535574274,30.718714994425717
4701,0,29.652113766708755,28.998590683853926
4660,0,22.57145647251069,23.84540572202929
8807,0,32.38204134029413,31.194169389567538
5291,0,28.229372792860012,29.482766609610685
2410,0,27.174886294653913,28.35275853029038
7751,0,17.252557760469088,18.534097820212953
2855,0,23.860069182470358,22.857857080646237
9466,0,23.448742563501984,24.994326705218686
6975,0,24.03665260995861,20.612901403453073
4723,0,32.00532599141295,32.84123475417538
3822,0,26.700683793052196,26.947425689055994
4591,0,31.8873651469091,33.90891473937612
5262,0,28.902879629105303,29.20886935822263
6373,0,32.8104563491807,30.183738477985095
9390,0,31.317658130134724,27.943511623265316
9624,0,31.798222903403857,29.121857232022457
79,0,18.020802609627903,19.351127626624937
1353,0,24.287115570029105,25.20993105979041
8052,0,29.117981798318233,29.200340226290056
1418,0,29.155876353446963,27.494550017222487
9025,0,23.04667825308754,24.75401882991524
8684,0,32.59876436583529,32.788201257356775
5562,0,20.43143263508731,20.987243955476927
8111,0,26.639675290862534,27.936102487423625
445,0,38.867498802458236,41.862349749713516
8509,0,25.498450131238283,25.17093363102306
9384,0,27.881170133656124,30.313421341734195
3398,0,22.319054817164176,23.22488155939107
4175,0,28.842232946044707,31.442329335563013
2990,0,27.98500546493045,31.395704621416424
5341,0,40.48948484410051,40.70568581278976
8953,0,24.624028120444343,25.731196622451538
7155,0,26.04480586455614,25.36648481303986
3182,1,21.34720754900955,21.63657568380521
8792,0,23.44825872635337,25.064720124033904
3570,0,20.24591691954121,20.64751353727914
966,0,24.070672279629573,21.984542508196668
9157,0,35.134762259845886,33.476066118407985
5052,0,26.92414650418465,24.855588918297318
3637,0,21.831596324795274,22.288889746203917
1246,0,26.009859125365438,26.710682577341988
831,0,27.006426117765102,25.208884350429713
2822,0,27.97766520188487,31.288534349055936
6463,0,27.41566029548828,27.899654672928513
5419,0,27.979955960832275,26.11006066745648
9214,0,21.446202607628372,21.43863667723706
3512,0,24.24396623067216,24.568258024124873
9217,0,29.369765369292338,27.473829400739373
8491,0,28.387900223297738,27.845451893059504
3362,0,23.270204321295147,24.805785053291295
667,0,32.294997151931135,35.17396480266823
4391,0,28.08082022824083,27.034504905221684
9317,0,31.89610012186273,32.26677267799396
1076,0,19.747335830167447,20.302771572831258
3300,0,23.462526082137547,25.94440303844511
8578,0,33.80502171810761,32.535992488707144
1603,0,27.30704639173139,25.139206064446608
2775,0,32.43050725312965,32.93725200051819
6726,0,31.93167852217782,34.0173935948441
2887,0,29.59531182449086,29.65053200823352
4443,0,24.92758191022903,26.679515865774775
7541,0,29.526247013029884,29.382390120042473
7774,0,26.413194826523352,23.967402638393764
2333,0,32.891472627711956,31.451768798148226
2634,0,35.37293326694842,35.519050914737356
2516,0,19.435748530860113,19.90645151715155
6866,0,22.73235307715956,21.85515255530985
1935,1,33.291966756942884,33.41044315640958
2174,0,25.895373379687573,26.71164767715711
7928,0,17.169715568853533,17.556095802380376
2946,0,31.49262964596206,27.566059661478928
1157,1,31.47764047755662,31.110659289169696
6802,1,27.2630210822521,31.235054143715857
1790,0,26.04131159001653,27.366874474071984
7624,0,27.58479311685753,23.913712587827934
2801,0,28.23096856021367,29.963921927881223
3117,0,20.113609384303793,19.595780624098467
6730,0,18.24512358332557,18.998460696866903
6504,0,24.334487119303212,24.188612681239324
8625,0,26.237782438118504,28.12351317034067
6363,0,22.379396674659223,22.377049960726456
3569,0,32.59821940545601,33.500122306014724
5693,0,25.949269561683163,26.52077574024564
1083,0,27.47013249787383,28.466003188663333
2312,0,28.760343068356345,29.76209735805768
4916,0,35.70717710333964,34.504585041471756
9133,0,20.6210139149248,22.22939930310187
291,0,25.310267443667996,27.64367996257009
8498,0,30.851012375946638,29.99236632656993
7771,0,24.504227994273155,26.143921018784308
8985,0,19.665137975975206,19.77352469680766
810,0,56.71927945849438,53.02140524572
5134,0,23.942806393733434,21.971459982826744
6734,0,30.404597265778822,29.705332459683866
8288,0,37.78129973612735,36.64148813857355
9445,0,19.559081493773796,20.32101113022355
300,0,21.89774679952587,21.91945839747755
394,0,26.18864145846648,27.44523509415847
1609,0,25.731863175829826,23.47993220863681
7855,0,23.75003349930496,24.27131003712726
5054,0,37.60358803961044,38.81542452106959
7013,0,42.287769523863766,40.64025386966947
4208,0,28.102318894940137,29.71874812874306
4992,0,41.942335974220015,45.366144100779906
2158,0,19.972676912193812,19.22769531174865
7011,1,24.438323684902596,20.746455810233957
9211,0,31.081673992166248,29.819276156492904
3672,0,24.15399536302157,25.44731619156412
5345,0,29.05310731269925,25.558779307976973
8845,0,23.707446436849892,23.46889184229102
2521,0,24.571772256132448,24.810001366723686
489,0,27.630385663505116,27.56665956136894
4407,0,26.73309491118951,24.5890382305643
7944,0,22.009593856489804,22.820335351533316
3036,0,25.26430924343646,23.10809215611509
3734,0,24.557976409479345,25.54209061903789
3954,1,32.4446134477227,32.8310227247004
722,0,33.10016199526668,31.753643128584347
7480,0,27.892298561228447,29.3272595253551
6609,0,22.225678674647632,22.360008410921825
2458,0,28.711373720847753,25.70804846284202
5107,0,31.90311651903087,33.724836266893874
8935,0,22.85938623513244,24.354562846195666
9724,0,21.61804439987711,24.70628878589554
2952,0,27.23468401303777,30.414896819320084
3998,0,24.82399160492398,24.131326807049355
8728,0,27.75837580499079,26.660904396838298
3198,0,29.043960097667266,28.966502694785895
9296,0,35.5383602586709,36.67901800625437
6074,0,24.639703554149897,25.619670087049247
358,0,34.341956325715536,31.387322402850028
813,0,25.063691912722184,23.91585576327151
5578,0,30.580910286983467,31.991875037144
665,0,21.22166892679928,20.76997309767123
9827,0,30.059348812424084,31.80243920291664
2253,0,23.375074714199506,23.471790143445087
1299,0,33.16920313523476,32.16169879347525
8409,0,32.866053823959376,35.11033756496522
6132,0,38.395273022798435,34.545372157567584
3927,0,20.841126471350687,19.496985871548866
8774,0,24.014200361441706,24.920973438367216
771,0,24.577118866064012,26.74817094406053
3200,0,23.319132989133106,24.67218912919543
5634,0,23.939712669762915,23.375660134359542
997,0,18.075574252012444,19.217832851300184
9980,0,29.376269082753858,29.912908710509537
471,0,24.855105092944928,22.76718079262539
6605,0,27.047906297931345,25.80437194479646
1220,0,29.47202117624422,28.130190989913782
8916,0,23.23059021303334,23.440203575726684
8613,0,26.806431526149296,26.392517558492095
5103,0,24.932108704087916,26.52397639965138
692,0,24.173581932804915,24.620015321864404
1266,1,51.55794688606045,44.70063313928644
1064,0,22.924250671377116,22.59782304186499
8549,0,23.82197311948497,24.208023464134342
9364,0,36.260962137824194,41.39160513192881
263,0,30.745923855567085,32.67376646867401
8746,0,29.422150151918693,29.660455153176684
7009,0,33.022060766808195,31.271676523755456
3825,0,24.035062632524554,22.682206048316225
6611,0,26.036963165490228,25.674773193108877
3465,1,27.343211249353573,29.761242087760678
2130,0,26.987083676731274,28.259876231964
420,0,24.03667362187655,24.69508210599761
222,0,36.023657916890976,35.906250821973224
2150,0,19.229390170247818,18.325413502121286
7634,0,26.57867086508806,26.402056897105172
3340,0,36.02755756421051,36.98513046961568
7304,0,20.345428562920677,21.22574278428347
5690,0,33.08367351229044,37.60315205530748
1890,0,34.52704516691366,34.340929072396634
3044,0,28.083108937621287,27.100832856342606
8978,0,21.24854387306367,22.919635879098117
2030,0,24.523910255835553,22.058730408821134
8691,0,22.927700184744896,22.127402169713754
4448,0,19.677887539781594,20.083856839446103
7538,0,23.69699344354972,25.040432594120777
6198,0,27.22344157044906,25.91385461034332
1412,0,28.430135359102845,25.6283091526739
3857,1,35.38470116414726,35.64085938565491
8554,0,19.42747855525049,19.72077352998793
9244,0,23.521787265041223,24.558333803712888
3307,0,20.67961092474193,23.132932582083683
7923,0,32.49288427272753,30.044202368005156
4032,0,28.905020629009805,29.584307931094024
6704,0,25.912303421992476,22.75799256060317
8686,0,26.115980723746294,27.42054457633973
2316,0,24.983471075076753,22.2739690357172
3608,0,28.48570167458184,29.494895063599053
5024,0,25.1663762376207,24.484757254440144
3928,0,25.589754045200184,25.01498628419712
3058,0,21.143648304941127,20.71731351267071
9267,0,23.86437268070438,22.26352097156197
3193,0,26.844576811932384,24.711700050524428
137,0,24.390798919344597,25.997675128303275
1778,0,20.573718634866538,19.987399921533154
9801,0,23.67143503194659,23.49721548303147
8683,1,24.01000005816853,22.15998579709639
1729,0,34.939051662170556,37.063522014224894
5063,0,32.766528591039275,33.43619588386374
6720,1,25.94072218971898,29.435714865844172
7557,1,27.7975577977747,24.865461847430797
611,0,27.937571708487297,25.636851912182042
8294,0,22.40679416996333,21.873773522481706
2094,0,19.7234262417973,19.021857279592517
3144,0,27.674284142385627,27.723898412722605
7168,0,22.86192627103086,23.71054710472868
4410,0,35.83976512368563,37.084279358545885
6628,0,33.9273538735423,39.59141863140911
6989,0,22.904997031559574,25.586217583515612
1803,1,28.379117112126018,24.021089843392012
3179,0,25.30302919668919,22.847421448052177
9817,0,29.882257643927847,28.336740369856784
5494,0,21.906536839777637,23.482885050806228
6259,0,26.405619057922372,26.766602446885898
8387,0,20.175683437446043,20.132186439890415
5082,0,31.195266077386542,33.348329881278396
3528,0,27.000168856285796,27.696632905073443
1007,0,19.659719200470594,19.808402675533745
9860,0,23.343088302204798,21.118875541310057
7382,0,31.976956387721334,36.920691908389195
1635,0,19.46701652334069,22.028596125218026
3049,0,26.615412262447858,24.950559011342897
7779,0,21.990729343745667,21.492583922607743
6982,0,38.23435397357271,35.88845895028841
2549,0,20.26796406211636,19.388135246893235
5998,0,20.028760893343673,21.784362509875038
8445,0,34.470690746075555,34.87772438006909
6842,0,28.38102224267297,26.500954546801594
2447,0,32.59770276244862,33.15549111095249
3085,0,21.760510582818856,21.762053061220406
7408,0,37.902111518523164,37.776231113961146
976,0,33.181155430595076,31.864663511495156
3761,0,27.528159509510843,27.071137909282573
9252,0,22.36375181923759,20.709575763287862
6876,0,31.30805476867192,30.169764455162
1347,0,26.852824146151182,25.53279679380813
4857,0,27.93692195276787,26.91864134870652
7851,1,30.788692315608877,32.19505004063338
5395,0,31.10808987030724,31.55372014768281
2317,0,21.91736110340584,22.425323893318467
7028,0,24.20220815068442,25.41499331741833
7454,0,27.276628686193394,28.793649563770348
9594,0,21.370452704567192,21.90144681024386
7641,0,25.22413163574169,21.770478615615087
1547,0,31.22228654987858,31.97304564220528
1941,0,19.331881707784767,19.118033083083095
2913,0,32.88810336080412,31.707947062853428
3224,0,27.62608372459105,25.006061907585647
373,0,21.344660447190172,21.266531119292775
3866,0,28.132951370257416,27.56776076216475
3997,0,29.960160617215735,30.527867524422668
3378,0,26.306013503359626,28.067579409823356
2391,0,25.748597258405,23.663070374724384
5881,0,30.27744285636472,28.999045208493353
6159,0,30.993090474229646,32.27524292156297
3551,0,34.882899341085,37.19723873893808
2428,0,23.106006758165556,23.35833576248921
8996,0,30.286523407162697,28.960701938626958
242,0,29.276818624262884,30.9063409762907
2012,0,22.71199406423118,22.758562188526497
3292,0,19.706348158268447,19.123307104553994
2891,0,20.364681095026988,20.477357695110687
1999,0,18.26197578280369,17.57866114674939
1337,0,21.85405407479447,20.28473704361152
365,0,21.527319580685155,18.616609300437943
4037,1,21.703563513938512,22.592558413698946
7320,0,31.80993813169959,34.478636621392795
3617,0,23.467314824095805,23.39134807132541
8261,0,37.80333937040732,40.003520369840565
3607,0,27.28821040124713,25.065180075461697
4940,0,29.861690378898054,31.136098024901703
8629,0,36.23474342243278,35.729967740572874
2475,0,33.52761420597311,32.77337511767826
9841,0,26.377571687622034,29.757798488205346
4592,0,22.1105011028295,21.942361291913212
9607,0,30.18805751491928,32.12077364582223
8627,0,24.467266578851728,23.430688639251823
7917,0,23.73178727969615,24.49828137609528
9337,0,19.473591480317033,19.71078286180237
8045,0,18.0937780848155,18.644907277619254
320,0,23.56607953854947,24.527466834279227
8184,0,21.69168902693055,20.306036535057004
4599,0,29.086513465445144,27.328193984732778
295,0,23.43358593196193,22.949563013765307
8893,0,25.028814798396567,25.962832837005738
9653,0,24.4653394109342,23.50642309967545
5418,0,28.25689796808696,28.52284673237114
4016,0,51.167707065522315,47.904253337595435
1361,0,23.6669533445872,23.86228503503153
1323,0,27.905739125392824,31.296411105339093
134,0,31.782490151860653,35.202146873002356
8829,0,24.563276332974166,24.570182910206167
7871,0,29.2710756588129,31.15012951448809
4784,0,36.403824290333404,33.10850027793428
7263,0,22.845281012964332,22.51920849386594
1303,0,33.36165212577028,38.227540100284514
2272,0,32.35340566556858,32.72355165985011
1509,0,22.52136831831019,22.280994961259577
5653,0,44.49210384587717,41.66753638162755
2672,0,27.421594194885436,27.338458609510226
4918,0,32.46852460064966,30.47313523662295
9481,0,26.338229186702197,27.82049825527549
6969,0,23.36073921000099,23.945242367697134
4818,0,37.049518126588055,31.96817048943365
2665,0,29.707755402911168,29.50146662540918
2557,0,23.591664044760094,24.805303157348316
2918,0,23.74393448164319,22.42734653590559
7248,0,23.781292620915814,23.860635665531262
3785,0,21.94640440841401,22.51223861912661
8749,0,20.618938106502018,20.56939239318543
6338,0,20.86308499534273,21.020741911708015
4158,0,32.801069821703145,35.395589381217654
9564,0,34.26836255524718,34.05364525462714
6707,0,32.57796731701077,34.64707609806439
3553,0,31.9025180779878,31.817970116800915
9049,0,27.816339944709814,24.312078112964922
8656,0,32.91716684415031,30.408368073180394
1295,0,19.447647495981794,18.522236895455503
150,0,24.77085627064489,21.900492641685673
8274,0,24.96724729160462,26.046791748816904
2639,0,39.0755487224567,42.48254835657601
8447,0,30.263639422822127,28.55864369294958
9487,0,24.079509777382725,22.197526558902474
441,0,21.6649169095797,23.633158228328526
3100,0,24.39132661384457,24.458228554982743
5911,0,25.2693693824745,26.392799925534117
6803,0,31.800454521854256,31.30397859228724
8132,0,26.322240063701518,24.798568547254547
7310,0,49.750020954711886,47.29056885975196
5084,0,37.69861414011234,37.094570401075586
251,0,20.037112940513126,20.3509801788446
4204,0,33.108211899068905,30.52342355645436
20,0,35.01322473172816,29.665085796726565
8411,0,27.57973890917735,27.903616442935263
5882,0,29.517129725634625,32.4402036645126
7648,0,23.26686245362002,22.088916138728813
6242,0,21.94086172692853,22.98518962436205
2769,0,32.30736642642827,34.4891885553195
9946,0,30.023182919610946,28.615064854799957
6064,0,19.717137456076227,19.976598776780154
7782,0,26.165502160353455,27.374353771625955
8515,1,49.28768744363595,52.04430488811242
1324,0,30.954772429943752,32.346617030455796
6131,0,22.383765798952602,22.17515605707406
3659,0,20.729967669382948,20.66064170984618
6944,0,22.837451236442167,25.984323263465686
1450,0,27.375658434676897,28.228870066256242
3787,0,27.404948643606147,26.949917968619378
752,0,25.16434805925655,22.95453840902957
8592,0,26.267684964656727,26.49272226200457
1893,0,22.107532969377765,23.821961035823065
9921,0,24.62444332270079,22.793790643354974
2453,0,19.866922848725633,20.167628743786665
7407,0,21.97420436736787,20.96618441861982
6790,0,25.238851547125144,25.820063158195193
6517,0,27.911997330367733,30.95756681874691
6830,0,26.106802666840903,26.202783671524934
9443,0,39.89384846853881,41.808274526797625
9510,0,22.95307243892753,22.26912306039864
3979,0,35.28617199557633,33.44581371518432
8458,0,29.59365407664923,28.465009876176946
1130,0,42.57176631616225,42.20885473178038
7790,0,31.56467126940487,29.760337760033043
7752,0,35.93295223431078,39.68533990550749
4717,0,26.42958099878021,27.774637481027273
3060,0,28.598728826943926,29.635978484807048
7007,0,23.16970815255577,24.19743128103426
4890,0,20.31032132278692,21.51195011731329
5445,0,30.337229376136538,28.068371507556563
6608,0,42.96822360375292,43.376069367391786
805,0,29.003327283631066,26.443619443050878
9966,0,18.82087717774087,17.793824578204852
5516,0,26.86279845560474,24.279341567300378
2970,0,25.30592545155567,24.320342675393366
2136,0,31.70721415300571,30.38428039513671
2308,0,38.761931352215264,35.24456141946859
2049,0,23.873129045756325,24.86313385496666
5619,0,20.551488587402787,21.717268334606494
5897,0,22.267098694959635,21.430378159434785
2965,0,22.730844841615514,21.917276594074913
4033,0,29.879165001929522,27.881259955193983
916,0,27.993981376955837,29.492822692657967
4879,0,31.00339325546197,34.01293549521236
682,0,26.404263708604184,28.112056985388243
3129,0,26.79325663034381,26.087951798776682
2978,0,24.299003866020538,24.666453611864284
9376,1,29.740508619582307,28.666024418169744
4475,0,26.5146388939199,25.182215372520847
9299,0,22.396345914953393,23.945338555075047
