row_index,label,pyod_batch_score,fixed_training_reference_score
2252,0,24.375443298866287,23.29495531787361
8252,0,37.09960714734151,36.813621015305735
7332,0,22.38602426008218,24.882769560483283
5537,0,29.389660984959246,27.355797281860617
8719,0,21.40094885671542,22.851624382099413
3450,0,36.85898783667374,35.570761741746885
603,0,21.82928893924103,20.962426101521082
6686,0,33.50592687820464,30.226707294689586
4863,0,22.908321220174184,23.23190869629257
4173,0,37.84381092844739,37.43927158698549
2862,0,23.289495302581983,24.20178208220915
6882,0,24.06544268786887,27.19264650788919
7511,0,22.03667361771426,21.954291052663827
7290,0,36.717918610592875,33.93045045677991
7502,0,22.869854486690492,22.414271659301985
624,0,33.761579003663655,32.09375077926235
4352,0,26.90008744154858,26.379320163090913
6175,0,34.06668385854813,31.910974797945876
3856,0,23.09725228923121,25.2738015090712
7587,0,21.57338875005121,21.09532036013329
1228,0,31.580895871112958,30.88435681301854
5326,0,27.010519376036747,26.218478579678543
8862,0,22.87478781774466,21.685040978652797
280,0,22.57760068317482,23.887596223682333
881,0,26.765134987751654,25.028163799551024
1463,0,23.352590965866753,23.4235084998855
4769,0,30.473384747538798,33.48818280886245
7702,0,27.243937016206,26.820341225095806
6327,0,23.89038082683361,21.43752216819239
9601,0,22.19631954888604,21.181917968233332
3852,0,31.791876371823616,28.772635765526594
3989,0,32.74241117353518,32.89854842647673
1310,0,36.02295311220459,31.9846291640765
790,0,20.991360017953568,19.744470765844095
2267,0,26.23540760114918,25.827464347983977
1640,0,20.054550031881774,21.465096176813386
6751,0,27.940552243245016,28.638951135940562
9725,0,20.860224479276184,21.494908132640614
9002,0,28.516179923110364,32.59353985004728
608,0,22.627053325174852,24.00552328376371
9100,0,26.556907568657863,29.190686438419323
8585,0,23.841932251568355,25.724649172834262
289,1,27.375995707698465,28.90475745254491
4357,0,33.52102702400522,31.808250243826212
4363,0,19.109471792885838,19.259891598103916
800,0,26.728066951659585,24.670548453762947
6421,0,20.279134002822374,19.946446191977106
3144,1,32.122439740137764,30.067165866565837
4284,0,30.937215850432104,32.37545859524796
2630,0,19.32768912703055,19.283612786959242
2507,0,36.035050047864914,34.976929056925215
6863,0,26.16077248404561,26.10356163490524
6284,0,40.70190315286674,38.67902107966373
9790,0,27.273742378715138,24.848818896553823
8654,0,32.247976364207645,30.153194151371302
6408,0,21.010636232031906,19.657817297357138
1835,0,21.422015451289965,20.27137716331166
3912,0,27.435838392498184,28.465033431832587
1755,0,24.772003392187184,24.07319055300962
9571,0,42.92442352280849,41.07159467663439
7515,0,42.561359046273225,42.23035032950735
4918,0,25.991755402650167,26.759376866417412
1540,0,26.590143814285028,27.79163607312148
3425,0,32.6122382722715,33.76882213683815
155,0,22.147819347269834,23.119082459264625
1752,0,27.416789487377766,27.63821616066719
1544,0,24.34414139456596,22.193329037576316
5572,0,35.03692904914364,33.06537896841656
8223,0,30.70297653729454,33.167389635345835
132,0,22.24325535111576,24.31830050339178
321,1,29.714316231220412,27.87382581399448
9025,0,24.94574532534354,24.889461554254126
4291,0,38.166926370443875,37.31970339031652
1028,1,25.991925113360193,27.041605146244542
6959,0,34.030243041569406,36.30298660058389
3116,0,31.478480307720968,33.06673791972892
3681,0,21.073083790764567,20.85756127634753
2014,0,18.890906347076715,19.11682870085908
9158,0,36.08440548032882,34.818687601046065
4935,0,36.857688700890684,37.34643445284006
2135,0,24.06241654612857,23.15028315980793
9878,0,23.79506712807366,23.20114606486248
4006,0,28.41982570106549,26.39846793920419
7966,0,30.1194761816854,29.182329398380844
2462,0,25.166659644827504,26.101763634355873
8804,0,19.046555376568463,20.015404486336184
5163,0,28.579791583990893,26.805335182138577
5952,0,28.004598185768117,26.874193955891705
5760,0,28.70082948180818,28.513853119528143
6767,0,22.321474633611835,22.87270736699233
2676,0,37.54351496845151,35.676186555775296
7580,0,30.325586594171185,30.83287834044217
6267,0,18.379012325022046,18.909131937459172
1124,0,20.659695596975702,22.500968069592044
5248,0,26.89776657771722,27.223647198206486
5451,0,20.734272619902935,21.26782022543746
2532,0,18.100239966508703,18.581829815496942
8018,0,27.81812833832821,26.73691292389508
9825,0,20.296683414636938,21.08915454175693
2315,1,30.347889392117516,30.48821296895485
7860,0,25.55960475741872,28.209674633068083
8973,0,29.037544646199432,27.275209545791686
9812,0,33.400586750955405,33.68060725523336
4302,0,18.787856522807925,18.58303056770124
8044,0,19.451911684307518,19.97807295271806
564,0,21.345815668319357,20.872004674948993
4129,0,24.31071742780865,25.19132239814743
8980,0,18.959660313197766,19.219308953337706
6196,0,31.68798797026897,29.203683492403993
619,0,20.512235957944966,20.214342307851044
2627,0,31.57257559988808,32.47354901079846
9794,0,21.766660440454615,22.011757479819927
6941,0,22.19218318428134,21.197437471995112
6643,0,18.839024301011086,19.25723040676874
5908,0,40.76314231293638,43.87913578630486
6202,0,22.819068897631507,21.094093099566933
4050,0,22.396248871910945,22.66067808897841
3104,0,31.139377483661402,33.36760160975374
4664,0,34.02930471648546,35.4216108505728
9010,0,29.925092359197247,28.543601093592294
6872,0,25.224804085126138,24.501365702069435
2329,0,22.591038382503033,24.522885002833082
6707,0,25.879126288373516,24.682189270604592
4364,0,25.315738070420075,25.264938396220337
417,0,27.380250183160918,26.796157424301022
4906,0,30.469334654193247,28.39600967857693
7672,0,22.541222694343595,21.599598128821587
9279,0,25.95282192851601,24.942985004803173
7133,1,28.265932922893352,22.937616096706716
8470,0,22.143220326570678,22.155541336055023
7762,0,21.447574758339357,20.884147255843708
2421,0,22.98512451516701,23.359874311667046
6716,0,28.62371241016611,30.828223078755883
943,0,25.28218609618966,24.825635196403972
2661,0,22.184827424206173,22.802127057812395
6866,0,24.863047443122944,26.906211516565854
2949,0,25.09028964882284,26.446204416487447
2146,0,25.129399599823312,25.576674713162586
1000,0,28.323879657417347,26.47593975114715
2718,0,24.071105018227467,25.7206142412288
3618,1,36.78364444325334,38.09368130023816
2338,0,22.82480056487245,22.047819098173534
122,0,32.6432051615434,33.626049294443675
1552,0,33.730867356569824,31.276641089610916
5331,0,23.124160293577972,23.153607388991226
934,0,28.17689260899047,30.53467152334825
1685,0,19.280195065280232,19.68493633546769
597,0,34.263062997286426,31.94633214652653
9254,0,28.798271881047288,28.804271239824914
3928,0,20.28153907919493,21.544525759579926
5148,0,39.38595870991236,35.90564300033608
3028,0,26.40444957417105,26.457722764357687
8204,0,21.625837758919953,22.04483634745831
1872,0,22.196347627427254,23.344772704475123
6677,0,28.95513586993328,27.12109206929472
6472,0,15.752689313336633,16.113180701075155
4620,0,21.511430965736867,21.134915368925828
993,0,35.228040596040074,34.89676589568932
7876,0,31.03201248764472,32.61360599341293
171,0,28.771857457137497,27.612626532261636
4877,1,24.563132174977884,20.97502607624934
9500,0,25.82344577286512,24.740054096564368
8630,0,22.558311110933868,22.9874997103947
9413,0,23.205255526799753,24.668911825480496
2655,0,27.96742175803074,29.986757014923548
7277,0,29.754655583673767,29.912906266803652
6256,0,19.77130765513566,20.99227374498786
6504,0,38.28923584586021,35.13758520729227
3197,0,31.88612233765018,29.70727626829391
3569,0,32.69776960065003,35.766992527974274
5909,0,31.60209258073535,32.042683669462264
8065,0,19.895382506444687,20.463131076336634
6902,0,20.65978864160942,21.583956669155587
1855,0,23.74232663152831,24.74232683032803
4100,1,34.55124502810893,31.95712824982917
2298,0,27.45820371959184,27.644745766831683
3784,0,21.868734243061542,20.19314387688699
2171,0,43.69690335968141,40.218708674822594
2410,0,20.784029320300196,20.651678855143242
4004,0,32.80475777851839,33.11939347776356
7138,0,23.09094906275998,22.967694695134448
3658,0,36.4025089948549,33.15361997958287
4835,1,42.491410203821395,43.05261795190475
7408,0,21.13191677435118,21.000637504929998
1780,0,19.48375503057313,19.81238309747775
942,0,29.13284501870365,29.04806664708094
2408,0,23.931772073788828,24.014463924884513
1648,0,18.127748894636326,19.10806795189361
5987,0,20.33103324987331,20.827842070211076
5601,0,19.16937755653743,18.450727066093783
5035,0,38.71563949109867,36.44988164505709
1372,0,31.527151295161936,30.327166318022286
9866,0,19.726480514948914,21.764821362626773
9172,0,32.30123547341968,33.25471139498024
2641,0,30.239672637729218,30.323866801760094
550,0,19.10454749525695,19.439170952254162
4381,1,27.378182113141982,25.71141877144721
6162,0,18.593800623579973,21.06798822990935
1155,0,44.67923872703133,43.7653862275228
1826,0,18.38242364159657,17.645607750707075
8521,0,23.677902406315315,24.035048129012015
8590,0,27.374582727658314,27.25792926454465
7177,0,30.468127952686967,28.85530241319038
8121,0,25.032361547387314,24.010108742589207
9241,0,27.651378298557454,26.24803656245996
7071,0,20.31932736788562,21.225521888964806
246,0,20.850411062405367,21.1811639646491
1966,0,24.4064835926181,26.33347098620905
4528,0,22.30662588414976,25.661993239192675
7087,0,21.33239302122205,20.285220087006177
6970,0,26.301653886141295,27.282602029858623
6146,0,29.610745554205447,28.27677497010467
2176,0,40.57898669996043,39.16946156837193
210,0,26.128590582482175,25.194254314838464
937,0,24.79148255355786,27.327181107442534
6298,0,18.696684837513594,17.777750095200616
5539,0,24.080242476719878,23.716424495727924
1781,0,23.82519932726396,22.24274091189706
7463,0,26.31369538386736,22.64284188445897
2015,0,25.900466750379426,24.593905374735243
741,0,21.93089971229454,20.97246453878389
9299,0,17.504769338002028,18.155577311872012
9027,0,20.175856455056802,22.03758978695035
8896,0,27.451745158079802,27.524631291585692
1394,0,31.58859085900449,35.0277605378204
4512,0,29.978838811304094,30.483677140822866
4612,0,18.379638687540073,19.364975334756043
2871,0,20.900593569387965,22.60927760332285
6803,0,31.726991083800492,32.52727967202311
807,0,28.112482932924966,27.267613547098332
4921,0,24.625204648985253,27.714614473279664
6378,0,24.276312421238718,23.78058897291497
6039,0,32.21173857327105,32.24638181137476
7755,0,49.63594323187641,46.55703332756913
9348,0,25.17725248457854,26.552772165022034
1026,0,17.147212982270936,17.488033986731963
2646,0,24.23671207268577,23.465558403798273
6054,0,36.351779535262416,36.65415969977708
7425,0,24.435255601837504,25.036793369974514
1653,0,38.5456030324716,39.75721453351794
4682,0,31.01002828550795,31.54209370388488
4387,0,20.385271771745657,19.563015815422045
8787,0,33.057740439891155,30.508278111810093
9783,0,30.291479540417292,28.82731840168972
5350,0,25.56150036155494,26.192580637445545
4068,0,21.05453973172373,22.51233864355176
7131,0,20.712744306427783,21.07350925494564
7853,0,21.637701259878327,22.125176063452116
1,0,27.46300309457616,28.261540200592428
3122,0,19.959259901815685,18.994414506733175
2115,0,32.25393946353153,31.772024205942845
7132,0,26.247703587155325,28.688914722722515
7490,0,22.5941202342854,23.759633024132064
9310,0,35.29923227200595,32.65458041226494
9064,0,42.83942605023802,41.41143741430632
7125,0,30.51008369380428,30.887404021384704
827,0,31.819386411800068,30.313595669069024
7472,0,24.008672924014224,27.005999759677632
7849,0,31.00604708100633,31.57514158323514
3422,0,25.648874312289703,27.632935981687734
8505,0,20.760826279358376,20.46164215845993
6614,0,27.240882706226,29.068349997021553
5301,0,27.836299878604443,27.043619365645164
8730,0,22.46837110196122,23.2083220508953
2967,0,23.95968025903274,22.29312720623165
7144,0,27.86939885997812,26.263009903926744
935,0,40.27382545728192,37.58445744137883
5453,0,25.771362274416504,24.579401674332484
4483,0,21.866488032040838,23.755390147619384
6658,0,46.917400109151195,42.88001612986928
4789,0,20.154950621001962,19.726266682522606
414,0,18.60849135477642,18.99213318322778
5865,0,22.54898512312542,22.8992709178325
5754,0,33.82599326469412,33.88409175091547
7151,0,25.221777868817348,27.11879421653484
3328,0,24.845992468020725,26.424294972461276
1887,0,20.67029866439459,21.476289468825215
3796,0,27.772227076865732,25.88806694745596
4927,0,19.09079436417486,18.020573639790253
2752,0,28.55962383612897,29.090936461834175
5101,0,27.950976042893398,29.414840495319847
2273,0,21.96710230620322,23.473329535756548
9654,0,26.861849216120497,25.809248712657364
6251,0,18.913648226764074,19.18206646272246
2523,0,22.114845586039397,21.8691511619903
7480,0,25.927180290464165,26.922666423724955
549,0,33.00717583484986,32.03657644343561
2946,0,25.954688883304456,25.016828917479607
9965,0,21.623814113021904,21.16954267037084
8111,0,28.73271643790936,27.974978650294254
4487,0,32.68458473474877,31.09472264940182
2232,0,22.526385986166087,22.89132087689474
3355,0,26.301967844443155,26.81720667264041
8435,0,25.844564929407074,25.77870795246045
7728,0,22.53294246006158,22.255884584589975
1427,0,27.937981721297554,26.65681660125123
8274,0,30.004059790518536,29.499621972238366
4775,1,27.309810068411664,28.48645419091264
8998,0,33.52848519131521,31.062870222384483
8738,0,21.245699372902255,21.254874159062055
8288,0,26.982791512411893,28.693849889657436
9605,0,28.03629115156399,30.408087688562162
5602,0,23.774976266621753,25.183944745579286
8353,0,26.626764285698574,25.309517235754438
1263,0,32.35104219992129,30.658667622568018
7263,0,25.33209404009023,27.62974202397748
4058,0,22.256303235149144,23.1199668366422
2384,0,32.614157559453716,28.91914431020755
669,0,27.304604211742323,27.940978698475167
7080,0,19.247221392657387,19.396345852548976
4075,0,25.674109905900224,25.377379291857835
8233,0,23.14751156830038,22.853720100261857
8194,0,24.07775802922112,22.743637151274566
8887,0,24.860125147658138,23.727672566443413
6913,0,19.82408486939791,19.097687209760238
7111,0,26.13699300674377,24.49161684030879
2419,0,32.80997284853935,31.14214152134106
3762,0,30.709492157395914,32.812439778378476
2572,0,25.62881095030912,24.789936838540655
8463,0,32.1544050857808,30.152725073912357
1834,0,19.92827764274108,19.637969364551
6013,0,28.075827925104036,26.56946324477896
1523,0,41.465257143267394,40.433412376505935
661,0,23.89987528992279,23.821653736756943
2485,0,36.12312064337325,36.17300277408809
469,0,24.41251278421341,24.89532275732441
9192,0,24.502187798137065,22.432326134137348
6887,0,26.78012099448258,26.07805549203497
7513,0,15.62731735498641,15.813224057840767
5557,0,23.098892738046256,22.75059641777893
2217,0,25.70231243159451,25.202402983526824
6163,0,35.77803609467075,33.26805517575362
5747,0,35.80940939146764,37.79001790318691
3624,0,28.97122716372013,30.732232932169634
1589,0,31.138764586704788,29.857945755249638
5890,0,34.00270696257794,31.298258678577422
2091,0,22.765644068009745,24.20478653286925
9226,0,23.993134386000953,23.28745387826239
8819,0,22.189543321416952,20.687258189747908
2244,0,23.444468762437086,22.222396727371592
2720,0,28.85479975210756,27.580543158960804
4105,0,22.987628085347513,24.699970235425027
8210,0,33.73173130350935,34.68908843298978
3659,0,33.939849070126996,31.972839309378784
3433,0,28.205026095504753,31.25914248185597
9567,1,32.33472367047708,27.920023881553984
5513,0,25.147792981014412,24.27829731533915
2605,0,31.39021918061659,32.5025510096575
1206,0,18.248289175896097,18.356223640607556
9441,0,28.414668960401738,32.420552821392384
5184,0,22.408728729304528,21.809339180111202
4910,0,29.081765330212114,29.84365634783901
662,0,20.91112887154301,22.753614314214136
8154,0,30.329036807274697,28.756514197171725
7407,0,20.734762936018928,21.39914943820737
9169,0,22.986188925456055,22.36041353474951
9216,0,21.014626441428067,20.669345136808793
247,0,25.369170284095972,25.29872782326798
5625,0,30.333505716368045,30.723127066905555
5456,0,21.98158593067114,21.906266677377275
4481,0,22.032821832945825,23.27886511048159
6207,0,29.052341781820182,27.768523637768375
5376,0,26.258328881617242,23.834496938998196
2249,0,18.140541925897615,18.81908413682351
4377,0,21.168149155113348,20.464311894345194
3388,0,29.400560391723054,29.406721483445764
5630,0,21.916034678848003,20.73512717018612
7434,0,22.493157145401142,24.182331045733203
2877,0,27.768463397137108,26.719357601636887
2032,0,29.061385139034126,29.69661636384715
8816,0,21.439109242152803,19.95876080726096
7979,0,34.22519161641044,30.584133658649144
8523,0,27.279050935918825,28.097364156504202
1501,0,23.480187730814748,23.37723823253547
2068,0,32.43959532236413,33.08541546460419
6572,0,19.350239696195935,19.862281837278537
2851,0,25.696627522173394,25.4068347352307
1034,0,29.37834989900562,29.40626572820547
3873,0,19.905728849689506,19.558361328505264
5822,0,25.975832940616087,24.05899890439899
8105,1,44.58857361924089,41.73630261932109
2856,0,23.545569048669797,22.590466695147356
3591,0,26.084077462708844,25.856866036186453
8895,0,21.874903986513257,24.705699629120115
8576,0,23.289824076941617,22.252148260021656
8538,0,32.49320411494773,32.55169139240263
7249,0,23.134660940268503,22.51067505856093
2272,0,32.143071657482885,29.58267217098103
637,0,31.545782586913255,30.97933067417937
3923,0,36.86304567371017,35.36949187980998
4376,0,31.685346298505383,30.416506804400683
3346,0,29.88529119296474,29.882017967853958
8207,0,21.992870109223702,21.42504607255527
8754,0,31.480219559266263,29.962140039099552
29,0,22.683757443391897,23.008834947832828
1558,0,26.514205049168126,27.657882994073056
7420,0,23.75565028778786,24.12753300786589
6201,0,20.428843004512878,19.399779956402444
2562,1,27.503873676548334,28.84787544823543
9938,0,25.79096867619412,23.52447025561017
7308,0,25.540833288736273,25.60089886079113
1042,0,24.064672261655634,24.85211815168068
5067,0,26.464681296952005,26.136553115057737
6432,0,26.18401116714583,28.33686206604106
8043,0,22.001665048857244,22.666456557959208
4395,0,19.70122242569216,19.734487484169286
9714,0,37.67227754710885,40.25411268641239
4677,0,23.170840162277706,23.970209635658925
4211,1,25.488951557809262,28.098070171861544
4238,0,24.235082446172413,23.47258101628804
8562,0,24.05284233784566,22.7975043985913
7208,0,24.374919997692732,24.992644759068156
5275,0,25.020688962803,25.321485698508717
9394,0,21.66902434511622,22.12472064878809
4031,0,18.11460351091758,18.80004440216794
8465,0,21.356343592306335,22.97747566199075
9911,0,22.598046560293756,22.65459359475348
1921,0,25.61190840990685,25.130870573102964
8185,0,25.766185010398235,25.755862812233573
152,0,20.014162726262455,20.79667219029719
8863,0,33.13378363936676,32.73798804240938
6198,0,24.305353821574833,25.097819192218495
3508,0,31.314233496833044,32.42851707633376
3181,0,29.08291107329032,25.8158757064439
6919,0,32.52169634319668,31.466178719445022
9493,0,24.088064816652466,25.117254336526333
2141,0,40.33391534901721,38.4520579092556
4893,0,20.40035549777161,21.990529833994778
1064,0,28.6110953185536,28.858133270868997
1056,0,16.04698987631015,16.94337055133955
5799,0,26.600887794988033,28.68978604591503
3267,0,19.474005991982125,21.332658152897096
8563,0,22.34238081048914,23.862747298857848
2324,0,53.750445714730134,48.04661637990752
8182,0,22.86987506959807,23.345055742107995
9062,0,35.76990120447831,34.87797608840575
1070,0,31.016673958701332,31.539319337449076
5653,0,28.098575484054226,27.397911131860113
8582,0,27.739851766733306,28.06967080829595
4081,0,38.89622088711273,35.024904025951344
2189,0,36.109576138039564,33.42690258669067
4463,0,19.33519661627757,19.94855652037354
6014,0,25.428403738171653,26.878743922045665
7769,0,34.5652200647534,38.804210127730904
9482,0,35.69028587542368,34.955259531566504
5179,0,31.622638409459757,29.310880794134214
2490,0,22.07033020131737,24.080007297921384
429,0,26.958246542402602,27.299830059040673
3125,0,33.11492208478586,33.10766055410451
7585,0,22.354408289766518,22.023191586352837
8216,0,29.017428600770696,28.703195446284504
2264,0,21.810612968949354,23.313168299327934
9399,0,36.333621737772596,40.89534311907684
2765,0,30.246819748215124,28.333048910787287
4774,1,28.521144406055157,30.73817234003858
192,0,39.325581556417966,37.359101868154994
3006,0,28.675499309118596,27.175467985243714
9312,0,22.262559283517554,21.079992459189196
7297,0,26.63778251638766,26.16940788519314
79,0,20.773736790547844,19.337741768042047
9294,0,28.616668465350113,27.493443998220354
5407,1,30.710893800677738,29.104071800538765
4850,0,40.30135898817652,38.01243987789685
5095,0,24.231305228905267,24.587168007112425
9190,0,27.66642251553613,30.327605478372856
7525,0,25.359292720864847,25.42294803586326
4459,0,26.901280572802083,25.159933888418337
1297,0,29.890956541561817,31.48443212318873
6213,0,34.34197409555419,33.398835705343345
6439,0,20.785531428403253,21.226169638009807
6618,0,26.466669003629193,26.661335727411387
9604,0,26.08253606955074,24.68120638754914
9770,0,39.70015973532357,37.16315402847204
2932,0,34.21848649060321,32.967025606524544
747,0,29.999562771493284,28.73472184289455
286,0,21.039146775591888,23.38771318193798
4808,0,34.82933346641012,32.42090792646591
7253,0,22.74019339594883,24.317360725344358
961,0,24.324829392670857,23.03065610476992
8798,0,25.624972361822774,27.08525900448737
1521,0,26.772360612024162,24.975769061691594
3878,0,20.340958866921753,21.8805216633525
9189,0,26.069338562646216,24.791762204512313
6799,0,23.085662525352657,22.306761737328653
4922,0,34.867804075442606,36.502337166876735
7364,0,26.036977078085023,24.07059019654942
737,0,20.88307047557777,22.445950649141334
7,0,23.860530970810316,24.076446365773045
6615,0,23.745234832676783,23.59697832534233
8300,0,17.60068222270703,18.403677992708104
8011,0,25.727360396187688,26.599063777304075
9739,0,52.787288510435864,47.63818254552384
2139,0,25.382210018564734,24.13710908580078
5232,0,19.124770913706435,19.05545935030731
2841,0,21.82833192160213,21.025927779786397
3926,0,24.164081875759514,24.285279772653947
4691,0,18.93447360858296,18.824537688194248
8310,0,21.18203376331366,23.121382336059654
8701,0,22.853490691853192,21.55549777291502
6509,0,21.726641257921965,22.445888290289698
3685,0,21.03706720901844,20.68477640148748
2834,0,22.160835445748713,23.187674119007877
6548,0,35.931804997192685,35.877913478649816
6409,0,23.933097844289165,24.881133567334484
5072,0,26.792450888090343,25.770214666119323
4509,0,32.22920358891515,33.85598661651788
9496,0,21.571072827957067,21.01441516294203
6957,0,33.97285798274929,32.08230234181735
9303,0,25.011178157225174,24.054625187292714
426,0,28.14963506415043,28.003288563832687
9278,0,30.450457719311817,30.45460533436649
9464,0,19.421548786327076,20.49962049465351
3382,0,30.43318975251962,31.778372849867846
1208,0,24.495765523129215,23.58508006166422
7990,1,37.61475274769279,37.65512818932479
9553,0,26.337190338461472,24.34902163881597
6848,0,22.616626387658474,21.70977031515371
3293,0,28.149257545076843,28.2049195255325
1993,0,24.112577242917332,27.58176846006506
6096,0,30.3407753394554,30.42639925479057
7703,0,23.632597848025423,22.236860234163423
4202,0,19.552317756658702,20.345829157809483
4594,0,25.466970102907425,24.422420336997966
1933,0,40.34836641524879,38.621956980191655
5515,1,32.63488459393011,34.159558487287825
9760,0,20.886058443981824,21.708148024140378
6357,0,20.970862791398872,22.256575574462598
236,0,19.523218824416933,18.82716015481455
1713,0,25.234078684895625,28.441607816893445
7670,0,36.208464091462915,34.16943350022951
7275,0,30.159697130582348,27.88051515981388
7176,0,41.18386367514786,36.86602763080012
5629,0,28.459875477972297,27.932088015644112
2354,0,21.646904066206236,21.291386376386086
8115,1,36.073548441094005,35.38373503952038
4039,0,23.90503276948844,25.178953153077224
569,0,32.70298857461662,31.223672255566537
572,0,26.312522064236262,28.201266457680763
1373,0,18.612857553453253,18.969082647395282
3398,0,22.566401447554234,20.92276623466298
4678,0,34.0105409991117,34.86042690424752
6034,0,26.14688437962711,26.018579723764322
4092,0,22.00270992632376,22.035453141905304
9616,0,19.98830655240448,21.280731095648353
7962,0,39.2896851665959,35.319982161191774
3344,0,28.93902598071865,29.01107322481877
1493,0,27.574629999207538,27.510369402473717
4468,0,33.765454590411544,33.638867088374596
6937,0,17.49473290168117,17.574223350106383
2563,0,21.133562096379254,20.344867623329023
5482,0,21.992495131540135,23.65691108731364
8066,0,24.896119706375522,25.15181615696149
9748,0,20.57208399288329,20.01481149816846
7877,0,21.33986491742009,21.877190030104156
1135,0,20.953891248371008,20.639561039958622
9448,0,27.775267416791195,26.543683203270973
5394,0,26.705954953584566,26.919269854084167
5785,0,34.42803454272611,32.14217160434504
9603,0,41.10724790637702,42.04007501519828
1762,0,39.08376254958928,42.57851874703363
9384,0,36.05395713678538,33.084632658724516
9238,0,43.48181707704286,40.143670659489736
223,0,26.111990893309464,26.623247303433548
7073,0,18.763426194931192,19.828607120669613
5628,0,32.363589941097324,32.0498664327714
3429,0,34.25316976862869,36.66207344497291
8853,0,22.464457712016504,22.85466337635163
4104,0,31.367400855907455,31.734463285461445
6097,0,30.034568007616723,29.918917116345646
2758,0,34.227315850195666,34.208022658976645
5928,0,24.467360603407833,22.46613710475942
7062,0,24.840704496914288,22.663544777939713
5355,0,38.214930071227656,37.51627004637673
4210,0,21.884414754324606,22.363660882951276
2343,0,30.734813969130638,29.280468086624325
9847,0,22.395524222513153,22.22507634820218
3783,0,21.96518397680925,22.01551516761743
910,0,46.283611183597465,43.79288942109207
960,0,30.56381176304148,29.042991889569464
2287,0,28.654495215126477,30.14192347094396
4750,1,38.116683883388674,37.31759441272616
5236,0,32.69575726292652,34.81643487676357
9560,0,19.65728159762712,20.451604894696786
4335,0,27.08740383432662,25.904095715078757
6741,0,23.069814291976382,21.5634433477808
4343,0,18.232144534355132,20.693184123846628
4616,0,32.55355703785577,31.39456230854543
170,0,25.246801879061902,24.537461566668195
4731,0,29.862661185271865,30.68585846137149
2084,0,21.792480942611903,21.696850982803884
3684,0,22.70539176059306,21.387923879728824
1467,0,22.14194137318185,22.475659972929222
328,0,25.467627652565707,26.592845085161375
6647,0,33.28211941830989,34.818194775134515
676,0,22.356259769008687,21.84235256484708
8122,0,31.106306396076164,29.221485117644825
3641,0,25.65740327450965,27.610722301934
378,0,27.71594392788737,25.814369580452208
8460,0,28.087686085219023,26.855527867448544
6102,0,20.76981311961149,21.20585719275777
2730,0,24.393115857308782,26.184972281103146
5467,1,27.145254392174074,25.36949609996358
3309,0,25.311209148385974,26.563234335951694
6193,0,31.791722211255543,29.324648998771263
1195,0,22.673656518594697,24.646672328852397
5381,0,21.404577163367996,24.573472906759708
8758,0,20.00760543903876,21.657592557024163
830,0,25.11746087418626,26.60427780436323
7482,0,22.63112822190207,22.893015321571923
1994,0,23.721648101424794,23.066116082651952
5321,0,32.91928898341786,31.90956142926004
7686,0,17.258743003741746,17.126328944024706
9626,0,27.796386608404273,26.446538389394675
1937,0,32.443420980899035,30.28350705202707
5269,0,20.752717018486372,20.977495707326693
8127,0,22.934643276281854,24.65792522200837
6185,0,21.017559897471248,21.487107600567832
5013,0,27.90039611965519,26.869149199922777
4498,0,28.3684608901908,29.61418662415092
5313,0,24.929554005950102,23.686291517293586
413,0,45.242089804298224,42.39532309236896
4312,0,31.13214979173967,30.610489846787722
2010,0,24.966763671780026,27.100737943113433
2952,0,38.706773464117425,38.168654919094536
3698,0,25.69624558654378,24.180057646716335
973,0,20.949830655858396,19.600329427167935
3431,0,29.447432158544604,30.459039218965067
3579,1,27.340597800152352,31.078344044495132
9346,0,19.810318432916404,19.938487384390328
2231,0,24.756048101451444,22.96303373895125
9121,0,33.394649054093385,35.99261810157082
4087,0,18.618490194023593,19.974053197447923
1984,0,20.6044159256479,21.129627491954043
4685,0,22.76643262792186,21.955687589846068
5138,1,23.525129375354442,20.563291871015426
3584,0,23.3837198789182,25.836960931578865
9213,0,21.076919944656147,20.680857721335414
3008,0,20.352342083805397,21.239072179565184
718,0,27.121017215642983,24.585987485542507
1595,0,24.459865603101846,24.43378522335329
5025,0,21.418986513485287,23.189863882332773
8424,0,22.339974860807317,24.177923819656748
8924,0,20.363432371249072,21.164612002437305
1440,0,18.851528591190217,19.406683713298488
5868,0,23.21583265346515,23.366543078434088
3209,0,25.570833969692863,25.909219884226783
1679,1,33.33449693713581,32.053086814254144
1741,0,32.851304272819014,31.584824397672566
6441,0,16.361754568170298,16.300154003080888
9559,0,22.802473261883765,23.41984977778593
731,0,24.19775295297228,23.202629661092562
1095,0,24.506727114122867,24.406318457380447
6416,1,45.03015466359266,44.98792980679391
9557,0,22.65045957556229,23.86027963071596
8176,0,25.474888089193403,24.894371103378322
2662,0,26.091104297889267,25.75845177622493
1845,0,17.597660389135957,18.406581455793706
9894,0,26.534656135901873,25.335988858384955
2992,0,24.71518972227098,23.763092566315592
3531,0,24.397838088317936,23.13117772297086
6868,0,20.231628982745313,19.586653704331585
5875,0,30.54981383776379,31.155258429873356
7706,0,30.095094536435845,27.93694264211513
2529,0,36.407893903978724,34.32354803961958
995,0,29.337216252906295,26.583700291643865
5073,0,18.872928350723765,18.63164203576284
5449,0,26.877906424523413,26.565306061360833
5199,0,35.82558137104266,35.19361399873062
5212,0,24.321709027280875,23.656039012818287
2152,0,22.258206434780824,23.03049486702846
8743,0,40.48516394816764,38.33095872007385
6317,0,24.310553785175447,25.403697892702947
8662,0,23.44742879820003,22.313620574756897
9550,0,20.770771576947325,20.551187106512014
587,0,23.817504083421255,24.9529793642792
1123,0,23.370444174106353,22.801622913518553
8482,0,33.131028729775814,30.13210245684798
5518,0,18.46480069662746,18.50570858840971
4436,0,29.353109619076804,28.635759966688717
6531,0,26.778025211418026,25.275516308591214
7298,0,22.416257809366904,21.85403908821533
8534,0,29.079502710275147,26.740605019078966
2545,0,30.36288867002727,31.15717654938543
6542,0,33.62277771264126,30.567759140690075
8323,0,33.465855482910236,30.400433225561162
5703,0,17.599486839639965,17.63656389619109
3872,0,19.320876511591305,20.13373307808796
9003,0,25.101732566487236,26.136053597749378
9574,0,19.770793406256274,19.87328539762549
9986,0,18.387847663254934,18.623272496947603
1344,0,21.81694234251553,23.061562759460976
4290,0,27.320897063419615,26.5310262179533
7474,0,29.189074644516754,26.669515970640028
8250,0,20.737957091128322,20.502251340948863
3804,0,24.341863238752293,22.8605218359986
75,1,27.589155975006282,26.428441038854544
200,0,26.69542865051286,26.372732362545776
9864,0,34.675758634030565,34.5149453922586
347,0,24.14003453070976,23.87931861345243
8084,0,33.5247483214842,33.30124165962553
5194,0,23.71154816251787,24.116625897507916
9385,0,26.871741545924557,25.68385039877313
7828,0,42.86127257581921,39.58018366567376
432,0,22.490119796447335,21.333338968131226
7188,0,28.643894259125712,29.00480295173141
8942,0,24.41721480161147,23.949297266114968
9868,0,20.966619581120582,22.201262940020978
7910,0,23.931365715459325,25.856161086970133
6412,1,38.85743120143502,35.5490694661342
8495,0,18.94919801334479,21.528933825875303
1682,0,32.71813492564825,29.65007883437963
5196,0,20.449576688182514,19.334926966150263
9533,0,41.22175477333156,39.70269368521787
2162,0,32.83848065819796,31.9083978790621
5663,0,26.92380565391085,26.48503754504187
6107,0,19.548799338246152,20.433386125145944
1675,0,29.859456323999876,29.267257802931162
9363,0,30.281278608821644,29.72784055278421
8680,0,29.618640588878193,29.894429605687368
3666,0,39.15960384483902,38.14475979286531
3589,0,21.066356755065296,21.315745478215923
1586,0,23.324671157239898,23.207946467865874
6208,0,36.77824210321193,33.561753917096624
3132,0,21.10149093136998,21.392985801263414
9475,0,24.97978218259201,23.383434053260817
1519,0,24.903505549461716,22.64769177629703
3533,1,24.918582075025512,25.67456628805519
1893,0,19.354482291362107,19.578173047695277
313,0,33.31636773744641,33.68157429490416
331,0,32.65120139418103,30.98862774498698
1054,0,28.439896459197907,26.290823654553062
4421,0,24.917158854766296,23.657141730751125
6048,0,17.428890623887497,17.581538870520852
3815,0,29.060507033016318,27.091821525387356
4278,1,33.694734819096,36.59354714704836
8440,0,30.86292178489201,32.68075384406152
308,0,29.660136715115126,28.515148033387216
7147,0,28.76371891468969,27.23052738461081
6075,0,33.14176955372483,36.1028816387506
8867,0,24.17910275227319,26.952120008561533
626,0,26.125587691085272,25.576490347510763
7526,0,30.20140548906361,34.07778804888561
5812,0,23.245382360627435,23.41248672729362
2222,0,24.718021295492697,27.328899242531723
1100,0,23.11707576860252,23.927998607794468
2291,0,31.899935264638763,32.058918098970935
3330,0,21.21984462391045,22.22582292058209
1121,0,33.95977760191817,35.34445263467577
1001,0,33.17110355021191,31.72643010519662
9916,0,44.861680831575754,44.05975934980808
905,0,22.56375450622572,23.380331615855305
3645,0,22.583894518750636,21.55525563626786
4220,0,24.16779113254555,26.07237663508809
9972,1,26.746990009741875,24.375725982666243
6489,1,32.96520622531397,30.512985761230123
7855,0,24.481465934803282,24.05543973005423
3483,0,21.587492328205162,23.943616106515226
2392,0,24.008355635428888,23.086900492215385
3077,0,25.328998045565058,27.24991207090853
5000,1,32.0583322337389,33.69954155028846
5858,0,25.926443280826263,25.88139462056524
4756,0,48.004624288537535,44.43930951014872
8235,0,29.319353055752245,27.3325692633386
6257,0,23.33197640051328,22.821603287419567
6624,0,23.04026992149565,23.48007585522755
864,0,20.86113024923826,21.09071862875873
7974,0,24.009413860376025,24.316688696791207
831,0,25.601606659813342,25.390353627173315
5414,0,36.79640655945827,39.86674098395093
552,0,22.74334944242114,25.056645088112205
9844,0,33.56620686595889,32.47627604863269
9495,0,29.6560329673467,29.309454003586747
763,0,25.492486207952055,25.712932589807068
6852,0,27.028377870145214,28.761920391210225
6335,0,25.29526304304532,24.413582971370754
9320,0,23.11612453093748,23.272157836634648
7661,0,26.30925225950521,25.899500059821026
6962,0,24.01315898369066,24.71397801588775
6081,0,23.71955872319394,23.385935291492267
9293,0,29.91872433561115,28.234473149456477
5716,0,19.43402595823211,20.126527957788472
8211,0,24.692097348448712,26.12539078988996
3893,1,28.083635499736356,29.260869635739354
6419,0,20.80922195936833,20.061671547930665
953,0,20.53264043027067,21.12815784755282
4763,0,21.740191697997336,20.574124976805567
928,0,27.47518789388653,25.89548213135856
6543,0,26.51901731571103,27.425077652382374
7000,0,32.78574333953873,30.64519670765784
9139,0,28.177114861289837,26.38908831823712
3373,0,19.20284678933214,19.22340711373306
2002,0,36.03094315521296,33.715641727858234
2449,0,32.2223538767122,32.128992541177155
1176,0,22.033326926876274,21.677226956834566
3326,0,28.392736642947717,28.33847624045677
2087,0,22.25034383255074,21.044797465314694
5864,0,23.21359751227245,23.338290109647886
1386,0,21.85437179507796,21.964766204195936
4858,0,19.116835371576233,19.282844161853234
3469,0,24.223894201440817,27.74770492931102
1212,0,22.891627370913383,24.98790641347892
5995,0,22.74653018929291,23.82119480413755
9889,0,31.89568384871745,32.08755344575674
6953,0,23.191589243926416,23.18715504315573
4301,0,23.776220579016556,23.373637388398908
9052,0,23.620721381898903,21.970310783751746
3883,0,25.306625616068843,28.22184351632634
2510,0,21.16493529819422,21.307876815848505
7012,0,35.015091262537325,31.68799572301676
8878,0,27.306222048919924,29.74442291364937
5158,0,25.72291103140011,26.352226111871108
2444,0,22.423925695005146,21.60012239172871
5856,0,32.475933994676495,30.886869455338754
2792,0,25.23291016541258,25.361630179319917
1004,0,20.736425279272805,20.361580962966354
4992,0,18.889730326554698,19.821978116260492
1188,0,35.4415314284199,35.91261992276559
2337,0,22.57319103073133,25.410833891367325
4409,0,28.560460385971883,26.95277156133058
7376,0,23.20524506114384,23.989376517536968
4467,0,26.79646248751905,28.930500818615254
2550,0,22.55592243223388,24.307022388929642
547,0,20.15122974537976,21.400349875753736
2796,0,30.578761734717165,30.57764962548659
9637,0,29.429202938287865,29.7569747145355
2466,0,26.82658049297581,25.569472712879502
3262,0,24.067488470123465,25.369934063921608
7403,0,22.30238703125243,21.283413049792475
4423,0,32.35486587641097,30.044858459304415
599,0,25.093463631861734,23.210938630502998
8017,0,30.88311978359797,28.52039251997775
4737,0,22.220636596988747,20.915141553965665
6661,0,26.711330401592164,25.76016325888677
360,0,20.648703816581254,19.821586687527162
8770,0,22.113160770490143,22.512547140511266
7507,0,20.658445588382715,22.417620000658875
4820,0,35.76964856461012,34.29898084156522
3504,0,22.992640936092652,22.570063692385947
7368,0,29.87052907621477,27.594798018872197
5050,0,25.370117539186744,27.213609431966315
3557,0,21.324586277354847,22.063804247851355
7734,0,24.752307762033617,23.557438310916478
8201,0,24.06535204327033,28.313237111951146
9266,0,29.65449391544088,29.024370470573427
9478,0,33.057765467633416,30.79996520266885
3310,0,38.04377163648565,36.00541342540595
4595,0,32.252441857745225,31.849670229473027
3164,0,20.144908605909357,19.930190413964624
987,0,18.8340282703378,17.90693772577017
9187,0,29.415526246673988,29.744022244761382
6309,0,32.82629099634268,30.29859598055525
3612,0,31.48308301081637,30.045537506494068
2281,0,25.43501742455052,26.36401635919723
9201,0,22.46382004453027,21.553516930251845
3377,0,28.262338637294505,30.71701622947264
1018,1,34.2769975818688,29.463714012928094
736,0,30.308793652659325,28.725767986586803
6344,0,33.85767232408217,37.062390386440356
4895,0,23.503769780824623,23.08573344461624
2824,0,31.25386264047551,29.69651807988745
6592,0,23.70217910128044,23.62374879909726
399,0,24.44839159521734,24.46779969371856
4636,0,26.58796109428246,24.799667199204524
273,0,31.79449236311888,31.672188623071136
4517,0,28.452771249531693,27.241111400194452
9250,0,20.96692585852386,22.663201824218095
897,0,18.793276522682472,18.611656193919025
8486,0,26.519793096354224,27.66036646062639
5675,0,24.460769501519593,23.278743383678478
5731,0,31.560310377364363,35.50022927584079
3821,0,40.10046895358917,38.66894483379028
4226,0,19.27862703291276,20.314680309465704
7838,0,31.11866216623906,30.788318635990652
7524,0,46.3772441406233,42.256202107483325
57,0,32.76392386014261,30.600544212765396
7086,0,21.713120548804763,20.849727739178938
1368,0,19.353001890453964,19.268865684742735
815,1,32.358570103873056,30.696557657270024
2188,0,20.938098722203,22.26518497615195
2571,0,25.823905461183692,24.69458946214434
5935,0,31.613857614929508,29.380983258759493
4665,0,20.938945272833656,21.959429358284954
173,0,22.941403873248472,22.01156335026429
6524,0,26.030221986219807,26.763234363284486
7841,0,25.805036313962788,26.583153847375236
7158,0,20.16160848913198,21.042320825917958
5668,0,40.227756032648436,41.26998977630643
9419,0,21.917687815478956,21.840792907131494
3117,0,29.739741407110603,27.32967008600419
3964,1,34.4876096095523,33.05062610080006
8898,0,26.761387189913407,25.312517972149887
3521,0,27.932697739939645,27.948119551469905
8307,0,40.01518597062089,38.83207692905091
6595,0,26.343128568752295,26.397774562265525
2722,0,19.94184198624938,20.810616055492687
4123,0,19.22182069355385,19.137966810436957
8421,0,20.85410029981766,21.50294606125871
7788,0,24.526816660302494,25.61656988308196
282,0,24.60281042568166,25.290100328322545
4592,0,25.767040758090026,26.53869939953394
3932,0,21.974472553815144,22.082901680085243
1641,0,24.669423888575555,23.87929692000331
6135,0,22.306491975908223,21.125425819420553
166,0,27.449553410803855,25.186576093761015
4326,0,23.1625607950967,23.895823942029597
2848,0,30.470711252474615,27.995422466315937
3221,0,18.830539214393994,19.155687336799684
5110,0,20.68950416858188,21.58052954762232
1442,0,26.664030854043155,24.468910367152166
3800,0,33.56954645425897,35.31162479892651
7930,0,21.088623266523687,21.35485857991987
9901,0,26.536234754769378,27.815385786496233
2570,0,23.91927937423986,25.555019499119023
6299,0,35.72561491598777,32.452623227876515
7103,0,23.27893268501842,24.403433413640837
9799,1,28.179319152633365,29.837333138313713
9589,0,32.33647452685767,30.77429457564743
670,0,26.547831685898178,26.405542399267354
269,0,28.87098400821243,26.401364876626072
798,0,19.714638131630615,19.511490247167853
467,0,26.210072298870713,25.734171212876543
682,0,22.910739568037993,22.31107368759407
4494,0,24.115363678003852,24.68722837572786
177,1,24.14778656394725,25.15159184295618
7186,0,29.22865979295296,29.648426007871358
7392,0,22.24565556285729,21.793322219942
9822,0,34.7410581300673,34.7085275902147
6459,0,39.58723274017416,36.648668734156615
1397,0,31.218034542039437,33.87949745407234
5161,0,27.121211977939925,29.110676679822667
7771,0,20.6360199635664,20.698750257451714
7051,0,30.147332555784057,30.43876978061484
6719,0,20.893282447223143,20.12607915806733
9877,0,20.297578096681278,21.102019199053068
1190,0,26.198082487942354,24.265321561282317
2368,0,27.41236327191938,27.86577271846497
917,0,23.042667386793617,22.881622158865742
3424,0,31.605566251468524,32.2592286744969
1925,0,28.591171787497856,26.754583583641335
6403,0,29.809583306688854,28.871831941970104
1841,0,18.855903669602345,19.368468386136495
2711,0,26.879258247979525,25.591380135796175
4119,0,35.58959712647926,33.67820232107547
8808,1,31.94237105636009,31.908367544491526
3323,0,27.21168877380091,25.274375869599513
9497,0,27.112674400637538,27.18822016742013
7549,0,25.3293504631806,23.99629132774916
8258,0,29.447055771419308,29.561400056867495
8179,0,22.332475943547994,21.236549758525577
6619,1,28.64470772101293,29.273548436851218
7902,0,22.59131607193209,25.607699816843336
553,0,23.74195313126691,23.040804649936597
991,0,19.491064041109354,19.602294994355603
5225,0,19.341228461320565,20.240811271211705
9733,0,22.58951229433538,24.12624381181339
8496,0,34.26550525565737,31.669453830677718
4000,0,28.999933744986272,27.328639911152983
8041,0,22.4996894319929,22.054728574706974
2600,1,28.92027335820629,27.699900336151394
293,0,30.203290239782653,29.883333882770433
1153,0,30.98618213796606,30.910794530188998
4901,0,33.477167124274196,30.205335774455275
9347,0,22.971081745127577,24.134464793594468
1417,0,26.082836982800448,25.462773039580377
3290,0,26.280437257653965,28.629301982185286
6147,0,25.340371382469794,27.557444690072032
4783,0,29.874090837952167,30.71304708749706
1245,0,19.11099913763811,18.816842260779488
3913,0,18.9966413437012,19.348596456880752
1226,0,26.56439392468278,25.810536807828306
9775,0,21.351356192974084,21.848986102913788
1290,0,21.902959374772962,22.734699120135865
2081,0,44.129730254442094,42.02173246281097
12,0,31.074264755164887,30.311641453451045
2058,0,24.116467224569636,22.0122527131492
8314,0,24.302454213913528,22.380676306135452
5103,0,21.039626729672086,19.37542326343744
1317,0,19.248580701409633,19.121258661939837
2746,0,24.01737035647159,22.11251247663808
9921,0,17.799544787798578,19.419966569785057
6960,0,26.226110037889576,30.191713090945022
5950,0,41.38278055335552,36.009372588719685
4400,0,29.07251057253099,27.558893211378134
7763,0,21.179575560346898,21.857489285243314
159,1,29.221029865153838,29.53676357355857
2336,0,28.29099161713557,27.481264120328017
10,0,34.07629446802817,31.860335213295258
9700,0,23.45810106393311,23.84120168928032
8623,0,21.22489268367637,20.382959720345223
5469,0,24.73427397336638,24.513262659733588
6106,0,26.329895516802587,25.962987485051062
5377,0,27.583540974414795,28.11195804836959
2682,0,33.77632927827773,32.34247819824695
1019,0,24.413733741690418,22.78516977839279
2867,0,32.5633721931803,32.88052141242378
5733,0,25.28151863602717,23.32712747540047
7665,0,24.194548921683566,25.675717802993702
6861,0,51.86038914057664,48.09464574720896
395,0,26.619230944193177,28.40496139272314
4770,0,31.4670052431967,32.460247485873424
7748,0,23.087562664128516,24.798993585609804
3342,0,21.526016239894645,21.12968402332911
6348,0,26.89598096017765,26.858506804375825
7659,0,23.23846298007458,24.158582433692168
8128,0,32.90493672816742,29.04812673977068
2926,0,19.80807481300671,21.086683387476437
6587,1,32.771823581868574,28.43305262996984
2714,0,28.008642120250524,30.32389386973357
4796,0,31.94457905734551,28.762049627781728
4878,0,19.94101795324935,20.616330264419926
1674,0,39.34490996062289,36.48726889079856
2815,0,31.42259767125577,29.62341589681494
6288,0,28.927626765321378,32.07098084520679
3787,0,28.32169445214413,27.24197349757129
203,0,22.951288314309092,23.31278825129274
3950,0,24.784374411675362,27.66402350877897
7823,0,22.98129005538282,25.660685704240407
1289,0,39.21256290414908,38.22979807748564
1362,0,20.926252983176155,22.02759627828949
8423,0,21.089548112459756,21.72062311008497
8380,1,23.335847389095445,23.809945079216497
3583,0,34.92988689146669,34.17656324527596
1815,0,19.98248976680008,21.114106041655972
100,0,25.20880124788688,25.87442703343878
3385,0,24.503780215609716,24.48291070442571
4652,0,27.263988866388896,26.409137687073947
3103,0,36.31694583683805,33.29282377515239
1614,0,33.50183376731844,29.83503807022524
1607,0,27.834215425853976,29.362950071272635
6864,0,28.236504424113907,27.20792840968723
5057,0,30.410158373137985,28.9429682707072
3534,0,21.295187768592402,21.797362920330702
2197,0,42.00888314949915,39.33614159784596
5396,0,27.01981107944059,28.71813174193816
1075,0,23.593265976905723,24.81586352713713
7506,0,28.231477194979735,27.017794678517202
5016,0,41.99257589759969,39.93291578128399
2591,0,28.592872325608077,26.183560813134527
3378,0,37.97164758599436,40.11342801837891
4486,0,23.773702770623487,25.510810893072037
8364,0,26.815623479668744,29.362772032751398
495,0,34.07363190357265,32.881010289131694
4799,0,30.590401611910387,29.37181320419888
5028,0,22.140840402775964,21.9364219597419
7358,0,17.904370002184233,19.142890030845912
6365,0,26.272005670967705,26.914068240182246
4982,0,21.980279076894217,21.94182455458012
1334,0,25.480749239021364,25.584615127072343
8911,0,23.445074647320023,22.49927360372907
3895,0,33.93705785977471,33.86457276301131
1146,0,24.152166891420528,23.64373965137038
7764,0,19.38183150547131,19.661323406257026
6539,0,23.39154091468894,25.84541193469629
6652,0,45.76571141747573,44.76476682373886
7968,0,26.8329357395258,27.098779632447645
888,0,21.79544858135613,20.134983768957863
6535,0,22.04667160064325,23.4031662038135
383,1,26.872017385861135,22.892898376332322
2958,1,34.97300601693626,35.01577087221913
5612,0,22.806911606691667,23.759971892607354
6987,0,27.415368367411087,26.496108073617666
9499,0,27.36970559617253,29.04622070181555
3333,0,39.97865302391988,38.61334888184257
6608,0,30.270944511378428,30.94672479919513
6666,0,19.135808979282604,18.778851353245322
4816,0,22.989261579088037,23.448460274561697
3198,0,19.008461499712425,20.789658771678443
2489,0,39.99786631623313,37.603709712084516
6287,0,31.567950133348187,31.90560176163116
5155,0,20.36586588414804,21.355202475924347
3120,0,28.79180232542064,27.53008251232274
8580,0,40.47398791600314,40.851627722919076
3906,0,33.69790536949015,29.918555380341022
4424,0,30.56719036060851,33.064428354547985
8381,0,30.631446190776284,33.20612942887743
6904,0,23.234810275805792,27.05183643185084
6988,0,39.67816466175965,40.2609224795556
1508,0,28.413711943694597,30.421884753609053
2182,0,32.089542290530765,32.145726970409
3855,0,21.984644848672627,21.72477181333791
666,0,26.708362256310206,26.388261796780572
3135,0,30.179963042917784,27.760490755411556
892,0,20.16224466293555,18.503866110941964
2208,0,21.86540145830935,21.119330458652815
3600,0,23.427222964320592,23.574432919515655
2703,0,26.382459670881055,27.83004850286249
7366,0,19.867044175448495,21.369575262136728
3780,0,27.21982378405206,27.635107162186724
5154,0,41.118199155586744,38.326435016944316
5521,0,25.708736634194295,25.878008243722547
8776,0,26.63392737208931,25.470280100427146
722,0,35.08904435334945,35.373054930123665
949,0,20.88863962979835,22.34512376544095
8797,0,27.00337629642066,25.864844369884562
7020,0,28.250071232806867,26.410601880079234
5718,0,25.28510437325037,26.229937422233025
2677,0,31.79319956467643,32.78587135090723
2101,0,23.10408836080982,22.70458168561799
4131,0,22.246465777578678,23.585119857795743
3515,0,30.493872093374925,28.917168707293474
6998,0,26.043137678581292,27.82121171827886
6703,0,27.007722432667087,25.046275213551873
4054,0,19.155620847705983,19.838640811372777
1111,0,27.179262131400495,30.797082380334107
1995,0,30.069240363870147,30.883366226726466
1889,0,27.150168772120427,26.120716257801718
8617,0,19.972278973022224,19.351567236085845
8102,0,22.706196338878293,24.174851232215314
8930,0,22.798959887325946,23.141428406868922
8396,0,41.173116755941386,38.73192612591429
1020,0,30.99513915750559,31.927742291328546
8048,1,30.9839314472963,29.13973476669169
1563,0,25.948365100708752,28.092494303159093
4179,0,39.03014247455851,37.175572039852334
8020,0,38.60898977170376,38.49222819679318
2079,0,26.09173136854155,26.832616387345816
8205,0,25.41720919884697,29.472391389296284
6064,0,24.369323078668952,23.876065898893668
2305,0,21.128759484272766,21.53249157963048
7166,0,29.459009657141976,29.635275099698937
3729,0,22.825814559724275,23.862255965066687
2241,0,31.564517983142093,32.606888260924826
8531,0,22.18279989415917,22.414340733024193
3051,0,28.449135355234716,27.31398458117497
7519,0,19.49768465027254,20.258872417500104
1726,0,18.330622294595027,19.17396227437
5517,0,24.72511031621639,24.754050481960746
5144,0,36.378974040118884,34.24326859472429
8954,0,26.88736304570555,25.650207732353778
2645,0,30.35166571515994,29.751231753561466
1388,0,23.708238739510232,25.88906275616326
5114,0,37.226685944257056,35.05572003487806
381,0,30.197198491200385,29.08017657813786
8209,0,25.930943978614497,25.019100411324796
9200,0,22.267235024857115,21.995376001714654
4525,0,33.73133732470407,32.249782883603544
163,0,21.256899554852968,21.073730582408892
694,0,28.614561205450702,28.82034673609534
2581,0,19.211504422660024,20.490045217121978
1182,0,19.818965032528254,20.296654997695835
698,0,22.92486041571997,22.922081624947694
5416,0,27.449247146388522,27.8630426097395
7372,0,25.97820639951615,24.315502814380217
3665,0,31.70642689430759,31.422332538885648
1051,0,23.49406994527466,24.667427368933225
1733,0,28.41876060640826,29.78262526901503
9359,0,27.28450790346257,28.59668881348351
5345,0,32.807324279582254,30.1376558268422
1238,0,18.0210477352462,19.57861351558303
2131,0,30.101593241255184,27.973772574607697
8219,0,22.93372417165843,22.216092832812137
8710,0,19.203563438769127,18.594387471668032
8921,0,25.49566904163799,25.45409731572244
1617,0,26.89014900582422,28.1781384267507
3942,0,25.653457931873046,26.13617703510767
3370,0,19.539716295798844,20.139819443899494
697,0,21.53616146688858,20.687875804499217
8358,0,24.09899359932819,24.841123987021675
6176,0,33.38956203091351,31.487318362399655
1716,0,28.404322530250077,28.873545748610983
8023,0,37.40601353937379,34.11140210420113
1098,0,24.38247634216296,24.01376478190072
3961,1,30.00736558619666,30.23989903518368
9281,0,21.42997901451377,21.648445773549227
7098,0,24.01902269931395,23.248459144046524
8138,0,21.612662066112378,23.05274857279842
8536,0,21.970117948163676,22.32673418337018
4559,1,28.563236457793842,28.74080654293655
7296,0,28.639220835804412,28.197649767333
2670,0,21.342644637191952,21.29870350747715
8805,0,30.333974357444728,31.770955422710344
9267,0,21.18310838691026,20.518234403647522
9221,0,23.38095270853476,22.883575057926056
6828,0,28.188747935687363,27.324704710946893
9531,0,27.37923428495152,27.249225292555227
9322,0,21.017435597815886,20.185970312778835
5141,0,20.498779885942103,21.39417610952453
4571,0,18.00070477786365,18.9801021887312
8459,1,30.978508633007877,32.02691220686501
7776,0,32.36010276706393,29.27295945830383
919,0,41.036818471925386,38.179876440021616
4874,0,34.06382767580665,30.72977799508678
275,0,37.27753021220636,35.38805652628598
7690,0,23.58704717857083,23.323227198962034
988,0,26.357231328929817,25.742663113549796
8802,1,24.66232805281388,26.140269454329793
4366,0,38.30859148723776,35.68138571272132
5259,0,24.17633499130362,23.058201422884185
6984,0,25.335125328526228,28.454893128644
2423,0,25.6722431098049,25.551806193820173
8544,0,22.54575665056789,21.198530764669922
4308,0,28.355168023838942,26.767561659712996
5894,0,24.67202942125119,23.918697528015763
3503,0,28.0594917333432,30.50779313262762
8666,0,30.610577844142743,28.327062924977092
4250,0,24.16474910789067,24.79226507566318
1785,0,23.86863056189147,23.847133697840285
4821,0,24.68001834721528,26.88195045880829
3491,0,31.572879670108865,28.781951731340584
6862,0,22.106753702498473,21.53260337459113
9529,0,24.823036634904117,24.562841355056577
3946,0,24.986921363096233,25.157517549041213
483,0,25.842794166776116,25.219054128112294
4283,0,22.265776707531636,23.4182501287027
3113,0,17.751475958343903,17.372407183097554
2097,0,29.074194966724985,28.303342788481253
7287,0,22.38143978796808,24.364862794111346
7336,0,40.92596168485963,38.460826699843636
1838,0,20.851447247751928,20.573829577740536
7220,1,27.135063378865894,27.39096966289731
921,0,37.04373072745947,37.50289984418543
728,0,23.195571308593163,25.03201699107519
3795,0,23.738709036907807,25.416402024256623
7617,0,26.886229340829154,27.09626383298374
3886,0,30.589397632155848,31.14600744401439
8528,0,29.423373033917954,29.01243821460115
6650,0,25.214096787566124,24.62990246633812
2024,0,31.791781092586028,30.43502393138463
7276,0,38.895720302511265,36.31964080544049
6575,0,26.062142052220302,26.193454305981724
612,0,18.625216855318094,18.856062083252898
6792,0,21.497283261099053,21.962210580749147
4328,0,20.12769427635542,19.66371045296684
4813,0,23.869069904583547,21.99231301086531
245,0,32.323513835180385,33.49905371800612
1700,0,24.931732926828843,27.716992322073775
4632,0,39.51368577447506,36.585296867820865
5955,0,23.722386062692873,22.78362317447045
465,0,18.63441200767766,19.523452726423734
2870,0,19.63470336757754,18.52908600759548
6184,0,27.451283303125113,25.400830155505396
3525,0,26.32149353918221,27.772325244114697
9356,0,20.268291916866136,19.556938595156687
3585,0,23.918328815803495,22.33133210233191
66,0,20.931264987627216,21.656539207146754
2584,0,22.9087046050307,24.697706864745673
4516,1,40.39081407479435,39.89056118377761
2753,0,21.767930183774883,22.907394446725153
3925,0,51.00445842708509,46.52688445179549
4333,0,32.26582115628569,33.20805225335991
7489,0,18.234602345636986,19.59677694071938
9930,0,26.092037546213383,24.955352190196088
5780,0,17.732946608031163,17.76726416617748
8547,0,22.698013528596512,23.00943334735764
1487,0,28.84084368304347,26.970333892910524
8124,0,26.169473996060244,26.17268857605677
7316,0,23.811646547864996,23.4822989119046
271,0,32.61317930731262,33.50340137262657
8077,0,29.83609225418869,27.891850818474055
7727,0,27.719678728762457,27.61758290530435
6518,0,28.311192467373463,25.89899656894441
5437,0,20.75306844493182,21.217794387512466
1180,0,17.45056360850082,18.103555715588364
600,0,50.82392067198611,47.943895100876716
1629,0,20.86910406997651,21.29938532856493
1458,0,25.914459152126472,25.66642090811149
8375,1,37.32800752377597,33.834308519642796
4023,0,20.27089710610002,20.684413196844027
5989,0,27.751661216648564,25.55360573144008
8315,0,46.79388277929964,43.044594742867474
2970,0,28.198867677683435,29.86388482417018
8393,1,25.840868740271745,28.440427000065164
3411,1,24.724093542504136,24.952627123462715
3835,1,38.40917854491869,39.995717472479186
2912,0,31.156506122323385,29.924208968061723
3002,0,24.563961809690237,24.235517977732002
3959,0,26.85789243755772,26.754109855907625
9660,0,18.944398170808157,18.787243024659755
954,0,24.7767479455644,24.38505720387498
326,0,30.063692991159026,27.36031858553194
4027,0,23.627334744534103,25.180795226235034
6491,0,23.860403629260855,23.706919099869285
806,0,20.825041375254123,19.647028743620453
1590,0,17.03995843153981,17.30421236424525
8148,0,26.34819111180986,24.93449965726146
1335,0,16.491736835260433,17.247650787312743
2964,0,38.0436009534795,35.14971377331302
3635,0,21.21513200822461,21.447655942141616
2158,0,23.135141894762597,25.589007678610148
6628,0,29.62503357516705,31.825224635907222
3549,1,25.227995516504127,27.25732414837403
3866,1,28.95110843063275,28.665107841349933
2235,0,34.41556325338527,33.05023522212789
506,0,16.64026316110329,17.518182822927653
5359,0,35.31673571895264,33.92589019776531
3332,0,19.269076069948625,19.39914082010129
7709,0,33.77272088195804,33.67330717044011
1972,0,26.364798950768147,27.88837324230235
3100,0,22.23923641095277,21.785337552935747
2255,0,25.640728097712092,24.16636649512669
701,1,32.98342391306648,31.592192382503644
9287,0,30.938723573477116,31.358709496672322
9280,0,24.457200233727956,22.27924200358816
7872,0,28.89399162050017,27.309550134953493
5798,0,24.600409037403598,25.610109143338793
7013,0,20.207546110601186,21.01177305506956
9806,0,43.344529873493194,41.546349205408234
9641,0,25.829751442963342,28.560812254881583
8171,0,24.21013380214734,27.125599446797576
6448,0,22.496510825891363,22.962425039563936
1120,0,41.94468891233448,43.408933915808845
2447,1,25.221330522062996,25.160520345987237
7586,0,26.83219472728165,27.813149186966047
3067,0,24.314025395012322,26.03534863362401
6020,0,32.335061696676235,31.657373947209635
1293,0,38.31347502303991,39.150333339885805
9762,0,18.756111733386206,19.549773645243246
6125,0,31.344840997026356,31.180699558493224
8419,0,24.949697596666756,23.505490210236612
5307,0,33.312819177182654,34.970525469818625
5501,0,52.70280238221951,49.905765517583205
4806,1,35.07551635493179,34.705236800449924
9856,1,29.33467136179257,35.38041973738983
1318,0,20.312591286120814,20.424042910299264
8854,0,18.93316634986396,17.399193925151756
5278,0,19.512970901868375,21.364417920766652
9978,0,18.020421671951294,18.53509869249512
6939,0,29.51942756651833,27.353736216791365
5014,0,37.5358755264438,37.01594795731397
466,0,27.526856657640298,29.142850260602202
7395,0,20.508046163827935,22.562617491957436
3849,0,34.21866785665042,38.438564736320394
4309,0,27.2266124177716,26.719087885080476
5129,0,22.978759917645064,23.378861203789604
4730,0,35.891857901098255,34.4150365104206
1308,0,25.764795861838024,28.739225207896435
2279,0,36.287407146780765,34.45599283012789
9708,0,27.414811900999712,28.985036794163925
7389,0,21.39261562123363,19.77103532637105
2056,0,30.71795667304407,29.85005251128011
7558,0,43.11983806576672,40.2838972592448
6777,0,24.512733409040123,23.347249958585266
6417,0,21.174038802968727,19.791560717400085
6646,0,34.14244958533581,35.24297257533687
4134,0,20.00223822951814,20.56096360598789
1341,0,20.2964271053138,19.474378425670018
4903,0,19.925761984940216,21.021814736405034
3453,0,19.449371050985565,19.912139491320772
871,0,25.555467817778144,24.846749480398543
6117,0,32.32038098761751,29.285744565447388
1711,0,33.03975639840722,33.62687908484691
2073,0,26.09434549934537,24.909335781083293
1852,0,23.532342947579856,25.407665150405172
9093,0,25.436422137289746,26.248303469171855
7115,0,27.069755793001864,25.97948376429627
5801,0,22.667742981038515,24.100776764393647
8967,0,21.57702527401982,21.71153867266856
4356,0,31.486847680061487,28.45400031834374
8767,0,26.72681022293865,24.65474698325961
4500,0,26.935230597367937,28.03651619526819
7536,0,36.85017034456804,36.79787674302379
7560,0,22.935801179965427,24.015139379658358
8883,0,22.479212683136033,22.915352847282463
610,0,43.0975893710216,39.62883995843228
7301,0,27.35821174904909,27.332119846522644
8931,0,27.981762558594404,29.176919632410687
7225,1,42.91278439659641,39.623305927139874
5848,0,24.1065762252988,24.971200536216642
3722,0,23.33312207620626,23.270822264985632
1365,0,18.463516931315766,18.895626034891098
6149,1,31.954809007125792,31.207033861961577
7206,0,18.646125025317428,18.361893654866687
3944,0,41.478268957730826,40.557221979736795
6809,0,19.303355768614317,21.32725029541453
7325,0,23.064647749756247,23.182824437831606
4929,0,33.84078599699615,33.5068910263643
8116,0,18.83897342577651,19.13829983737623
7217,0,25.794045706806823,26.423102940960362
2082,0,19.863946506029674,20.46262675747193
5748,0,28.12936479486367,27.279494654899946
3844,0,21.134354991439874,21.769944096338904
9536,0,32.86201383083977,32.0254599987064
8889,0,26.917606206258824,28.201833940015295
6457,0,25.769912697382637,26.602212516973008
3101,0,31.29117454824463,32.494014145924645
7694,0,25.5278846738234,24.755951188483714
2057,0,31.259002168002077,32.93864856759685
3772,0,22.515694684688608,22.09742708546666
7796,0,24.101581797467823,25.56876876367127
7261,1,24.21024913210507,24.212988219139188
6085,1,31.19174333862598,31.572975165202337
2017,0,29.25425541383263,30.61666417831931
5247,0,30.30762775423767,33.388564941265706
3236,0,30.420995022455322,32.918259271857714
7521,0,21.45896169951958,23.38544551614264
2945,0,30.907513799858425,28.866302320301347
3669,0,29.657829296944996,25.19776090647349
5698,0,29.64445502093311,28.950195015445484
590,0,19.099902290310524,20.091092739506266
4316,0,26.58295773333116,26.005685635695336
1728,0,27.625845326337465,29.237074766519488
529,0,22.84347936133457,24.08738173476506
6248,0,21.77631673665078,21.90189754243604
8987,0,25.96753127269624,26.044120951891617
6239,0,29.982455587123287,30.360177615759635
7256,0,33.10458642836697,31.14726457980618
7070,0,18.143269799196712,17.798366366804398
8144,0,20.941963086007654,21.343560663466267
8965,0,22.48604833803706,24.84124074846369
2809,0,21.119736115805143,21.47335873718705
2318,0,25.721654401454114,27.6729669550164
8865,0,32.96787327572395,34.200837619750246
8385,0,22.616723090094702,22.321405799084054
5635,0,24.684033945411365,26.457265502587752
588,0,34.62168515914769,35.44539059252806
511,1,24.188716348037865,24.24621286369027
3832,0,28.87539640819613,29.73567180673799
6550,0,23.02774799117102,23.640222273139617
8616,0,37.838474994695034,33.96354850739577
2683,0,40.77263233053973,42.837136569837554
41,0,24.88393210165603,24.08138965301591
5587,0,37.94025668225134,37.150842404412664
8875,0,21.146294049724368,21.41387054411579
277,0,25.112613594408213,24.937413977736874
4951,0,19.603171395653447,18.406512356992177
808,0,27.316955800790424,27.039415468839724
1301,0,20.53311189937244,19.113877725110708
3786,0,24.25661470660954,26.059910257486287
7119,0,19.77147456514758,20.015747679235766
938,0,30.042558952444438,29.472289950334584
8700,0,44.63450706169499,41.950037930574815
5439,0,23.68841946421599,25.875935139280276
4788,0,30.61680818354422,32.406410058701525
2352,0,22.43271362789506,22.802809958506725
3617,1,30.267070487935886,30.35968835643993
7639,0,22.87193770952291,22.31822950787471
4405,0,20.567681253923375,20.964343464372803
539,0,29.78598492792024,32.63248378232197
5159,0,25.685891064672678,23.924228263356174
2534,0,25.543457626306935,28.049964029373267
7865,0,22.826733467433968,23.727604344371066
6669,1,32.06022536329134,31.369489033351957
732,0,25.743880774687476,24.75189447422807
6817,1,36.80995509379744,36.46085431344804
4411,0,29.01897536976462,32.15091390470096
6505,0,27.27801988339875,25.505416679928206
5325,0,22.00245459215294,22.422046041925586
3758,0,23.957443730427915,24.42346877934879
4315,0,26.74646357704298,26.17788707735612
966,0,27.267631180990715,28.972484529017215
1266,0,28.976734817748873,27.422652017227794
7889,0,34.577088904530434,34.57695691544773
1771,0,21.69405653140339,23.2295527031007
7654,0,47.60749704264627,47.73927093413092
8238,0,31.136770291069173,30.94637215466113
5593,0,21.483386727655727,20.67093860230956
8416,0,21.505072499997137,19.989550819569036
6353,0,25.687516400761048,25.12019406150788
3394,0,31.722025671798715,32.428468635780014
700,0,22.1688504870902,21.368146028241412
5214,0,23.38934397828784,24.216289621719188
4781,0,32.84381804429018,32.576081889619914
3094,1,43.23255802163787,41.92390394793351
1806,0,21.909897972025767,21.358555293598474
3215,0,19.88402611273472,21.492491859828103
3087,0,22.36342517194011,21.67990341586383
8868,0,27.459158610703536,27.16747136030182
4954,0,19.491890161811916,19.6932179905781
3949,0,25.767306532217095,25.82933280058182
861,0,24.838598518435454,23.108732290431146
9935,0,24.345021326492358,24.780706620515843
3254,0,24.14262519741794,22.03531171276803
6813,0,21.69131293862411,21.083785698452754
5666,0,20.92262718104506,21.0777872314829
8707,0,26.748051795054177,28.271174809579346
3234,0,26.930483790258144,24.754060445733153
785,0,35.51855131181849,38.80206579977272
2388,0,29.87228433362356,29.629086379746024
7590,0,23.030049819644425,22.63148563170305
3210,0,26.117517604696125,26.976319766431626
7604,0,28.46822376197913,27.17632767030141
1658,0,27.247944263727074,29.53545375962503
3410,0,18.71001016302793,18.532858344456635
5287,0,32.27581663820156,30.600735461918546
5707,0,31.113696218466814,33.06168567101334
8735,0,21.51263433646835,22.577481692668083
2313,0,24.398054037249,25.436935342552633
2434,1,35.653129034910535,36.981841728325094
641,0,30.681130291134913,29.942197527870405
9447,0,41.84796578694787,42.11281214791348
8306,0,24.899894069260355,23.913543473714146
4674,0,31.447061418992547,31.56452582391222
9350,0,29.404468407409805,31.66329617760885
8369,0,28.65526855878074,29.3095356229682
6486,0,19.224021070339482,19.189160418412023
1060,0,23.67753528725384,25.606074907864816
9676,0,23.663257405497056,23.795015027792754
4003,0,22.372742057010772,21.964148864639398
2065,0,39.932588174603346,39.54322864196145
1045,0,18.9443519034324,17.91650144846324
3809,0,22.4055179477863,23.454056137206
5032,0,23.891423655096474,24.551484425428306
2608,0,22.419399502356917,22.162924680249954
2948,0,29.27170643880676,29.100077565507974
3680,0,30.89902032498281,28.475126381590837
4358,1,26.99739967506234,28.516169276141973
5105,0,24.319005247394365,25.110824083254485
2123,0,24.778672901133987,22.651988455818334
9615,0,29.300663002734,26.80755128187841
563,0,22.61765777901914,24.22065323907173
9652,0,21.92039908361589,21.46952241368137
8885,0,28.836002293887326,27.1222706345633
7242,0,32.03324084996963,32.757432140416405
2876,0,19.50384977476929,19.134745579782862
1385,0,22.67492979388377,25.438913009200217
5726,0,35.4211803423409,40.331508104883866
3502,0,32.03611785829244,33.509416003306654
2628,0,21.237634433513577,21.774644959176776
1624,0,26.05080433351683,25.19923626416921
1006,0,23.588489270038483,23.479315447095036
8092,0,34.76408752934881,33.7060945101773
8671,0,24.99947318982984,23.388382394181214
7625,0,23.89261393665428,22.03993941658369
3644,0,26.351170001100417,26.103026021044236
1161,0,29.54850059328445,28.30121921022611
4556,0,24.70898290097365,23.274698867304508
5739,0,30.738895904629,28.85285221988061
6391,0,23.777434159923025,22.525834282886947
4402,0,20.245564068514124,22.762043814681107
3404,0,21.08951823024393,22.662769882537987
3166,0,45.03165793550214,42.64317606044376
1093,0,23.879097686344195,22.33152983009497
1035,0,27.216376400289818,27.104335237409703
1505,0,38.788802455069174,37.00601176524757
1116,0,27.81844845876007,26.804144314112243
415,0,25.90690511953415,26.700945046270242
3399,0,23.602970168521217,23.448519966890185
8327,0,21.2522035672739,22.681995633604622
7996,0,22.133417712046015,20.224044617511346
7840,0,21.498689032992296,21.103203638705438
8659,0,23.31527960965853,23.571353929353343
5676,0,18.146396100965163,18.54358151337611
1251,0,26.790336579244588,25.100518158308954
6321,0,19.832805499310226,19.46757494464377
8789,0,25.99350564570097,26.79460502545098
4350,0,20.64957336767877,19.907880177444003
9095,0,20.639867039265937,21.77070518130547
5425,1,28.15281838498971,30.152366216492275
7464,0,30.962760519162792,27.64319249408019
9386,0,22.18769619651167,23.48727001759371
542,0,19.188163022753667,19.371712467470957
6704,0,30.75486723350946,29.232239128495713
1596,0,28.897163356130488,30.416822630609747
1976,1,30.19902374361321,30.76067343933833
3200,1,28.43433975589013,28.79910486056301
9368,0,25.966485394792368,25.456810493186318
2781,0,24.110635222577265,23.50478031463537
1917,0,33.397867730622785,32.17950214853098
980,0,42.35197680271328,42.582956378415005
6197,0,35.00445911514498,39.14247977776773
1194,0,27.704901829604914,27.0560086595136
4489,0,24.382574393900146,25.180166213824844
2558,0,31.94489198281345,31.199573012954204
3902,0,25.154419102715185,27.632007080579505
3897,0,36.44598544910114,33.023535385993384
103,0,26.36804615915027,25.41600293412741
531,0,29.276021785722023,28.884411058437653
7089,0,30.05613872344988,27.115204483662787
720,0,35.996442529768004,33.82212276997413
9846,0,27.74331097180791,27.906172333486154
7806,0,22.585059556370076,22.066024555748932
5336,0,34.539370270259624,37.6819205526185
8658,0,28.06856234139713,28.13221470148037
8133,0,29.045815015295517,30.86856116746635
7003,1,29.09901909612134,34.40095601291816
6948,0,24.761835041185122,26.61660672616389
418,0,27.14057089488374,28.279285146414484
5486,0,26.293917152774657,25.156941259226652
4508,0,28.553906695636105,27.761132290071497
6220,0,25.40748268314215,26.60954399259814
3015,0,26.11514652460363,26.51344297270343
5356,0,26.322808541263576,27.064066318810053
3808,0,20.828513252117222,19.72278433988261
9011,0,19.372249776252612,19.540084139737953
8072,0,24.47469744697914,24.830610440839244
2064,0,40.27944657197038,38.10812332185193
7768,0,24.541814706717737,27.02216630560547
455,0,18.459789078246473,17.412391351027633
1307,0,26.473725076543598,29.155135046799444
6690,0,17.86284929888048,18.514620315423738
7606,0,23.765154128564877,22.766206053044062
1646,0,20.006047144149637,21.129971543822297
7444,0,18.191593301624067,19.955261352254187
5597,0,39.9657211313293,41.040686671298275
616,0,19.321686966085437,17.97749516920264
9967,0,30.9119293070049,29.91461566774557
7933,0,24.632967081624027,23.571401728805725
7279,0,22.286285989102723,21.787015772053596
1528,0,19.62112206618514,20.58049623288152
8527,0,25.230613431442904,23.92615098853405
9086,0,28.628247660797555,28.058204674647744
3459,0,23.631640126272433,23.474015722411785
6351,0,18.275556813530446,19.217983373513217
9019,1,38.436953630283455,33.15735897006186
3781,0,30.725021374692666,29.25774757883043
9331,0,24.391301694724316,24.12932892130491
22,0,32.97122321847388,31.169463570483256
6695,0,29.384861592701345,30.819433049086506
5185,0,29.16713141992905,28.869644855447994
3619,0,26.425823592461413,25.88918780175024
9157,0,25.51294228819742,27.360584080032226
7687,0,18.09742600058479,19.488384521401624
9968,0,20.780603573371096,21.513652995508032
7266,0,30.14397238176618,30.926253301969258
579,0,18.941821484524993,17.93541125727288
9952,0,27.07825045485016,27.82201222117129
9471,0,26.115083496554526,29.94971760485565
5813,0,20.609033629837967,20.563377633942345
5519,0,32.93381696285293,34.99359891258793
1110,0,29.58391087727804,29.834774120172312
7240,0,25.28909477299086,26.482887401140886
3940,0,26.46425465085107,25.91947854321443
5997,0,33.59739693164495,31.947730977238965
7085,0,25.437067769948307,26.517911857328873
7645,0,23.154496159104127,22.261890371175475
2578,0,23.74726910926774,25.189655916756855
129,0,20.21701638819285,21.454500912373785
9004,0,22.050884197913827,22.829583440110678
2044,0,30.728558817297557,28.231288410260273
9546,0,20.93586887107903,23.552174148321154
4166,0,25.847890045921655,25.320203422050547
479,0,30.096784328823997,29.492623384968283
23,0,40.007999197632735,39.05335318539687
8633,0,18.184978148378704,18.47420943000838
2924,0,21.34268653032597,22.621273991949447
8936,0,19.218444793567684,18.63539678262875
4380,0,20.918188900764065,21.66934233680086
931,0,19.290392881145003,20.371852267500405
3588,0,31.977587358924925,32.99359209227972
4228,0,21.398854546269913,22.294883352437925
6484,0,18.168271504640774,18.30592998156371
9044,0,31.266164192143428,30.482244739473295
7467,0,32.14491513472952,33.02028325540756
1759,0,23.894639298751574,25.752310641859353
8668,0,21.41861819427299,21.13800052320199
5988,0,21.338341536711386,22.37537267932452
5532,0,35.85695071820532,34.27495145430608
4639,0,17.622981032989173,17.834562209800662
2565,0,21.71467557026688,21.926060639161662
2974,0,25.106991812538688,24.407724372208385
4298,0,22.47523225143333,25.35721226537357
3614,0,23.639603689111034,26.46499228397024
7224,0,24.576697984273135,25.35282562918144
4804,0,33.183064264098235,32.09519022789363
2918,0,32.812514141226124,30.375046020272865
8450,0,18.531262333663538,20.23033225202687
9537,0,25.729620442742245,26.153002851059213
5338,0,21.741233092906015,24.743228902205136
6340,0,24.195799401301976,21.935316547944957
4132,0,37.794434920482495,34.95769299477231
6785,0,20.36027851036192,20.983688587769848
8583,0,20.025691971090893,19.930980825511934
7483,0,17.907785561277755,18.0084022298861
3737,0,20.82065065390124,21.33786379495716
5017,0,48.03652429382525,44.289288945135205
4371,0,22.246746231418264,22.96061386512882
7338,0,28.529893750427423,29.197811844847475
982,1,25.17574868877692,23.527719753234468
5797,0,27.36142183004927,26.55191491948476
9552,0,23.58805139662861,24.089369991716012
6857,0,27.854927404241504,27.80780514878776
4374,0,28.018197840274155,29.349175527057884
7112,0,29.605976584448367,28.26950034597095
8322,0,29.556540767719667,30.780783292017766
214,0,25.983485140221315,27.839019370529545
9764,0,28.088268904950134,28.75643571435091
7040,0,21.34648709735918,21.64069349773001
2445,1,37.582487711866804,33.530082700013054
2732,0,54.22537853171102,54.82559021077598
8080,0,18.404448867161697,18.974531123907678
7415,0,29.09465986105653,30.245106332815435
9842,0,30.116696472591507,28.52181506703251
3540,0,22.845072692355057,24.8249364894668
4732,0,32.842272542499366,32.43466427380856
7371,0,26.434636923055297,25.12943221053874
3148,0,24.22469646655601,24.691809327739538
2536,0,24.62378105091209,25.875468856149965
7599,0,38.27662002116478,34.57753269901582
4725,0,25.83392471880708,22.989110447507343
1402,0,41.13219202717166,37.33418795104488
2636,0,22.86306171756999,21.303331789289583
199,0,18.9990352216531,20.465695697147304
6747,0,27.985845145404273,27.143872456985605
7791,0,31.11434711393951,29.949368907319617
3012,0,23.090678422049407,25.46206378295426
251,0,21.685238835495845,22.936071493797737
9625,0,21.668337289730957,22.21544682381519
1279,0,33.81195529690445,32.266210594511804
7280,0,28.375073263007604,28.44235516505803
6049,0,26.891404684920882,29.304664143301125
5618,0,33.56923587986216,33.40527772713951
6952,0,23.439090106202006,22.544544600584587
8621,0,26.567169938309604,23.85100429790698
4040,0,20.41853602447731,21.634381610806678
3537,0,20.300198942616625,19.49525510070938
3551,0,27.255054454325798,26.483938361837783
7322,0,19.403138920698776,20.99431651394927
3320,0,34.73630491687173,34.5214864480383
2465,0,22.254351511515136,23.08825158247535
6782,0,24.560856863518907,25.34423864465548
3692,0,25.939576091561683,24.99806884921983
436,0,28.09462081356691,28.069044886707033
4,0,36.49998340693625,38.46321047916528
4069,0,39.807520901763176,34.88852475391612
4195,0,20.377609320061364,20.077332038487203
3384,1,36.39598289502233,36.66865049725636
8957,0,21.864221800022626,23.827861087687463
4705,1,32.212111738199695,31.321849737783097
2095,0,24.13857030275958,24.84080018683061
144,0,19.496369111074717,19.141342172115888
7432,0,38.84685003621414,40.57594065649577
2165,0,23.018366386303942,21.325661613952008
950,0,19.550600952297433,19.331289823552126
2174,0,30.595007174211776,30.683382044360542
3836,0,26.80246600405872,26.34799924318365
5850,0,28.03200050062949,28.480288879875822
1439,0,25.473281017237575,25.86572009173727
6262,0,22.290014212066453,23.605274127373136
1140,0,27.32034576164022,29.933458618296477
8928,0,22.286051143931584,22.63537866643969
9699,0,31.63617818943481,36.20123560967125
9688,0,32.22380637047661,29.905783980015894
1443,0,23.805752484862314,22.605115736492586
422,0,23.72844724321893,24.3102546626962
7477,0,22.440339594741904,21.280795125463182
440,0,33.941828023423966,35.879178579404886
5385,0,27.716096429792916,30.114798019018558
9737,0,18.920953363910456,20.76368376077726
5180,0,31.359969232889938,29.331005598698745
8151,0,25.162662150807318,24.784534330362124
4209,0,38.04488876761488,35.605012742683655
5090,0,39.99876855128722,45.391996295265095
9313,0,23.3158366801688,25.72667429559878
5880,0,20.191091164968057,21.69942065440101
4141,0,20.60053618871297,19.396321649621814
3307,0,30.261572657239203,30.190947309440364
6042,0,30.45391492704505,28.978487821904178
9183,1,28.18333280226067,29.41131380888026
7869,0,23.087770539980635,24.062986223618985
6657,0,25.840568616629707,25.147596999411295
6996,0,19.53477068700503,21.15311952521152
4610,0,26.368878477801566,27.06580181567649
9329,0,32.878740038445144,30.637038059163658
9069,0,18.9973775543328,19.518361876581768
1239,0,42.113092824611,44.852074832455436
2377,0,31.221103875079947,32.12257628874495
3231,0,21.846174767111822,21.733718421208323
5280,0,41.75178212716856,37.88945026693957
8351,0,34.263564728483374,32.01927365861786
1981,0,20.77331807785097,22.220085400849644
1131,0,23.27229112691009,22.79443494176401
9391,0,26.038165451704778,25.425909157669004
8539,0,36.57433676066686,38.52214957297976
2977,0,28.505899566849667,26.8230084345669
7439,0,31.6815397587633,35.09057568549246
854,0,21.900062687334025,23.243550630019268
3499,0,36.64329265648084,35.132086116734676
3598,0,24.49017150639523,26.513663522908654
6908,1,31.52788648959237,31.190050459754247
4066,0,23.688148637605167,21.80249173274301
7867,0,29.15372929929819,27.732765758648526
7969,0,21.189939748066628,21.196138423068717
1377,0,25.34460092146156,24.928843537723314
7737,0,30.972374599045683,30.738869432813825
3828,0,31.601600135216113,30.750946016250495
7383,0,32.56345072015912,31.082993099095482
6087,0,25.168156704541346,26.348648382031303
7555,0,27.74274398099248,25.929219086530388
1604,0,19.309198408669292,21.000197244672872
5211,0,26.808704700853283,27.158270658612178
8845,0,20.753348098313094,20.438823491008687
7730,0,34.02951861929042,34.50181568422814
2675,0,19.512585521749294,19.796270543704225
4504,0,27.67224885766232,27.15812207425016
2928,0,20.60475130179799,20.300127518916618
8025,0,26.590408720907217,24.978837132481416
5523,0,16.54503767785909,16.616071589282488
4406,0,37.16077998825774,39.62831585435168
5056,0,22.69293278007387,22.74671162163649
8367,0,20.77695294307851,20.288239112721982
265,0,21.16679699987686,21.589272577260335
2900,0,28.113575152372075,26.636317021411372
7342,0,27.95345093856686,27.71032403752712
6453,0,33.22203968160568,33.046176162237956
8378,0,23.391333982255933,22.859301961231346
6676,0,24.60216166680603,23.749900896405965
8471,0,30.070755715222123,30.757595028111673
4016,0,29.106649333216204,32.61161611850706
7448,0,34.949841472727755,33.27861059670786
4398,0,26.639635866146712,25.328219159329056
6840,0,24.457144146537303,25.855765767632178
1532,0,22.067958418846658,23.186853056192714
9623,0,25.97216884814042,23.985125310055377
9982,0,24.414519529008086,23.078184081615223
7215,1,28.93926251962066,29.76441608819845
6254,0,28.51271564886534,27.41270270909199
7388,0,46.820684650160146,43.01668337005179
6831,0,42.647580799585334,41.86096013434685
8215,1,37.23037287658884,37.29989649768912
3159,1,40.13821632297712,40.357360683999445
4029,1,28.385522804066206,29.561263727272387
7238,0,27.604738062703653,28.253682676668856
3608,0,24.32778543780102,23.294573692922896
7037,0,24.9614501702708,26.339419001901188
9435,0,18.729888081365562,18.565627200826484
9738,0,16.849668152357562,16.73865099884835
9415,0,19.32094594912777,19.74713251168934
1575,0,27.896867270540568,26.804135669668987
7944,0,28.869255496419328,27.26722101842328
9071,0,30.53469651638035,30.689948059744186
7449,0,24.54784940921119,23.61827354672552
9283,0,30.054783675622623,29.718272526667395
5912,0,21.75494491151686,22.140876057152138
8958,0,21.01799802522274,20.095936602226455
9683,0,49.89645290175577,45.84547754236691
2594,0,22.11947704487268,24.62840361811642
7733,0,38.96308135465965,36.80923093819533
9924,1,30.542846253365894,30.17067189098814
147,0,21.078130827533748,22.32912590186317
7593,0,21.699892548584273,22.279621466585123
7466,0,24.9358020995409,24.71663590887378
8347,0,40.25917394094486,40.210256894359084
4430,0,30.694536856079708,28.99584980049435
2359,0,30.22178472248353,28.434886804592622
5473,0,31.877206077842217,30.07033490482147
4978,0,27.19431934136126,27.259982830855883
2727,0,32.461803184142205,29.646126819906964
9263,0,38.50323713031288,38.15128055544226
719,0,28.69987598237752,26.635584200523066
4547,0,40.83595960129026,37.699053428436955
1473,0,24.921341178544896,25.61752452822166
6056,0,21.299370484721667,21.727146857206087
8856,0,17.59171796289639,18.66910623369114
4883,0,29.276068437487993,32.168855813526605
3452,1,32.394453650467106,31.213586958048495
4845,0,21.41707399849097,24.188374481208786
2098,0,20.849371114030916,22.398277712901194
7825,0,25.0072744704595,27.10308950966109
2184,0,36.180624927507054,34.56779474331194
1797,0,42.83470523073903,39.75930943069719
8660,0,21.141365213294495,21.17809788841547
3857,0,23.38785804544433,21.581271060108964
5306,0,27.344675657877936,26.489485279275485
6578,0,29.302041115294404,27.560900506026165
62,0,29.367855012626787,26.762953270907833
2833,0,31.271401105329062,28.068599886374543
2644,0,23.09548706607813,25.13368303412803
7384,0,23.91446258899949,23.396014116245343
3009,0,19.267431752262624,19.168877114878534
1740,0,25.45397536740715,27.401165386237754
6822,0,24.13635800640771,24.476336319481163
6385,0,25.156517924988417,24.67968685969447
4635,0,24.715983746549764,26.09098974275004
7648,0,36.55977460092341,34.37057296882042
5447,1,22.889909442552856,23.596006134168682
1113,0,35.73856821087207,34.44452345834695
8372,0,26.145838878414853,28.62396850529861
2966,0,20.040058152661988,20.634726722762863
3106,0,22.71788400306852,25.092853037191965
4587,0,25.1680558395954,25.249666085670224
8239,0,22.72077091805691,20.705175579827532
2039,0,28.797612414432265,28.892541399878723
1650,0,27.958660131292035,29.49578334645927
6781,0,24.851069500134926,27.063488266481382
566,0,20.518052141215186,21.537480611362923
5227,0,19.347112833069723,18.866342403990473
1720,0,23.30458616200895,23.494299812414607
8933,0,24.161952159117906,26.88208645536215
2138,0,20.68871369802051,20.4536609110552
1705,0,29.309175874716544,28.533976619045273
5239,0,31.43726691972944,28.924636695719744
2154,0,31.274245566368197,29.40287189435477
1830,0,22.797117492322226,22.868726525248313
6687,0,26.79007071511587,25.39008132148166
3763,0,25.94401352478947,27.177155136284505
3140,0,23.472268428486856,23.435748474926505
9477,0,20.255919700713473,21.187150937333225
3985,0,19.557914880792982,21.22880043212322
8255,0,24.269489918349368,24.475698168489796
5142,0,19.9716124020914,19.368381842215324
69,0,40.85666445728892,41.01797552766197
1873,1,39.531968106968314,41.64307938900647
4646,0,28.000972560550217,25.987744644241445
5398,0,25.46702029490181,26.06764087473923
843,0,31.71515322395515,30.835186873138955
8195,0,18.253167180704125,18.823623073649156
9507,0,41.958456662491194,40.873811076563825
8640,0,21.143524239045327,23.132134789216664
4739,0,26.246505641552396,26.203632648907178
7101,0,23.428596703663015,27.406549707893156
8781,0,17.926419272997833,17.4407407849959
1788,0,18.212135356004236,18.568845006138293
3935,0,29.82548539769289,27.610990469282747
7058,0,20.549318908670156,21.8994816747328
1165,0,31.082587108894806,30.17245963319162
9037,0,23.693229910278482,22.904450907167224
548,0,23.77985279308214,22.686661626859806
3965,0,25.84765793677095,24.985900033562675
1585,0,28.67172651175864,26.832407866362384
8713,0,28.976947161221048,30.184368417641885
1547,0,24.405402603685555,24.453583398715644
6663,0,36.96377747462699,35.47742896102808
9611,0,38.455903378774124,36.2990371213189
3496,0,27.610405701544472,28.682038817100008
7805,0,19.403446836437446,19.605230226943885
8270,0,22.944251976328104,21.82868506584551
2355,0,21.25187954279836,22.1599996313925
8458,0,27.416861247520732,31.89154167165083
887,0,26.423706910714007,29.280732188879654
9022,0,24.637919653714313,23.610657209353302
8054,0,18.520738988791226,18.686795273150086
2443,1,34.142889001022574,33.053095480900105
9664,0,30.53125035790629,31.910807211997927
4217,0,22.509090319753902,21.269265564405952
3807,0,36.861758973284225,37.48070417919123
8760,0,19.91147122493396,18.984092424247446
5776,0,35.43437789655874,32.15599999307236
1269,0,26.10223642210238,26.880924077323904
1550,0,28.91841501763014,28.981422392206415
382,0,25.337199569625337,25.468770024595884
8303,0,26.162983100234385,27.622190742639045
1126,0,20.583972228782972,20.75447193468311
2099,0,25.71736475340118,24.885316591265767
6772,0,24.56675101859767,24.38604451008314
3461,0,31.70857841324048,31.56435290175481
5533,0,30.634916701664526,34.2952717183029
761,0,21.715012649461695,21.82768379315041
8350,1,27.573361945562674,24.946084658710078
3544,0,34.88623077661561,36.761257400389404
6549,0,22.35659980756964,21.598436861842
1758,0,36.907170670749146,36.99634035756183
9743,0,18.560535666040114,17.217035677479593
4862,1,20.52817714578504,24.520938653584846
2638,1,25.32551816695216,27.509270908352043
4337,0,29.752181747214756,28.637964217495878
9833,0,24.32778579514702,26.11167824221901
1879,0,25.09711764774144,27.575184764513644
6590,0,31.203032618627415,31.085398866945734
3869,0,27.771045038948223,30.202457916457554
2708,0,33.704830227514705,33.15818249420239
7159,0,22.101376307347095,21.205110266145958
880,0,25.19535689455715,24.58531505688824
2286,0,24.798012084016985,22.6139589684578
7065,0,30.560498984269987,32.43305718190405
6585,1,38.341290336767436,38.445240798706116
835,0,30.78849727350506,30.3250179828637
4567,0,29.054045616789875,27.088900233552778
4582,0,35.923922532923946,33.99220202109139
5886,0,28.90197560984661,30.652991791287967
3174,0,26.417342871444227,24.910843915234285
242,0,22.392190905746926,22.567274717438064
6627,0,26.24973873521615,28.77860587796142
9779,0,42.793506622071774,41.401582484287836
8643,0,23.88324045449406,23.879878552039887
8566,0,28.273854881345713,26.688403696290052
7350,0,22.98148526130209,22.702015276629208
7331,0,23.894800243219105,23.989483376356993
9168,0,27.399507236102092,31.062596378068086
4972,0,22.64649791612639,23.373057215718507
7691,0,28.956497898454106,32.281590288446814
407,1,26.70960398972735,26.704805925542043
4165,0,19.674986340458133,20.431345175366676
5382,0,18.624533414361878,18.947784480266467
9330,0,34.50722999823264,31.896544135554258
4367,0,32.243308835303,36.4206255232184
9515,0,28.175723185430684,27.779086043034777
6322,0,29.04806423530366,28.461411960409954
3749,0,28.309383942489447,32.454448168820285
8849,0,24.93742513780072,25.87963070329228
7053,0,18.714875400064734,18.75456719881013
6091,0,21.575574356235883,21.569003589011164
895,0,25.41966737649799,27.40916760463098
1636,0,17.55499374113736,17.858586379801146
7562,0,27.44119653960386,29.450830499891637
2782,0,26.33110841772057,25.989683263701846
6361,0,25.354653115575154,23.91092307261092
3984,0,34.80752291302178,33.56406124099622
7139,0,28.654965867458717,28.423257996298354
316,0,24.572757316059395,23.715834140041867
4560,0,23.57487717793737,21.71408746967417
2907,0,20.2139222922365,19.223548828859936
6069,0,48.58362240411649,43.925955105852076
573,0,22.00093099608637,23.708785941181418
3587,0,43.19810000717215,44.21425788115922
1920,0,23.115597493493752,23.47025174650883
9463,0,23.42685119315338,22.597773016007938
2551,0,37.113914919592816,35.71884043383266
9065,0,25.62775761336652,25.266428722109257
8923,0,21.015100995017498,23.515535159181862
3806,0,20.466760477443657,20.173308837217185
2366,0,25.027784007086424,26.485477746352323
5047,0,29.40411543022406,27.64678131635503
5892,0,41.26486230068072,43.6552856150469
6635,0,24.14214110275833,25.992639018659652
8705,0,26.06007221873133,24.37619874199558
5835,0,26.214918592610033,27.813886643341075
4043,0,29.08083237386945,29.262558874146496
4897,0,24.04755274871317,24.448471135211932
9817,0,19.708274524809983,20.88180496208449
6157,0,25.658683559265146,24.797077316562987
4035,0,23.741346684938698,25.214630322258234
7906,0,23.839993008180173,21.831935434012767
430,0,22.968606430119713,24.0708423339269
9596,0,21.05413645974611,21.508344122268994
1747,0,21.980787630622444,23.14204211386943
7400,0,24.61993134955959,25.745946337609684
9145,0,24.736045439565252,27.057172685838903
7488,0,24.88875180797005,24.841290821843117
7765,1,25.79335427965875,27.980130950032425
3833,0,33.43284950581054,36.12363567432859
7851,0,30.48292717079305,33.431029065255046
3167,1,24.23846898221596,22.914678834645965
5574,0,38.58020411965563,35.266204698857315
4981,0,20.995131238519473,20.26955577642378
4887,0,25.0512237487395,26.81354338082352
6388,0,21.242509586677826,21.775702636571264
1448,0,34.356578792681404,32.92976489027105
3417,0,37.30989270935086,35.96878652484569
9466,0,24.605822293856782,26.198468664407823
3270,0,31.331142289168607,31.33388364784551
7950,0,25.406760047547923,23.40377302919888
7951,0,29.00254384565886,27.463880690613045
4452,0,20.585623054954745,21.002574264646753
2943,0,26.723828601323138,27.69353204946175
2587,0,24.68877233939562,24.80623759947308
1914,0,20.498314102219886,21.44470533170028
6567,0,27.143127370066416,26.980620995943063
8645,0,25.507027720752134,24.84116648112316
9958,0,19.963614600248935,20.655433235508394
8051,0,16.554921342555488,16.98440315843234
2492,0,25.6134447330254,24.35618223655929
1671,0,43.05683308771283,40.62868234958331
1061,0,19.5553455857442,22.44893537269824
863,0,31.153227342866266,32.3050136962651
514,0,19.597963432538926,19.36971020579157
7564,0,18.38164591096736,19.083681336255577
6080,0,20.79018450980032,22.85605736479546
585,1,31.67852964164914,34.33458783191485
3247,0,33.603791586536786,32.71626712705819
19,0,43.31023470155884,41.9988805939001
8142,0,29.245947825371772,28.00571763758389
8403,0,25.822160146439657,25.470836011102
1886,0,19.755315566004064,21.06084184323421
1710,0,28.76535326223526,27.161911768965503
1948,0,28.65062560709746,28.092727134404733
9854,0,25.768362234871486,27.833987385689856
568,0,27.105409926351683,25.890209092351597
5772,0,30.748018132347465,29.279620799470237
6598,0,24.940675895029322,23.654444514037284
9054,0,31.45710132959959,33.17255601251063
2033,0,21.326747481474282,20.146345352714334
2285,0,24.00654773696519,24.406076751686026
6280,0,40.94150624276383,36.52479981063233
485,0,28.409090650426663,28.01187702438303
7113,0,26.2951040905806,24.63607009919668
9176,0,32.99853047396434,33.37437617969999
5411,0,19.84409149565444,20.46835281362013
4307,0,27.17503707365864,28.811574674350055
5008,0,30.183990309558734,30.172966971934798
9802,0,26.92581261589653,25.600258743485444
8600,0,22.637701337243087,24.157182889777562
867,0,26.095208690617458,24.260127762809958
7679,0,20.919675599188558,21.897901079853753
7936,0,20.838602288445248,23.234957205605532
1721,1,39.239152123535604,35.89975685970169
4686,0,34.19356637826405,31.031363815153934
8747,0,26.617990190334353,25.490086205326996
710,1,29.36753081670272,29.020299632495455
8168,0,18.78865956041918,19.504579826594764
9392,0,19.614122173592282,19.422469804883722
1275,0,44.43599908667601,43.56467399063764
691,0,29.949122788356863,30.961017959448704
384,0,31.900155672018606,34.035102410939714
1351,0,27.723792720840443,27.00433985289342
6896,0,21.26126441023428,20.727912837577747
9075,0,20.70714442078512,21.238816766694466
972,0,33.51703085633887,33.41139322588283
1300,0,36.51095139924358,34.192756857756876
1328,0,29.442156796809268,29.617093971355484
9456,0,26.56774660647276,26.37068938866026
6308,0,29.839831105911284,28.87382281987789
817,0,27.641006000244705,31.096389057726984
5916,0,26.858666677246298,26.855505667234464
9246,0,22.81677311770003,21.960649243548318
5741,1,37.20852322133983,37.73200584623319
8173,0,23.0466274038303,24.461799967411377
9594,0,20.234376580314038,21.545898939627797
2993,0,18.962817020607027,19.028361957600215
7317,0,27.790243798563466,29.32315978287513
8773,0,19.56235091591025,20.42062941970863
3622,0,20.945860825258542,19.872856039190133
5857,0,17.92705267672355,17.561112256742565
7566,0,31.227782909579126,32.57028205963629
461,0,28.563434593274984,29.282147799626966
5343,0,31.474329218337235,34.98370774518742
161,0,32.56954208442245,33.71911232682158
5677,0,17.359748716664416,17.61142442544476
5845,0,23.454976219273455,22.267990474101047
9081,0,30.085594829379676,32.396564210977466
7938,0,24.170331646547908,25.303306152555233
404,0,22.322902495722737,22.166497627558282
7538,0,24.250513523325015,25.286718646239187
9951,0,19.795004082281082,20.609762785112565
6076,0,23.53431416822604,20.740004654675552
2077,0,20.920798530598095,21.178438908078963
4258,0,21.95701738217932,23.547436829913792
5830,0,35.91736159598337,34.97241664138603
5761,0,26.81710502976571,27.59279850432717
3920,0,21.21595437322054,19.81687345078163
7745,0,23.998498954209683,23.04336124383169
4521,0,29.21084671342435,29.555839677845427
1364,0,25.156107069573753,25.532338104095466
1011,0,24.34641314920619,24.335275893635906
8976,0,24.004889901796986,25.262665487738445
9324,0,25.892932302728013,25.533914515545842
8891,0,50.443330308243695,47.46906531358622
677,0,33.906903227472604,35.5206549426756
8484,0,27.579315965672844,28.63116534799512
8382,0,24.95873231249272,28.070415144420146
5725,0,21.14107956499285,22.78392023537104
6871,0,34.49032295485228,31.888622197424837
4622,0,24.074561938780178,26.860699823112686
7543,0,18.141649188454657,17.30162601977627
8609,0,25.15224854563188,25.177759030817192
5556,0,19.848641112588233,20.730880928814702
1870,0,22.377148953836144,23.034243251116028
2823,0,25.619980669513534,24.932109254677545
6561,0,29.31696707598103,26.455250690537973
3258,0,28.947770900129388,27.64822565069145
1309,0,27.42502471023756,25.5469280273112
4149,0,24.24732880877883,24.705578033736664
2045,0,30.29815239271536,28.032378086943634
6577,0,29.580693463154986,28.49299759832278
5781,1,27.07298501434248,28.637154550603793
5484,0,29.661178601704943,31.417637894493105
3098,0,22.785116460700834,23.53744555447567
212,0,17.646523072963642,18.787742196397556
1119,0,27.27837036708042,27.730562068298585
4577,0,22.93719307822449,23.292393543207012
6410,0,23.292924043943334,24.529815238377292
2988,0,33.41765607444472,34.983436960073504
4461,0,41.64352402547536,38.21001005937704
8602,0,18.73779914811896,18.0749834096003
6307,0,23.736494198863053,23.844594039490257
5510,0,32.171059747415775,30.773884185608953
1325,0,27.581774076118656,26.185446369858386
2537,0,28.069893446751482,26.331131758405377
2229,0,23.26200419904693,23.73424645967807
2437,0,20.184355183166186,21.041641564029963
6305,0,29.347537479005286,27.16757525888552
4008,0,53.276664346346465,51.32336264012116
3885,0,27.8336545399685,28.34837920626763
7362,0,23.602264793747352,25.37176917555936
8149,0,25.101641352258813,26.76763684713037
8879,0,24.55444254099235,25.34576202266688
3884,0,19.135498142162035,19.223170372933957
9778,0,18.866177626406625,19.068096802758145
7229,0,19.46285004163739,20.844730624574836
1299,0,28.14237888592848,27.716187135876233
8019,0,25.16083584853396,24.59004667468492
5973,0,25.629723571250363,26.492131165992202
3862,0,23.94487441195265,23.002338805651064
5241,0,25.435223825363533,27.325949252037468
1967,0,21.349663934970543,21.85338551583701
6255,0,25.5482571269051,25.590251080607295
687,0,24.41156636835295,23.663630341033894
2663,0,34.483943516639854,31.491857890883637
6326,0,32.27487959808249,32.55359758815126
2102,0,19.606991416473313,18.435736629003266
9526,0,31.83902068663035,29.6511539168835
3623,1,31.83404246545102,32.15248244128544
6294,0,23.927063693117606,23.27875110171875
3352,0,31.421268104443524,28.88318476749029
2688,0,28.44941910117975,29.23830305643296
8751,0,18.49293760799254,17.889495742537925
2687,0,26.188896966262906,27.68465081123454
4216,0,22.932291673778703,22.809987073714588
5940,0,25.44031525210476,27.46045240056239
1657,0,25.199188802795465,26.530652315088293
5753,0,26.742876854332387,27.80876240162827
2156,0,36.59531857809488,31.748954393287228
6110,0,21.233190414059905,20.251723228492292
2111,0,26.293744713551764,25.968336744833906
5059,0,27.058663011866845,26.8248860817466
9412,0,18.721941760260407,19.22335123094425
8971,0,29.667404502284374,31.023202662792226
1786,0,18.439948674624297,19.185289764395304
3938,1,31.961341978140968,32.56461471671356
6826,0,28.259526431320097,26.260734316783527
9355,0,30.206270840962436,30.524356129918612
6022,0,34.7480279969174,35.24993016400087
7456,0,25.63081528208057,25.564768049632516
7674,0,18.341957361165935,18.116512769719783
9523,0,35.48322007835331,31.869640945418965
3691,0,19.38239619258094,20.12925663246002
1313,0,18.171525167506417,17.26494402987916
9985,0,18.260346943292337,17.945755483159108
2474,0,25.660381501916383,24.95163692778675
6766,0,17.914036884981037,17.55242341902945
6622,0,27.892921624663185,27.024715417828972
2332,0,28.596520953884234,29.43417372535916
7821,0,31.885497430726986,31.47225010620629
3391,0,21.154439071738555,21.4332377054822
929,0,24.81800097049381,23.30572940227673
9530,0,26.862503972409677,29.75901344966436
5118,0,25.82622759215836,25.245778427732127
5626,0,36.03049823120212,33.57208346364213
2674,0,26.888594730118065,26.413671127785584
4533,0,19.053802540669306,18.06024217489296
5964,0,23.093080809333028,22.617599659835818
3860,0,24.147263319337032,24.404209385447665
3936,0,23.525794144231977,24.07830026942986
3735,0,24.700515475249137,25.68944364089374
1701,0,23.08203942211569,24.085660660746974
602,0,22.117735976298405,22.07539751498362
1901,0,17.860115878406273,18.484363209107226
7185,0,22.58858738008426,25.521776375162908
9981,0,26.3695442888226,26.054171708252188
6153,0,37.97653690791959,35.945963587065286
9547,0,26.018066034208974,25.371906229619878
1836,0,20.262853960080008,18.80428433364561
8236,0,26.31614739878351,27.415889000858492
435,0,21.91042003909615,21.379911715495467
7250,0,27.011463438133436,29.230147547901147
375,0,43.52362281786055,38.6695145882764
2973,0,24.588387222886467,26.477709029607723
3063,0,24.289537838587265,23.196296470820315
8457,0,26.234580741557128,27.895508840495488
6752,0,20.04514003322088,19.85851296709334
8567,1,33.0659255582652,31.610060995521785
8721,0,41.24298750197072,38.106979769609964
5216,0,24.03181714807817,22.82633378819532
5529,0,22.840396537773227,24.44514805054189
5841,0,19.00600243166058,18.412376910597583
3889,0,30.07240239506901,29.663245716546204
7612,0,32.625172242756,29.910744625317864
1609,0,28.50825083583545,25.696228923475896
8027,0,20.533366387866863,22.265164594059108
9449,0,26.387373001443343,29.59889481213651
4446,0,26.042012408329416,25.2524789450019
9682,1,24.22877170539388,24.452734439707154
3711,0,22.488166724389924,24.55430671484028
9563,0,31.318490406320944,33.26481336380512
6947,1,23.076553601790145,23.592635108016108
9156,0,20.473980690787226,20.687688788779536
2396,0,38.7197210320771,35.835990248439984
1259,0,23.782628328756157,25.559241965604024
6715,0,21.578790057609986,21.46839983996459
2503,0,35.20694975558333,32.914254392797936
1840,0,30.609651789033567,29.384888329327463
4621,0,21.75308746289597,20.348694173399874
7341,0,20.802951638328835,19.654431060305726
3201,0,35.3985973515874,32.65521209396428
2598,1,31.331608402916476,31.34880499331708
7774,0,18.185010846168165,19.33763938445584
3175,0,25.062009847162404,27.322175006238506
8316,0,33.434604389035705,32.01492639405796
2035,0,21.766171913097317,22.14340480209194
9373,0,22.387103658591656,21.063231893671144
5684,0,31.199886870105466,29.148431117113308
9256,0,26.266178382942265,28.261867130736462
7429,0,20.08422238043478,18.769344640104652
5888,0,31.432920297998283,31.776820862763707
6296,0,24.255921594672547,23.693149441949537
1529,0,16.96114149676964,17.043551096991795
9540,0,25.25701116874142,25.374140314198424
3241,0,27.65085738607228,28.80409197457671
7895,0,20.04794323047689,20.5562675039664
1672,0,27.750024484659665,28.94123458983216
68,0,19.106829773487153,19.485069661072213
9631,0,39.03263114792623,38.19996221074004
2350,0,21.365883900816662,21.56306020361118
7839,0,44.03142782932926,43.270269525874134
3929,0,25.03525997038215,23.259150352710453
629,0,24.054757394883104,24.115651967529647
7348,0,23.634266038323027,23.934762641264676
1947,0,20.892915529533568,19.628681361419623
9974,0,25.18079039029888,25.032448275468347
5178,0,19.707892471869965,19.772246932636335
5689,0,24.119768810007674,22.814399453307836
8461,0,23.18016518039103,22.331214208782832
4444,1,23.5509992933933,23.980765935452414
8409,0,26.279167978812318,28.764524427070217
4246,0,38.89577879844729,38.34685069589347
2526,0,26.177531849003717,28.796582034411152
7792,0,25.358319981914274,28.737170107073954
2262,0,39.7838870709777,42.07577695343326
451,0,30.007673864162363,30.32859024485557
3756,0,23.57102878859242,24.970428266652647
7375,0,28.866586240950134,29.521080000453665
7635,0,36.87279801341445,34.3721852121214
6844,0,36.096440671551754,34.136855767705
8009,0,20.357290601476073,21.533327396931377
7283,0,19.752551646269325,20.80341948589928
104,0,22.78512760082914,25.022016011102203
5823,0,28.370539879073547,29.408960898996785
7204,0,27.43158523641877,28.51125707439161
6955,0,35.66492782525838,34.633705782802394
4076,0,24.067909217865378,23.587100360617097
2604,0,20.985498619755393,21.686960203090713
6349,0,28.698750735115027,26.918376958071892
8571,0,19.557941458892294,20.53898166962611
9101,0,24.481820072635305,24.882884089572734
1712,0,30.17421616927979,27.657465535477073
359,0,21.93489302719696,23.165398641997452
7014,0,30.319219782132546,28.34918837626846
5271,0,42.35947434760453,38.29956085351362
9711,0,24.86512761542793,26.065767318607527
7288,0,16.62980165622551,16.799252630996747
5766,0,21.328688895924586,20.69371614757147
2852,0,22.59997941246787,21.43964406959143
8926,1,30.110695280915998,30.303549364180572
9948,0,24.006737863901368,25.48625597333319
8101,0,27.59791833644115,27.260321253735636
7897,0,23.18032402935467,23.963559366305414
5650,0,22.10739340880416,21.62072979149346
584,0,24.39963142965713,22.321324509882597
5466,0,22.408440393514788,23.29927755163731
5134,0,23.158155243371915,24.314411988433065
5170,0,24.677907042035216,24.150722110859224
169,0,25.288356376881975,24.515078209145283
5434,0,25.344361922381722,25.71971434611041
819,0,20.226538958438425,20.61057714842628
1708,0,28.015223514476567,28.896495996402123
4394,0,25.97055471646995,25.874955942669935
7982,0,28.95488546380743,31.524676024420643
7710,0,43.930300049509356,43.62029093180751
9539,0,19.938063204462132,20.528728794250902
6897,0,27.09601572901832,26.81163754829057
1881,0,28.419906959811676,29.326893031502905
1449,0,26.038360830961008,24.262971913918832
9016,0,30.8576571884013,32.177544723710476
1136,0,23.74783928205557,21.698812253998092
4112,0,18.239401158216708,19.514837671067706
8113,0,37.517402602204655,36.99815636082957
6565,0,21.512081659447755,23.118019278443228
2959,0,30.759441444778737,29.145946870391583
1450,0,33.10247675352625,31.650545841983437
5499,0,36.03788127503296,33.51289208895131
6612,0,23.314645547435493,21.121115864930967
1724,0,23.540845852416084,25.416287675176516
8273,0,27.370663963068022,29.739399074387443
2609,0,23.532821963446988,21.951355410762243
1345,0,23.76685772610375,23.163704670704163
8324,0,23.269933692941738,23.456433113355708
2425,0,24.247406043920805,24.389655540268542
9149,0,31.627271875700774,30.27392212346957
4065,0,35.96071858450095,37.59336403246119
4007,0,25.601853089407218,24.714861938491424
1654,0,24.964373738321637,23.017865264447995
1991,0,25.09042132358515,24.70184013707973
6433,0,18.381635738126608,18.67742852949184
1808,0,24.866794511727473,25.012748224471736
4553,0,31.327635303240392,30.149892781212397
7245,0,23.70403562566545,20.992047884078424
5655,0,23.570443541223312,22.888096174109197
8704,0,31.968468472642872,30.348235598755046
3732,0,19.662179017082384,20.12145285721258
4940,0,19.20686421871421,19.982093660389538
6849,0,22.88663166548383,23.120925396086808
5918,0,25.783675714819115,26.580264199523867
4986,0,23.23949112308201,22.84311392273997
9620,0,20.236386264436245,20.25325043122614
4668,0,43.157002309125346,39.90271104828261
8969,0,23.78449052620343,25.436350598709218
2825,0,32.228541080113395,33.11499657746434
357,0,26.199559064178253,24.65153423205597
3395,1,29.064381405357214,29.246049460111568
3811,0,20.533702624602185,21.24921047521055
1438,0,27.209882131714537,26.975359671281947
7023,0,22.659936251098156,23.16968329361515
7309,0,20.215864138679766,22.025494834659824
1304,0,31.53787607756675,30.587875298794344
5308,0,18.03130181591148,18.978193956772945
9541,0,19.392486045029752,19.03937836202276
1942,0,25.73926486450623,24.920387775273348
6347,0,26.65145922807318,27.14806868705307
5712,0,26.44516657790277,25.63918675657227
6082,0,20.979189951504793,22.530642329189522
3156,0,17.662511098085748,18.73982555333295
2166,0,20.9889023175435,20.88971610228861
7391,0,29.32659894495785,31.602944167314114
979,0,26.245457594328595,26.1125112817632
4117,0,21.156869624672858,22.38465721017647
6986,0,20.485349504248777,21.242033556086085
649,0,37.09130681695446,35.08465479964423
1526,0,27.300559263049337,26.886393329061047
7508,0,25.38327877374332,24.407524253381848
8642,0,28.7049292132141,30.367100703911206
6274,0,20.242537626739143,19.221691018690056
216,0,19.07500158598089,19.352436265436676
8139,0,31.044048794631976,33.80203598898519
8268,0,21.50513142875327,22.65309883942114
1709,0,21.343970712438477,21.447964319224173
9950,0,35.853598265032396,33.08757259147693
4811,0,21.551524712611727,21.92751748486814
8174,0,18.23576353332099,18.232034415982483
8555,0,28.6990837919435,29.680769466436015
4511,0,24.26941923038779,25.79141748373869
7102,0,28.17316158611474,26.304751848160922
1008,0,32.72852591361851,32.31625668454217
9895,0,31.38838637846178,30.593409081780678
8697,0,25.455915869666008,26.586321186738072
1244,0,27.120342826488404,28.614734493537796
8525,0,27.275932737069613,28.919488058995096
1696,0,26.198485243996583,25.155405200105488
2889,0,22.86676465595916,23.818249286500986
5487,0,22.955419317728772,23.999648734900912
1392,0,22.945302422728385,23.203027210698217
2205,0,23.987179524714392,22.99189604794953
635,0,24.916406122116303,26.212396018897824
6188,0,24.837938647424913,24.70433189456677
9519,0,23.002188714751828,23.4208028118616
7239,0,21.155402828354685,21.881958041949026
651,1,24.92122009012746,21.343981461693417
1567,0,30.942593764571956,32.819258058151426
643,0,27.202802646800546,25.75575577957371
7715,0,28.822155008368675,27.65906631420177
5270,1,24.042664753510483,23.97722996306417
4703,0,47.74571947250774,43.454173340364086
3634,0,20.959913000921514,22.00105177174838
4144,0,20.304003376442534,21.423990353910774
8682,0,19.74992295120527,21.07543915418517
3490,0,31.80566812344547,27.98059741909448
6502,0,24.691500051413872,26.53219397642815
4365,0,20.525532403361655,20.125386999275456
3232,0,29.95565491994997,28.97892052597464
6552,0,23.227809148217958,22.100299940151675
7063,0,40.35050623631271,36.699650014128366
733,0,31.08145048922698,30.970067334502
5234,0,25.459730298530268,25.436189746545093
3953,0,31.237036646015326,30.03593631625567
3859,0,21.089547306407393,21.029409880289286
1361,0,20.412196529991284,21.703986259823406
7787,0,21.665705884616514,23.015739423271967
7878,0,21.792627038278408,21.353970730972414
320,0,18.084109733463784,19.200235211612164
9724,1,34.79405409926473,34.66610515866021
7328,1,27.83094056733622,28.742886150847063
5720,0,19.39756124433418,18.854395000480228
7798,0,22.471165145372765,22.668462266634712
1192,0,29.459550502334185,32.22019707931301
6606,0,23.17876384792297,22.34922968000169
7252,0,19.981844011921954,21.15922129567687
7720,0,28.90427588186275,26.57379761182746
4692,0,18.957715672177937,19.539898138297872
136,0,25.409983555620343,26.40825808450179
5153,0,22.955511822674513,22.07506058060901
4963,1,38.2518200724934,36.65289614806843
6101,0,22.55351949629655,22.98226610804558
4125,0,23.812502471577776,22.717677784211332
5317,0,26.489843243915313,26.978031664075246
5349,0,23.837065367150302,24.742569056397567
5222,0,27.99954566156739,27.77001910327212
859,0,25.20085785239919,27.16577110362736
6,0,31.6761022358844,28.706932345451936
5371,0,20.616549127857652,19.788976497288534
5576,0,27.575901778450973,26.602377043306625
6671,0,21.94041155484131,21.830648834719234
8529,0,21.344056586147094,21.362681941338934
4870,0,23.958361736058322,24.1863298533941
8126,0,22.797645824218012,23.08949481414512
5872,0,26.141435560185876,27.049242792424508
3924,0,49.40344718394491,47.93770991634134
9224,0,22.921880796893973,23.30805409295525
428,0,29.11799561567668,31.163597860311153
1274,0,20.973136986440096,20.180879058848554
6790,0,27.0904057592883,25.737095807538225
7419,0,19.72031534552614,21.46959005904903
809,0,23.947657369902696,23.539216101042797
9730,0,23.034078683943584,23.732541126876473
996,0,24.48238307801534,25.932117262814643
3663,0,20.927063677781504,20.928440785290963
377,1,28.721832936045868,28.28661777030154
2884,0,31.93075728560719,30.152620095530267
7019,0,31.6439831688108,31.377772916368443
5388,0,20.766273603299734,19.89026927919847
4427,0,30.957075584184057,29.880510408289428
3639,0,24.974688500367606,24.971414139275264
2062,0,17.981998627356493,18.507189933538854
9666,0,23.935699846620043,27.92616023114213
9090,0,22.96144447652721,23.451886248772965
9669,0,23.85760280222384,24.37998731168933
2680,0,31.02471995014666,31.674363445913837
1957,0,24.303574714328928,22.111015118402822
6929,0,28.30206122678117,30.622525231086655
7165,0,21.3998310497685,21.903008555255063
6230,0,21.94565424873777,22.85182753753504
3289,0,27.89744935776749,28.79525763105538
7500,0,34.273762422029165,31.150591136754404
4314,0,38.65372943768938,38.351386467064856
1577,0,18.116964864520906,19.23883461259726
4996,0,28.228693874646744,29.751150439037758
3705,0,25.318895558641977,23.913054516935304
4219,0,27.10134219237856,25.7447880943233
1782,0,22.589446124021663,22.817221531302387
962,0,23.14935352741301,24.880179558785493
1055,1,33.70494988482274,34.80950002615476
7814,0,20.539169432544345,20.162813406562513
8635,0,17.78884039128593,18.301114985448226
4277,0,27.72849652182178,27.751116017252244
1907,0,18.887936279564375,18.756603295017392
5609,0,24.99402187800613,23.933338820148514
9558,0,37.61148284569318,34.10056497706857
5768,0,21.232663669918434,22.40330189107789
6770,0,25.52890251873469,26.400405850382604
2378,0,30.211441507546635,29.599859552284837
4099,0,23.166986102202138,21.54763137268688
3817,0,27.53473271385094,28.94922376652299
2283,0,17.58314779302838,18.38224375279135
9372,0,25.4872437291125,25.708947592073855
2817,1,18.623590189583737,19.422020160936075
4762,0,27.03708017356463,28.032986099872335
8014,0,24.0946151668494,25.95982279474725
1330,0,26.845680366832052,26.059282298189242
6329,0,22.84242024039094,24.642671494841323
6232,0,30.392072015098,31.11240062680421
7269,0,29.081884742317094,28.96321431645531
2134,0,17.961837575311314,18.557424252168374
3523,0,19.999467937410042,19.556629137867755
1642,0,26.45671564735066,28.75337707942272
5728,0,18.619790008224978,18.074142362406473
1404,0,31.59138913432178,31.83251286759341
7980,0,21.216836626308574,22.996468541290934
1452,0,20.60542768020006,20.764087602172033
1876,1,31.715912377027333,32.15029664969729
7609,0,34.09083492150835,32.94366388360924
8047,0,24.95849995060653,24.701842799506878
7746,0,18.786750615555558,18.80965167981457
2985,0,19.94763767642479,19.591169466715513
2845,0,31.644592828330612,30.657397983431704
481,0,33.006919154314474,34.23245384220669
4718,0,21.849998908098808,20.60781714114867
8428,0,23.135510607614155,23.74084567539184
4998,0,21.963383931012824,24.600912482043434
8740,0,19.46227225521655,18.968820212074977
8919,0,24.419816183226363,22.590065386039736
8021,0,35.176292918453086,32.70709485688992
8107,0,32.87505790384892,33.14089379134886
123,0,26.824873893968622,28.358793276104876
7130,0,19.149055022081647,19.285257027902162
2712,0,28.501033706599557,26.496452728199422
9072,0,16.625736072439192,17.116431650662378
1144,0,21.880262729186576,21.14403228212482
6226,0,22.62421367954142,24.40615795319673
1201,0,19.276239920378632,20.50371462596813
9151,1,34.19483546979512,38.80263718167857
7947,0,21.81065121651143,20.058996546656278
9389,0,24.637930989635144,25.06610389033557
2999,0,33.60172649638422,36.67085749765371
5274,0,18.477350138761892,18.452412284679234
3341,1,24.37080817389704,24.93568125796685
2103,0,31.084497827362522,30.20252266249947
6917,0,21.38754715645002,23.58736028106068
6710,0,31.23700224604542,32.07053569247751
4253,0,21.881753936389227,22.786043791160818
2212,0,35.81633006096546,34.998448939405
484,0,21.112537963658003,22.526327669591577
725,0,30.49135678317143,29.531622280050165
8024,0,25.837842050656437,24.25292395722889
5817,0,23.97575580717596,24.269512389816033
8039,0,42.154553872130656,40.48654041807022
8812,1,24.09713071020782,24.843414025922666
984,0,29.747559717751052,29.023857513151732
507,0,23.420199477987566,24.84164850478555
5970,0,21.10115055926912,20.03642257756163
3879,0,34.64243515827921,33.40897080594902
1656,0,24.566460710503165,22.789628570120627
8418,0,20.77070781022546,21.654901849101698
9112,0,25.23855265220904,27.506042860750778
4822,0,23.53939012328622,23.538615991563457
9697,1,21.073800513492465,22.21867782229797
639,0,20.64910015299822,20.750843835027233
376,0,27.901184140063673,28.108500817517182
7799,0,27.87651611836821,25.41678008016529
9944,0,17.88282658175253,18.375749053733102
9070,0,40.4754975758392,41.10272895405799
9410,0,25.295276380325372,24.622195787748094
6633,0,34.21193904101097,30.60753092805411
5497,0,39.44250414815988,40.70380741866381
2735,0,19.39680629348116,18.9166529451796
8330,0,25.723884379801444,25.92016813352008
2843,0,35.67296735230592,36.15192920105826
5821,0,28.730870030866974,27.280952225778506
7945,0,28.663595824381776,27.41226617948213
8145,1,25.40096088281722,22.768155395657363
2446,0,18.720933339357977,19.066183600805346
2012,0,20.24543136601512,20.202993300414267
2414,0,31.641249079359408,34.15898844595487
5436,0,19.68413518095381,21.99289368242962
4841,0,33.96385385852209,32.339722679965675
7822,0,23.08411267026019,22.189867342970444
5208,0,26.814356395062497,30.72216927202725
5430,0,28.128870789394977,27.561313784723136
2701,0,31.551163552151486,30.374315270762537
2785,0,36.07274149468344,33.51349275385493
409,0,17.93193536180585,17.75723418825005
1891,0,32.701487204724735,36.37059349612336
9005,0,24.953401288854813,25.689310769443736
1861,0,27.880528064982002,30.22712078578145
4784,0,33.43966841578034,30.660110544885605
4827,0,20.13056966390233,19.67987860461971
8519,0,28.403463769359973,27.058313230909818
5267,0,40.32273959087989,37.18667151633067
9292,0,24.208535144066982,22.570375872256868
8398,0,27.490866550829868,27.643544792353936
4474,0,21.880571622802876,21.73773893290526
6228,0,19.42173137876319,20.007821993323475
1367,0,20.583027565738426,21.300957689883983
7578,0,24.663231064267464,24.931425294611188
2240,0,20.00941227653492,20.860954920170105
2975,0,21.120513678725175,22.57248995279316
9646,0,27.365236032901468,24.068438219539505
9647,0,23.24363160838545,24.836143825259036
5,0,21.895979315875618,23.59092529291915
6178,1,33.95637018187725,37.87170296801689
1874,0,24.612876459409417,24.812100174172564
36,0,19.997226676869953,20.25395339573898
4933,0,27.31875107078207,25.432219376381077
4375,0,22.284623232581755,22.17395027253152
7914,0,21.660924794909796,20.60204436191641
2747,0,25.939516475409764,26.3088866585314
5460,0,27.60461958567055,25.515512217770866
9333,0,27.98976686541515,29.509742845754857
8742,0,21.175625117558774,23.63401630214492
6229,0,20.796022769545775,21.379347433895372
3706,0,29.37894859156481,27.941634115529062
824,0,22.407486137241882,22.229679404118773
7987,0,31.09216607747334,33.02380232809328
2984,0,35.847078892006365,35.648345626095235
4629,0,35.458179082525376,33.398573954652136
2426,0,25.018752203355284,25.894506637728284
2163,0,31.046798102724384,29.70292708226243
3111,0,30.26202236431995,28.462390311617934
4879,0,19.91507739562867,19.68791250731319
2684,0,29.981804283171392,28.511718446985345
9334,0,25.168464866990902,25.289422797133167
5861,0,22.24167532608517,21.700919158871372
9511,0,25.82349938027075,24.569953576086778
28,0,27.134538376836865,30.37716388690912
385,0,23.81152988278804,23.70576624641203
5673,0,27.48463775420487,30.80714957645329
3315,1,33.73114683251761,35.91797471355868
4987,0,21.288645287178504,23.39124151570697
5833,0,19.8389311136642,21.47814736330978
2693,0,22.560024349852625,21.671709563439496
2380,0,21.48751541999247,21.381869065773998
2021,0,19.115460136558657,18.57676256693173
6204,0,19.528042577571014,20.209967743442103
1162,0,21.967313190749206,25.03311794050849
3187,0,34.261352318187136,30.576705388391645
9173,0,24.229960863579105,25.08345183541958
5459,0,26.167388046889712,24.819394901291282
1896,0,44.82901349853979,39.43125625445106
9021,0,20.07479016479024,21.376892736989216
1068,0,28.755716660264163,27.867037987430027
6343,1,27.079123884449743,25.420836163940066
1677,0,19.879819736476254,19.5829224410491
5183,0,24.811793290528335,27.394233408935257
703,0,29.53322812068803,27.63333214348742
95,0,23.08755341381573,22.996513597318536
9758,0,39.933856495940965,37.90087580510874
858,0,38.24878043204117,42.06973843783178
9715,0,19.23802905549008,18.35149043052746
2850,0,19.768844147544314,21.490177293079455
3898,0,27.086679171422364,25.52859102791311
9426,0,27.791782002187375,25.153384577462983
5967,0,41.31602688694718,39.09639700251367
7712,0,20.365035364847895,19.569199272140093
4159,0,23.161883705046534,24.41607970967043
1983,0,24.401426953441742,24.215137072180845
5966,0,25.560194353071488,27.158077882403376
9110,0,27.554380010344488,25.616426531914023
2228,0,20.59095223354387,20.414528781787432
3701,0,28.34070541889424,27.95037941042539
2055,0,26.569016957587294,27.204654770582398
5339,0,28.209970494208033,26.774451746008914
4777,0,26.87386883728511,25.548988199013408
2665,0,20.42164235884181,21.005452403548908
7484,0,26.146011046102636,27.44648861078787
5901,0,24.24799375779753,26.50914723747789
757,0,21.522474689596894,21.992391533069444
3406,0,30.06993852589983,29.88945105409883
1932,0,20.52936025101065,21.469428672435704
6556,0,22.23884339999824,21.874321696390894
6290,1,34.06200634957354,33.110517434341645
5123,0,20.126190792777322,19.42260698738291
7758,0,30.30027158547115,28.23072080670454
6950,0,32.1771213885496,33.216159190512435
6420,0,26.66390555300639,29.01095547366021
967,0,25.492635240240393,25.697003987502626
1822,0,17.17637247172984,17.22769587188794
5479,0,38.82104848784402,39.83586488338968
1430,0,25.836890926596638,24.498644209227635
6586,0,18.39126197167965,19.286690156300782
5715,0,28.663761128208765,28.22881024027386
9218,0,25.372564544944584,26.132387249711115
8714,0,31.035839318814375,28.922269059984487
3723,0,29.673134150302815,28.374083979918925
56,0,36.085076037798736,38.43370733549653
6525,0,24.951196396344184,23.80623192703025
4230,0,18.672735543248425,19.282965732737267
9691,0,32.48373853571851,32.26022314180995
6360,0,23.716723603598187,23.0884420307067
4064,0,28.920511179425972,30.00823683324694
3864,0,28.788243805529664,28.60959759541752
8279,0,24.726482311692024,25.15282456749803
5177,0,18.811494433018556,20.031042097541192
8302,0,28.280593574179974,27.077663420564505
9186,0,25.290975152218735,25.20819314935182
1691,0,20.776404123845094,20.23517928329965
4171,0,32.99282069891874,29.968702556047443
974,0,26.64840332812369,26.659171266085355
2508,0,20.075874476720287,21.17579406223321
4175,0,40.81138515563194,41.20932922651353
4126,0,21.914310029731762,21.563307399823042
6749,0,22.088136494571327,24.249439328974375
5876,0,23.626738455890568,22.57974125841221
1178,0,28.838321091046673,28.554622282015938
5364,0,27.200841577759558,28.521946426805382
9709,0,29.849164741775066,29.753234723913902
2874,1,26.71128196800906,23.047493801679703
8188,0,25.3861102790957,25.959723590469363
1268,0,20.91747862605428,20.46302567286597
8874,0,20.8274725031725,22.917252415114984
8404,0,31.012066563408172,29.652586127000873
6881,0,31.540192486690593,29.73237958637674
1230,0,29.91193500466502,29.51050589551584
7129,0,26.516694544103395,27.63777423166686
6402,0,22.36331279306844,24.001973121759647
8317,0,19.981395064478868,21.911266571874933
7367,0,19.99786379159782,20.57893598508259
4792,0,21.470716584136937,21.732659995114403
9884,0,24.632475615093057,26.76127745985252
5454,0,40.75166515220923,42.58836334513092
6168,0,22.77682050143646,23.63001777928059
9,1,22.064133660505565,21.420347416698657
4765,0,24.911055651332003,24.375741764044694
3152,0,40.525877101534384,38.06516372660927
5578,0,28.636278487519718,28.0072053804445
8810,0,21.85460240335938,20.941701697674905
2734,0,23.300142193710965,22.66522153202318
6036,1,25.603594065768345,26.721375775525672
3661,0,21.97265292101427,23.58783554275077
5387,0,19.213411215270174,19.826433540877634
9655,1,34.83463326302491,32.96646821079606
6722,0,27.20257516854668,29.999993638214914
8410,0,46.66926658459329,49.1344586208926
7761,0,21.837771274253374,23.864338371357544
2086,0,19.886961679939727,20.950861136806527
7455,0,24.330072604654916,25.679375227371658
448,0,19.31724186326394,20.869296774383905
4185,0,23.808782350963423,24.57060589073851
4679,0,17.063103701152983,16.63787979240449
9177,0,36.58056606111522,35.17875781876347
3229,0,18.890538297186847,20.19522514005611
7999,0,28.024517459704303,26.503008533441665
1718,0,40.259315582938285,37.28002892584773
6456,0,22.89645254830203,24.163720874427426
1506,0,28.779825159032953,26.190404397778597
8831,0,22.840532995323066,22.83730890919663
5295,0,24.394907283091076,25.99728711087721
4670,0,30.667567160399987,29.452401237030546
54,0,19.761923094367113,20.32200955643758
1033,0,24.185330913019662,25.436331898499287
6732,0,30.204352405701158,28.35704320828728
3486,0,31.318259739051463,32.6987926940592
5038,0,28.15663542978447,30.24667129097664
253,0,29.932099889945594,31.264860403791815
3603,0,26.6161595589787,28.23545021203144
4507,0,25.55417475663648,26.39552797434422
5405,1,36.20953242656588,33.799255118054404
7533,0,26.584333281268712,27.2045896401341
3550,1,35.723445877669654,38.43043190757551
1945,0,26.095219525779374,26.616744175043003
762,0,32.73511117611541,30.659345120898575
9692,0,24.195136728865922,26.154695720792038
9031,0,38.45421045574065,34.27670265293786
7960,1,40.80351029037497,38.687632577676354
9577,0,19.216940371891255,21.906792822927276
1754,0,30.00555393883481,29.59800908433736
6807,0,25.036129758765682,25.483082769643147
5617,0,33.2950673450042,31.318766800989916
7104,0,19.895667714930052,20.88312465007155
8184,0,18.82768489269094,18.558076380301483
2864,0,23.81349703482726,25.19926507450087
9233,0,30.04254893226521,27.400256643585113
4983,0,19.478921349612634,20.924740680906936
9305,0,23.517832904216075,25.154276640306723
2806,1,28.414478484899732,26.629175553874443
5953,0,28.842596198141955,29.042231718617632
1904,0,31.591232518835607,34.57000834970262
2381,0,20.429449173667237,20.487133675293375
4354,0,27.349192263404785,31.235204320730766
5878,0,23.08449114533976,22.587986038322562
7428,0,21.41963726343863,22.596937148904182
5122,0,40.42003652967311,42.42178676920729
893,0,32.3071983093409,34.027556178338635
3400,0,20.499530464397804,22.220332909553377
5362,0,22.93173280225803,21.501282433261718
1950,0,34.08783009939274,31.224290964296166
5010,0,28.39572814931649,28.013282115405215
3805,0,27.189123593075756,29.957944200890076
9544,0,36.51004381043787,33.78195388225712
2473,0,21.15416188347987,22.059839363268125
121,0,24.54466288455869,23.03566385594488
2647,0,23.770420751693518,24.713018949279604
1645,0,19.416400507589053,20.49142376704658
7618,0,25.23675498119336,26.228143987425003
7486,0,24.51083636142207,23.95244556497237
3035,0,23.388409860670087,22.7571205434513
6334,0,21.794636551068557,21.031682443632832
5722,0,30.423534810544833,29.920761824844906
9445,0,25.282102829640742,26.897833497417075
4094,0,33.83502541371705,32.965475316387625
1766,0,31.366137757589954,29.31935806041485
8319,0,24.549454708126223,24.998705310056547
2471,0,17.27590716736034,18.314333782691463
1807,0,25.946917835257736,24.710389070643366
5670,0,53.081479688908715,51.39546900489921
1588,0,38.70995855867361,36.52497689804978
9882,0,31.822647953734396,31.2353834032402
3052,1,29.50413598032237,30.937789339963732
6482,0,26.189844103688657,24.700922682637557
6631,0,30.28511654430421,29.30878789630149
5829,0,24.88259526323255,23.815596273999773
1468,0,43.06261897588496,37.470114205621655
9423,0,38.74140838172153,37.07906778977561
9871,0,20.867386609603695,20.03425008350025
9816,0,22.217709323868785,22.884583963250122
3463,0,35.69215296308589,34.93113369794885
6209,0,30.44420071709907,28.127959522991166
8312,0,23.29390321551283,24.045471000454988
2194,0,23.51328700362414,22.381293842193873
5358,0,37.190554516318706,33.28234921265387
6330,0,25.67256152613367,25.762310789659164
7553,0,27.137803070809696,28.391790830304217
6905,0,32.588139846804395,33.92655395590819
8090,0,28.633582485398335,27.588596159973015
298,0,20.756326759362054,21.411094101546016
8667,0,28.57798648601001,26.9380509632176
9049,0,24.7619606414108,24.165703876030857
5786,0,23.8963548902936,23.01477875910883
4080,1,19.791379917989556,21.586389233845736
6756,0,40.02662784262833,36.003089467381756
4485,0,38.50258761975052,35.73334527468582
297,0,25.185710129277652,24.686926476148486
862,0,29.00892869360313,28.005368748531495
6768,0,25.603815290648768,25.084246623258522
7361,0,24.318466620157647,24.621798065410935
4197,0,35.89795156486078,34.362560603160155
3530,0,21.44520605254753,23.51688178100633
39,0,26.59429517385188,26.708424825739318
7156,0,33.81276931903501,32.08913311663144
1109,0,22.977773251844546,21.519338058915118
1699,0,20.977395759425924,21.282978157594165
4989,0,28.240247536492035,28.544774731688037
4432,0,22.290800369584108,23.247382588407415
8354,0,40.65830039250704,37.97697011871272
5657,0,21.091744594322673,22.224153239884128
509,0,22.37181184939088,22.516043550534324
8488,0,24.499947400564523,23.768952562756475
3700,0,33.19072140689437,29.565713088170533
6604,0,20.302717403922284,21.346793601437046
6172,0,21.79107703259446,21.620081659730797
4833,0,27.6863125627923,28.28299846988977
9896,0,25.420539004511898,25.255163701265122
8445,0,20.342235612338573,20.0813095689936
5767,0,19.006022499914817,18.667647218705003
8882,1,45.33290383714104,44.490815489916926
3505,0,27.2002544785662,25.00960988665279
7090,0,24.686188181427866,25.800843911697275
4288,0,23.898187902750397,23.11299723401061
9853,0,29.748439864642428,29.865135126143766
5581,0,23.374216735579296,22.01439786695312
4102,0,22.87144299686864,23.221660374575997
3383,0,21.739697606520885,21.418380172699337
6664,1,27.85133993238617,27.646743217348654
4931,0,22.389663565590993,23.434030028821855
8299,0,36.42635897351137,33.64310612866561
7029,0,17.744700838633463,18.39255668359388
622,0,24.185703792336454,24.259816863597628
6623,0,27.587049591510734,26.052299916967765
4710,0,32.712297396312955,30.44533287556519
2533,0,33.0285548254007,34.57348572605834
3204,0,29.89027123539271,33.01220140265147
8427,1,29.90481221513486,26.138559608073088
7021,0,27.157617564781173,25.286875803933214
3625,0,24.896874131690094,27.52118722159811
6692,0,27.888795056578655,26.115696253640557
6846,0,32.8057456843571,33.37038647727251
9755,0,24.909269005441807,24.40848828281443
2251,0,32.363802568957084,34.85053770424834
4136,0,29.0616944380879,29.481602092572263
1584,0,43.869010394149775,39.199865496380774
7721,0,21.210667744149987,21.317594047858677
1369,0,45.29837817539885,49.10243320505398
1191,0,22.929547759711628,22.543044786189633
1080,0,27.654121376415425,26.552576510791308
823,0,20.79216686141087,19.89436026763408
6980,0,28.297180049744583,31.42032157447078
660,0,17.43743293890375,17.825946510695967
7831,0,22.851069038884287,24.25000894440284
4536,0,40.46068427316372,37.94590286517258
9068,0,23.134653693314338,23.315792151189623
9164,0,23.158020164107906,24.83917535343016
8575,0,32.690498881765315,29.875716477311254
1022,0,26.01752728654228,23.903487398765854
4448,0,25.67667747902456,23.55823658140746
211,0,24.106444531060255,23.781053747964773
8673,0,26.336337630780235,26.46470886510251
5706,0,30.627442800103847,29.942822082945856
1196,0,30.286338227598396,28.636091094874672
5462,0,24.90798188815077,24.994974705126904
964,0,16.999689556459373,17.67554552991629
6888,0,21.796968253143216,23.13021721528608
7705,0,24.470410570328568,25.268642787571974
556,0,24.865889696998117,25.780378604988556
5139,0,21.227523140064502,23.14148838070576
9405,0,34.05740551389373,35.925992451126405
2617,0,20.632729714316802,20.503866929376105
71,1,41.102392494303444,34.67075579817589
4262,0,22.89910024856231,23.530825325426406
5583,0,39.56021777151121,42.59706956246755
7899,0,26.749912990117426,26.499035866420027
8796,0,25.565881200139454,26.330478257909547
8829,0,25.01959529860293,25.762818710342334
8836,0,24.98072983722035,25.438645441028022
1496,0,23.62818571171594,22.934951444805858
6689,0,26.97415644549992,26.463526900318154
6052,0,17.3326119589698,16.670310364926205
5286,0,31.416079278481178,29.894967618405843
2477,0,19.04545859019376,19.954820367094293
7781,0,21.708503811007457,22.08921010613131
7917,0,28.268876685377744,28.612710170509338
9757,0,28.14023853183545,28.62584693089563
5365,0,21.51123779693944,21.61638322700449
8444,0,26.018126813063645,25.249868101688445
4894,0,27.408483780754125,27.053885591074433
1694,0,26.692598309186472,27.479738572380857
5757,0,18.90274630397029,18.3507743253157
2501,0,16.978838535696706,18.38038079699188
9650,0,29.15901640568432,27.301507995282968
6285,0,24.603168682586322,25.97330979697347
541,0,32.263962255168074,31.34496208502792
4048,0,33.50235097738894,33.23436043542328
6413,0,26.158103371115,25.11506623687098
2120,1,34.14940512551945,35.33781043031964
9578,0,24.129108216205807,23.917088939924707
8081,0,23.893573803393412,23.80303187810585
2143,0,25.142012306694884,24.235490531017327
9721,0,25.10891177084176,27.742122785705114
7030,0,20.313511446096754,20.27341979612128
197,0,23.49322702775506,24.45066468876979
1499,1,34.34411829136891,34.8881677126863
7304,0,26.062589897844514,23.950528093316063
1798,0,22.850897814485215,21.454044507531524
2137,0,35.21206049578296,38.52026451914378
5692,0,26.696848171362618,28.964726141975863
2844,0,21.822595708674378,22.742868958677022
8272,0,45.01865398490371,42.87985581137282
3086,0,25.731451599621913,24.046239367807985
7568,0,21.592068775279984,21.064709844485552
9309,0,21.64156186872988,21.607689725975842
6214,0,16.475138879922486,17.38945339782178
167,0,22.54170311103758,24.382218015177344
6527,0,16.903377083950073,17.76895737307096
7302,0,27.38572356954866,28.48623394241035
4442,0,40.62639892677472,45.605557083142756
8401,0,26.638006921058487,27.059551452310934
7491,0,44.451850991426184,43.53186130914947
5042,0,21.613315187235184,22.893788158709818
2018,0,20.51959659060293,19.614206768102672
7801,0,32.720316242638184,34.69230315899263
8474,0,21.739288658060946,23.247726056209444
857,0,27.581124372927725,24.67340731549602
3480,0,32.24429779619454,30.48672971557513
3147,0,27.242673055856457,29.830059508437415
6933,0,23.80656080606523,26.831780784679943
1429,0,36.31218179775927,34.47944163963771
5294,0,26.26024880708752,26.05956497097247
925,0,27.516277077656717,28.80063998033651
5937,0,20.28591148915904,21.377592163382847
692,0,22.913990618158444,23.258865002824482
9378,0,22.287520637263984,24.253087835056835
9696,0,23.02432875988273,24.387192800513795
3445,0,30.10261283861974,30.987351664223134
7668,0,23.30698474848845,23.208582291275967
3582,0,18.0111846307147,17.17080964855385
6558,0,27.858774119767478,31.328878131136182
4729,0,26.648388661742768,26.915866933558732
2482,0,32.83569554607253,32.47707930988405
7783,0,24.216358722941653,25.148765192680628
82,0,28.50615838065861,26.625920189144207
2826,0,23.773779876252803,24.884656082781536
2461,0,33.548703429909935,34.73235374703316
3740,0,28.790950742726576,30.55426166766811
9382,0,41.12132131240907,40.918057002692436
1267,0,26.86557283050094,25.87923119479873
9450,0,39.67860356613296,45.39558602153761
3379,0,41.78552070716616,40.73329606704356
9199,1,32.07441787374463,31.58008407319373
6925,0,20.935298856241694,21.708803619199887
7300,0,25.7429681075977,24.29526882430094
9195,1,33.360782691622845,33.8607733491003
9752,0,27.80992253865344,27.704457031543264
8792,0,38.155183897291394,36.29089569786645
5782,0,21.042280798451195,23.275387283593066
3838,0,17.714776612629237,18.0126618637586
6233,0,32.19420841196097,31.299925620558774
3131,0,29.090087726888374,29.816772336156333
1513,0,21.813466406163997,21.71793292480025
260,0,20.29700032498849,19.840637560719713
1922,0,24.786426876536087,23.14659103267987
5354,0,24.2132387106355,22.67666855426709
7008,0,28.44018604016611,30.540199515853477
5406,0,25.900722160717415,25.647056518418704
8453,0,48.50354614293726,55.9928086868742
2577,1,26.88953743406253,30.440679711585556
6775,0,29.840727376706667,32.43992653137188
4232,0,28.500848548170644,27.972137272539552
5691,0,22.607187715704974,22.160544023983014
8118,0,36.567248164598865,32.84977084592448
5333,0,24.83119263307502,23.281137964625504
294,0,31.88511069313269,31.289515779395476
4078,0,23.13166779944963,23.01252009977794
9422,0,27.947255274413564,27.362042364397915
4349,0,29.39350458084518,29.960774807286736
2783,0,25.48684907068764,27.417918338363453
1387,0,32.555822029270125,31.713604912500198
7892,0,16.913231221734765,17.905242698901855
3880,0,19.869392543097547,19.466687715660445
4390,0,21.11639836976806,23.57554674065718
9642,0,35.82633086960746,39.54071817003534
1218,0,36.70136726247834,35.15444165927022
6593,1,30.824824641238596,28.694350478471883
4735,0,22.77398079279255,23.678873147659914
9227,0,30.78191528783929,33.46730954328364
2586,0,23.87915716735609,22.152385582109886
1613,1,25.229372519367395,26.007784787223688
9914,0,42.03382987051229,40.56769596064459
4062,1,22.753854220575676,22.484606557240202
8830,0,21.47369101459775,20.882119271015693
5978,0,25.347988974881577,26.39322977657891
6376,0,25.09979048222376,25.86881335106691
4734,0,18.358548519944318,19.669430647089154
8132,0,25.384534670498308,25.83276240000818
7397,0,23.798344221386117,26.665229748925707
6186,0,24.120921937126642,21.620385746595133
345,0,25.450672320099194,25.259144320678946
8588,0,37.913074349552645,35.03635605668523
2369,0,20.762833129111723,20.976455088551994
2363,0,31.842398680353867,35.01047700226656
3288,0,23.590964985165474,22.976026167708568
2085,0,21.920553754193314,22.687362297416335
6873,0,21.112666818187176,20.910150820775016
2518,0,27.503082153901378,29.69534591168551
5084,0,40.71768905931597,39.17107362553429
4257,0,20.224543231333413,21.395592041106056
4979,0,27.943625169193236,28.141572847999424
6406,0,26.534144899276537,26.855315408090885
7152,0,33.51649104081116,36.09992927191506
4914,0,46.369180078190524,43.220148555434555
2658,0,44.33998414300764,41.56819220085177
6621,0,26.656600933628365,26.110121050616517
6645,0,23.2243786190259,22.617666102971707
4060,0,25.503856745019327,25.6914571390738
9480,0,32.13036860272133,32.63171725865217
6555,0,28.61872834363697,32.7989912895073
7749,1,27.183230330721123,23.364209951886366
1751,0,30.83007455439006,31.652086862394654
2839,0,23.08809873755051,21.307994172636615
1105,0,23.801704874971826,23.28797750909562
3761,0,24.119523891769514,26.494672822043803
3059,0,25.379904766609684,26.12664049478914
7605,0,18.22509426459658,18.820621267314692
7422,0,18.143978949175008,19.87443039979229
5324,0,23.349282675980884,22.12819023329483
4663,0,37.08821336429106,33.720847805265564
1970,0,30.491278565313714,27.99529988969487
9865,0,19.725009689787264,20.220405808462278
3827,1,38.47177033646754,45.65046417102804
3742,0,31.933681203310613,32.127593874862
9063,0,20.40871157975132,24.45231389792791
8091,0,33.31467467747874,32.35936856503556
8135,0,22.785100683370935,20.900421370628166
2801,0,48.88164580877394,46.393835805043324
7880,0,25.819344323425987,25.694315008179565
3812,0,29.3422462757897,28.59819632704059
8884,0,26.694715788900698,25.85343028766235
5074,0,35.15498780770929,34.173334369632656
4235,0,26.206727202635722,24.87235725396231
6395,0,29.45310076471879,27.4201073782153
4706,0,41.98450108718742,37.03132791081162
8466,0,24.457508568056998,23.962642427933766
5198,0,25.86288843287248,23.92862356067324
4837,0,22.113258531236095,22.354361552905907
620,0,18.982491097107513,19.728446458511456
2458,0,21.99567888430475,23.162893986321947
43,0,24.78244085023204,25.998028240910493
8479,0,19.84524040557454,20.20951848010648
1013,0,37.04151812192613,35.69609761008959
8961,0,20.748038364529883,20.28421294776734
4844,0,27.945672348927275,28.417983158635824
4785,0,30.984476289005308,30.055456077598514
8093,0,27.0559367129289,26.02380209415085
8918,0,31.060856782299258,33.19460477658415
945,0,39.95877789758542,35.70561239909091
266,0,29.787325208791092,31.003527249297925
3560,0,27.82420896653071,26.375921134715725
4829,0,24.824077651167094,25.589367278268817
7658,0,30.360750649818723,30.597325819555774
7900,1,22.835973277142365,22.84176109656483
1737,0,24.440301211927306,23.753133733242638
8698,0,22.56702563742213,24.443241369950485
8638,1,20.284187777740087,19.928322343244137
1087,0,21.67320904600745,24.219339204833837
3765,0,28.13568170329019,31.67903508199418
2046,0,32.04818757341814,30.176788264742182
3093,0,19.91282669882787,19.658398773402737
500,0,25.128120280155695,27.28834138847573
3158,0,26.456119975621107,29.041488748638063
9947,0,23.44975977456615,23.46927513898927
1899,0,28.67162074173462,29.810384920639965
7767,0,25.234895197691774,26.778411081331544
6885,0,31.910428423357317,30.951551694336843
5734,0,24.155217532927928,26.244142492455033
6028,0,20.84676332537026,21.130087061840158
9579,0,19.18558779671588,21.39290122668477
5209,0,27.451397493404972,27.64266589421836
4655,0,20.70678697403359,19.58981489227114
5465,0,25.672065000149015,24.906308392327308
3056,1,27.34868052029491,26.305070708585017
6900,0,22.206637758949082,24.10380714300843
4633,0,18.621369673073435,19.251719094375442
1059,0,30.046405696850215,27.91529504238851
8036,0,20.581433926800464,19.422328763040184
3449,0,24.14505306665278,25.199547906733702
6047,0,19.68972622195649,21.216038243769034
7575,0,23.184594707196826,21.43433831237281
4020,0,23.663440574472787,22.025291090257287
5811,0,30.336254595832198,30.97710637353333
6194,0,17.217453011212704,18.19653285051131
8768,0,34.110235019761575,33.508789818942105
7324,0,25.3088556867576,28.23750708274617
1357,0,24.15543751018417,23.019272704995785
4208,0,36.61659743844677,36.02995955641225
9618,0,29.29577344272375,28.232176243291022
6757,0,21.521570245527744,22.162390848860785
7976,0,22.159883272706086,21.41078435693871
5736,0,24.45028290030579,24.33835768473131
148,0,27.694569234589547,30.157478844509953
1090,0,36.424359074191,38.5634774371685
5380,0,19.024034498969804,17.534085380674792
9132,0,18.456393684210433,19.002399158195544
9120,0,34.40811506440412,31.18679921368853
4689,0,22.955781635900422,24.726104858053397
2088,0,23.252796418467277,22.120581740013076
1866,0,26.384225464628994,26.8053091583419
4233,0,22.126743332091877,21.617784384942077
5828,0,24.812376892401268,25.69091822222718
7326,0,23.628240091000528,22.797619896014098
2438,0,25.964266568443616,25.47350601762743
2865,0,32.14216090006988,31.316356548247377
2557,1,24.220954385333677,23.57702485612103
5699,0,29.73455625822496,29.562382247555103
8560,0,30.700982352707328,28.28328201999205
2869,0,23.75323372424681,24.543563732267483
2029,0,21.51112529229096,23.13564243856889
9934,0,27.91522381832941,29.728812097560297
3365,0,30.393076499363847,32.18978028152933
6449,0,31.507611920682102,33.44365557569055
6815,0,28.15342301816856,27.40271829827507
9851,0,27.502224962696392,28.507244022117757
5765,0,19.136822779173702,20.612744608776076
2467,0,21.66175802201754,20.107938840158056
4484,0,29.15009474851802,27.911371132343607
8996,0,39.07141728284986,37.36158046896224
3830,0,35.05688955915123,32.3413564751802
9580,0,22.93815037824354,24.173841569175096
5201,0,21.093526945577096,22.716253409472394
3971,0,18.981139286777374,19.295146923218688
3738,0,30.070217684066364,28.634705626173446
9723,0,27.853517984759318,28.910229957072282
2148,0,23.287948066761324,23.932161735258823
3998,0,24.1510652625928,23.373948193584035
4955,0,19.634676459220717,20.696115953727414
6820,1,28.328209921479512,29.640554903450933
2606,0,25.862123354220962,26.999907813518004
2500,0,36.245393439011664,35.5319568546428
3548,0,19.135425370617796,19.160358928411053
5442,0,20.69611532260252,19.708750360382737
3343,0,27.35205305450711,28.519084446634018
4181,0,19.638820212915782,19.337571845953352
2226,0,40.05070479182481,38.01427649289511
2611,0,26.56929084591618,25.724943218373497
5480,0,26.910662221909128,28.988463421852924
3387,0,19.521463961473156,20.926752232767285
8533,0,32.9030314254773,33.54545498077303
390,0,22.897795381984587,22.960004922464975
5237,0,29.97859211809852,28.405704604008573
25,0,29.025929067747672,32.570379656221164
7613,0,25.290430547444412,27.931832708756126
9140,0,27.76822669760596,27.656243600961783
820,0,24.0758581401823,25.564713808955368
7134,0,49.491866085062775,48.866437686209956
4728,0,37.85450146190033,35.36187269514923
9850,0,18.291770295034265,17.82661850903237
1459,0,24.324282424795456,25.898183248974536
6451,0,27.265055913756104,26.276356912437745
7481,0,21.230379018400768,19.779825143221643
8071,0,27.265187560507236,25.90728532646523
2797,0,30.369687482091514,29.73143766041912
1800,0,31.741475163165003,32.75661992426414
3899,0,25.86523631190626,25.34458486617581
877,0,22.335657617654878,21.399393310042733
2800,0,28.618459026873943,26.12213852504854
2036,0,29.099635138372047,28.541520677627858
8206,0,23.28483947878238,23.945015468879557
5968,0,32.321228859812535,32.605034802479366
5060,0,31.560846898652553,31.69777971575453
6009,0,20.435553994923783,21.889970826768067
9377,0,20.79415342378231,21.737220021521864
1370,0,26.147304051840766,25.84816878208554
406,0,27.097236291616504,28.16426075733246
2515,0,28.661786061631123,25.990834199192705
1337,0,28.786398202336592,28.68956348755397
7142,0,18.463805676870436,19.386687008407108
4713,0,41.37166932051992,43.04551762758078
380,0,20.352628244146413,20.418721549329803
9404,0,23.6252791659966,21.80989122176439
2580,0,32.3794637912471,34.40826708799167
4457,0,35.1570821429774,35.75837520269754
9893,0,30.05287441977018,32.47446422228585
998,0,27.328926367892894,27.549195070247407
1789,0,22.674783294144397,23.30768258557573
8997,0,19.40273908361118,18.73701706025351
8331,0,28.99916896595871,28.342694955274776
1199,0,28.68854428429012,30.276605727278728
8577,0,33.28565902529584,30.908528202820865
6679,0,26.414055648766027,26.13950858355031
17,0,21.339106019792677,22.200138393517875
7819,0,25.326552227490026,26.702188218730566
3185,0,26.114820860922215,27.648892731626606
6483,0,25.087916183788703,27.405557647148537
6910,0,39.72738208434885,42.78543386148417
2023,0,31.409665557132676,32.7460071970928
4450,0,20.188446544071283,21.029075784531077
9756,0,24.585304388593972,25.49008033654635
9066,0,24.420311556242392,24.822199370867132
8085,0,21.726482774315947,20.964720669665684
1426,0,28.33530486590996,26.30791374968857
9813,0,25.686762448667697,25.513875922563507
7202,0,26.83900906986976,25.80940344231924
957,0,29.826983916589793,26.74631522499791
3217,0,34.7162240965881,32.58052537009333
5604,0,33.30247224483394,32.148160002017896
9264,0,18.54124772690417,18.808462365454943
7649,0,24.65867177260823,24.981230688439368
7343,0,26.181697982954717,28.72583731974678
2772,0,30.119212431000285,31.471599937409223
9300,0,32.75468972025781,30.03470599972034
9185,0,17.6102151441565,19.473958132001474
6103,0,20.59157536907583,21.279944311499833
4336,0,23.537514405937156,24.17416130213569
6602,0,24.993949452012366,23.805940272715596
7116,0,21.876454816242266,22.821342351960862
9193,0,19.60870649999737,20.958766282972647
183,0,23.965369172483733,26.726403864735357
6806,0,26.051227816336468,25.114495416316313
7503,0,21.638963180458163,21.390727979597777
9215,0,21.318853545832802,20.112955393293756
9740,0,22.935765092677983,23.013252970532058
8415,0,39.637002677766695,37.54984047464639
6167,1,23.2357306871124,23.562280727671304
5213,0,29.662216321749305,28.553106002540687
1408,0,26.53938482683411,30.055415072531517
8164,0,37.90677817581123,35.913056360690604
583,0,36.289729885249,36.17330535433512
7611,0,23.53126099726606,22.45169484952916
8504,0,24.30598334057227,24.867466424040153
259,0,23.27097813278173,21.557216641310855
1792,0,34.13461413689089,34.17704711860133
5203,0,25.118862444868487,26.134544544600455
2540,0,23.469385647235022,23.27131156077134
3118,0,36.40192228850669,34.38071119542552
896,0,26.487890892488064,26.962101916861528
8821,0,26.71378158817009,26.736563629223298
287,0,26.144973463128533,27.953641905932173
1823,0,21.2391490000002,20.49456868909057
8125,0,32.6761599695259,29.85258429654415
9084,1,23.524838247323455,24.37658820458336
7097,0,21.75966398269317,22.723096027306813
9564,0,19.279466549942,20.525156836670845
4591,0,22.581418904022538,25.20999949405184
1288,0,20.35329350361374,21.523510659893766
6581,0,32.02186970598265,29.552273415171967
1760,0,26.37507460116556,26.53043781437944
7044,0,36.345186038603835,36.96637325030829
5360,0,20.90693062257648,21.98454759484513
9662,0,25.681770798285978,25.56509257909267
9993,0,18.237569654154207,18.00324821680816
3296,0,33.168390663263466,37.14149467307025
491,0,23.258281856036398,25.433887781899838
751,0,37.061549277375796,39.17384157430941
4482,0,28.623080117660557,27.982647891034446
8406,0,31.294064093073228,31.940008737731894
1989,0,28.644807510927386,28.48258740317564
1935,0,23.60302406678865,22.808390420935748
8732,0,33.22015140416558,31.362797147939407
1036,0,24.758188308866085,25.125373833729867
1561,0,28.53035636791024,26.991585582617535
748,0,23.476803859635307,24.745761891015484
8224,0,31.98552856732386,29.922199276834867
9472,0,19.92967797186076,20.02852491616902
77,0,25.58537823889012,26.849395915482532
2623,0,21.45989132835041,23.37963857386194
2915,0,22.122353862692062,23.065281840658475
5357,0,24.976302083538602,23.319946609203086
4045,0,23.78720103149056,23.63036932451124
8561,0,17.152125400942356,17.661675540656514
9741,0,33.61638024548409,35.07697739058746
5373,0,18.61570724587108,19.45283623790943
4108,0,20.38356700523867,22.653396736574678
154,0,19.061196351900104,20.875327565472958
7689,0,26.95800320238798,27.02499745331923
1560,0,36.07796648543597,32.08100538894783
5762,0,25.16171355539629,23.51765771985035
6030,0,21.944555106465568,23.706886209981917
9146,0,22.41099504287823,22.979089345427326
3339,0,27.131238743591148,24.9529473397837
7505,1,26.217481048562576,27.211315398815458
2913,0,29.019781367823988,26.899214040180965
1973,1,26.98325848273944,27.185908452531937
9983,0,21.009332284588453,20.46598465605564
3819,0,21.185103755413643,23.935409510958298
1591,0,35.27604632231335,36.62125234526318
9375,0,30.93044315696945,31.378658781809328
7234,0,24.330433870971262,25.141897425725087
8355,0,22.720683308245675,22.450418500366574
9749,0,29.293972807927947,30.385698682087366
4541,0,18.982827695174986,20.117771106736406
7815,0,30.05252969613843,29.37998921593211
885,1,31.718402154875697,35.14753937795647
8620,0,23.43243980634205,22.60702965958168
9326,0,38.266022455023574,38.733657598835975
4990,0,32.18016402261819,29.56088632885449
5530,0,24.224697940599135,22.045822503119016
7251,0,19.63517556204281,19.867462462529833
2854,0,26.796151027956572,27.148870571395758
1167,1,29.48996734638509,28.890142160796195
9759,0,21.735011712699617,21.551806898099564
7161,0,24.529487162235146,25.57324708999232
2394,0,24.745393066770365,24.070309398964795
6999,0,30.062938036519167,29.124735391422178
3996,0,24.244613595164417,24.426930364129976
2919,0,26.221169815293138,24.682906129980527
5561,0,24.332709753604135,22.91076512733619
6074,0,23.23657680988281,23.986313857656807
3095,1,36.85309880479551,35.90984121174786
140,0,43.23928189332685,41.39735396784606
2612,0,33.39638108065729,34.05477786640453
6077,0,32.46190883677356,30.73869276730807
7955,0,27.111667374117356,28.14891465189476
760,0,22.693731829839706,22.489574236317623
3850,0,24.99399811584726,25.38867267182083
3673,0,25.92992383687559,25.242009441334627
4966,0,18.78409067525733,19.742108540443876
6701,0,27.07269034847973,25.84735520574042
4203,1,37.41456800970961,38.08051685400538
3249,0,30.72613758570395,30.546770023006047
8598,0,29.025358273984892,27.71911602781105
6071,0,25.677731042031137,24.270011348188785
8622,0,19.115663444105998,19.34124476340456
1198,0,20.540614025858527,21.997890308072
1697,0,25.342965066506892,27.472841044979166
6468,0,21.258676725158285,20.281301561992905
6187,0,23.852503133677253,25.78555960887424
7121,0,18.647332342415226,20.937854740229067
5732,0,30.858460451478095,33.51501275016275
9451,0,29.816044575545547,29.632116566483948
7952,0,34.07399507209765,33.794281922529045
3712,0,25.098476548085397,23.54030742722776
2074,0,20.533242176921238,19.207585083337833
9680,0,19.558435114377165,19.27691645999553
3275,0,30.036697545828492,28.702698354665127
9840,0,26.98464041947549,26.55150055399422
6222,0,28.5896522736017,29.61643344648322
4355,0,38.202707326194734,42.858101909315835
9429,0,24.966664826608433,24.980534491876433
3900,0,24.166033902433686,24.777955455435603
8982,0,30.166268806981435,31.446000901520193
3773,0,26.202190191370562,24.28840273010454
111,0,26.084705401992906,26.226605020907854
9117,0,18.341848874375813,19.274972878694964
3090,0,22.410555688957732,23.985890927921954
1877,1,37.91231167991788,35.307682885522404
1906,0,28.541833226875074,26.212595614424988
207,0,27.50840350807291,26.614865354964472
5322,0,24.834189098175433,26.315875288712444
9109,0,25.126787291050743,24.441393887103576
8581,0,39.01811499854897,36.98219062005087
3741,0,21.254396124376644,21.143033800393027
6396,0,27.876746709571755,28.649825498991287
5613,0,25.54429555445071,24.847440756103474
1472,0,21.74219795600995,22.34645714621316
5512,0,17.34510889109562,17.570599144985326
6600,0,39.17452105984312,37.94026273399344
8181,0,29.96313290454954,30.023773950590304
2754,0,25.749760456376045,28.32889028839531
5936,0,18.989976118201156,19.086724704868608
4410,0,29.555019074208744,29.585190217113663
6737,0,29.556846210683435,29.06931258295869
9823,0,26.83406211994452,27.34541211282818
9051,0,20.24964269052884,20.703821862521284
5113,0,23.589628823050894,21.562891752787433
7171,0,24.931445706829024,25.376486548653084
1663,0,23.405680193060434,23.260900893010593
2957,0,38.62307756350949,41.357105934002696
3914,0,27.50076438289258,27.412696958897126
2198,0,23.142579288859014,21.93434650668
8711,0,21.872141444880686,21.352498412218264
4580,0,23.79239865008986,23.44843955724605
7883,0,23.91668818557139,24.07214530179045
3911,0,27.936869597423893,27.489949815653237
6880,0,37.45982574553089,34.01210323606523
427,0,33.6449054316667,34.55518504248263
6041,0,45.5830709261467,43.18606060741299
9272,0,18.09523967910568,17.245544736831253
1143,0,25.004486788188196,26.35642553285647
1451,0,23.727275460041707,23.744990193389274
5962,0,32.99159599859483,34.52444332541093
797,1,25.96588982779135,28.667414528020966
1999,0,21.366875656912608,21.77522669943091
3954,0,20.14090191308168,20.8987884760424
6224,0,24.17684798073405,25.10797619285642
8785,0,31.21508923780482,30.166554366663902
9979,0,19.503941673150806,19.14376800434628
749,0,22.903953894294453,22.072808241430593
234,0,23.543714007119185,25.903250676272478
4249,0,27.07974432280358,25.787536846390182
4659,0,17.05658940306543,18.08664286280493
8716,0,28.28324940834158,26.61430849526642
6480,0,18.142804253659037,19.299702487147545
7303,0,28.063056839062114,27.618600476582145
7270,0,20.834828376373164,21.700873582600938
873,0,31.927434684617534,33.14830125803991
4666,0,29.484546568591902,30.87395255892811
4807,0,20.675093986492445,22.128647949460348
137,0,32.24390286686349,30.776119004338103
3768,0,21.35476706874755,20.213953761605342
6993,0,27.20815799573034,26.684081270131053
7335,0,19.702846115654108,21.244866637203067
2790,0,44.714490615932554,41.44005406472535
2124,0,30.73659283475517,31.285442273127046
6490,0,32.01381733625687,30.396984194716985
9606,0,21.525070617883234,21.746231129767715
2128,0,43.81983438826578,39.35440885270508
7532,0,25.46111723462488,24.825642548115503
2309,0,21.62623709553135,20.786376936308105
7967,0,30.197679085633773,30.154506983938255
3526,0,30.168530978067835,28.15671631723248
9891,0,17.465009494233023,17.729841986935494
9228,1,34.24993885432313,31.34791803142143
6355,0,35.03390746409735,34.54987799690225
8230,0,35.041664256534546,37.91196357029484
7807,0,35.07185535933291,31.93825152096049
7081,0,17.33196826605737,17.355866602744857
4176,1,26.74851230564512,27.495863275467762
7182,0,18.52328288867368,19.204635873721426
5854,0,20.7403658291939,20.226152183536275
1707,0,29.322592779035475,27.948099777171276
4857,0,29.718044734000536,27.319259166126304
4925,0,26.765122153150585,28.61978762721908
9909,0,23.52457956249677,22.089122322274612
5631,0,26.12228270071933,25.454153937104053
5230,0,20.402289897121044,20.932442343906583
1072,0,24.45520098658765,24.819444648049718
5806,0,24.55581009925408,23.921055301171563
2725,0,23.315033066557596,24.568437625931907
3676,0,20.578539075045253,20.18584408166461
4917,0,21.73830315749218,23.153280569116742
5254,0,20.72391647844503,19.43135801564369
4183,0,34.26171764917582,36.429380234860595
8650,0,23.405302100810474,23.298373828129584
6878,0,37.74065087206002,36.986371721710555
332,0,32.359718701581365,31.14045053839772
6312,0,21.1526767984554,21.80223960565538
9996,0,21.486339886813397,22.962066208723527
6057,0,20.5472321618006,21.59031542535042
3470,0,28.636132610567234,27.14926219238603
8411,0,42.95737767817502,39.86973955286675
6580,1,33.751477307389784,34.514286139347874
5914,0,34.81597745528659,33.98640792312623
7510,0,29.158752788056052,26.83943614944688
5949,0,23.093083827829027,23.998693688388247
5826,0,35.24377931961056,34.557932372545515
9225,0,18.7554654423235,19.80901821393959
3615,0,19.969495134108207,21.041424237112427
3498,0,25.93428828663792,24.71952025372274
5793,0,31.704358577168833,29.40301052449167
4435,0,34.24063009033114,32.52719758815395
162,0,21.00452342121274,22.106214194930974
5915,1,31.420686614808368,29.813956412899948
1832,0,41.2122173722308,40.21154433682837
9433,0,27.460663774084182,27.959966058960827
2455,0,33.13495169835565,30.2378757252169
7579,0,26.004220890282017,24.58231707408147
846,0,32.56410256772545,34.0861367341356
14,0,30.802365488717154,28.962703313475064
9677,0,27.15866496780005,25.536815088182564
5255,0,22.98984730785082,22.955246234036835
1031,0,38.21733391298013,39.62313541890292
8615,0,27.899439732676026,27.8318956772645
9987,0,24.795093960151874,24.400236963295896
5140,0,19.80507203964951,19.89543295781947
8599,0,35.286384085442684,36.91416156127928
3345,0,28.993894890719954,30.233368697011503
7320,0,34.72408626747664,30.91620070156145
1515,0,20.944605491450993,22.194073387919463
7530,1,29.317035840717185,28.943505654435228
8944,0,28.824123456924085,29.261004417272783
8811,0,28.01770436989859,32.184203083334545
3080,0,26.44160787300172,26.770941754393426
8477,0,30.246264929065696,32.34093389779067
2487,0,22.445367649709038,24.991500408872344
4243,1,38.97748221071725,42.15151138192505
1848,0,26.08155451649945,28.545768981980498
4160,0,25.98863241141084,26.046891787319723
5923,0,19.763885064213646,18.789635946634952
1934,0,24.36338665489522,23.791549622335907
3564,0,30.853514991173878,29.35018962917563
8948,0,26.947149018458713,25.286976357786013
3814,0,23.268247708680764,23.56503047510487
5244,0,34.92538065853168,34.750677865271456
2448,0,32.26613839181962,30.54815562185976
6270,0,22.627556726077216,22.661163207371555
1660,0,24.60861102431583,24.844530660892676
358,0,19.992023291726433,18.659962199013354
546,0,21.926354063111916,21.809977382591594
5043,0,27.375307383759434,27.018812618163285
1237,0,34.71499580869537,34.4214008514862
7675,0,26.55320358112602,26.30638751580781
1063,0,24.78919173226103,23.931716512983563
3744,0,21.622400714562463,21.097797498983912
3327,0,28.24664750667454,27.013407475581204
2488,0,19.66448006820489,18.91883118553592
3771,0,25.441594535211294,26.420296372012587
2304,0,21.345880590162206,19.781714740744576
1905,0,21.37049539688992,22.407797371557276
7430,0,25.686761935515918,23.422356708739976
6553,0,24.921431299033316,24.547950331664733
2759,0,22.671705275915215,23.96166444392924
3314,0,30.172656077841587,29.13974962828503
6674,0,16.645142538045164,17.140042213706597
3877,0,18.815428862177278,18.123602752103984
7357,0,19.264230357165307,18.925778827585905
5472,0,22.338932696390405,22.656230608227986
3518,0,31.036485686973183,31.359389437604687
9886,0,32.90904174224919,34.505844833717006
9975,1,33.25227120180797,34.99476041450276
8359,1,32.98942539820291,34.07775825157194
7518,0,22.92801172774158,23.046356286753312
272,0,26.053351822482792,24.535100069209197
7365,0,37.24302608297644,38.926118237939406
391,0,23.67838792892994,25.227222592448772
6286,0,25.441606224715652,26.61821944973449
2177,0,21.60975113875372,22.27878800873962
6112,0,25.6790359091065,25.948278559745955
9999,1,29.915358648825237,32.055828456021075
4540,0,35.05348143207614,36.36112785993771
1980,0,18.838481321573965,18.907865067312198
2552,0,27.141834127016033,27.04855186734243
902,0,28.973271875689917,26.50762248653748
1736,0,22.209040022201396,22.553652760427827
5417,0,23.27823329795963,24.05710927086317
5455,0,27.051568827452495,26.137296159163093
3733,0,27.245764255495498,25.835152837054636
5981,0,23.387909395816536,22.511944998856446
6088,0,34.662466562751824,36.65858760207697
1403,0,24.293897157382307,22.666878835461418
3304,0,22.555666968477617,21.701092188888623
2768,0,23.613132255362952,25.27680729008998
3062,0,35.51840075185834,34.019294599611186
9633,0,19.741593193863576,20.470123222968088
4683,0,18.390264690812796,17.576528341424577
5409,0,21.125886270348023,21.14182353700786
526,0,22.60777481162529,21.04313245277982
1525,0,22.450744391818688,22.523323703558052
9115,0,34.349554760837925,31.118386340299207
1032,0,21.716147570047003,20.675536447830616
1047,0,22.934974544606597,22.816796275463016
3775,0,22.460675169218653,23.79602245706487
7942,0,21.21654060956827,23.409608242636686
865,0,28.081342309051852,28.831355536434316
2265,0,31.680249306674693,34.228486879519785
3070,0,29.05104532797944,26.26063271920686
2757,0,29.074501751025267,33.027215751994504
8388,0,26.2362771099628,26.070457640811696
9443,0,25.28577422716674,25.135730837736688
6879,0,25.501617867702134,25.890932337764866
7981,0,42.69424738191119,39.58038996974939
8156,0,26.50786031163773,25.987957623462705
6113,0,28.0861510387662,25.13309256420656
2620,0,37.15297723532806,35.472070655427174
3825,0,17.093685811334275,17.332981424750358
5986,0,21.616207673310782,23.380336614541374
6979,0,16.348200963165024,16.32422096110982
7126,0,21.897626015428145,22.21117582754006
4700,0,39.98066972095803,43.18163289233844
4658,0,23.498534401002114,22.521269883512417
8801,0,26.7839851198938,26.321482397801038
5299,0,48.14479670970209,45.74719827525763
2389,0,39.118453863749465,38.33006521552937
7751,0,30.867888616960172,29.548519700902986
2842,0,28.157001562697992,27.262809246846707
9459,0,29.939243355045136,30.118924721036997
6975,0,29.256514383977965,28.424003972998946
4722,0,26.900276565086525,29.034405079735194
3810,0,22.46281565675192,22.750024525724264
4588,0,25.05650096526125,24.46421293899961
5272,0,23.931485867234446,23.32922908128201
6372,0,29.438944039574316,28.203743224892897
9387,0,29.100178029589426,31.070376203030627
9617,0,22.114741931210865,20.2305279638722
83,0,28.115543702307445,27.707739044437464
1352,0,28.09498637643865,26.67869513746389
8055,0,24.84245447326963,21.80467501734294
1414,0,30.24714422415758,31.613865455773087
9026,0,27.877955612084307,30.060002419991854
8681,0,22.36631732733367,20.246416622254017
5568,0,21.314510019760725,21.757775347809584
8114,0,21.039869205168134,21.640426931204814
447,0,20.757190693341773,22.861106664769867
8511,0,39.15117719998495,38.99203364966874
9381,0,27.38707019595825,25.43753058653225
3389,0,26.835810744518866,25.070067703627874
4164,0,31.74266210886555,31.247858235859383
2980,0,26.898335920213967,25.012350628867708
5347,0,25.327669577963512,26.143855067676586
8953,0,23.976339078619276,24.164769132124103
7150,0,28.764881484483876,29.57801126347591
3286,1,36.15690788318712,34.40623989674891
8788,0,26.265799322968373,28.836920628416035
3556,0,22.690941162834978,22.383724651235827
968,0,29.46503600911977,28.218105358870705
9159,0,20.48444070103278,21.530876415655655
5066,0,26.196090789888576,27.699992421117816
3628,0,28.84497574006135,28.530753044397088
1250,0,24.008312802046493,25.024614908140645
832,0,31.089792819751562,30.00097563957575
2807,0,24.71112615817889,25.11705455330812
6461,0,26.95770135075064,24.686909077478948
5426,0,29.926351284035956,27.700907515479738
9220,0,40.52127651018825,38.64246712744478
3495,0,27.34384086870869,29.30342148207859
9223,0,26.879614324573343,26.04287574419203
8492,0,29.50773857786274,27.570000312588455
3354,0,25.524758650259184,24.43406461009777
665,0,37.01561007032233,41.07178763652753
4386,0,20.49064783671259,21.676463037955365
9319,0,29.202573217472846,25.070541456313975
1077,0,26.565922363485075,23.032600900291254
3292,0,26.558904469119934,26.89822625751889
8578,0,25.351700883410643,25.178788578882397
1592,0,24.605119650414544,24.05800939598592
2761,0,26.51873024352094,28.227634739788137
6731,0,19.83202714673552,19.60289013051953
2875,0,32.3640610219765,30.528664102661523
4438,0,22.226186134680116,21.178695545459746
7544,0,22.988555789000664,23.727869450927468
7775,0,26.035853807719036,25.68811192718329
2312,0,30.874620487998133,28.222926650585215
2616,0,20.731073962731504,18.817712795615513
2497,0,30.63854006268983,28.969232821930937
6865,0,30.34779559478838,32.20004385379185
2339,1,24.464429495407142,24.839103265983365
2157,0,21.5588858886247,20.83798674628066
7931,0,22.531994201968097,21.93482647147749
2935,0,20.35449058308375,20.521173670334893
1115,1,49.45433801361713,49.16388851665007
6712,1,31.804801389201767,36.14754442593111
1777,0,32.1450898971522,31.52316007575071
7626,0,23.5712723277366,24.253346421755616
2784,0,21.51876653104206,20.202532539335877
3109,0,31.67652369071117,32.28327313972685
6735,0,18.754790517807006,20.1524445735957
6503,0,34.056406374234896,32.12550689389161
8625,0,22.897037210513965,23.696153707799663
6362,0,26.222728034439882,25.853902605349212
3555,0,28.280413011643507,28.117036270283062
5696,0,25.399508298810172,23.55128293271289
1085,0,34.80688731514646,32.56925242195406
2293,0,19.03520820131786,20.193880427949065
4926,0,25.275677921380176,23.914080334121792
9135,0,24.938875615440754,23.875086560942336
284,0,24.47179934095141,22.185095413126678
8500,0,37.3978880963088,36.702333524080814
7772,0,21.8086601982179,22.704521952200803
8984,0,17.113567015469457,17.491689067117655
810,0,44.28543705165204,41.849835806273724
5150,0,22.648064057406486,21.261848017234446
6739,0,34.94608119392848,32.67659379667195
8290,0,38.41511688752146,37.65841958346893
9439,0,23.25378957963532,26.09903088058964
295,0,30.246532601684777,29.243881541807298
393,0,22.509029740299802,22.276726905462898
1598,0,27.252955989334257,27.532961266541594
7859,0,26.09827895134405,25.443716917458943
5068,0,25.974845386818213,27.391782815755036
7010,0,22.38768959576621,22.159399372306673
4196,0,29.14879986191448,31.670719083184334
5004,0,31.411170607927474,29.718159389687685
2140,0,23.555880807542973,22.754877325811186
7046,1,28.04298693973534,26.601687006996265
9217,0,22.585199539892802,22.42042193067728
3662,0,20.59018008810432,21.051663688499097
5351,0,26.34785601844667,27.523395581327843
8844,0,22.41504378903652,25.095472311337016
2502,0,31.08440529492569,32.6128873928673
489,0,29.328778567481912,29.066589329164294
4401,0,25.956236124920515,29.903904290079133
7946,0,16.98227126265975,17.26565615195974
3026,0,44.29219706093297,46.85045034774062
3725,0,23.412666373164615,23.807572277225546
4025,1,28.328826550598436,27.723573374180887
721,0,41.98094056381751,45.01891303969982
7479,0,20.095950586639592,19.503257464877578
6611,0,30.77526786562256,29.14050067376476
2439,0,25.524077278112163,24.768048661972546
5121,0,26.42498149234167,25.331699679182073
8934,0,27.542261543861503,29.203330599071492
9720,0,37.487578362458585,39.70673153544286
2941,0,31.23893725369568,33.124498695748535
3993,0,26.489343790588443,28.099865705709256
8724,0,24.553839824603738,26.974021730207998
3192,0,26.481768235008122,28.387732123248952
9301,0,24.053290119811642,25.956721550333917
6070,0,36.45291651149407,41.33804830920951
355,0,25.83490982076707,27.07240725454433
813,0,24.192109845542415,25.69585529053906
5584,0,21.052597296020622,21.986191279004533
663,0,35.85568639104655,32.679007910974036
9824,0,32.514083454162474,32.33510925994547
2233,0,25.966108139922877,24.903147332068126
1302,0,27.52764852237201,26.443810867939998
8413,0,24.816069721802727,26.347070047282877
6130,0,28.577676226872995,27.406853165745964
3916,0,23.228635235631252,21.364844802276124
8769,0,25.232265388796154,24.9844222053388
769,0,20.90530146062668,21.722422109982187
3194,0,30.249212727918632,27.960091377498593
5638,0,21.85862647840085,22.730963974899353
999,0,33.34243148202049,35.021889493210125
9980,0,29.09671259755063,27.90844135930714
473,0,24.35474425348958,23.42212934117063
6607,0,41.19848086208225,38.945344151100606
1224,0,23.750561112632965,23.439861400406215
8916,0,24.345958190689913,23.512537019553424
8613,0,30.89187054200034,29.272629472475394
5117,0,38.389730524751585,37.047095527858644
690,0,34.89606061783727,33.02877316046316
1184,1,26.94067590324572,28.50236612370414
1065,0,29.684258817046185,29.209136683169433
8550,0,23.37053745168267,22.130384932649978
9364,0,24.10784660328013,23.0074327481074
256,0,18.118231785556315,18.516163151371767
8741,0,42.62331168656338,42.29918185731072
7007,0,30.629708340151247,29.320384463230894
3813,0,20.94121512294611,23.573304501061727
6613,0,21.35589458109104,22.93207521986185
3688,1,21.636354826061254,24.42375853744598
2109,0,16.745330759726123,17.438810387311037
421,0,39.902155594609646,36.13814730293427
217,0,26.946442437411907,25.885800894520415
2132,0,22.01852331765923,22.64906145014949
7636,0,28.449159107523943,29.324580589225285
3331,0,21.01386827935081,21.169647696398215
7305,0,35.153890745597465,34.081680081753454
5693,0,23.04354748880236,22.858770987805002
1871,0,24.494459231651597,23.233101781092056
3033,0,22.32460128447435,20.483080408818786
8977,0,33.29384837187407,34.54983217761249
2016,0,46.863309950330056,44.08227813398394
8687,0,27.341172744257552,27.682904044868152
4443,0,36.355858000595475,36.682101354707626
7541,0,18.977223743328157,19.383340354867766
6199,0,28.564474768018588,29.044079521194064
1409,0,24.70587030451813,26.4900793235747
3957,1,30.286602698248522,31.894201650158426
8554,0,21.50675351049477,22.73476250458511
9251,0,38.956136222793866,37.341562021544895
3299,0,19.83916289086721,19.1180736161396
7925,0,17.90737185025702,19.45870996381612
4028,0,24.036466759572498,24.49626037589832
6709,0,28.569511829314564,32.67065373684493
8683,0,18.4842035077387,18.777823866677522
2296,0,37.553902691028355,34.53475524490277
3595,0,26.205888913159345,27.324880575678968
5036,0,21.10365650896033,20.886053137115177
3917,0,21.632290227457727,22.63187873192267
3046,0,32.91528573855644,30.324106586541834
9273,0,32.954608583949465,31.15675444489232
3186,0,27.412560695843975,25.877293142223078
135,0,24.616358478934533,26.120451706250222
1765,0,23.750413501758203,22.61710459205134
9798,0,27.28360845852438,25.143215652047203
8718,1,26.948494827904877,22.481101713717177
1717,0,39.611499700973184,38.67197636518683
5078,0,27.09134747643079,29.70824538081993
6634,1,33.35636694177211,32.7476324334237
7514,1,34.55178685395324,35.79110055377826
606,0,21.61259039677867,21.81065846602158
8296,0,21.443633492498233,22.6154158138395
2078,0,21.52445236971786,21.102349684916796
3136,0,21.038955406178477,22.920096700924557
7164,0,25.952712188618445,28.070070722201447
4404,0,30.227915485489792,29.060654610015458
6632,0,25.47227125176758,25.489381223478006
6989,0,34.16486695939937,32.651143906311425
2051,1,35.55329272004653,37.19220425717385
3173,0,24.83501547781107,24.40641648660884
9814,0,27.489675993762944,27.77145481360007
5502,0,21.45100208404193,22.814441882196935
6259,0,25.803330985430513,27.558145519379018
8389,0,28.601812955443943,28.77647549171627
5097,0,30.95173394220255,28.934275000920074
3512,0,22.350161083895202,23.604406153129165
1007,0,29.917419020166665,28.869720786092923
9858,0,21.846451801907758,21.255191471561464
7381,0,21.57546469488755,22.797120760109298
1625,0,27.638057317182863,26.818268861816097
3038,0,28.875638312031086,29.132368330671188
7779,0,41.32436217436028,44.21662017526933
6982,0,24.114515274768596,23.948311772718235
2528,0,29.98460259281434,31.597488827286476
6000,0,21.254589367781005,22.05401598131438
8449,0,35.21415495541266,35.93039110728566
6843,0,28.228301884325425,28.490321928596178
2424,0,24.71480405895875,25.33183425307861
3075,0,22.966705662596514,23.58825327770378
7406,0,26.298253336834733,27.43192543736771
977,0,18.97860934416568,20.47222152721033
3753,0,24.440573629082,25.005361080004572
9259,0,33.78028270529176,32.07806838428382
6874,0,18.573914050109398,19.117174250893136
1347,0,32.27652907139717,29.179748707608493
4861,0,27.43238497661877,26.639205594830436
7813,1,29.832213353146933,28.85573987071051
5400,0,21.66414286023368,23.05114845597762
2297,0,22.51121116199005,22.349238942301106
7025,0,32.195680366849366,32.38954133583581
7453,0,23.503958703790907,22.765365000947366
9586,0,47.8867219495657,44.46766483926488
7643,0,21.900985217704527,22.552151507259314
1541,0,28.986852578384617,26.980682990544892
1924,0,24.275904096455857,23.834620645695495
2899,0,29.265602948796015,28.994520175229017
3220,0,39.13391800468878,38.65281264015276
369,0,24.369869712268187,26.703399233372195
3853,0,25.4691355283586,25.31270609513696
3992,0,20.151030400020257,21.36172610004368
3369,0,23.236260342012084,23.014773098175873
2373,0,30.36498964445102,29.520974605712983
5881,0,17.841675437639456,18.85536560525565
6158,0,19.002494971366684,19.44856534761178
3536,0,26.648165715419438,24.59250292431607
2406,0,45.28192333715548,40.779901342304555
8994,0,19.060316257548237,20.00025107989612
235,0,37.30803647344805,36.226448774083345
1998,0,29.358064556979993,27.607375644421083
3285,0,30.21866014568158,29.1734160451961
2879,0,19.288153623380097,19.506774621039426
1985,0,22.431293326098675,23.078594821745337
1340,0,25.062697716892583,25.72048356904422
362,0,26.06271984617123,25.608125620716464
4085,1,23.3379961523016,20.698277367047847
7321,0,24.39497759881547,24.015989477795905
3604,0,32.171207535227495,31.5973388309238
8267,0,19.312189719194027,20.695419592536744
3594,0,20.455446224204668,20.070429835253336
4949,0,21.669387173535537,20.97985971303698
8629,0,23.879355212391008,23.35734658032704
2459,0,22.249266571334637,21.53381132324453
9839,0,24.457219193899206,25.46446711368995
4589,0,20.53246149789243,19.94348823869765
9600,0,20.970160373173957,21.408341914224394
8627,0,23.973201940167286,24.670371430317186
7919,0,27.699293545933497,27.199821604507537
9339,0,28.07358413452316,28.048108008203563
8046,0,35.61868540824381,33.58025181902027
315,0,30.69383944173588,31.186534617180182
8189,0,23.179559467702486,22.983090698260067
4596,0,20.23007112190478,20.746316367891943
290,0,17.553837389928816,18.989523271322987
8892,0,16.726023729953088,16.3401394044552
9640,0,22.024569367026075,24.851192292742766
5424,0,29.194848170659558,28.93046347406091
4012,0,19.417703043553182,20.56957253485989
1360,0,29.319496072483815,33.292946387337764
1326,0,40.87480234915957,38.05220297720385
131,0,25.629334441258926,25.972556306688123
8827,0,24.889604441699998,24.033596444762885
7875,0,20.694653206610358,22.644357464090064
4786,0,24.984445351193617,26.186290793642478
7264,0,20.17230619132137,20.671799820635133
1306,0,25.020919301499028,26.52669290435193
2253,0,21.055458026861828,21.227271265997228
1507,0,23.401431762125725,22.36878441290471
5656,0,49.14905092716343,51.48263611298876
2656,0,23.423419954607237,21.685079417625186
4928,0,43.40204519942691,38.104396277758205
9473,0,30.25752097348893,30.004137174022816
6969,0,23.254678654698182,21.88624929557729
4823,0,23.35312261827898,25.848361944183154
2649,0,19.20809438680769,19.75373438015622
2535,0,21.21454834636311,22.290122092778027
2905,0,41.648713886472684,42.16720454293128
7248,0,28.502936530650757,27.411070103629356
3777,0,27.231054129127166,28.20435772272885
8744,0,21.044764231996172,21.018338428486278
6337,0,24.86065256139365,24.255139274235205
4146,0,21.132238990783698,23.61314769901017
9555,0,17.687755918857945,17.787488421031576
6713,0,22.785491194703496,22.28972228344417
3538,0,23.38241229288546,22.90407695791396
9050,0,20.028341112689365,20.874170017403685
8656,0,31.122226843375298,35.050182958809856
1298,0,28.775620299765734,27.928498866365047
145,0,20.511570242374923,21.48764853184586
8277,0,29.309424692981466,30.628850885548346
2622,0,26.645594161619865,29.01075602266874
8451,0,21.823019125205555,21.228472145457435
9479,0,31.08547697196778,29.5191271287987
442,0,30.894961650835977,30.791816783320844
3091,0,20.080874459339633,20.033224922476276
5911,0,31.738504907841172,29.932967262828033
6805,0,32.17134873850963,32.76211599712909
8137,0,20.921550025810625,22.57658618075092
7311,0,33.87325654325626,30.882306051958658
5099,0,20.526387401952125,20.545795204278253
244,0,23.41134731777818,24.94947352947867
4192,0,35.73385693345972,33.05764923838783
21,0,21.99099868684498,23.521879416907463
8414,0,36.81690664460404,38.32331306396937
5882,0,28.069779974073008,28.07164904417697
7651,0,17.989269083405343,17.43117936601152
6241,0,36.125221421382605,34.48068746782435
2756,0,33.1787086112105,33.79025731054225
9943,0,23.1438988244531,25.40268217122621
6062,0,18.73371087152329,19.184386970847587
7782,0,19.512363729737253,20.668786453860324
8494,1,23.09062881790258,21.323321125443094
1327,0,35.66465483941275,39.017160739238854
6129,0,27.089535892968172,25.357242735281826
3649,0,25.167194552443053,27.146980940193355
6943,0,26.41290516046287,24.59520744159865
1444,0,19.870186010623545,20.209199726568812
3779,0,24.99345658652698,26.182514444661255
750,0,30.0223088267818,30.7617976126771
8591,0,32.363201281410454,30.351465724746657
1875,0,36.14598734669026,34.556398867044564
9917,0,20.26659162338805,21.228836527181354
2431,0,27.34505157236954,30.139579409687567
7405,0,22.024092168231938,20.865791105611073
6793,0,20.82815351091723,20.83484289338311
6516,0,29.23697667722937,28.221572993833007
6832,0,24.917491178267895,24.98328251037469
9437,0,31.842884649837398,30.609412325902156
9501,0,21.275421724940877,19.967064422013586
3974,0,26.028741811071054,24.804247709869443
8462,0,19.177047485356074,19.17456248250561
1134,0,16.525491177552112,16.278568610464767
7790,0,24.881043199656897,23.008044653016935
7752,0,26.439394595614107,25.19736550634378
4716,0,23.245812493702203,21.736187781033685
3048,0,17.7167902563319,17.448938500866564
7005,0,29.741037631080893,28.161361190721866
4899,0,25.32909234945567,24.641301230138083
5452,0,32.67238415322769,32.46334568381742
6610,0,36.16292403303673,39.23359833574961
805,0,42.7185116840524,42.68934396468849
9964,0,20.31460933568775,20.84983152647151
5524,0,32.756060588880175,30.637580593903845
2960,0,23.789107003931846,24.372549506872726
2116,0,39.22876072556604,38.400886595546744
2289,0,18.56491924224699,18.291526638600903
2034,0,20.5396322949387,21.13119855419942
5624,0,22.793428567221696,22.274101993659873
5897,0,26.769780343983857,26.153775107755504
2954,0,25.02075992692249,24.87182094581142
4030,0,27.248371953207442,25.779430183451616
918,0,30.534526598654963,28.450742866843495
4888,0,23.924264117414246,24.19519404484736
680,0,22.190680800693013,22.251619770039184
3121,0,24.986898267135487,24.025189027621263
2968,0,29.38618415807716,29.10556184356696
9532,1,39.141887577921665,37.54829757795399
4469,0,33.7493460860638,32.67447098707709
9304,0,23.8077377059828,22.451523868231423
