row_index,split
0,train
1,test
2,train
3,train
4,test
5,test
6,test
7,test
8,train
9,test
10,train
11,test
12,train
13,test
14,train
15,train
16,test
17,train
18,test
19,train
20,test
21,test
22,test
23,train
24,test
25,train
26,test
27,train
28,test
29,train
30,test
31,train
32,train
33,test
34,test
35,train
36,train
37,train
38,train
39,test
40,train
41,train
42,test
43,train
44,test
45,train
46,test
47,train
48,train
49,train
50,train
51,train
52,train
53,train
54,train
55,train
56,test
57,train
58,test
59,test
60,train
61,train
62,train
63,train
64,test
65,train
66,train
67,train
68,train
69,test
70,train
71,train
72,train
73,test
74,test
75,train
76,train
77,train
78,train
79,test
80,train
81,test
82,train
83,train
84,test
85,test
86,train
87,train
88,train
89,train
90,train
91,train
92,train
93,train
94,train
95,train
96,test
97,test
98,train
99,train
100,train
101,train
102,test
103,train
104,train
105,test
106,test
107,test
108,train
109,train
110,train
111,train
112,train
113,train
114,test
115,train
116,train
117,train
118,train
119,train
120,train
121,train
122,train
123,train
124,train
125,test
126,test
127,test
128,train
129,train
130,train
131,train
132,train
133,test
134,train
135,train
136,test
137,test
138,train
139,test
140,test
141,test
142,train
143,train
144,test
145,train
146,train
147,train
148,test
149,test
150,train
151,test
152,test
153,train
154,train
155,train
156,test
157,train
158,test
159,test
160,train
161,train
162,train
163,train
164,train
165,test
166,test
167,test
168,test
169,train
170,train
171,test
172,test
173,train
174,test
175,test
176,test
177,train
178,train
179,test
180,train
181,train
182,train
183,train
184,train
185,test
186,train
187,train
188,train
189,test
190,train
191,train
192,train
193,train
194,train
195,train
196,train
197,train
198,train
199,train
200,test
201,train
202,train
203,train
204,train
205,test
206,train
207,test
208,test
209,train
210,train
211,test
212,train
213,train
214,train
215,test
216,train
217,train
218,test
219,test
220,test
221,train
222,test
223,train
224,test
225,test
226,train
227,train
228,train
229,train
230,train
231,test
232,train
233,train
234,train
235,train
236,train
237,train
238,train
239,train
240,train
241,train
242,test
243,test
244,test
245,test
246,train
247,train
248,train
249,train
250,train
251,test
252,train
253,test
254,test
255,test
256,test
257,train
258,train
259,train
260,test
261,train
262,test
263,train
264,train
265,test
266,train
267,train
268,test
269,test
270,train
271,train
272,train
273,train
274,test
275,test
276,train
277,test
278,train
279,test
280,test
281,test
282,train
283,test
284,train
285,test
286,train
287,train
288,test
289,train
290,test
291,train
292,test
293,train
294,test
295,test
296,test
297,train
298,train
299,test
300,test
301,test
302,train
303,test
304,test
305,train
306,train
307,train
308,train
309,train
310,train
311,train
312,train
313,test
314,train
315,train
316,train
317,train
318,test
319,train
320,test
321,test
322,train
323,train
324,train
325,test
326,train
327,train
328,train
329,train
330,test
331,train
332,test
333,train
334,train
335,test
336,test
337,train
338,train
339,train
340,train
341,train
342,train
343,train
344,train
345,train
346,train
347,train
348,test
349,train
350,test
351,train
352,train
353,train
354,train
355,train
356,train
357,test
358,train
359,test
360,test
361,test
362,test
363,train
364,test
365,train
366,train
367,train
368,train
369,train
370,train
371,test
372,train
373,train
374,train
375,train
376,test
377,test
378,test
379,train
380,test
381,test
382,test
383,test
384,test
385,test
386,train
387,train
388,train
389,test
390,test
391,train
392,test
393,train
394,test
395,train
396,train
397,train
398,test
399,train
400,train
401,train
402,train
403,test
404,train
405,test
406,train
407,test
408,train
409,train
410,train
411,test
412,test
413,test
414,train
415,test
416,test
417,train
418,train
419,test
420,train
421,test
422,train
423,train
424,train
425,test
426,test
427,test
428,test
429,test
430,train
431,test
432,test
433,train
434,train
435,test
436,test
437,train
438,train
439,train
440,test
441,train
442,test
443,train
444,train
445,train
446,test
447,test
448,train
449,train
450,test
451,train
452,train
453,train
454,test
455,train
456,train
457,train
458,train
459,train
460,test
461,train
462,train
463,train
464,test
465,train
466,test
467,test
468,train
469,test
470,train
471,train
472,train
473,test
474,test
475,train
476,train
477,train
478,train
479,train
480,train
481,test
482,train
483,test
484,train
485,test
486,test
487,test
488,test
489,train
490,train
491,train
492,train
493,test
494,train
495,test
496,train
497,train
498,train
499,train
500,test
501,train
502,train
503,train
504,train
505,test
506,train
507,train
508,train
509,train
510,train
511,test
512,test
513,train
514,test
515,train
516,train
517,train
518,test
519,train
520,train
521,train
522,train
523,train
524,train
525,train
526,train
527,train
528,train
529,test
530,train
531,train
532,test
533,train
534,test
535,train
536,train
537,train
538,train
539,train
540,train
541,train
542,test
543,train
544,test
545,test
546,train
547,train
548,train
549,test
550,test
551,test
552,test
553,test
554,test
555,train
556,test
557,test
558,train
559,train
560,test
561,train
562,train
563,train
564,train
565,train
566,train
567,test
568,test
569,train
570,test
571,train
572,test
573,test
574,train
575,train
576,test
577,test
578,train
579,train
580,train
581,train
582,train
583,test
584,train
585,train
586,train
587,test
588,test
589,train
590,test
591,test
592,train
593,test
594,train
595,train
596,train
597,train
598,train
599,train
600,test
601,train
602,test
603,test
604,test
605,train
606,test
607,test
608,train
609,test
610,train
611,test
612,train
613,test
614,test
615,train
616,train
617,test
618,train
619,train
620,train
621,test
622,train
623,train
624,train
625,test
626,test
627,train
628,test
629,train
630,test
631,train
632,test
633,train
634,train
635,test
636,train
637,train
638,train
639,train
640,train
641,train
642,test
643,train
644,test
645,train
646,train
647,test
648,train
649,test
650,train
651,test
652,train
653,train
654,train
655,train
656,test
657,train
658,train
659,train
660,train
661,train
662,train
663,train
664,test
665,train
666,train
667,test
668,test
669,test
670,test
671,train
672,test
673,test
674,train
675,train
676,test
677,test
678,train
679,train
680,train
681,train
682,train
683,test
684,test
685,train
686,train
687,test
688,train
689,test
690,test
691,train
692,train
693,train
694,train
695,test
696,train
697,train
698,test
699,test
700,test
701,train
702,train
703,test
704,train
705,train
706,test
707,test
708,train
709,test
710,train
711,test
712,train
713,train
714,train
715,train
716,train
717,train
718,train
719,train
720,train
721,train
722,train
723,train
724,train
725,test
726,test
727,test
728,test
729,test
730,train
731,train
732,test
733,train
734,train
735,test
736,train
737,test
738,test
739,test
740,train
741,train
742,test
743,train
744,test
745,train
746,train
747,train
748,test
749,train
750,train
751,train
752,train
753,train
754,test
755,test
756,test
757,test
758,test
759,train
760,train
761,train
762,train
763,train
764,test
765,train
766,train
767,test
768,test
769,test
770,test
771,train
772,train
773,train
774,train
775,train
776,test
777,train
778,train
779,train
780,train
781,train
782,train
783,train
784,train
785,train
786,train
787,train
788,train
789,train
790,test
791,train
792,train
793,train
794,train
795,test
796,train
797,train
798,train
799,train
800,test
801,train
802,test
803,train
804,test
805,train
806,train
807,train
808,train
809,test
810,test
811,test
812,test
813,test
814,test
815,train
816,train
817,test
818,train
819,train
820,test
821,train
822,test
823,train
824,test
825,train
826,train
827,test
828,test
829,train
830,train
831,test
832,train
833,train
834,train
835,test
836,test
837,test
838,train
839,train
840,test
841,train
842,train
843,train
844,train
845,train
846,train
847,train
848,test
849,train
850,test
851,train
852,train
853,train
854,train
855,train
856,train
857,test
858,train
859,test
860,train
861,train
862,test
863,test
864,test
865,train
866,test
867,test
868,test
869,test
870,test
871,train
872,test
873,train
874,train
875,test
876,train
877,test
878,train
879,train
880,train
881,test
882,train
883,train
884,test
885,test
886,train
887,train
888,train
889,train
890,test
891,test
892,train
893,train
894,train
895,test
896,test
897,train
898,test
899,test
900,test
901,train
902,train
903,train
904,train
905,test
906,train
907,train
908,test
909,train
910,train
911,train
912,test
913,train
914,train
915,train
916,test
917,train
918,train
919,train
920,test
921,test
922,test
923,test
924,train
925,test
926,train
927,train
928,train
929,test
930,test
931,train
932,train
933,test
934,test
935,train
936,test
937,train
938,train
939,test
940,test
941,train
942,train
943,test
944,test
945,train
946,train
947,train
948,test
949,train
950,test
951,train
952,test
953,train
954,train
955,test
956,test
957,train
958,train
959,test
960,test
961,train
962,train
963,test
964,train
965,train
966,test
967,test
968,test
969,train
970,test
971,train
972,test
973,test
974,test
975,train
976,train
977,train
978,test
979,test
980,test
981,train
982,train
983,test
984,train
985,test
986,test
987,train
988,train
989,train
990,test
991,train
992,train
993,train
994,test
995,test
996,train
997,train
998,test
999,train
1000,test
1001,train
1002,test
1003,test
1004,train
1005,test
1006,test
1007,test
1008,test
1009,train
1010,train
1011,test
1012,train
1013,test
1014,test
1015,test
1016,train
1017,train
1018,test
1019,train
1020,test
1021,train
1022,train
1023,train
1024,train
1025,test
1026,test
1027,train
1028,test
1029,train
1030,train
1031,train
1032,test
1033,train
1034,train
1035,train
1036,test
1037,test
1038,test
1039,test
1040,test
1041,test
1042,train
1043,train
1044,train
1045,train
1046,train
1047,test
1048,train
1049,train
1050,test
1051,train
1052,test
1053,train
1054,test
1055,train
1056,train
1057,test
1058,train
1059,train
1060,test
1061,test
1062,train
1063,train
1064,test
1065,test
1066,test
1067,test
1068,test
1069,test
1070,train
1071,train
1072,test
1073,train
1074,test
1075,train
1076,test
1077,train
1078,train
1079,test
1080,train
1081,test
1082,train
1083,train
1084,test
1085,train
1086,train
1087,train
1088,test
1089,train
1090,test
1091,train
1092,train
1093,test
1094,train
1095,train
1096,test
1097,train
1098,test
1099,train
1100,train
1101,test
1102,train
1103,test
1104,train
1105,train
1106,train
1107,test
1108,train
1109,train
1110,train
1111,test
1112,test
1113,test
1114,train
1115,test
1116,test
1117,train
1118,train
1119,test
1120,test
1121,test
1122,train
1123,test
1124,test
1125,train
1126,test
1127,train
1128,train
1129,train
1130,train
1131,test
1132,train
1133,train
1134,test
1135,test
1136,test
1137,train
1138,train
1139,test
1140,train
1141,train
1142,test
1143,test
1144,train
1145,train
1146,test
1147,train
1148,train
1149,train
1150,train
1151,train
1152,test
1153,train
1154,test
1155,train
1156,test
1157,train
1158,train
1159,train
1160,train
1161,train
1162,train
1163,test
1164,test
1165,train
1166,train
1167,test
1168,train
1169,train
1170,train
1171,train
1172,train
1173,train
1174,train
1175,train
1176,train
1177,test
1178,train
1179,test
1180,train
1181,test
1182,test
1183,train
1184,train
1185,train
1186,train
1187,test
1188,test
1189,train
1190,test
1191,test
1192,test
1193,train
1194,test
1195,test
1196,test
1197,train
1198,test
1199,test
1200,train
1201,test
1202,train
1203,train
1204,train
1205,train
1206,test
1207,train
1208,test
1209,train
1210,train
1211,train
1212,test
1213,train
1214,train
1215,train
1216,train
1217,train
1218,test
1219,train
1220,train
1221,train
1222,train
1223,train
1224,train
1225,train
1226,train
1227,test
1228,train
1229,test
1230,train
1231,test
1232,train
1233,test
1234,train
1235,train
1236,train
1237,train
1238,train
1239,train
1240,test
1241,test
1242,test
1243,train
1244,train
1245,train
1246,train
1247,test
1248,train
1249,test
1250,train
1251,train
1252,train
1253,train
1254,test
1255,test
1256,train
1257,train
1258,train
1259,train
1260,train
1261,train
1262,test
1263,train
1264,train
1265,test
1266,train
1267,train
1268,test
1269,train
1270,train
1271,test
1272,test
1273,test
1274,test
1275,train
1276,train
1277,train
1278,train
1279,test
1280,test
1281,train
1282,test
1283,train
1284,train
1285,train
1286,test
1287,train
1288,train
1289,train
1290,train
1291,train
1292,train
1293,train
1294,train
1295,train
1296,test
1297,test
1298,test
1299,train
1300,train
1301,test
1302,train
1303,train
1304,train
1305,test
1306,test
1307,test
1308,test
1309,test
1310,test
1311,train
1312,train
1313,test
1314,train
1315,test
1316,test
1317,test
1318,test
1319,test
1320,train
1321,train
1322,test
1323,train
1324,train
1325,train
1326,test
1327,test
1328,train
1329,train
1330,train
1331,train
1332,train
1333,train
1334,test
1335,test
1336,test
1337,test
1338,train
1339,train
1340,test
1341,train
1342,train
1343,train
1344,test
1345,test
1346,train
1347,test
1348,train
1349,train
1350,test
1351,test
1352,test
1353,train
1354,train
1355,test
1356,test
1357,train
1358,test
1359,train
1360,train
1361,train
1362,test
1363,test
1364,train
1365,train
1366,train
1367,train
1368,test
1369,train
1370,train
1371,test
1372,test
1373,test
1374,train
1375,test
1376,test
1377,test
1378,train
1379,test
1380,test
1381,test
1382,train
1383,test
1384,train
1385,test
1386,test
1387,train
1388,train
1389,train
1390,test
1391,train
1392,train
1393,train
1394,train
1395,test
1396,train
1397,train
1398,train
1399,test
1400,test
1401,test
1402,test
1403,train
1404,train
1405,train
1406,test
1407,train
1408,test
1409,train
1410,train
1411,test
1412,train
1413,train
1414,train
1415,train
1416,test
1417,test
1418,test
1419,train
1420,train
1421,train
1422,test
1423,test
1424,train
1425,train
1426,test
1427,test
1428,train
1429,train
1430,test
1431,train
1432,train
1433,test
1434,train
1435,train
1436,train
1437,train
1438,train
1439,train
1440,train
1441,test
1442,test
1443,train
1444,test
1445,test
1446,train
1447,train
1448,train
1449,train
1450,train
1451,train
1452,train
1453,test
1454,test
1455,test
1456,train
1457,test
1458,test
1459,test
1460,train
1461,train
1462,train
1463,test
1464,test
1465,train
1466,test
1467,test
1468,test
1469,train
1470,train
1471,train
1472,test
1473,test
1474,train
1475,train
1476,train
1477,test
1478,train
1479,train
1480,train
1481,train
1482,test
1483,test
1484,train
1485,train
1486,train
1487,test
1488,train
1489,test
1490,train
1491,train
1492,train
1493,train
1494,train
1495,train
1496,train
1497,train
1498,train
1499,train
1500,train
1501,train
1502,train
1503,test
1504,train
1505,train
1506,train
1507,train
1508,train
1509,test
1510,train
1511,train
1512,train
1513,test
1514,train
1515,train
1516,train
1517,test
1518,train
1519,train
1520,train
1521,test
1522,test
1523,test
1524,test
1525,train
1526,train
1527,train
1528,train
1529,test
1530,train
1531,train
1532,test
1533,train
1534,train
1535,train
1536,test
1537,train
1538,test
1539,train
1540,test
1541,train
1542,test
1543,test
1544,train
1545,test
1546,test
1547,train
1548,train
1549,test
1550,train
1551,train
1552,train
1553,train
1554,train
1555,train
1556,train
1557,test
1558,test
1559,train
1560,train
1561,test
1562,train
1563,train
1564,test
1565,train
1566,train
1567,test
1568,train
1569,test
1570,test
1571,train
1572,train
1573,train
1574,train
1575,train
1576,test
1577,train
1578,test
1579,test
1580,test
1581,train
1582,test
1583,train
1584,train
1585,test
1586,train
1587,train
1588,train
1589,train
1590,train
1591,train
1592,train
1593,test
1594,train
1595,train
1596,test
1597,train
1598,train
1599,train
1600,train
1601,train
1602,train
1603,test
1604,test
1605,test
1606,train
1607,train
1608,test
1609,test
1610,test
1611,test
1612,test
1613,train
1614,test
1615,train
1616,train
1617,test
1618,test
1619,train
1620,test
1621,train
1622,train
1623,train
1624,train
1625,train
1626,test
1627,train
1628,train
1629,test
1630,train
1631,test
1632,train
1633,train
1634,test
1635,train
1636,test
1637,train
1638,train
1639,test
1640,train
1641,train
1642,train
1643,train
1644,train
1645,test
1646,test
1647,train
1648,train
1649,train
1650,train
1651,test
1652,train
1653,train
1654,train
1655,train
1656,train
1657,train
1658,test
1659,train
1660,train
1661,train
1662,train
1663,train
1664,test
1665,test
1666,test
1667,test
1668,train
1669,train
1670,test
1671,test
1672,train
1673,train
1674,test
1675,train
1676,test
1677,test
1678,train
1679,train
1680,test
1681,test
1682,train
1683,test
1684,test
1685,test
1686,train
1687,test
1688,train
1689,train
1690,test
1691,train
1692,train
1693,train
1694,train
1695,train
1696,train
1697,train
1698,test
1699,test
1700,train
1701,test
1702,train
1703,test
1704,train
1705,test
1706,train
1707,train
1708,test
1709,train
1710,train
1711,test
1712,train
1713,train
1714,train
1715,train
1716,train
1717,test
1718,train
1719,train
1720,test
1721,train
1722,test
1723,test
1724,train
1725,test
1726,test
1727,test
1728,train
1729,train
1730,train
1731,test
1732,train
1733,test
1734,test
1735,test
1736,test
1737,test
1738,test
1739,test
1740,train
1741,train
1742,test
1743,test
1744,test
1745,train
1746,test
1747,train
1748,train
1749,test
1750,train
1751,test
1752,train
1753,test
1754,train
1755,train
1756,train
1757,train
1758,test
1759,train
1760,train
1761,test
1762,test
1763,train
1764,train
1765,test
1766,test
1767,train
1768,train
1769,train
1770,train
1771,train
1772,test
1773,train
1774,train
1775,train
1776,train
1777,test
1778,test
1779,train
1780,test
1781,test
1782,train
1783,train
1784,test
1785,test
1786,test
1787,train
1788,test
1789,train
1790,train
1791,test
1792,test
1793,train
1794,train
1795,train
1796,train
1797,test
1798,train
1799,train
1800,train
1801,train
1802,train
1803,train
1804,test
1805,train
1806,train
1807,test
1808,test
1809,test
1810,train
1811,train
1812,test
1813,test
1814,train
1815,test
1816,test
1817,train
1818,train
1819,test
1820,train
1821,train
1822,train
1823,train
1824,test
1825,train
1826,test
1827,train
1828,test
1829,train
1830,train
1831,train
1832,train
1833,train
1834,test
1835,test
1836,test
1837,test
1838,train
1839,train
1840,train
1841,train
1842,train
1843,train
1844,test
1845,train
1846,train
1847,train
1848,train
1849,train
1850,train
1851,test
1852,test
1853,train
1854,train
1855,test
1856,train
1857,train
1858,train
1859,test
1860,train
1861,test
1862,train
1863,test
1864,test
1865,test
1866,test
1867,train
1868,test
1869,test
1870,train
1871,train
1872,train
1873,test
1874,train
1875,train
1876,test
1877,train
1878,train
1879,train
1880,test
1881,train
1882,train
1883,train
1884,test
1885,test
1886,train
1887,train
1888,train
1889,train
1890,train
1891,test
1892,train
1893,train
1894,test
1895,train
1896,train
1897,test
1898,train
1899,train
1900,train
1901,test
1902,test
1903,test
1904,test
1905,test
1906,train
1907,test
1908,train
1909,test
1910,test
1911,train
1912,train
1913,train
1914,train
1915,test
1916,test
1917,train
1918,test
1919,train
1920,test
1921,train
1922,test
1923,train
1924,train
1925,test
1926,train
1927,test
1928,train
1929,test
1930,train
1931,train
1932,test
1933,test
1934,test
1935,test
1936,train
1937,train
1938,train
1939,train
1940,train
1941,train
1942,train
1943,test
1944,train
1945,test
1946,train
1947,train
1948,test
1949,test
1950,test
1951,train
1952,test
1953,test
1954,train
1955,train
1956,train
1957,train
1958,train
1959,test
1960,test
1961,test
1962,test
1963,test
1964,train
1965,train
1966,train
1967,train
1968,test
1969,train
1970,test
1971,train
1972,test
1973,test
1974,train
1975,test
1976,train
1977,train
1978,train
1979,train
1980,train
1981,train
1982,test
1983,train
1984,train
1985,train
1986,train
1987,train
1988,train
1989,train
1990,train
1991,train
1992,test
1993,test
1994,train
1995,test
1996,train
1997,test
1998,train
1999,train
2000,train
2001,train
2002,train
2003,test
2004,test
2005,train
2006,test
2007,test
2008,test
2009,train
2010,train
2011,train
2012,test
2013,train
2014,test
2015,train
2016,test
2017,test
2018,test
2019,train
2020,train
2021,test
2022,test
2023,train
2024,train
2025,test
2026,train
2027,train
2028,train
2029,train
2030,train
2031,train
2032,train
2033,train
2034,test
2035,train
2036,test
2037,train
2038,test
2039,test
2040,test
2041,test
2042,test
2043,train
2044,train
2045,test
2046,train
2047,test
2048,test
2049,train
2050,train
2051,train
2052,test
2053,train
2054,train
2055,test
2056,test
2057,test
2058,test
2059,test
2060,train
2061,train
2062,test
2063,train
2064,train
2065,train
2066,train
2067,test
2068,test
2069,test
2070,train
2071,train
2072,test
2073,train
2074,train
2075,train
2076,test
2077,train
2078,test
2079,test
2080,test
2081,test
2082,train
2083,train
2084,train
2085,test
2086,train
2087,test
2088,test
2089,train
2090,train
2091,test
2092,train
2093,train
2094,train
2095,train
2096,test
2097,test
2098,train
2099,train
2100,test
2101,test
2102,test
2103,train
2104,test
2105,test
2106,test
2107,train
2108,train
2109,test
2110,test
2111,test
2112,test
2113,test
2114,test
2115,train
2116,train
2117,test
2118,train
2119,train
2120,train
2121,test
2122,train
2123,test
2124,test
2125,test
2126,train
2127,test
2128,test
2129,test
2130,test
2131,train
2132,train
2133,train
2134,train
2135,train
2136,test
2137,train
2138,test
2139,train
2140,train
2141,train
2142,test
2143,test
2144,test
2145,train
2146,train
2147,train
2148,train
2149,test
2150,test
2151,train
2152,train
2153,train
2154,test
2155,train
2156,train
2157,test
2158,test
2159,train
2160,test
2161,test
2162,train
2163,test
2164,test
2165,test
2166,test
2167,test
2168,test
2169,train
2170,train
2171,test
2172,train
2173,test
2174,train
2175,train
2176,train
2177,test
2178,train
2179,test
2180,train
2181,test
2182,test
2183,train
2184,test
2185,train
2186,train
2187,train
2188,test
2189,test
2190,train
2191,test
2192,test
2193,train
2194,train
2195,train
2196,train
2197,test
2198,train
2199,train
2200,test
2201,train
2202,test
2203,test
2204,train
2205,train
2206,train
2207,train
2208,train
2209,test
2210,train
2211,test
2212,train
2213,train
2214,train
2215,train
2216,test
2217,test
2218,train
2219,train
2220,train
2221,train
2222,test
2223,train
2224,train
2225,test
2226,test
2227,train
2228,train
2229,train
2230,train
2231,train
2232,train
2233,train
2234,test
2235,train
2236,train
2237,test
2238,train
2239,train
2240,train
2241,train
2242,test
2243,train
2244,train
2245,train
2246,train
2247,test
2248,train
2249,train
2250,train
2251,train
2252,test
2253,train
2254,train
2255,train
2256,test
2257,train
2258,test
2259,test
2260,train
2261,test
2262,test
2263,test
2264,train
2265,test
2266,train
2267,train
2268,train
2269,test
2270,test
2271,train
2272,train
2273,train
2274,test
2275,train
2276,train
2277,train
2278,train
2279,test
2280,train
2281,test
2282,train
2283,test
2284,test
2285,train
2286,test
2287,train
2288,train
2289,train
2290,train
2291,train
2292,train
2293,test
2294,train
2295,test
2296,test
2297,train
2298,test
2299,train
2300,train
2301,train
2302,train
2303,test
2304,test
2305,train
2306,train
2307,train
2308,train
2309,train
2310,test
2311,train
2312,test
2313,train
2314,test
2315,train
2316,test
2317,test
2318,test
2319,train
2320,test
2321,train
2322,test
2323,train
2324,test
2325,train
2326,train
2327,test
2328,test
2329,test
2330,train
2331,train
2332,train
2333,train
2334,train
2335,test
2336,train
2337,test
2338,train
2339,train
2340,train
2341,test
2342,train
2343,train
2344,test
2345,test
2346,train
2347,train
2348,train
2349,test
2350,train
2351,train
2352,train
2353,train
2354,train
2355,train
2356,test
2357,train
2358,train
2359,train
2360,train
2361,train
2362,test
2363,train
2364,train
2365,test
2366,train
2367,train
2368,test
2369,test
2370,test
2371,test
2372,train
2373,train
2374,train
2375,test
2376,train
2377,train
2378,train
2379,train
2380,train
2381,test
2382,train
2383,test
2384,test
2385,test
2386,train
2387,train
2388,train
2389,test
2390,train
2391,train
2392,train
2393,test
2394,train
2395,test
2396,train
2397,test
2398,test
2399,train
2400,train
2401,train
2402,test
2403,train
2404,train
2405,train
2406,train
2407,test
2408,test
2409,test
2410,train
2411,test
2412,test
2413,train
2414,train
2415,test
2416,train
2417,train
2418,train
2419,test
2420,test
2421,train
2422,train
2423,test
2424,train
2425,train
2426,test
2427,train
2428,test
2429,train
2430,train
2431,train
2432,train
2433,train
2434,train
2435,train
2436,train
2437,train
2438,test
2439,train
2440,test
2441,train
2442,test
2443,train
2444,train
2445,train
2446,test
2447,train
2448,train
2449,train
2450,train
2451,test
2452,train
2453,test
2454,train
2455,test
2456,test
2457,test
2458,test
2459,test
2460,train
2461,train
2462,train
2463,test
2464,train
2465,train
2466,test
2467,train
2468,test
2469,test
2470,train
2471,train
2472,train
2473,test
2474,test
2475,test
2476,test
2477,train
2478,train
2479,train
2480,train
2481,train
2482,test
2483,train
2484,train
2485,test
2486,test
2487,train
2488,test
2489,test
2490,train
2491,train
2492,test
2493,test
2494,test
2495,train
2496,train
2497,train
2498,test
2499,train
2500,test
2501,test
2502,train
2503,train
2504,test
2505,train
2506,train
2507,train
2508,train
2509,train
2510,test
2511,train
2512,train
2513,train
2514,test
2515,train
2516,test
2517,test
2518,test
2519,test
2520,test
2521,test
2522,train
2523,train
2524,train
2525,train
2526,test
2527,train
2528,train
2529,test
2530,test
2531,test
2532,test
2533,train
2534,train
2535,train
2536,test
2537,test
2538,train
2539,test
2540,train
2541,train
2542,train
2543,train
2544,test
2545,train
2546,train
2547,test
2548,train
2549,train
2550,train
2551,train
2552,test
2553,train
2554,train
2555,test
2556,train
2557,test
2558,test
2559,train
2560,train
2561,test
2562,test
2563,test
2564,test
2565,test
2566,test
2567,train
2568,train
2569,test
2570,train
2571,train
2572,train
2573,train
2574,test
2575,train
2576,train
2577,train
2578,train
2579,test
2580,test
2581,test
2582,test
2583,train
2584,train
2585,train
2586,test
2587,train
2588,train
2589,train
2590,test
2591,train
2592,test
2593,train
2594,train
2595,train
2596,train
2597,test
2598,test
2599,test
2600,train
2601,train
2602,train
2603,train
2604,test
2605,train
2606,test
2607,test
2608,train
2609,test
2610,train
2611,test
2612,train
2613,test
2614,test
2615,train
2616,train
2617,train
2618,test
2619,train
2620,train
2621,train
2622,test
2623,train
2624,train
2625,train
2626,train
2627,train
2628,train
2629,test
2630,test
2631,test
2632,train
2633,test
2634,test
2635,train
2636,test
2637,test
2638,train
2639,train
2640,train
2641,test
2642,test
2643,train
2644,test
2645,train
2646,test
2647,test
2648,train
2649,train
2650,train
2651,test
2652,test
2653,train
2654,test
2655,train
2656,train
2657,test
2658,train
2659,train
2660,train
2661,test
2662,train
2663,train
2664,train
2665,test
2666,train
2667,train
2668,test
2669,test
2670,test
2671,test
2672,train
2673,test
2674,train
2675,train
2676,train
2677,train
2678,train
2679,test
2680,test
2681,test
2682,train
2683,test
2684,train
2685,train
2686,test
2687,test
2688,test
2689,test
2690,test
2691,train
2692,train
2693,train
2694,test
2695,train
2696,train
2697,train
2698,test
2699,test
2700,test
2701,test
2702,train
2703,test
2704,train
2705,test
2706,test
2707,test
2708,train
2709,train
2710,test
2711,test
2712,train
2713,train
2714,train
2715,train
2716,test
2717,train
2718,train
2719,train
2720,train
2721,train
2722,train
2723,train
2724,test
2725,train
2726,test
2727,train
2728,train
2729,train
2730,test
2731,train
2732,train
2733,test
2734,test
2735,train
2736,test
2737,train
2738,train
2739,train
2740,test
2741,train
2742,test
2743,train
2744,test
2745,train
2746,train
2747,test
2748,test
2749,train
2750,test
2751,train
2752,test
2753,train
2754,test
2755,train
2756,test
2757,test
2758,train
2759,train
2760,train
2761,train
2762,train
2763,test
2764,train
2765,train
2766,train
2767,train
2768,train
2769,test
2770,test
2771,train
2772,train
2773,train
2774,train
2775,test
2776,test
2777,test
2778,train
2779,test
2780,test
2781,test
2782,test
2783,train
2784,train
2785,test
2786,train
2787,train
2788,train
2789,test
2790,train
2791,test
2792,train
2793,train
2794,train
2795,test
2796,train
2797,train
2798,train
2799,train
2800,train
2801,train
2802,train
2803,test
2804,test
2805,test
2806,test
2807,test
2808,train
2809,train
2810,train
2811,test
2812,train
2813,test
2814,train
2815,train
2816,train
2817,test
2818,test
2819,train
2820,test
2821,test
2822,train
2823,train
2824,train
2825,test
2826,train
2827,test
2828,train
2829,train
2830,train
2831,train
2832,test
2833,train
2834,train
2835,train
2836,train
2837,train
2838,train
2839,test
2840,test
2841,test
2842,test
2843,train
2844,train
2845,train
2846,train
2847,train
2848,test
2849,test
2850,train
2851,train
2852,train
2853,train
2854,test
2855,train
2856,test
2857,test
2858,test
2859,test
2860,test
2861,train
2862,train
2863,test
2864,train
2865,test
2866,test
2867,test
2868,train
2869,test
2870,train
2871,test
2872,train
2873,train
2874,train
2875,train
2876,train
2877,test
2878,train
2879,test
2880,test
2881,train
2882,test
2883,train
2884,test
2885,test
2886,test
2887,train
2888,train
2889,test
2890,test
2891,test
2892,test
2893,train
2894,test
2895,train
2896,train
2897,train
2898,train
2899,test
2900,train
2901,train
2902,train
2903,train
2904,test
2905,train
2906,train
2907,train
2908,train
2909,train
2910,train
2911,train
2912,train
2913,train
2914,test
2915,test
2916,train
2917,train
2918,train
2919,train
2920,test
2921,train
2922,test
2923,train
2924,train
2925,train
2926,train
2927,test
2928,test
2929,train
2930,test
2931,train
2932,train
2933,test
2934,test
2935,train
2936,train
2937,train
2938,train
2939,test
2940,test
2941,train
2942,test
2943,train
2944,train
2945,train
2946,test
2947,train
2948,train
2949,test
2950,train
2951,train
2952,train
2953,train
2954,train
2955,test
2956,train
2957,test
2958,train
2959,test
2960,test
2961,train
2962,test
2963,test
2964,train
2965,train
2966,test
2967,train
2968,test
2969,train
2970,train
2971,test
2972,test
2973,test
2974,train
2975,train
2976,train
2977,test
2978,train
2979,test
2980,test
2981,test
2982,train
2983,test
2984,train
2985,train
2986,test
2987,test
2988,test
2989,train
2990,test
2991,train
2992,train
2993,test
2994,train
2995,train
2996,train
2997,test
2998,test
2999,train
3000,train
3001,test
3002,train
3003,train
3004,train
3005,test
3006,test
3007,train
3008,train
3009,train
3010,train
3011,train
3012,test
3013,train
3014,train
3015,test
3016,train
3017,train
3018,test
3019,train
3020,test
3021,test
3022,train
3023,train
3024,test
3025,train
3026,train
3027,test
3028,train
3029,train
3030,train
3031,train
3032,train
3033,train
3034,train
3035,train
3036,train
3037,train
3038,test
3039,train
3040,test
3041,train
3042,train
3043,train
3044,train
3045,test
3046,train
3047,test
3048,train
3049,train
3050,test
3051,train
3052,train
3053,train
3054,train
3055,train
3056,train
3057,train
3058,test
3059,train
3060,test
3061,train
3062,train
3063,test
3064,train
3065,train
3066,train
3067,train
3068,train
3069,test
3070,train
3071,train
3072,test
3073,train
3074,test
3075,train
3076,train
3077,train
3078,train
3079,test
3080,test
3081,train
3082,train
3083,test
3084,train
3085,train
3086,train
3087,train
3088,test
3089,train
3090,test
3091,train
3092,test
3093,train
3094,train
3095,train
3096,train
3097,train
3098,test
3099,test
3100,test
3101,train
3102,train
3103,test
3104,test
3105,test
3106,train
3107,test
3108,train
3109,train
3110,test
3111,train
3112,test
3113,test
3114,train
3115,test
3116,test
3117,train
3118,test
3119,train
3120,train
3121,test
3122,train
3123,test
3124,train
3125,test
3126,train
3127,train
3128,test
3129,test
3130,test
3131,train
3132,test
3133,test
3134,test
3135,train
3136,train
3137,test
3138,train
3139,train
3140,train
3141,test
3142,train
3143,train
3144,test
3145,test
3146,train
3147,train
3148,test
3149,test
3150,train
3151,train
3152,train
3153,test
3154,test
3155,train
3156,train
3157,train
3158,train
3159,train
3160,test
3161,train
3162,test
3163,test
3164,train
3165,train
3166,train
3167,test
3168,train
3169,train
3170,train
3171,test
3172,train
3173,test
3174,train
3175,train
3176,train
3177,train
3178,test
3179,train
3180,test
3181,test
3182,train
3183,train
3184,train
3185,train
3186,train
3187,test
3188,test
3189,test
3190,train
3191,train
3192,train
3193,train
3194,train
3195,train
3196,test
3197,train
3198,train
3199,train
3200,test
3201,test
3202,test
3203,train
3204,train
3205,train
3206,train
3207,test
3208,train
3209,test
3210,train
3211,train
3212,test
3213,train
3214,test
3215,train
3216,test
3217,train
3218,test
3219,train
3220,train
3221,train
3222,train
3223,test
3224,test
3225,train
3226,train
3227,train
3228,train
3229,test
3230,train
3231,test
3232,train
3233,train
3234,test
3235,test
3236,test
3237,train
3238,train
3239,train
3240,train
3241,train
3242,train
3243,train
3244,train
3245,test
3246,train
3247,test
3248,test
3249,train
3250,test
3251,train
3252,test
3253,train
3254,train
3255,train
3256,train
3257,test
3258,test
3259,train
3260,train
3261,train
3262,test
3263,train
3264,test
3265,train
3266,train
3267,train
3268,train
3269,test
3270,train
3271,train
3272,test
3273,train
3274,test
3275,train
3276,train
3277,train
3278,train
3279,test
3280,train
3281,train
3282,train
3283,train
3284,test
3285,train
3286,test
3287,train
3288,train
3289,train
3290,train
3291,test
3292,train
3293,train
3294,train
3295,train
3296,train
3297,train
3298,train
3299,train
3300,train
3301,test
3302,train
3303,test
3304,test
3305,test
3306,train
3307,test
3308,test
3309,train
3310,train
3311,test
3312,train
3313,train
3314,test
3315,train
3316,train
3317,train
3318,train
3319,test
3320,train
3321,train
3322,test
3323,train
3324,test
3325,test
3326,train
3327,train
3328,train
3329,test
3330,train
3331,train
3332,train
3333,train
3334,test
3335,train
3336,train
3337,test
3338,train
3339,train
3340,test
3341,test
3342,test
3343,train
3344,test
3345,test
3346,test
3347,test
3348,train
3349,train
3350,train
3351,train
3352,train
3353,test
3354,train
3355,test
3356,test
3357,test
3358,test
3359,test
3360,train
3361,train
3362,train
3363,train
3364,train
3365,test
3366,train
3367,test
3368,test
3369,train
3370,train
3371,train
3372,train
3373,train
3374,train
3375,train
3376,train
3377,train
3378,test
3379,train
3380,test
3381,test
3382,train
3383,train
3384,test
3385,test
3386,test
3387,train
3388,train
3389,test
3390,train
3391,train
3392,train
3393,test
3394,test
3395,test
3396,train
3397,train
3398,train
3399,test
3400,test
3401,test
3402,train
3403,test
3404,test
3405,test
3406,train
3407,test
3408,train
3409,train
3410,test
3411,train
3412,test
3413,test
3414,test
3415,train
3416,train
3417,train
3418,test
3419,train
3420,test
3421,train
3422,train
3423,train
3424,test
3425,train
3426,train
3427,train
3428,train
3429,test
3430,train
3431,test
3432,train
3433,train
3434,train
3435,train
3436,test
3437,train
3438,test
3439,test
3440,train
3441,train
3442,train
3443,test
3444,train
3445,test
3446,train
3447,test
3448,train
3449,train
3450,train
3451,train
3452,train
3453,train
3454,train
3455,train
3456,train
3457,train
3458,train
3459,test
3460,train
3461,train
3462,train
3463,test
3464,train
3465,test
3466,train
3467,test
3468,train
3469,train
3470,train
3471,train
3472,train
3473,test
3474,train
3475,test
3476,train
3477,test
3478,train
3479,train
3480,train
3481,train
3482,train
3483,test
3484,test
3485,train
3486,train
3487,train
3488,train
3489,train
3490,train
3491,train
3492,train
3493,train
3494,train
3495,test
3496,test
3497,train
3498,train
3499,test
3500,train
3501,train
3502,test
3503,train
3504,train
3505,train
3506,test
3507,test
3508,train
3509,train
3510,train
3511,train
3512,test
3513,test
3514,train
3515,test
3516,test
3517,train
3518,train
3519,test
3520,test
3521,test
3522,test
3523,test
3524,test
3525,train
3526,train
3527,test
3528,train
3529,train
3530,test
3531,train
3532,train
3533,test
3534,train
3535,test
3536,train
3537,train
3538,test
3539,train
3540,test
3541,train
3542,test
3543,test
3544,train
3545,train
3546,train
3547,test
3548,test
3549,train
3550,test
3551,test
3552,test
3553,test
3554,train
3555,test
3556,train
3557,train
3558,train
3559,test
3560,train
3561,train
3562,train
3563,test
3564,test
3565,train
3566,train
3567,train
3568,test
3569,test
3570,test
3571,train
3572,train
3573,test
3574,train
3575,train
3576,train
3577,test
3578,train
3579,train
3580,train
3581,train
3582,test
3583,train
3584,train
3585,train
3586,train
3587,train
3588,train
3589,train
3590,train
3591,train
3592,train
3593,test
3594,test
3595,test
3596,test
3597,train
3598,test
3599,test
3600,test
3601,train
3602,test
3603,train
3604,train
3605,test
3606,test
3607,train
3608,train
3609,test
3610,train
3611,test
3612,train
3613,train
3614,test
3615,test
3616,train
3617,train
3618,train
3619,test
3620,train
3621,train
3622,train
3623,test
3624,train
3625,test
3626,test
3627,train
3628,test
3629,train
3630,test
3631,test
3632,test
3633,train
3634,train
3635,test
3636,train
3637,train
3638,train
3639,train
3640,test
3641,test
3642,train
3643,train
3644,train
3645,test
3646,train
3647,train
3648,test
3649,train
3650,train
3651,test
3652,test
3653,train
3654,train
3655,train
3656,test
3657,train
3658,train
3659,train
3660,train
3661,train
3662,train
3663,train
3664,train
3665,test
3666,test
3667,train
3668,test
3669,test
3670,test
3671,train
3672,test
3673,test
3674,train
3675,train
3676,test
3677,train
3678,train
3679,train
3680,test
3681,train
3682,train
3683,test
3684,train
3685,train
3686,test
3687,test
3688,train
3689,train
3690,train
3691,test
3692,test
3693,train
3694,train
3695,train
3696,train
3697,test
3698,test
3699,train
3700,train
3701,train
3702,train
3703,train
3704,test
3705,train
3706,test
3707,test
3708,train
3709,train
3710,train
3711,test
3712,test
3713,train
3714,train
3715,train
3716,train
3717,test
3718,test
3719,train
3720,train
3721,train
3722,train
3723,train
3724,train
3725,train
3726,train
3727,test
3728,test
3729,train
3730,test
3731,test
3732,train
3733,train
3734,train
3735,test
3736,train
3737,train
3738,test
3739,test
3740,train
3741,test
3742,train
3743,test
3744,test
3745,train
3746,test
3747,test
3748,test
3749,train
3750,test
3751,train
3752,train
3753,train
3754,train
3755,test
3756,train
3757,train
3758,train
3759,test
3760,train
3761,train
3762,test
3763,train
3764,test
3765,train
3766,train
3767,test
3768,test
3769,test
3770,train
3771,test
3772,train
3773,train
3774,test
3775,train
3776,train
3777,train
3778,test
3779,test
3780,test
3781,train
3782,test
3783,train
3784,test
3785,train
3786,test
3787,test
3788,test
3789,train
3790,test
3791,test
3792,train
3793,test
3794,test
3795,train
3796,train
3797,train
3798,train
3799,train
3800,train
3801,train
3802,test
3803,test
3804,train
3805,train
3806,train
3807,train
3808,test
3809,test
3810,train
3811,train
3812,train
3813,train
3814,test
3815,test
3816,test
3817,test
3818,test
3819,test
3820,test
3821,test
3822,test
3823,test
3824,test
3825,test
3826,train
3827,test
3828,train
3829,test
3830,train
3831,test
3832,train
3833,train
3834,train
3835,test
3836,train
3837,test
3838,train
3839,test
3840,train
3841,test
3842,test
3843,train
3844,test
3845,train
3846,test
3847,train
3848,train
3849,train
3850,train
3851,train
3852,test
3853,train
3854,train
3855,train
3856,test
3857,train
3858,test
3859,train
3860,test
3861,test
3862,test
3863,test
3864,test
3865,train
3866,train
3867,test
3868,test
3869,test
3870,train
3871,test
3872,train
3873,test
3874,train
3875,train
3876,train
3877,test
3878,train
3879,train
3880,test
3881,test
3882,train
3883,train
3884,test
3885,test
3886,test
3887,test
3888,train
3889,train
3890,test
3891,test
3892,test
3893,test
3894,train
3895,train
3896,test
3897,train
3898,train
3899,train
3900,test
3901,train
3902,test
3903,test
3904,test
3905,test
3906,train
3907,train
3908,test
3909,train
3910,train
3911,test
3912,train
3913,train
3914,train
3915,train
3916,test
3917,test
3918,test
3919,test
3920,test
3921,train
3922,test
3923,test
3924,train
3925,test
3926,train
3927,train
3928,test
3929,test
3930,test
3931,test
3932,train
3933,test
3934,test
3935,train
3936,train
3937,test
3938,train
3939,train
3940,test
3941,test
3942,train
3943,test
3944,train
3945,test
3946,train
3947,test
3948,train
3949,test
3950,test
3951,train
3952,train
3953,test
3954,test
3955,train
3956,train
3957,test
3958,test
3959,train
3960,train
3961,test
3962,test
3963,train
3964,train
3965,test
3966,train
3967,train
3968,train
3969,train
3970,train
3971,train
3972,test
3973,train
3974,train
3975,test
3976,train
3977,train
3978,train
3979,train
3980,train
3981,train
3982,train
3983,train
3984,train
3985,train
3986,test
3987,test
3988,train
3989,train
3990,train
3991,test
3992,train
3993,train
3994,test
3995,test
3996,train
3997,train
3998,test
3999,test
4000,train
4001,test
4002,train
4003,test
4004,train
4005,train
4006,test
4007,test
4008,train
4009,test
4010,test
4011,test
4012,train
4013,test
4014,train
4015,train
4016,train
4017,test
4018,train
4019,train
4020,train
4021,test
4022,train
4023,train
4024,test
4025,train
4026,train
4027,test
4028,test
4029,test
4030,test
4031,train
4032,train
4033,train
4034,test
4035,test
4036,train
4037,train
4038,train
4039,test
4040,test
4041,train
4042,train
4043,test
4044,train
4045,test
4046,train
4047,test
4048,train
4049,test
4050,train
4051,test
4052,train
4053,train
4054,train
4055,test
4056,train
4057,train
4058,train
4059,train
4060,test
4061,train
4062,test
4063,train
4064,train
4065,test
4066,test
4067,test
4068,train
4069,test
4070,test
4071,test
4072,train
4073,train
4074,train
4075,train
4076,test
4077,test
4078,train
4079,test
4080,train
4081,test
4082,train
4083,train
4084,train
4085,train
4086,test
4087,train
4088,train
4089,train
4090,train
4091,test
4092,train
4093,test
4094,train
4095,test
4096,train
4097,train
4098,train
4099,test
4100,train
4101,test
4102,train
4103,test
4104,test
4105,train
4106,test
4107,test
4108,train
4109,train
4110,train
4111,train
4112,test
4113,train
4114,train
4115,train
4116,train
4117,test
4118,train
4119,test
4120,train
4121,train
4122,train
4123,test
4124,train
4125,test
4126,test
4127,train
4128,train
4129,test
4130,train
4131,test
4132,test
4133,train
4134,test
4135,train
4136,test
4137,train
4138,train
4139,train
4140,train
4141,test
4142,train
4143,train
4144,test
4145,train
4146,test
4147,train
4148,train
4149,test
4150,train
4151,train
4152,train
4153,train
4154,train
4155,train
4156,train
4157,train
4158,train
4159,train
4160,test
4161,test
4162,test
4163,test
4164,train
4165,train
4166,train
4167,test
4168,test
4169,test
4170,train
4171,train
4172,train
4173,test
4174,train
4175,test
4176,test
4177,train
4178,test
4179,train
4180,train
4181,test
4182,train
4183,test
4184,train
4185,test
4186,train
4187,test
4188,train
4189,train
4190,train
4191,train
4192,train
4193,train
4194,train
4195,test
4196,train
4197,train
4198,test
4199,test
4200,test
4201,train
4202,train
4203,train
4204,train
4205,test
4206,train
4207,train
4208,train
4209,train
4210,test
4211,test
4212,test
4213,train
4214,test
4215,train
4216,train
4217,train
4218,train
4219,train
4220,train
4221,test
4222,test
4223,train
4224,test
4225,test
4226,test
4227,train
4228,train
4229,train
4230,train
4231,train
4232,test
4233,train
4234,test
4235,train
4236,test
4237,train
4238,test
4239,test
4240,train
4241,test
4242,train
4243,train
4244,test
4245,train
4246,train
4247,train
4248,train
4249,train
4250,train
4251,test
4252,train
4253,train
4254,test
4255,test
4256,train
4257,train
4258,test
4259,train
4260,train
4261,train
4262,train
4263,test
4264,test
4265,train
4266,train
4267,train
4268,test
4269,train
4270,train
4271,test
4272,train
4273,train
4274,train
4275,train
4276,train
4277,train
4278,train
4279,train
4280,train
4281,train
4282,test
4283,train
4284,train
4285,train
4286,train
4287,test
4288,test
4289,test
4290,train
4291,train
4292,train
4293,train
4294,test
4295,train
4296,test
4297,test
4298,train
4299,train
4300,train
4301,train
4302,train
4303,test
4304,train
4305,train
4306,test
4307,test
4308,train
4309,test
4310,train
4311,train
4312,train
4313,test
4314,test
4315,test
4316,train
4317,train
4318,test
4319,train
4320,test
4321,test
4322,test
4323,train
4324,train
4325,train
4326,train
4327,train
4328,train
4329,train
4330,train
4331,train
4332,test
4333,train
4334,test
4335,train
4336,train
4337,train
4338,train
4339,test
4340,train
4341,test
4342,test
4343,test
4344,train
4345,train
4346,train
4347,train
4348,train
4349,test
4350,train
4351,train
4352,train
4353,train
4354,train
4355,test
4356,test
4357,train
4358,test
4359,train
4360,test
4361,test
4362,test
4363,test
4364,train
4365,train
4366,train
4367,test
4368,test
4369,test
4370,test
4371,test
4372,train
4373,train
4374,train
4375,test
4376,train
4377,test
4378,test
4379,test
4380,test
4381,train
4382,train
4383,train
4384,test
4385,train
4386,train
4387,train
4388,train
4389,test
4390,test
4391,train
4392,train
4393,test
4394,train
4395,train
4396,train
4397,train
4398,test
4399,test
4400,train
4401,train
4402,test
4403,train
4404,test
4405,test
4406,test
4407,train
4408,test
4409,test
4410,test
4411,train
4412,train
4413,test
4414,test
4415,test
4416,train
4417,train
4418,train
4419,train
4420,train
4421,train
4422,train
4423,train
4424,test
4425,test
4426,train
4427,test
4428,test
4429,train
4430,train
4431,test
4432,train
4433,train
4434,test
4435,train
4436,test
4437,train
4438,train
4439,test
4440,test
4441,train
4442,test
4443,train
4444,train
4445,train
4446,test
4447,test
4448,train
4449,test
4450,train
4451,train
4452,test
4453,train
4454,test
4455,train
4456,test
4457,train
4458,train
4459,train
4460,train
4461,test
4462,train
4463,test
4464,train
4465,test
4466,train
4467,test
4468,train
4469,train
4470,train
4471,test
4472,test
4473,test
4474,train
4475,train
4476,train
4477,train
4478,test
4479,train
4480,train
4481,train
4482,train
4483,train
4484,test
4485,test
4486,test
4487,test
4488,test
4489,test
4490,test
4491,test
4492,train
4493,train
4494,train
4495,test
4496,train
4497,train
4498,train
4499,train
4500,test
4501,train
4502,train
4503,train
4504,test
4505,train
4506,test
4507,train
4508,train
4509,train
4510,test
4511,train
4512,train
4513,test
4514,test
4515,test
4516,train
4517,test
4518,test
4519,train
4520,train
4521,train
4522,test
4523,train
4524,train
4525,train
4526,test
4527,train
4528,train
4529,train
4530,train
4531,test
4532,train
4533,train
4534,test
4535,train
4536,train
4537,train
4538,train
4539,test
4540,train
4541,train
4542,test
4543,train
4544,train
4545,test
4546,test
4547,train
4548,train
4549,train
4550,train
4551,train
4552,test
4553,train
4554,train
4555,train
4556,train
4557,train
4558,test
4559,train
4560,train
4561,test
4562,train
4563,train
4564,test
4565,train
4566,train
4567,train
4568,train
4569,train
4570,train
4571,test
4572,train
4573,train
4574,test
4575,train
4576,train
4577,train
4578,train
4579,train
4580,test
4581,train
4582,train
4583,train
4584,test
4585,train
4586,test
4587,train
4588,train
4589,train
4590,train
4591,test
4592,test
4593,test
4594,train
4595,test
4596,test
4597,train
4598,test
4599,test
4600,test
4601,train
4602,train
4603,train
4604,train
4605,train
4606,test
4607,train
4608,train
4609,train
4610,train
4611,train
4612,train
4613,train
4614,test
4615,train
4616,test
4617,train
4618,train
4619,train
4620,test
4621,train
4622,train
4623,train
4624,test
4625,test
4626,test
4627,train
4628,train
4629,train
4630,train
4631,train
4632,test
4633,train
4634,train
4635,train
4636,train
4637,test
4638,test
4639,train
4640,test
4641,test
4642,train
4643,train
4644,test
4645,train
4646,train
4647,train
4648,train
4649,train
4650,train
4651,test
4652,train
4653,train
4654,train
4655,train
4656,train
4657,test
4658,train
4659,train
4660,test
4661,train
4662,train
4663,test
4664,test
4665,train
4666,train
4667,train
4668,test
4669,test
4670,test
4671,test
4672,test
4673,train
4674,test
4675,train
4676,test
4677,train
4678,train
4679,test
4680,train
4681,train
4682,test
4683,test
4684,test
4685,train
4686,train
4687,test
4688,test
4689,train
4690,test
4691,test
4692,train
4693,train
4694,test
4695,train
4696,test
4697,test
4698,train
4699,train
4700,train
4701,train
4702,train
4703,train
4704,test
4705,train
4706,train
4707,test
4708,train
4709,test
4710,train
4711,train
4712,test
4713,train
4714,train
4715,test
4716,train
4717,train
4718,test
4719,train
4720,test
4721,train
4722,train
4723,train
4724,test
4725,train
4726,train
4727,test
4728,train
4729,train
4730,test
4731,test
4732,test
4733,test
4734,test
4735,test
4736,test
4737,train
4738,test
4739,train
4740,test
4741,train
4742,train
4743,train
4744,train
4745,train
4746,train
4747,train
4748,train
4749,train
4750,train
4751,train
4752,train
4753,train
4754,train
4755,train
4756,test
4757,train
4758,train
4759,train
4760,train
4761,test
4762,train
4763,test
4764,test
4765,train
4766,test
4767,train
4768,train
4769,train
4770,test
4771,test
4772,test
4773,train
4774,test
4775,train
4776,train
4777,train
4778,test
4779,train
4780,train
4781,train
4782,test
4783,train
4784,test
4785,train
4786,test
4787,test
4788,test
4789,train
4790,test
4791,test
4792,train
4793,train
4794,test
4795,train
4796,train
4797,train
4798,test
4799,train
4800,train
4801,test
4802,train
4803,train
4804,train
4805,train
4806,train
4807,test
4808,train
4809,test
4810,test
4811,train
4812,train
4813,test
4814,train
4815,test
4816,train
4817,test
4818,train
4819,train
4820,test
4821,test
4822,test
4823,test
4824,train
4825,train
4826,train
4827,test
4828,test
4829,train
4830,test
4831,train
4832,train
4833,train
4834,train
4835,test
4836,train
4837,train
4838,test
4839,train
4840,train
4841,train
4842,test
4843,train
4844,train
4845,test
4846,test
4847,train
4848,train
4849,train
4850,train
4851,test
4852,train
4853,train
4854,train
4855,train
4856,train
4857,test
4858,test
4859,train
4860,train
4861,test
4862,test
4863,train
4864,train
4865,train
4866,train
4867,test
4868,test
4869,train
4870,train
4871,test
4872,train
4873,train
4874,test
4875,test
4876,train
4877,train
4878,train
4879,test
4880,train
4881,train
4882,train
4883,train
4884,test
4885,test
4886,train
4887,train
4888,train
4889,train
4890,test
4891,test
4892,test
4893,train
4894,train
4895,test
4896,train
4897,test
4898,train
4899,test
4900,train
4901,test
4902,train
4903,test
4904,train
4905,train
4906,train
4907,test
4908,train
4909,train
4910,train
4911,test
4912,train
4913,train
4914,test
4915,test
4916,train
4917,train
4918,test
4919,test
4920,train
4921,train
4922,test
4923,test
4924,test
4925,train
4926,test
4927,test
4928,train
4929,test
4930,train
4931,test
4932,train
4933,test
4934,train
4935,train
4936,train
4937,train
4938,test
4939,train
4940,train
4941,train
4942,train
4943,train
4944,train
4945,train
4946,train
4947,test
4948,train
4949,test
4950,train
4951,train
4952,test
4953,test
4954,train
4955,train
4956,train
4957,train
4958,train
4959,train
4960,train
4961,train
4962,train
4963,test
4964,train
4965,train
4966,train
4967,train
4968,train
4969,test
4970,train
4971,train
4972,train
4973,train
4974,test
4975,test
4976,train
4977,test
4978,test
4979,test
4980,test
4981,train
4982,train
4983,test
4984,test
4985,train
4986,test
4987,train
4988,test
4989,test
4990,train
4991,train
4992,train
4993,test
4994,test
4995,train
4996,test
4997,train
4998,train
4999,train
5000,train
5001,test
5002,train
5003,train
5004,train
5005,test
5006,train
5007,test
5008,train
5009,train
5010,test
5011,test
5012,train
5013,test
5014,test
5015,train
5016,train
5017,train
5018,train
5019,train
5020,train
5021,test
5022,train
5023,test
5024,train
5025,train
5026,train
5027,test
5028,train
5029,train
5030,test
5031,test
5032,train
5033,test
5034,train
5035,train
5036,test
5037,test
5038,train
5039,train
5040,train
5041,test
5042,train
5043,test
5044,train
5045,train
5046,train
5047,train
5048,train
5049,test
5050,test
5051,train
5052,train
5053,test
5054,test
5055,train
5056,train
5057,train
5058,train
5059,test
5060,test
5061,test
5062,train
5063,train
5064,test
5065,test
5066,test
5067,train
5068,train
5069,train
5070,test
5071,train
5072,train
5073,train
5074,train
5075,test
5076,train
5077,train
5078,train
5079,train
5080,train
5081,test
5082,train
5083,train
5084,train
5085,train
5086,test
5087,train
5088,test
5089,train
5090,test
5091,train
5092,test
5093,train
5094,test
5095,train
5096,test
5097,train
5098,train
5099,train
5100,train
5101,test
5102,train
5103,train
5104,test
5105,test
5106,train
5107,train
5108,test
5109,test
5110,train
5111,train
5112,test
5113,test
5114,test
5115,test
5116,train
5117,train
5118,train
5119,train
5120,train
5121,train
5122,test
5123,train
5124,train
5125,train
5126,test
5127,train
5128,train
5129,train
5130,test
5131,test
5132,test
5133,test
5134,train
5135,test
5136,train
5137,train
5138,train
5139,train
5140,test
5141,train
5142,test
5143,train
5144,train
5145,test
5146,test
5147,test
5148,train
5149,train
5150,test
5151,test
5152,train
5153,test
5154,train
5155,test
5156,train
5157,train
5158,train
5159,train
5160,train
5161,train
5162,train
5163,test
5164,train
5165,train
5166,train
5167,train
5168,test
5169,test
5170,test
5171,test
5172,train
5173,train
5174,test
5175,test
5176,test
5177,train
5178,train
5179,train
5180,train
5181,train
5182,train
5183,train
5184,train
5185,test
5186,train
5187,test
5188,train
5189,test
5190,test
5191,train
5192,test
5193,train
5194,test
5195,train
5196,train
5197,train
5198,train
5199,test
5200,test
5201,train
5202,test
5203,test
5204,train
5205,test
5206,test
5207,train
5208,test
5209,train
5210,train
5211,train
5212,train
5213,train
5214,test
5215,train
5216,train
5217,test
5218,train
5219,test
5220,train
5221,train
5222,test
5223,train
5224,test
5225,train
5226,test
5227,train
5228,test
5229,test
5230,train
5231,test
5232,train
5233,test
5234,train
5235,train
5236,test
5237,train
5238,train
5239,test
5240,test
5241,train
5242,train
5243,train
5244,train
5245,train
5246,train
5247,test
5248,test
5249,train
5250,train
5251,train
5252,test
5253,train
5254,train
5255,train
5256,train
5257,train
5258,train
5259,train
5260,test
5261,train
5262,test
5263,test
5264,test
5265,train
5266,test
5267,test
5268,train
5269,train
5270,test
5271,train
5272,test
5273,train
5274,train
5275,train
5276,train
5277,train
5278,test
5279,test
5280,train
5281,train
5282,train
5283,train
5284,train
5285,train
5286,test
5287,test
5288,train
5289,train
5290,train
5291,test
5292,train
5293,test
5294,train
5295,train
5296,train
5297,train
5298,test
5299,test
5300,train
5301,train
5302,test
5303,train
5304,train
5305,train
5306,train
5307,test
5308,train
5309,train
5310,train
5311,test
5312,train
5313,train
5314,train
5315,test
5316,test
5317,train
5318,test
5319,test
5320,test
5321,train
5322,train
5323,train
5324,train
5325,test
5326,train
5327,test
5328,train
5329,train
5330,train
5331,test
5332,train
5333,test
5334,test
5335,train
5336,train
5337,train
5338,test
5339,test
5340,train
5341,test
5342,train
5343,test
5344,test
5345,test
5346,test
5347,train
5348,train
5349,train
5350,test
5351,test
5352,test
5353,test
5354,test
5355,test
5356,test
5357,train
5358,test
5359,train
5360,test
5361,test
5362,train
5363,train
5364,train
5365,train
5366,test
5367,train
5368,test
5369,train
5370,train
5371,train
5372,test
5373,test
5374,train
5375,train
5376,test
5377,test
5378,test
5379,train
5380,train
5381,test
5382,train
5383,test
5384,test
5385,train
5386,train
5387,train
5388,train
5389,train
5390,test
5391,train
5392,test
5393,train
5394,test
5395,test
5396,train
5397,train
5398,train
5399,train
5400,test
5401,train
5402,test
5403,train
5404,test
5405,train
5406,train
5407,test
5408,train
5409,test
5410,test
5411,train
5412,train
5413,train
5414,train
5415,train
5416,train
5417,test
5418,test
5419,train
5420,train
5421,train
5422,test
5423,train
5424,train
5425,train
5426,test
5427,train
5428,test
5429,test
5430,train
5431,test
5432,train
5433,train
5434,test
5435,train
5436,train
5437,train
5438,train
5439,train
5440,test
5441,train
5442,test
5443,test
5444,test
5445,test
5446,test
5447,test
5448,train
5449,train
5450,test
5451,test
5452,train
5453,test
5454,train
5455,train
5456,test
5457,test
5458,train
5459,test
5460,train
5461,train
5462,train
5463,test
5464,test
5465,train
5466,train
5467,train
5468,train
5469,test
5470,test
5471,train
5472,test
5473,train
5474,test
5475,train
5476,test
5477,test
5478,train
5479,train
5480,train
5481,train
5482,train
5483,train
5484,train
5485,train
5486,train
5487,test
5488,train
5489,test
5490,train
5491,test
5492,test
5493,test
5494,train
5495,train
5496,train
5497,train
5498,train
5499,train
5500,train
5501,train
5502,test
5503,train
5504,test
5505,test
5506,train
5507,train
5508,test
5509,test
5510,test
5511,train
5512,test
5513,train
5514,test
5515,test
5516,train
5517,train
5518,train
5519,train
5520,test
5521,test
5522,train
5523,test
5524,test
5525,train
5526,train
5527,train
5528,test
5529,train
5530,test
5531,train
5532,train
5533,train
5534,train
5535,train
5536,train
5537,train
5538,train
5539,train
5540,train
5541,train
5542,train
5543,train
5544,train
5545,train
5546,train
5547,train
5548,test
5549,test
5550,train
5551,train
5552,train
5553,test
5554,train
5555,train
5556,train
5557,train
5558,train
5559,train
5560,test
5561,train
5562,train
5563,train
5564,test
5565,train
5566,test
5567,train
5568,test
5569,test
5570,train
5571,test
5572,train
5573,test
5574,train
5575,test
5576,test
5577,train
5578,train
5579,test
5580,test
5581,train
5582,train
5583,train
5584,train
5585,train
5586,test
5587,train
5588,train
5589,train
5590,test
5591,train
5592,train
5593,train
5594,test
5595,test
5596,test
5597,train
5598,test
5599,train
5600,train
5601,train
5602,test
5603,train
5604,train
5605,test
5606,test
5607,train
5608,train
5609,train
5610,test
5611,test
5612,train
5613,train
5614,train
5615,train
5616,train
5617,test
5618,test
5619,test
5620,train
5621,test
5622,test
5623,test
5624,test
5625,train
5626,train
5627,train
5628,test
5629,train
5630,train
5631,test
5632,train
5633,train
5634,train
5635,test
5636,train
5637,train
5638,train
5639,train
5640,train
5641,train
5642,train
5643,train
5644,test
5645,train
5646,train
5647,test
5648,train
5649,test
5650,test
5651,test
5652,train
5653,train
5654,train
5655,train
5656,train
5657,test
5658,test
5659,train
5660,train
5661,test
5662,train
5663,test
5664,train
5665,test
5666,train
5667,train
5668,test
5669,train
5670,test
5671,test
5672,test
5673,train
5674,train
5675,train
5676,train
5677,train
5678,train
5679,test
5680,train
5681,train
5682,train
5683,train
5684,test
5685,train
5686,test
5687,test
5688,test
5689,train
5690,train
5691,train
5692,test
5693,train
5694,test
5695,test
5696,train
5697,train
5698,train
5699,test
5700,train
5701,train
5702,test
5703,test
5704,train
5705,train
5706,train
5707,train
5708,train
5709,test
5710,test
5711,train
5712,train
5713,test
5714,test
5715,train
5716,train
5717,test
5718,train
5719,test
5720,train
5721,test
5722,train
5723,train
5724,test
5725,test
5726,train
5727,test
5728,train
5729,train
5730,test
5731,test
5732,test
5733,test
5734,train
5735,train
5736,test
5737,train
5738,test
5739,train
5740,train
5741,train
5742,train
5743,train
5744,train
5745,train
5746,test
5747,test
5748,test
5749,train
5750,train
5751,train
5752,train
5753,test
5754,test
5755,train
5756,train
5757,test
5758,train
5759,train
5760,test
5761,test
5762,test
5763,train
5764,train
5765,test
5766,test
5767,train
5768,test
5769,test
5770,train
5771,train
5772,test
5773,train
5774,train
5775,train
5776,test
5777,train
5778,train
5779,train
5780,test
5781,test
5782,train
5783,train
5784,test
5785,test
5786,train
5787,train
5788,train
5789,test
5790,train
5791,train
5792,train
5793,train
5794,test
5795,train
5796,train
5797,train
5798,test
5799,test
5800,test
5801,train
5802,test
5803,train
5804,train
5805,train
5806,train
5807,test
5808,train
5809,train
5810,train
5811,train
5812,train
5813,train
5814,test
5815,test
5816,test
5817,train
5818,train
5819,train
5820,test
5821,train
5822,train
5823,train
5824,test
5825,test
5826,test
5827,train
5828,train
5829,test
5830,train
5831,test
5832,test
5833,test
5834,train
5835,train
5836,test
5837,train
5838,test
5839,train
5840,train
5841,train
5842,train
5843,test
5844,train
5845,train
5846,train
5847,test
5848,train
5849,train
5850,test
5851,test
5852,test
5853,train
5854,train
5855,train
5856,test
5857,train
5858,test
5859,test
5860,test
5861,train
5862,train
5863,test
5864,train
5865,train
5866,test
5867,test
5868,train
5869,train
5870,train
5871,test
5872,train
5873,train
5874,train
5875,test
5876,train
5877,train
5878,train
5879,test
5880,test
5881,train
5882,test
5883,train
5884,test
5885,test
5886,train
5887,test
5888,train
5889,train
5890,train
5891,test
5892,train
5893,test
5894,train
5895,test
5896,train
5897,test
5898,train
5899,test
5900,train
5901,train
5902,test
5903,train
5904,train
5905,train
5906,test
5907,train
5908,train
5909,train
5910,train
5911,train
5912,train
5913,test
5914,test
5915,train
5916,test
5917,test
5918,train
5919,test
5920,test
5921,test
5922,train
5923,train
5924,train
5925,train
5926,train
5927,test
5928,train
5929,test
5930,train
5931,train
5932,train
5933,test
5934,train
5935,train
5936,train
5937,train
5938,train
5939,train
5940,test
5941,test
5942,test
5943,train
5944,test
5945,train
5946,train
5947,train
5948,train
5949,train
5950,train
5951,train
5952,test
5953,test
5954,train
5955,test
5956,test
5957,train
5958,test
5959,train
5960,train
5961,train
5962,train
5963,train
5964,train
5965,test
5966,train
5967,test
5968,test
5969,test
5970,test
5971,train
5972,test
5973,train
5974,train
5975,test
5976,train
5977,train
5978,train
5979,train
5980,test
5981,train
5982,train
5983,test
5984,train
5985,train
5986,train
5987,test
5988,test
5989,test
5990,test
5991,train
5992,train
5993,train
5994,train
5995,train
5996,test
5997,train
5998,test
5999,train
6000,train
6001,test
6002,train
6003,train
6004,train
6005,train
6006,train
6007,train
6008,train
6009,train
6010,test
6011,train
6012,train
6013,train
6014,train
6015,test
6016,test
6017,train
6018,train
6019,train
6020,train
6021,train
6022,test
6023,train
6024,test
6025,train
6026,train
6027,train
6028,train
6029,train
6030,test
6031,train
6032,test
6033,train
6034,train
6035,train
6036,test
6037,train
6038,train
6039,train
6040,test
6041,train
6042,test
6043,test
6044,train
6045,train
6046,train
6047,train
6048,test
6049,test
6050,test
6051,train
6052,train
6053,test
6054,train
6055,test
6056,train
6057,test
6058,test
6059,train
6060,test
6061,train
6062,train
6063,train
6064,test
6065,train
6066,test
6067,train
6068,train
6069,train
6070,train
6071,test
6072,test
6073,test
6074,train
6075,test
6076,test
6077,test
6078,test
6079,train
6080,train
6081,test
6082,test
6083,test
6084,train
6085,train
6086,train
6087,test
6088,test
6089,train
6090,test
6091,train
6092,train
6093,train
6094,train
6095,test
6096,test
6097,train
6098,train
6099,test
6100,test
6101,test
6102,train
6103,train
6104,test
6105,test
6106,train
6107,test
6108,train
6109,test
6110,test
6111,train
6112,train
6113,train
6114,test
6115,train
6116,train
6117,train
6118,train
6119,train
6120,train
6121,train
6122,test
6123,train
6124,train
6125,train
6126,test
6127,test
6128,train
6129,train
6130,train
6131,train
6132,train
6133,test
6134,train
6135,train
6136,train
6137,train
6138,train
6139,train
6140,train
6141,train
6142,train
6143,train
6144,train
6145,test
6146,test
6147,train
6148,train
6149,train
6150,train
6151,test
6152,train
6153,train
6154,train
6155,test
6156,test
6157,train
6158,train
6159,train
6160,test
6161,test
6162,train
6163,train
6164,train
6165,train
6166,test
6167,train
6168,test
6169,train
6170,test
6171,train
6172,train
6173,test
6174,test
6175,train
6176,train
6177,train
6178,train
6179,train
6180,test
6181,test
6182,test
6183,test
6184,test
6185,train
6186,train
6187,train
6188,train
6189,test
6190,test
6191,train
6192,test
6193,test
6194,test
6195,test
6196,train
6197,test
6198,test
6199,train
6200,test
6201,test
6202,train
6203,train
6204,train
6205,test
6206,test
6207,test
6208,test
6209,train
6210,train
6211,train
6212,test
6213,test
6214,train
6215,train
6216,train
6217,train
6218,train
6219,test
6220,train
6221,test
6222,train
6223,test
6224,train
6225,test
6226,train
6227,train
6228,test
6229,test
6230,test
6231,train
6232,test
6233,test
6234,train
6235,train
6236,train
6237,train
6238,train
6239,train
6240,test
6241,train
6242,train
6243,test
6244,train
6245,train
6246,train
6247,train
6248,train
6249,train
6250,test
6251,train
6252,test
6253,train
6254,train
6255,test
6256,test
6257,test
6258,test
6259,train
6260,test
6261,train
6262,train
6263,test
6264,train
6265,train
6266,train
6267,train
6268,test
6269,train
6270,train
6271,test
6272,train
6273,train
6274,train
6275,test
6276,train
6277,train
6278,train
6279,train
6280,test
6281,train
6282,train
6283,train
6284,test
6285,test
6286,test
6287,test
6288,test
6289,train
6290,train
6291,train
6292,train
6293,test
6294,train
6295,test
6296,train
6297,test
6298,test
6299,test
6300,train
6301,train
6302,train
6303,train
6304,train
6305,train
6306,test
6307,train
6308,test
6309,test
6310,test
6311,train
6312,train
6313,test
6314,train
6315,train
6316,train
6317,train
6318,test
6319,train
6320,train
6321,train
6322,test
6323,test
6324,train
6325,train
6326,test
6327,test
6328,train
6329,test
6330,test
6331,train
6332,train
6333,train
6334,test
6335,test
6336,train
6337,test
6338,train
6339,test
6340,train
6341,train
6342,test
6343,train
6344,train
6345,test
6346,test
6347,test
6348,train
6349,test
6350,train
6351,test
6352,train
6353,test
6354,train
6355,test
6356,train
6357,train
6358,test
6359,test
6360,test
6361,train
6362,train
6363,train
6364,test
6365,train
6366,train
6367,train
6368,train
6369,train
6370,train
6371,test
6372,train
6373,train
6374,train
6375,test
6376,train
6377,test
6378,train
6379,train
6380,train
6381,train
6382,train
6383,train
6384,test
6385,train
6386,train
6387,test
6388,train
6389,train
6390,test
6391,train
6392,test
6393,train
6394,train
6395,test
6396,test
6397,train
6398,train
6399,train
6400,train
6401,train
6402,test
6403,test
6404,test
6405,train
6406,train
6407,test
6408,train
6409,test
6410,test
6411,test
6412,train
6413,test
6414,train
6415,train
6416,test
6417,train
6418,test
6419,test
6420,test
6421,train
6422,train
6423,train
6424,train
6425,train
6426,train
6427,train
6428,train
6429,test
6430,test
6431,train
6432,train
6433,train
6434,train
6435,train
6436,test
6437,train
6438,test
6439,train
6440,train
6441,train
6442,train
6443,train
6444,train
6445,test
6446,test
6447,train
6448,test
6449,train
6450,test
6451,train
6452,train
6453,test
6454,test
6455,test
6456,train
6457,test
6458,train
6459,test
6460,train
6461,train
6462,train
6463,train
6464,train
6465,test
6466,train
6467,train
6468,train
6469,test
6470,train
6471,train
6472,train
6473,train
6474,train
6475,train
6476,train
6477,test
6478,train
6479,test
6480,test
6481,test
6482,train
6483,train
6484,test
6485,train
6486,train
6487,test
6488,test
6489,train
6490,train
6491,train
6492,train
6493,train
6494,train
6495,train
6496,train
6497,train
6498,train
6499,test
6500,test
6501,train
6502,test
6503,test
6504,train
6505,train
6506,train
6507,test
6508,train
6509,train
6510,train
6511,train
6512,train
6513,train
6514,test
6515,train
6516,train
6517,test
6518,train
6519,train
6520,train
6521,train
6522,train
6523,test
6524,test
6525,test
6526,train
6527,test
6528,train
6529,train
6530,train
6531,test
6532,train
6533,train
6534,test
6535,train
6536,train
6537,train
6538,test
6539,train
6540,train
6541,test
6542,test
6543,train
6544,train
6545,train
6546,train
6547,test
6548,test
6549,test
6550,train
6551,test
6552,test
6553,train
6554,test
6555,test
6556,train
6557,test
6558,train
6559,train
6560,test
6561,train
6562,train
6563,train
6564,test
6565,train
6566,test
6567,train
6568,train
6569,train
6570,test
6571,train
6572,train
6573,test
6574,train
6575,test
6576,test
6577,train
6578,test
6579,train
6580,train
6581,test
6582,train
6583,train
6584,test
6585,train
6586,test
6587,train
6588,test
6589,train
6590,train
6591,test
6592,train
6593,test
6594,train
6595,test
6596,train
6597,test
6598,test
6599,test
6600,test
6601,train
6602,test
6603,test
6604,test
6605,test
6606,test
6607,test
6608,train
6609,train
6610,test
6611,train
6612,test
6613,test
6614,test
6615,test
6616,train
6617,train
6618,test
6619,test
6620,train
6621,train
6622,test
6623,test
6624,test
6625,test
6626,train
6627,train
6628,train
6629,train
6630,train
6631,train
6632,train
6633,test
6634,train
6635,test
6636,test
6637,test
6638,train
6639,train
6640,test
6641,train
6642,test
6643,train
6644,train
6645,train
6646,train
6647,test
6648,test
6649,train
6650,train
6651,test
6652,train
6653,train
6654,test
6655,train
6656,test
6657,train
6658,train
6659,train
6660,test
6661,train
6662,train
6663,test
6664,train
6665,test
6666,test
6667,test
6668,train
6669,train
6670,train
6671,train
6672,train
6673,train
6674,test
6675,test
6676,train
6677,test
6678,test
6679,train
6680,test
6681,train
6682,train
6683,test
6684,train
6685,train
6686,train
6687,train
6688,train
6689,test
6690,train
6691,test
6692,test
6693,train
6694,train
6695,test
6696,train
6697,test
6698,test
6699,train
6700,test
6701,train
6702,test
6703,test
6704,train
6705,train
6706,test
6707,train
6708,test
6709,train
6710,train
6711,train
6712,test
6713,train
6714,train
6715,train
6716,train
6717,train
6718,test
6719,train
6720,test
6721,train
6722,train
6723,test
6724,train
6725,test
6726,train
6727,test
6728,test
6729,train
6730,test
6731,train
6732,train
6733,train
6734,train
6735,test
6736,train
6737,test
6738,train
6739,test
6740,test
6741,train
6742,train
6743,train
6744,test
6745,test
6746,test
6747,train
6748,train
6749,train
6750,train
6751,train
6752,train
6753,train
6754,train
6755,test
6756,test
6757,train
6758,test
6759,test
6760,train
6761,test
6762,train
6763,test
6764,train
6765,train
6766,train
6767,test
6768,train
6769,test
6770,train
6771,train
6772,test
6773,train
6774,test
6775,test
6776,train
6777,train
6778,test
6779,train
6780,train
6781,train
6782,test
6783,train
6784,test
6785,train
6786,test
6787,test
6788,train
6789,train
6790,train
6791,train
6792,train
6793,test
6794,train
6795,train
6796,train
6797,test
6798,train
6799,test
6800,test
6801,test
6802,train
6803,test
6804,train
6805,train
6806,train
6807,test
6808,train
6809,test
6810,train
6811,train
6812,train
6813,train
6814,test
6815,train
6816,train
6817,train
6818,test
6819,train
6820,test
6821,train
6822,train
6823,test
6824,test
6825,test
6826,train
6827,test
6828,train
6829,train
6830,train
6831,train
6832,train
6833,train
6834,test
6835,train
6836,test
6837,train
6838,train
6839,test
6840,test
6841,train
6842,test
6843,train
6844,test
6845,test
6846,train
6847,train
6848,test
6849,train
6850,train
6851,train
6852,train
6853,test
6854,train
6855,train
6856,train
6857,test
6858,test
6859,test
6860,test
6861,test
6862,test
6863,train
6864,test
6865,train
6866,train
6867,test
6868,test
6869,test
6870,test
6871,train
6872,train
6873,train
6874,test
6875,test
6876,test
6877,test
6878,test
6879,train
6880,test
6881,train
6882,test
6883,test
6884,train
6885,train
6886,train
6887,train
6888,train
6889,train
6890,train
6891,test
6892,test
6893,train
6894,train
6895,test
6896,train
6897,train
6898,test
6899,train
6900,test
6901,test
6902,train
6903,train
6904,train
6905,test
6906,train
6907,train
6908,test
6909,train
6910,train
6911,train
6912,test
6913,train
6914,test
6915,train
6916,train
6917,train
6918,train
6919,train
6920,test
6921,train
6922,train
6923,train
6924,test
6925,train
6926,train
6927,train
6928,test
6929,train
6930,train
6931,train
6932,test
6933,train
6934,test
6935,train
6936,test
6937,train
6938,test
6939,test
6940,train
6941,train
6942,train
6943,test
6944,test
6945,test
6946,train
6947,train
6948,test
6949,test
6950,train
6951,test
6952,train
6953,test
6954,train
6955,test
6956,test
6957,train
6958,test
6959,train
6960,train
6961,train
6962,train
6963,train
6964,test
6965,test
6966,train
6967,train
6968,train
6969,train
6970,test
6971,train
6972,train
6973,train
6974,test
6975,test
6976,train
6977,test
6978,train
6979,test
6980,train
6981,test
6982,test
6983,test
6984,test
6985,train
6986,train
6987,train
6988,test
6989,train
6990,train
6991,test
6992,test
6993,train
6994,test
6995,test
6996,train
6997,test
6998,train
6999,train
7000,train
7001,test
7002,train
7003,test
7004,test
7005,test
7006,train
7007,train
7008,test
7009,train
7010,test
7011,test
7012,test
7013,train
7014,train
7015,train
7016,train
7017,test
7018,test
7019,test
7020,test
7021,train
7022,test
7023,train
7024,train
7025,train
7026,test
7027,test
7028,train
7029,train
7030,train
7031,train
7032,train
7033,train
7034,test
7035,train
7036,train
7037,test
7038,train
7039,train
7040,train
7041,test
7042,train
7043,train
7044,train
7045,train
7046,test
7047,train
7048,test
7049,train
7050,test
7051,train
7052,train
7053,train
7054,test
7055,train
7056,train
7057,train
7058,test
7059,test
7060,train
7061,test
7062,train
7063,train
7064,train
7065,train
7066,test
7067,test
7068,train
7069,test
7070,train
7071,train
7072,train
7073,train
7074,train
7075,train
7076,train
7077,test
7078,test
7079,train
7080,train
7081,train
7082,test
7083,test
7084,test
7085,train
7086,test
7087,test
7088,train
7089,train
7090,train
7091,train
7092,train
7093,train
7094,test
7095,test
7096,train
7097,train
7098,test
7099,test
7100,test
7101,test
7102,train
7103,train
7104,train
7105,train
7106,train
7107,train
7108,train
7109,test
7110,test
7111,test
7112,train
7113,test
7114,test
7115,train
7116,train
7117,test
7118,train
7119,test
7120,train
7121,train
7122,train
7123,test
7124,test
7125,train
7126,train
7127,test
7128,test
7129,test
7130,test
7131,test
7132,test
7133,train
7134,train
7135,test
7136,train
7137,test
7138,train
7139,train
7140,test
7141,train
7142,test
7143,test
7144,train
7145,train
7146,test
7147,train
7148,train
7149,test
7150,test
7151,test
7152,train
7153,train
7154,test
7155,train
7156,test
7157,test
7158,train
7159,test
7160,train
7161,train
7162,train
7163,test
7164,test
7165,test
7166,train
7167,train
7168,train
7169,train
7170,test
7171,train
7172,train
7173,train
7174,train
7175,test
7176,test
7177,train
7178,train
7179,train
7180,train
7181,test
7182,train
7183,train
7184,test
7185,test
7186,train
7187,test
7188,train
7189,train
7190,train
7191,train
7192,train
7193,train
7194,train
7195,train
7196,train
7197,train
7198,train
7199,train
7200,train
7201,train
7202,train
7203,test
7204,train
7205,test
7206,train
7207,test
7208,train
7209,test
7210,train
7211,train
7212,train
7213,train
7214,train
7215,test
7216,train
7217,test
7218,train
7219,train
7220,train
7221,train
7222,train
7223,test
7224,train
7225,train
7226,train
7227,test
7228,train
7229,train
7230,train
7231,test
7232,train
7233,train
7234,train
7235,test
7236,test
7237,test
7238,test
7239,train
7240,test
7241,train
7242,test
7243,train
7244,train
7245,test
7246,test
7247,test
7248,test
7249,test
7250,test
7251,train
7252,train
7253,test
7254,train
7255,train
7256,train
7257,train
7258,train
7259,test
7260,test
7261,train
7262,test
7263,train
7264,train
7265,test
7266,test
7267,train
7268,test
7269,train
7270,train
7271,train
7272,train
7273,train
7274,test
7275,test
7276,test
7277,train
7278,test
7279,test
7280,train
7281,train
7282,test
7283,train
7284,train
7285,train
7286,test
7287,test
7288,train
7289,test
7290,train
7291,train
7292,train
7293,train
7294,test
7295,test
7296,test
7297,test
7298,train
7299,test
7300,train
7301,test
7302,test
7303,test
7304,test
7305,test
7306,train
7307,train
7308,test
7309,test
7310,train
7311,test
7312,test
7313,train
7314,train
7315,train
7316,train
7317,train
7318,test
7319,test
7320,train
7321,train
7322,train
7323,test
7324,test
7325,test
7326,train
7327,test
7328,test
7329,test
7330,train
7331,train
7332,train
7333,test
7334,test
7335,train
7336,train
7337,test
7338,test
7339,test
7340,train
7341,train
7342,test
7343,test
7344,test
7345,train
7346,train
7347,train
7348,train
7349,test
7350,train
7351,test
7352,train
7353,train
7354,train
7355,train
7356,train
7357,train
7358,train
7359,test
7360,test
7361,train
7362,train
7363,test
7364,test
7365,train
7366,test
7367,test
7368,test
7369,test
7370,test
7371,train
7372,train
7373,test
7374,test
7375,train
7376,train
7377,test
7378,test
7379,train
7380,train
7381,train
7382,train
7383,test
7384,train
7385,test
7386,test
7387,train
7388,train
7389,train
7390,test
7391,test
7392,train
7393,test
7394,test
7395,train
7396,train
7397,train
7398,test
7399,test
7400,train
7401,test
7402,train
7403,train
7404,test
7405,train
7406,train
7407,test
7408,train
7409,test
7410,test
7411,test
7412,test
7413,train
7414,train
7415,train
7416,train
7417,train
7418,test
7419,train
7420,train
7421,train
7422,test
7423,test
7424,train
7425,test
7426,train
7427,train
7428,test
7429,train
7430,train
7431,test
7432,test
7433,test
7434,train
7435,test
7436,train
7437,test
7438,train
7439,train
7440,train
7441,test
7442,test
7443,train
7444,train
7445,train
7446,test
7447,train
7448,train
7449,train
7450,test
7451,test
7452,train
7453,test
7454,train
7455,train
7456,train
7457,test
7458,train
7459,train
7460,test
7461,test
7462,train
7463,train
7464,train
7465,train
7466,train
7467,train
7468,train
7469,test
7470,test
7471,train
7472,test
7473,test
7474,train
7475,train
7476,train
7477,train
7478,test
7479,train
7480,test
7481,train
7482,train
7483,test
7484,train
7485,test
7486,test
7487,test
7488,test
7489,test
7490,test
7491,train
7492,test
7493,train
7494,test
7495,test
7496,test
7497,test
7498,train
7499,train
7500,train
7501,train
7502,train
7503,train
7504,train
7505,train
7506,test
7507,train
7508,test
7509,test
7510,train
7511,test
7512,test
7513,test
7514,train
7515,test
7516,test
7517,train
7518,test
7519,test
7520,train
7521,train
7522,test
7523,test
7524,train
7525,test
7526,train
7527,train
7528,test
7529,test
7530,test
7531,train
7532,train
7533,train
7534,train
7535,test
7536,test
7537,train
7538,train
7539,test
7540,train
7541,test
7542,train
7543,test
7544,train
7545,test
7546,test
7547,train
7548,train
7549,train
7550,test
7551,train
7552,train
7553,test
7554,train
7555,test
7556,train
7557,test
7558,train
7559,test
7560,train
7561,test
7562,train
7563,test
7564,train
7565,test
7566,train
7567,test
7568,train
7569,train
7570,train
7571,train
7572,train
7573,train
7574,test
7575,train
7576,train
7577,test
7578,test
7579,test
7580,train
7581,train
7582,train
7583,train
7584,train
7585,test
7586,test
7587,test
7588,train
7589,train
7590,train
7591,train
7592,test
7593,train
7594,train
7595,test
7596,train
7597,train
7598,train
7599,train
7600,train
7601,test
7602,train
7603,train
7604,train
7605,train
7606,train
7607,train
7608,test
7609,test
7610,test
7611,train
7612,train
7613,test
7614,train
7615,test
7616,test
7617,test
7618,train
7619,train
7620,train
7621,test
7622,test
7623,train
7624,train
7625,train
7626,train
7627,train
7628,test
7629,test
7630,train
7631,train
7632,train
7633,train
7634,train
7635,train
7636,train
7637,train
7638,test
7639,test
7640,train
7641,train
7642,train
7643,test
7644,train
7645,train
7646,train
7647,test
7648,test
7649,train
7650,test
7651,train
7652,test
7653,test
7654,train
7655,test
7656,train
7657,train
7658,test
7659,train
7660,train
7661,train
7662,test
7663,test
7664,train
7665,test
7666,train
7667,train
7668,train
7669,test
7670,train
7671,train
7672,test
7673,train
7674,test
7675,test
7676,train
7677,test
7678,train
7679,train
7680,test
7681,test
7682,train
7683,train
7684,train
7685,test
7686,train
7687,train
7688,train
7689,train
7690,train
7691,train
7692,test
7693,test
7694,train
7695,test
7696,test
7697,test
7698,train
7699,train
7700,test
7701,train
7702,train
7703,test
7704,train
7705,train
7706,train
7707,train
7708,test
7709,test
7710,train
7711,test
7712,train
7713,test
7714,train
7715,train
7716,test
7717,test
7718,train
7719,test
7720,train
7721,train
7722,train
7723,test
7724,train
7725,train
7726,train
7727,test
7728,test
7729,train
7730,train
7731,train
7732,train
7733,train
7734,train
7735,test
7736,test
7737,train
7738,test
7739,train
7740,train
7741,test
7742,test
7743,train
7744,train
7745,test
7746,train
7747,train
7748,train
7749,train
7750,train
7751,train
7752,train
7753,test
7754,test
7755,train
7756,test
7757,train
7758,test
7759,test
7760,train
7761,train
7762,test
7763,train
7764,train
7765,test
7766,train
7767,train
7768,test
7769,test
7770,test
7771,test
7772,train
7773,test
7774,test
7775,test
7776,train
7777,test
7778,test
7779,train
7780,test
7781,train
7782,test
7783,test
7784,train
7785,train
7786,test
7787,train
7788,test
7789,test
7790,test
7791,train
7792,train
7793,train
7794,test
7795,test
7796,train
7797,test
7798,test
7799,test
7800,train
7801,train
7802,test
7803,train
7804,test
7805,test
7806,train
7807,test
7808,train
7809,train
7810,test
7811,test
7812,test
7813,train
7814,train
7815,train
7816,train
7817,train
7818,test
7819,test
7820,train
7821,train
7822,train
7823,test
7824,train
7825,test
7826,test
7827,test
7828,test
7829,train
7830,train
7831,train
7832,test
7833,train
7834,train
7835,test
7836,train
7837,train
7838,test
7839,train
7840,train
7841,train
7842,train
7843,train
7844,test
7845,test
7846,test
7847,test
7848,train
7849,train
7850,train
7851,train
7852,train
7853,train
7854,test
7855,train
7856,test
7857,train
7858,train
7859,test
7860,train
7861,test
7862,train
7863,train
7864,test
7865,test
7866,test
7867,test
7868,train
7869,train
7870,train
7871,train
7872,train
7873,test
7874,train
7875,test
7876,train
7877,train
7878,test
7879,train
7880,train
7881,test
7882,train
7883,train
7884,test
7885,test
7886,test
7887,test
7888,train
7889,test
7890,train
7891,train
7892,test
7893,train
7894,train
7895,train
7896,train
7897,train
7898,train
7899,test
7900,train
7901,test
7902,train
7903,test
7904,train
7905,train
7906,test
7907,train
7908,test
7909,train
7910,test
7911,train
7912,test
7913,train
7914,train
7915,train
7916,train
7917,test
7918,train
7919,train
7920,train
7921,test
7922,train
7923,train
7924,train
7925,test
7926,train
7927,train
7928,test
7929,train
7930,test
7931,train
7932,train
7933,train
7934,train
7935,train
7936,test
7937,train
7938,train
7939,test
7940,test
7941,train
7942,test
7943,train
7944,train
7945,test
7946,train
7947,test
7948,train
7949,train
7950,train
7951,test
7952,train
7953,test
7954,test
7955,test
7956,test
7957,train
7958,test
7959,test
7960,test
7961,train
7962,train
7963,test
7964,train
7965,train
7966,train
7967,train
7968,train
7969,test
7970,train
7971,train
7972,test
7973,train
7974,test
7975,test
7976,test
7977,test
7978,train
7979,train
7980,train
7981,train
7982,test
7983,train
7984,test
7985,train
7986,train
7987,test
7988,train
7989,test
7990,test
7991,test
7992,test
7993,train
7994,train
7995,train
7996,train
7997,test
7998,train
7999,train
8000,train
8001,train
8002,train
8003,train
8004,train
8005,test
8006,train
8007,train
8008,test
8009,train
8010,train
8011,train
8012,train
8013,train
8014,train
8015,train
8016,train
8017,test
8018,train
8019,test
8020,train
8021,train
8022,test
8023,train
8024,test
8025,test
8026,test
8027,test
8028,test
8029,train
8030,test
8031,test
8032,test
8033,train
8034,train
8035,test
8036,train
8037,train
8038,train
8039,train
8040,train
8041,train
8042,train
8043,train
8044,test
8045,test
8046,train
8047,test
8048,train
8049,test
8050,train
8051,test
8052,test
8053,train
8054,test
8055,test
8056,train
8057,train
8058,train
8059,test
8060,test
8061,train
8062,test
8063,test
8064,train
8065,train
8066,train
8067,train
8068,train
8069,train
8070,train
8071,train
8072,train
8073,train
8074,test
8075,test
8076,train
8077,train
8078,train
8079,train
8080,test
8081,test
8082,train
8083,train
8084,train
8085,train
8086,test
8087,train
8088,train
8089,test
8090,test
8091,train
8092,train
8093,test
8094,test
8095,train
8096,train
8097,train
8098,test
8099,test
8100,test
8101,test
8102,train
8103,train
8104,train
8105,train
8106,train
8107,train
8108,train
8109,test
8110,test
8111,train
8112,train
8113,train
8114,train
8115,train
8116,test
8117,train
8118,train
8119,test
8120,train
8121,test
8122,test
8123,test
8124,test
8125,train
8126,train
8127,train
8128,test
8129,test
8130,train
8131,test
8132,test
8133,test
8134,test
8135,test
8136,train
8137,train
8138,train
8139,train
8140,test
8141,test
8142,train
8143,test
8144,train
8145,test
8146,test
8147,test
8148,train
8149,train
8150,test
8151,train
8152,test
8153,train
8154,train
8155,test
8156,test
8157,train
8158,test
8159,test
8160,train
8161,train
8162,test
8163,train
8164,test
8165,train
8166,train
8167,train
8168,train
8169,train
8170,train
8171,test
8172,train
8173,train
8174,train
8175,test
8176,train
8177,train
8178,test
8179,train
8180,test
8181,test
8182,train
8183,test
8184,train
8185,train
8186,test
8187,train
8188,test
8189,test
8190,train
8191,test
8192,test
8193,train
8194,train
8195,test
8196,test
8197,train
8198,train
8199,train
8200,train
8201,test
8202,test
8203,train
8204,train
8205,train
8206,train
8207,train
8208,test
8209,train
8210,train
8211,test
8212,test
8213,test
8214,test
8215,test
8216,train
8217,test
8218,test
8219,test
8220,train
8221,train
8222,train
8223,test
8224,train
8225,train
8226,test
8227,test
8228,train
8229,train
8230,train
8231,test
8232,test
8233,train
8234,train
8235,train
8236,train
8237,train
8238,test
8239,test
8240,train
8241,train
8242,test
8243,train
8244,test
8245,test
8246,test
8247,train
8248,test
8249,test
8250,train
8251,train
8252,train
8253,train
8254,train
8255,train
8256,train
8257,train
8258,train
8259,test
8260,train
8261,test
8262,train
8263,train
8264,test
8265,test
8266,train
8267,test
8268,train
8269,train
8270,train
8271,train
8272,train
8273,train
8274,train
8275,test
8276,test
8277,train
8278,test
8279,train
8280,test
8281,test
8282,test
8283,train
8284,train
8285,test
8286,train
8287,test
8288,train
8289,train
8290,train
8291,train
8292,train
8293,train
8294,train
8295,train
8296,test
8297,train
8298,test
8299,train
8300,train
8301,train
8302,train
8303,train
8304,test
8305,train
8306,test
8307,test
8308,train
8309,test
8310,test
8311,train
8312,train
8313,test
8314,test
8315,train
8316,train
8317,test
8318,train
8319,test
8320,train
8321,train
8322,test
8323,test
8324,test
8325,test
8326,train
8327,test
8328,train
8329,train
8330,test
8331,test
8332,test
8333,train
8334,train
8335,test
8336,train
8337,train
8338,test
8339,test
8340,train
8341,train
8342,train
8343,train
8344,train
8345,train
8346,train
8347,train
8348,train
8349,train
8350,train
8351,train
8352,train
8353,train
8354,train
8355,train
8356,test
8357,train
8358,train
8359,test
8360,train
8361,test
8362,test
8363,test
8364,test
8365,train
8366,train
8367,test
8368,train
8369,train
8370,train
8371,train
8372,train
8373,test
8374,train
8375,train
8376,test
8377,train
8378,test
8379,train
8380,train
8381,test
8382,train
8383,train
8384,train
8385,train
8386,test
8387,train
8388,test
8389,test
8390,train
8391,train
8392,test
8393,train
8394,train
8395,test
8396,test
8397,train
8398,train
8399,train
8400,train
8401,test
8402,train
8403,test
8404,train
8405,test
8406,train
8407,test
8408,train
8409,test
8410,test
8411,train
8412,test
8413,train
8414,train
8415,test
8416,test
8417,test
8418,train
8419,train
8420,train
8421,test
8422,test
8423,test
8424,test
8425,train
8426,test
8427,test
8428,test
8429,train
8430,test
8431,train
8432,test
8433,test
8434,train
8435,train
8436,test
8437,train
8438,train
8439,train
8440,train
8441,train
8442,train
8443,test
8444,train
8445,train
8446,train
8447,train
8448,test
8449,train
8450,train
8451,test
8452,test
8453,train
8454,train
8455,test
8456,test
8457,test
8458,train
8459,test
8460,train
8461,train
8462,train
8463,train
8464,test
8465,test
8466,test
8467,test
8468,test
8469,test
8470,train
8471,test
8472,test
8473,train
8474,train
8475,test
8476,train
8477,train
8478,test
8479,test
8480,train
8481,train
8482,test
8483,train
8484,train
8485,test
8486,train
8487,test
8488,train
8489,train
8490,test
8491,train
8492,test
8493,train
8494,test
8495,train
8496,test
8497,train
8498,train
8499,test
8500,train
8501,test
8502,test
8503,train
8504,train
8505,train
8506,test
8507,train
8508,train
8509,train
8510,test
8511,test
8512,train
8513,train
8514,train
8515,train
8516,train
8517,train
8518,test
8519,train
8520,train
8521,train
8522,train
8523,train
8524,train
8525,train
8526,test
8527,train
8528,test
8529,train
8530,test
8531,train
8532,test
8533,train
8534,test
8535,test
8536,test
8537,train
8538,test
8539,train
8540,test
8541,test
8542,train
8543,train
8544,test
8545,train
8546,test
8547,test
8548,train
8549,train
8550,train
8551,test
8552,train
8553,test
8554,train
8555,train
8556,test
8557,train
8558,train
8559,train
8560,test
8561,test
8562,test
8563,train
8564,train
8565,train
8566,train
8567,test
8568,test
8569,test
8570,test
8571,train
8572,train
8573,test
8574,train
8575,train
8576,train
8577,test
8578,train
8579,train
8580,train
8581,test
8582,test
8583,test
8584,test
8585,train
8586,test
8587,test
8588,test
8589,test
8590,train
8591,test
8592,train
8593,train
8594,test
8595,train
8596,test
8597,test
8598,train
8599,train
8600,train
8601,train
8602,train
8603,train
8604,test
8605,test
8606,test
8607,train
8608,test
8609,train
8610,train
8611,train
8612,train
8613,train
8614,train
8615,test
8616,train
8617,train
8618,train
8619,test
8620,train
8621,test
8622,test
8623,test
8624,train
8625,train
8626,test
8627,test
8628,test
8629,test
8630,test
8631,train
8632,test
8633,train
8634,train
8635,test
8636,test
8637,train
8638,test
8639,test
8640,train
8641,train
8642,test
8643,train
8644,test
8645,train
8646,train
8647,train
8648,test
8649,train
8650,test
8651,test
8652,train
8653,test
8654,train
8655,train
8656,train
8657,train
8658,test
8659,train
8660,train
8661,train
8662,test
8663,train
8664,test
8665,train
8666,test
8667,test
8668,test
8669,train
8670,test
8671,train
8672,train
8673,train
8674,test
8675,test
8676,test
8677,test
8678,train
8679,train
8680,test
8681,train
8682,test
8683,train
8684,train
8685,train
8686,train
8687,train
8688,train
8689,test
8690,test
8691,test
8692,test
8693,train
8694,train
8695,train
8696,test
8697,train
8698,train
8699,train
8700,train
8701,train
8702,train
8703,train
8704,train
8705,test
8706,test
8707,train
8708,test
8709,test
8710,train
8711,test
8712,test
8713,train
8714,test
8715,train
8716,train
8717,test
8718,test
8719,train
8720,test
8721,test
8722,train
8723,test
8724,train
8725,test
8726,train
8727,test
8728,train
8729,train
8730,test
8731,train
8732,train
8733,train
8734,train
8735,train
8736,test
8737,train
8738,test
8739,train
8740,train
8741,test
8742,train
8743,train
8744,test
8745,train
8746,test
8747,test
8748,test
8749,test
8750,test
8751,train
8752,train
8753,test
8754,train
8755,train
8756,train
8757,test
8758,train
8759,train
8760,train
8761,test
8762,train
8763,train
8764,train
8765,test
8766,train
8767,test
8768,train
8769,train
8770,train
8771,train
8772,train
8773,train
8774,train
8775,test
8776,test
8777,test
8778,test
8779,train
8780,test
8781,train
8782,train
8783,test
8784,train
8785,train
8786,train
8787,train
8788,test
8789,train
8790,train
8791,train
8792,test
8793,train
8794,test
8795,test
8796,test
8797,train
8798,train
8799,test
8800,train
8801,train
8802,train
8803,test
8804,test
8805,test
8806,train
8807,train
8808,train
8809,test
8810,test
8811,test
8812,train
8813,train
8814,train
8815,test
8816,test
8817,train
8818,train
8819,test
8820,train
8821,train
8822,test
8823,train
8824,test
8825,train
8826,test
8827,train
8828,train
8829,train
8830,train
8831,test
8832,train
8833,train
8834,test
8835,test
8836,test
8837,train
8838,train
8839,train
8840,test
8841,train
8842,train
8843,train
8844,train
8845,train
8846,train
8847,train
8848,test
8849,test
8850,train
8851,train
8852,train
8853,test
8854,train
8855,train
8856,train
8857,test
8858,train
8859,test
8860,train
8861,test
8862,train
8863,train
8864,train
8865,train
8866,test
8867,test
8868,train
8869,test
8870,train
8871,test
8872,test
8873,train
8874,train
8875,train
8876,train
8877,test
8878,test
8879,train
8880,train
8881,test
8882,test
8883,test
8884,train
8885,train
8886,test
8887,test
8888,test
8889,train
8890,test
8891,train
8892,test
8893,train
8894,test
8895,test
8896,train
8897,train
8898,test
8899,test
8900,train
8901,test
8902,train
8903,train
8904,train
8905,train
8906,train
8907,train
8908,train
8909,train
8910,train
8911,train
8912,test
8913,train
8914,train
8915,train
8916,train
8917,test
8918,train
8919,test
8920,test
8921,train
8922,test
8923,train
8924,test
8925,test
8926,train
8927,train
8928,test
8929,train
8930,test
8931,test
8932,train
8933,test
8934,test
8935,train
8936,test
8937,train
8938,train
8939,train
8940,train
8941,train
8942,test
8943,train
8944,test
8945,train
8946,train
8947,test
8948,train
8949,train
8950,train
8951,train
8952,test
8953,test
8954,train
8955,train
8956,test
8957,train
8958,test
8959,train
8960,train
8961,test
8962,train
8963,train
8964,train
8965,test
8966,train
8967,test
8968,train
8969,test
8970,train
8971,test
8972,train
8973,test
8974,train
8975,test
8976,test
8977,train
8978,train
8979,test
8980,train
8981,test
8982,train
8983,test
8984,train
8985,train
8986,test
8987,train
8988,train
8989,train
8990,train
8991,train
8992,train
8993,test
8994,train
8995,test
8996,test
8997,test
8998,train
8999,train
9000,test
9001,train
9002,test
9003,test
9004,test
9005,train
9006,train
9007,train
9008,train
9009,train
9010,test
9011,test
9012,train
9013,train
9014,train
9015,train
9016,test
9017,train
9018,train
9019,test
9020,test
9021,test
9022,train
9023,train
9024,test
9025,test
9026,test
9027,train
9028,train
9029,train
9030,test
9031,train
9032,train
9033,train
9034,train
9035,train
9036,test
9037,train
9038,train
9039,train
9040,train
9041,train
9042,train
9043,train
9044,test
9045,train
9046,train
9047,train
9048,train
9049,test
9050,test
9051,test
9052,test
9053,train
9054,test
9055,train
9056,train
9057,train
9058,train
9059,train
9060,train
9061,train
9062,test
9063,test
9064,test
9065,test
9066,test
9067,train
9068,test
9069,test
9070,test
9071,test
9072,test
9073,train
9074,train
9075,test
9076,test
9077,train
9078,train
9079,train
9080,train
9081,train
9082,test
9083,train
9084,train
9085,train
9086,test
9087,train
9088,train
9089,train
9090,test
9091,train
9092,train
9093,test
9094,train
9095,train
9096,test
9097,train
9098,train
9099,train
9100,test
9101,test
9102,train
9103,train
9104,train
9105,train
9106,train
9107,train
9108,train
9109,test
9110,test
9111,train
9112,test
9113,test
9114,train
9115,test
9116,train
9117,train
9118,test
9119,test
9120,train
9121,train
9122,train
9123,train
9124,train
9125,train
9126,train
9127,train
9128,train
9129,train
9130,test
9131,train
9132,train
9133,test
9134,train
9135,train
9136,train
9137,test
9138,test
9139,train
9140,train
9141,train
9142,train
9143,test
9144,test
9145,train
9146,train
9147,test
9148,train
9149,train
9150,train
9151,train
9152,train
9153,test
9154,test
9155,test
9156,test
9157,train
9158,train
9159,train
9160,train
9161,test
9162,train
9163,train
9164,train
9165,train
9166,test
9167,test
9168,train
9169,train
9170,test
9171,test
9172,train
9173,test
9174,test
9175,train
9176,train
9177,train
9178,train
9179,train
9180,test
9181,test
9182,test
9183,train
9184,test
9185,test
9186,train
9187,test
9188,test
9189,train
9190,train
9191,train
9192,train
9193,test
9194,test
9195,train
9196,train
9197,train
9198,train
9199,train
9200,train
9201,train
9202,train
9203,train
9204,train
9205,train
9206,test
9207,train
9208,test
9209,test
9210,test
9211,test
9212,test
9213,train
9214,test
9215,test
9216,train
9217,test
9218,test
9219,test
9220,test
9221,test
9222,train
9223,train
9224,train
9225,train
9226,test
9227,train
9228,train
9229,train
9230,test
9231,train
9232,train
9233,train
9234,test
9235,train
9236,train
9237,train
9238,train
9239,train
9240,test
9241,train
9242,train
9243,train
9244,test
9245,test
9246,train
9247,train
9248,test
9249,train
9250,test
9251,train
9252,train
9253,test
9254,train
9255,test
9256,train
9257,train
9258,test
9259,test
9260,train
9261,test
9262,test
9263,train
9264,train
9265,train
9266,train
9267,test
9268,test
9269,train
9270,train
9271,train
9272,test
9273,test
9274,test
9275,test
9276,test
9277,train
9278,test
9279,train
9280,train
9281,train
9282,test
9283,train
9284,train
9285,train
9286,train
9287,test
9288,test
9289,test
9290,train
9291,test
9292,train
9293,train
9294,train
9295,train
9296,test
9297,test
9298,test
9299,train
9300,test
9301,test
9302,test
9303,train
9304,train
9305,test
9306,test
9307,train
9308,test
9309,test
9310,train
9311,train
9312,train
9313,train
9314,train
9315,test
9316,test
9317,test
9318,train
9319,train
9320,test
9321,train
9322,test
9323,train
9324,train
9325,train
9326,test
9327,train
9328,train
9329,test
9330,test
9331,test
9332,train
9333,test
9334,test
9335,train
9336,train
9337,train
9338,train
9339,test
9340,train
9341,train
9342,train
9343,train
9344,train
9345,train
9346,test
9347,test
9348,test
9349,train
9350,test
9351,train
9352,train
9353,train
9354,test
9355,test
9356,train
9357,train
9358,test
9359,train
9360,train
9361,train
9362,test
9363,test
9364,train
9365,train
9366,train
9367,test
9368,train
9369,train
9370,train
9371,test
9372,test
9373,train
9374,train
9375,test
9376,train
9377,test
9378,test
9379,train
9380,train
9381,test
9382,test
9383,train
9384,train
9385,test
9386,test
9387,test
9388,test
9389,train
9390,test
9391,train
9392,test
9393,test
9394,train
9395,test
9396,train
9397,train
9398,train
9399,train
9400,test
9401,train
9402,test
9403,train
9404,train
9405,train
9406,test
9407,test
9408,train
9409,train
9410,train
9411,train
9412,test
9413,train
9414,test
9415,test
9416,train
9417,test
9418,train
9419,train
9420,test
9421,train
9422,train
9423,test
9424,test
9425,train
9426,train
9427,test
9428,train
9429,train
9430,train
9431,test
9432,train
9433,train
9434,train
9435,test
9436,train
9437,test
9438,train
9439,test
9440,train
9441,test
9442,train
9443,test
9444,train
9445,test
9446,train
9447,test
9448,train
9449,test
9450,test
9451,test
9452,test
9453,test
9454,train
9455,train
9456,train
9457,train
9458,train
9459,test
9460,train
9461,train
9462,test
9463,train
9464,train
9465,train
9466,test
9467,test
9468,test
9469,train
9470,test
9471,train
9472,train
9473,train
9474,train
9475,test
9476,test
9477,test
9478,train
9479,test
9480,train
9481,test
9482,train
9483,test
9484,test
9485,test
9486,train
9487,test
9488,train
9489,train
9490,train
9491,train
9492,train
9493,train
9494,train
9495,train
9496,train
9497,train
9498,train
9499,test
9500,train
9501,test
9502,test
9503,test
9504,train
9505,test
9506,test
9507,test
9508,train
9509,train
9510,train
9511,train
9512,train
9513,train
9514,test
9515,train
9516,train
9517,train
9518,train
9519,test
9520,train
9521,train
9522,train
9523,test
9524,train
9525,train
9526,train
9527,test
9528,train
9529,train
9530,train
9531,test
9532,train
9533,train
9534,test
9535,train
9536,train
9537,test
9538,test
9539,test
9540,test
9541,train
9542,test
9543,test
9544,train
9545,test
9546,test
9547,test
9548,train
9549,train
9550,test
9551,train
9552,test
9553,test
9554,train
9555,train
9556,test
9557,train
9558,test
9559,test
9560,train
9561,test
9562,train
9563,test
9564,test
9565,test
9566,test
9567,train
9568,test
9569,train
9570,test
9571,train
9572,train
9573,train
9574,train
9575,train
9576,test
9577,train
9578,train
9579,test
9580,train
9581,test
9582,train
9583,train
9584,test
9585,test
9586,test
9587,test
9588,train
9589,train
9590,train
9591,train
9592,train
9593,test
9594,train
9595,train
9596,test
9597,train
9598,train
9599,train
9600,train
9601,test
9602,train
9603,test
9604,train
9605,train
9606,test
9607,test
9608,train
9609,train
9610,train
9611,test
9612,test
9613,test
9614,test
9615,train
9616,train
9617,train
9618,test
9619,train
9620,train
9621,train
9622,test
9623,test
9624,test
9625,test
9626,train
9627,test
9628,train
9629,train
9630,test
9631,train
9632,test
9633,test
9634,train
9635,train
9636,train
9637,train
9638,test
9639,test
9640,train
9641,test
9642,train
9643,train
9644,train
9645,train
9646,test
9647,train
9648,train
9649,test
9650,test
9651,test
9652,test
9653,test
9654,train
9655,train
9656,test
9657,train
9658,test
9659,test
9660,train
9661,train
9662,train
9663,train
9664,test
9665,train
9666,test
9667,test
9668,train
9669,test
9670,train
9671,train
9672,train
9673,test
9674,train
9675,train
9676,train
9677,train
9678,train
9679,test
9680,test
9681,train
9682,train
9683,test
9684,train
9685,test
9686,train
9687,train
9688,train
9689,test
9690,train
9691,test
9692,test
9693,train
9694,train
9695,test
9696,train
9697,test
9698,test
9699,train
9700,train
9701,train
9702,train
9703,train
9704,train
9705,train
9706,test
9707,train
9708,test
9709,train
9710,test
9711,train
9712,train
9713,test
9714,test
9715,train
9716,train
9717,train
9718,test
9719,test
9720,train
9721,test
9722,test
9723,train
9724,train
9725,train
9726,train
9727,test
9728,train
9729,train
9730,test
9731,train
9732,train
9733,train
9734,test
9735,test
9736,test
9737,test
9738,test
9739,test
9740,train
9741,test
9742,train
9743,train
9744,train
9745,train
9746,test
9747,test
9748,train
9749,train
9750,train
9751,test
9752,test
9753,train
9754,train
9755,test
9756,test
9757,test
9758,test
9759,test
9760,test
9761,train
9762,test
9763,train
9764,test
9765,train
9766,train
9767,train
9768,test
9769,train
9770,train
9771,train
9772,train
9773,test
9774,train
9775,train
9776,test
9777,test
9778,train
9779,train
9780,train
9781,test
9782,train
9783,train
9784,train
9785,train
9786,train
9787,train
9788,test
9789,train
9790,train
9791,train
9792,train
9793,test
9794,train
9795,train
9796,train
9797,test
9798,train
9799,train
9800,test
9801,train
9802,train
9803,train
9804,test
9805,train
9806,train
9807,train
9808,train
9809,train
9810,train
9811,test
9812,test
9813,test
9814,train
9815,test
9816,test
9817,train
9818,train
9819,train
9820,train
9821,test
9822,test
9823,test
9824,test
9825,train
9826,train
9827,train
9828,train
9829,train
9830,train
9831,train
9832,test
9833,train
9834,train
9835,train
9836,train
9837,test
9838,test
9839,train
9840,test
9841,train
9842,test
9843,train
9844,test
9845,test
9846,train
9847,train
9848,test
9849,test
9850,train
9851,test
9852,test
9853,train
9854,train
9855,test
9856,train
9857,train
9858,train
9859,train
9860,train
9861,test
9862,test
9863,test
9864,train
9865,test
9866,train
9867,test
9868,train
9869,test
9870,train
9871,train
9872,train
9873,train
9874,train
9875,train
9876,test
9877,test
9878,train
9879,test
9880,train
9881,train
9882,test
9883,test
9884,train
9885,test
9886,train
9887,test
9888,train
9889,train
9890,test
9891,train
9892,test
9893,train
9894,test
9895,test
9896,test
9897,train
9898,test
9899,train
9900,train
9901,train
9902,train
9903,train
9904,test
9905,train
9906,train
9907,train
9908,train
9909,train
9910,train
9911,train
9912,test
9913,train
9914,test
9915,train
9916,train
9917,test
9918,train
9919,test
9920,test
9921,train
9922,train
9923,test
9924,train
9925,test
9926,test
9927,train
9928,train
9929,train
9930,train
9931,train
9932,train
9933,train
9934,test
9935,train
9936,train
9937,train
9938,test
9939,test
9940,train
9941,test
9942,train
9943,train
9944,train
9945,train
9946,test
9947,test
9948,train
9949,train
9950,test
9951,test
9952,test
9953,test
9954,test
9955,train
9956,train
9957,train
9958,train
9959,train
9960,test
9961,train
9962,train
9963,train
9964,train
9965,train
9966,test
9967,test
9968,train
9969,test
9970,test
9971,train
9972,train
9973,train
9974,train
9975,test
9976,train
9977,train
9978,test
9979,test
9980,test
9981,test
9982,test
9983,test
9984,train
9985,test
9986,test
9987,test
9988,test
9989,train
9990,train
9991,train
9992,train
9993,train
9994,test
9995,train
9996,train
9997,test
9998,train
9999,train
