row_index,split
0,train
1,test
2,train
3,train
4,test
5,test
6,test
7,test
8,train
9,test
10,train
11,test
12,train
13,test
14,train
15,train
16,test
17,train
18,test
19,train
20,test
21,test
22,test
23,train
24,test
25,train
26,test
27,train
28,test
29,train
30,test
31,train
32,train
33,train
34,train
35,train
36,train
37,test
38,test
39,train
40,train
41,test
42,train
43,test
44,train
45,test
46,train
47,train
48,test
49,train
50,train
51,train
52,train
53,train
54,train
55,train
56,test
57,train
58,test
59,test
60,train
61,train
62,train
63,train
64,test
65,train
66,train
67,train
68,test
69,train
70,test
71,test
72,train
73,train
74,train
75,train
76,test
77,train
78,test
79,train
80,train
81,test
82,test
83,train
84,train
85,train
86,train
87,train
88,train
89,train
90,train
91,train
92,train
93,train
94,test
95,train
96,train
97,train
98,train
99,test
100,train
101,train
102,test
103,test
104,train
105,train
106,train
107,train
108,train
109,train
110,test
111,train
112,train
113,train
114,train
115,train
116,train
117,train
118,train
119,train
120,train
121,test
122,test
123,test
124,train
125,train
126,train
127,train
128,train
129,test
130,train
131,test
132,test
133,train
134,test
135,test
136,test
137,train
138,train
139,test
140,train
141,train
142,train
143,test
144,test
145,train
146,test
147,test
148,train
149,train
150,train
151,test
152,train
153,test
154,test
155,train
156,train
157,train
158,train
159,test
160,test
161,test
162,train
163,test
164,train
165,train
166,test
167,test
168,train
169,test
170,test
171,test
172,train
173,test
174,train
175,train
176,train
177,train
178,train
179,train
180,train
181,test
182,train
183,train
184,train
185,train
186,train
187,train
188,train
189,train
190,test
191,test
192,train
193,train
194,train
195,train
196,test
197,train
198,test
199,test
200,train
201,train
202,test
203,train
204,train
205,train
206,test
207,train
208,train
209,train
210,test
211,test
212,test
213,train
214,test
215,train
216,test
217,test
218,train
219,train
220,train
221,train
222,train
223,test
224,train
225,train
226,train
227,train
228,train
229,train
230,train
231,train
232,train
233,train
234,train
235,test
236,test
237,test
238,train
239,train
240,train
241,train
242,train
243,train
244,test
245,train
246,test
247,test
248,test
249,test
250,train
251,train
252,test
253,train
254,test
255,train
256,test
257,train
258,train
259,test
260,train
261,train
262,test
263,test
264,train
265,train
266,train
267,train
268,test
269,test
270,train
271,test
272,train
273,test
274,test
275,test
276,train
277,test
278,train
279,test
280,train
281,train
282,test
283,train
284,test
285,train
286,test
287,train
288,test
289,train
290,test
291,test
292,train
293,train
294,test
295,test
296,test
297,train
298,test
299,test
300,train
301,train
302,train
303,train
304,train
305,train
306,train
307,train
308,test
309,train
310,train
311,train
312,train
313,test
314,train
315,test
316,test
317,train
318,train
319,train
320,test
321,train
322,train
323,train
324,train
325,test
326,train
327,test
328,train
329,train
330,test
331,test
332,train
333,train
334,train
335,train
336,test
337,train
338,train
339,train
340,train
341,train
342,train
343,train
344,train
345,test
346,train
347,test
348,train
349,train
350,train
351,train
352,train
353,train
354,test
355,train
356,train
357,test
358,test
359,test
360,test
361,train
362,train
363,test
364,train
365,train
366,train
367,train
368,train
369,train
370,test
371,train
372,train
373,train
374,train
375,test
376,test
377,test
378,test
379,train
380,test
381,test
382,test
383,test
384,test
385,test
386,train
387,train
388,train
389,test
390,train
391,test
392,train
393,test
394,train
395,test
396,train
397,train
398,test
399,train
400,train
401,train
402,train
403,test
404,train
405,test
406,train
407,test
408,train
409,train
410,train
411,test
412,test
413,test
414,train
415,test
416,test
417,train
418,train
419,test
420,test
421,train
422,train
423,train
424,test
425,test
426,test
427,test
428,test
429,train
430,test
431,train
432,train
433,test
434,test
435,train
436,train
437,train
438,test
439,train
440,train
441,test
442,test
443,train
444,train
445,train
446,test
447,test
448,train
449,train
450,train
451,test
452,train
453,train
454,train
455,test
456,train
457,train
458,train
459,train
460,test
461,train
462,train
463,train
464,test
465,test
466,test
467,train
468,test
469,train
470,train
471,train
472,test
473,train
474,train
475,train
476,train
477,train
478,test
479,train
480,test
481,train
482,test
483,test
484,test
485,train
486,train
487,train
488,test
489,train
490,test
491,train
492,train
493,train
494,test
495,train
496,train
497,train
498,train
499,test
500,train
501,train
502,train
503,train
504,train
505,test
506,test
507,train
508,test
509,train
510,train
511,train
512,test
513,train
514,test
515,train
516,train
517,train
518,train
519,train
520,train
521,train
522,train
523,train
524,train
525,test
526,train
527,train
528,test
529,train
530,test
531,train
532,train
533,train
534,train
535,train
536,train
537,train
538,test
539,train
540,test
541,test
542,train
543,train
544,train
545,test
546,test
547,test
548,test
549,test
550,train
551,test
552,test
553,train
554,train
555,test
556,train
557,train
558,train
559,train
560,train
561,train
562,test
563,test
564,train
565,test
566,train
567,test
568,test
569,train
570,train
571,test
572,test
573,train
574,train
575,train
576,train
577,train
578,test
579,train
580,train
581,train
582,train
583,test
584,test
585,train
586,test
587,test
588,train
589,test
590,train
591,train
592,train
593,train
594,train
595,train
596,test
597,train
598,test
599,test
600,train
601,test
602,test
603,train
604,train
605,test
606,train
607,test
608,test
609,train
610,test
611,train
612,train
613,train
614,test
615,train
616,train
617,test
618,test
619,train
620,test
621,train
622,test
623,train
624,test
625,train
626,train
627,test
628,train
629,train
630,train
631,train
632,train
633,test
634,train
635,test
636,train
637,test
638,train
639,test
640,train
641,test
642,train
643,train
644,train
645,train
646,test
647,train
648,train
649,train
650,train
651,train
652,train
653,train
654,train
655,train
656,test
657,test
658,test
659,test
660,test
661,train
662,test
663,test
664,train
665,train
666,test
667,test
668,train
669,train
670,train
671,train
672,train
673,test
674,test
675,train
676,train
677,test
678,train
679,test
680,train
681,train
682,train
683,train
684,test
685,train
686,train
687,test
688,test
689,test
690,train
691,test
692,train
693,train
694,test
695,test
696,train
697,test
698,train
699,test
700,train
701,train
702,train
703,train
704,train
705,train
706,train
707,train
708,train
709,train
710,train
711,train
712,train
713,train
714,train
715,test
716,test
717,test
718,test
719,test
720,train
721,train
722,test
723,train
724,train
725,test
726,train
727,test
728,test
729,test
730,train
731,train
732,test
733,test
734,train
735,train
736,train
737,test
738,train
739,test
740,train
741,train
742,train
743,train
744,test
745,test
746,test
747,test
748,test
749,train
750,train
751,train
752,train
753,train
754,test
755,train
756,train
757,test
758,test
759,test
760,test
761,test
762,train
763,train
764,test
765,train
766,train
767,train
768,test
769,train
770,train
771,train
772,train
773,train
774,train
775,train
776,train
777,train
778,train
779,train
780,train
781,train
782,train
783,test
784,train
785,train
786,train
787,train
788,test
789,train
790,train
791,train
792,train
793,train
794,train
795,test
796,train
797,test
798,train
799,train
800,train
801,train
802,test
803,test
804,test
805,test
806,test
807,test
808,train
809,train
810,test
811,train
812,train
813,test
814,train
815,test
816,test
817,train
818,train
819,test
820,test
821,train
822,train
823,train
824,test
825,train
826,train
827,train
828,test
829,test
830,test
831,train
832,train
833,test
834,train
835,train
836,train
837,train
838,train
839,train
840,train
841,test
842,train
843,test
844,train
845,train
846,train
847,train
848,train
849,test
850,train
851,train
852,test
853,train
854,train
855,test
856,test
857,test
858,train
859,test
860,test
861,test
862,test
863,test
864,train
865,test
866,train
867,train
868,test
869,train
870,test
871,train
872,train
873,train
874,test
875,train
876,train
877,test
878,test
879,train
880,train
881,train
882,train
883,test
884,test
885,train
886,train
887,train
888,test
889,test
890,train
891,test
892,test
893,test
894,train
895,train
896,train
897,train
898,test
899,train
900,train
901,test
902,train
903,train
904,train
905,test
906,train
907,train
908,train
909,train
910,train
911,train
912,test
913,test
914,test
915,train
916,test
917,train
918,train
919,train
920,test
921,train
922,train
923,test
924,test
925,train
926,test
927,train
928,train
929,test
930,test
931,train
932,test
933,test
934,train
935,train
936,train
937,test
938,test
939,train
940,test
941,train
942,train
943,test
944,test
945,train
946,train
947,test
948,test
949,test
950,train
951,train
952,test
953,train
954,train
955,train
956,test
957,test
958,test
959,train
960,test
961,train
962,test
963,test
964,test
965,train
966,train
967,train
968,test
969,test
970,test
971,train
972,train
973,test
974,train
975,train
976,test
977,test
978,train
979,train
980,test
981,train
982,train
983,test
984,test
985,train
986,train
987,test
988,train
989,test
990,train
991,test
992,test
993,train
994,test
995,test
996,test
997,test
998,train
999,train
1000,test
1001,train
1002,test
1003,test
1004,test
1005,train
1006,train
1007,test
1008,train
1009,test
1010,train
1011,train
1012,train
1013,train
1014,test
1015,test
1016,train
1017,test
1018,train
1019,train
1020,train
1021,test
1022,train
1023,train
1024,test
1025,train
1026,test
1027,test
1028,test
1029,train
1030,test
1031,test
1032,test
1033,train
1034,train
1035,train
1036,train
1037,train
1038,test
1039,train
1040,test
1041,train
1042,train
1043,test
1044,train
1045,test
1046,train
1047,train
1048,train
1049,test
1050,train
1051,train
1052,test
1053,test
1054,test
1055,train
1056,train
1057,test
1058,test
1059,test
1060,test
1061,test
1062,test
1063,train
1064,train
1065,test
1066,train
1067,test
1068,test
1069,train
1070,test
1071,train
1072,train
1073,test
1074,train
1075,test
1076,train
1077,train
1078,test
1079,train
1080,train
1081,train
1082,test
1083,train
1084,test
1085,train
1086,train
1087,test
1088,train
1089,train
1090,test
1091,train
1092,test
1093,train
1094,train
1095,test
1096,train
1097,test
1098,train
1099,test
1100,train
1101,train
1102,test
1103,train
1104,train
1105,train
1106,train
1107,test
1108,test
1109,test
1110,train
1111,train
1112,test
1113,train
1114,test
1115,train
1116,train
1117,test
1118,test
1119,test
1120,train
1121,test
1122,test
1123,train
1124,test
1125,test
1126,train
1127,train
1128,train
1129,train
1130,test
1131,train
1132,train
1133,test
1134,test
1135,test
1136,train
1137,train
1138,test
1139,train
1140,train
1141,test
1142,test
1143,train
1144,test
1145,train
1146,train
1147,train
1148,train
1149,train
1150,train
1151,test
1152,train
1153,test
1154,train
1155,train
1156,train
1157,train
1158,train
1159,test
1160,test
1161,train
1162,train
1163,test
1164,train
1165,train
1166,train
1167,train
1168,train
1169,train
1170,train
1171,train
1172,train
1173,test
1174,train
1175,test
1176,train
1177,test
1178,test
1179,train
1180,train
1181,train
1182,train
1183,train
1184,test
1185,train
1186,test
1187,train
1188,test
1189,test
1190,train
1191,test
1192,test
1193,test
1194,train
1195,test
1196,test
1197,train
1198,test
1199,train
1200,test
1201,train
1202,train
1203,train
1204,test
1205,train
1206,test
1207,train
1208,train
1209,train
1210,test
1211,train
1212,train
1213,train
1214,test
1215,train
1216,train
1217,test
1218,train
1219,train
1220,train
1221,train
1222,train
1223,test
1224,train
1225,test
1226,train
1227,test
1228,train
1229,test
1230,train
1231,train
1232,train
1233,train
1234,train
1235,test
1236,test
1237,test
1238,train
1239,train
1240,train
1241,train
1242,test
1243,test
1244,train
1245,train
1246,train
1247,train
1248,train
1249,test
1250,test
1251,train
1252,train
1253,train
1254,train
1255,train
1256,train
1257,test
1258,train
1259,train
1260,train
1261,test
1262,train
1263,train
1264,train
1265,test
1266,test
1267,test
1268,test
1269,train
1270,train
1271,train
1272,train
1273,test
1274,test
1275,train
1276,train
1277,train
1278,test
1279,train
1280,train
1281,train
1282,train
1283,train
1284,train
1285,train
1286,train
1287,train
1288,test
1289,test
1290,test
1291,train
1292,train
1293,test
1294,train
1295,train
1296,train
1297,test
1298,test
1299,test
1300,test
1301,test
1302,test
1303,train
1304,test
1305,train
1306,test
1307,test
1308,test
1309,test
1310,test
1311,train
1312,train
1313,test
1314,train
1315,train
1316,train
1317,test
1318,test
1319,train
1320,train
1321,train
1322,train
1323,train
1324,train
1325,test
1326,test
1327,test
1328,test
1329,train
1330,test
1331,train
1332,train
1333,train
1334,test
1335,test
1336,train
1337,test
1338,train
1339,train
1340,test
1341,test
1342,train
1343,train
1344,test
1345,test
1346,train
1347,test
1348,train
1349,train
1350,train
1351,test
1352,test
1353,train
1354,train
1355,train
1356,train
1357,test
1358,train
1359,train
1360,test
1361,test
1362,train
1363,test
1364,train
1365,test
1366,test
1367,train
1368,test
1369,test
1370,test
1371,test
1372,train
1373,test
1374,test
1375,train
1376,train
1377,train
1378,test
1379,train
1380,train
1381,train
1382,train
1383,train
1384,train
1385,train
1386,test
1387,test
1388,test
1389,train
1390,test
1391,train
1392,train
1393,train
1394,train
1395,test
1396,train
1397,test
1398,train
1399,train
1400,test
1401,train
1402,train
1403,train
1404,train
1405,test
1406,test
1407,test
1408,train
1409,train
1410,train
1411,test
1412,test
1413,train
1414,train
1415,train
1416,train
1417,test
1418,train
1419,train
1420,test
1421,train
1422,train
1423,train
1424,train
1425,train
1426,train
1427,train
1428,test
1429,test
1430,train
1431,train
1432,test
1433,test
1434,test
1435,train
1436,train
1437,train
1438,train
1439,train
1440,train
1441,train
1442,test
1443,test
1444,test
1445,train
1446,test
1447,test
1448,test
1449,train
1450,train
1451,train
1452,test
1453,test
1454,test
1455,test
1456,test
1457,train
1458,train
1459,train
1460,train
1461,test
1462,test
1463,train
1464,train
1465,test
1466,train
1467,train
1468,test
1469,train
1470,train
1471,train
1472,train
1473,test
1474,test
1475,train
1476,train
1477,train
1478,test
1479,train
1480,test
1481,train
1482,train
1483,train
1484,test
1485,test
1486,train
1487,train
1488,train
1489,train
1490,train
1491,train
1492,train
1493,train
1494,train
1495,test
1496,train
1497,train
1498,train
1499,train
1500,train
1501,train
1502,test
1503,train
1504,train
1505,test
1506,test
1507,train
1508,train
1509,train
1510,test
1511,train
1512,train
1513,train
1514,test
1515,test
1516,test
1517,test
1518,train
1519,train
1520,train
1521,train
1522,test
1523,train
1524,test
1525,test
1526,train
1527,train
1528,train
1529,test
1530,train
1531,test
1532,train
1533,test
1534,train
1535,test
1536,test
1537,train
1538,test
1539,test
1540,train
1541,train
1542,test
1543,train
1544,train
1545,train
1546,train
1547,train
1548,train
1549,train
1550,test
1551,test
1552,train
1553,train
1554,test
1555,train
1556,train
1557,test
1558,train
1559,train
1560,test
1561,train
1562,test
1563,train
1564,train
1565,train
1566,train
1567,train
1568,test
1569,train
1570,test
1571,test
1572,train
1573,test
1574,train
1575,train
1576,test
1577,train
1578,train
1579,train
1580,train
1581,train
1582,train
1583,train
1584,test
1585,train
1586,test
1587,train
1588,train
1589,train
1590,train
1591,train
1592,train
1593,test
1594,test
1595,test
1596,train
1597,test
1598,test
1599,test
1600,test
1601,test
1602,train
1603,train
1604,test
1605,test
1606,train
1607,test
1608,train
1609,test
1610,train
1611,train
1612,train
1613,train
1614,test
1615,train
1616,train
1617,test
1618,train
1619,test
1620,train
1621,train
1622,train
1623,test
1624,train
1625,train
1626,test
1627,train
1628,train
1629,train
1630,train
1631,train
1632,test
1633,test
1634,train
1635,train
1636,train
1637,test
1638,train
1639,train
1640,train
1641,train
1642,train
1643,train
1644,train
1645,test
1646,train
1647,train
1648,train
1649,test
1650,test
1651,test
1652,train
1653,train
1654,train
1655,test
1656,test
1657,train
1658,train
1659,test
1660,train
1661,test
1662,train
1663,train
1664,test
1665,test
1666,train
1667,test
1668,test
1669,test
1670,train
1671,test
1672,train
1673,train
1674,test
1675,train
1676,train
1677,train
1678,train
1679,train
1680,train
1681,test
1682,test
1683,train
1684,test
1685,test
1686,train
1687,test
1688,train
1689,train
1690,test
1691,train
1692,train
1693,test
1694,train
1695,train
1696,train
1697,train
1698,train
1699,test
1700,train
1701,train
1702,test
1703,train
1704,test
1705,test
1706,train
1707,test
1708,test
1709,test
1710,train
1711,train
1712,train
1713,test
1714,train
1715,test
1716,test
1717,test
1718,test
1719,test
1720,test
1721,test
1722,train
1723,train
1724,test
1725,test
1726,test
1727,train
1728,test
1729,train
1730,train
1731,test
1732,train
1733,test
1734,train
1735,test
1736,train
1737,train
1738,train
1739,train
1740,test
1741,train
1742,train
1743,test
1744,test
1745,train
1746,train
1747,train
1748,test
1749,train
1750,test
1751,train
1752,train
1753,train
1754,train
1755,train
1756,test
1757,train
1758,train
1759,train
1760,test
1761,test
1762,train
1763,test
1764,test
1765,train
1766,train
1767,test
1768,test
1769,test
1770,train
1771,test
1772,train
1773,train
1774,test
1775,test
1776,train
1777,train
1778,train
1779,train
1780,test
1781,train
1782,train
1783,train
1784,train
1785,train
1786,test
1787,train
1788,train
1789,test
1790,test
1791,test
1792,train
1793,train
1794,train
1795,test
1796,test
1797,train
1798,test
1799,test
1800,train
1801,train
1802,test
1803,train
1804,train
1805,train
1806,train
1807,test
1808,test
1809,train
1810,test
1811,train
1812,train
1813,test
1814,train
1815,train
1816,train
1817,test
1818,test
1819,test
1820,train
1821,train
1822,train
1823,train
1824,train
1825,train
1826,test
1827,train
1828,train
1829,train
1830,train
1831,train
1832,train
1833,test
1834,test
1835,test
1836,train
1837,train
1838,test
1839,train
1840,train
1841,train
1842,test
1843,train
1844,test
1845,train
1846,test
1847,test
1848,test
1849,test
1850,train
1851,test
1852,test
1853,train
1854,train
1855,train
1856,test
1857,train
1858,train
1859,train
1860,test
1861,train
1862,train
1863,train
1864,test
1865,train
1866,train
1867,test
1868,train
1869,train
1870,train
1871,train
1872,train
1873,test
1874,train
1875,train
1876,train
1877,train
1878,train
1879,test
1880,train
1881,train
1882,train
1883,test
1884,test
1885,test
1886,test
1887,test
1888,test
1889,train
1890,test
1891,train
1892,test
1893,train
1894,train
1895,train
1896,train
1897,test
1898,test
1899,train
1900,test
1901,train
1902,test
1903,train
1904,test
1905,train
1906,train
1907,test
1908,train
1909,test
1910,train
1911,test
1912,train
1913,train
1914,test
1915,test
1916,test
1917,test
1918,train
1919,train
1920,train
1921,train
1922,train
1923,test
1924,train
1925,train
1926,test
1927,train
1928,test
1929,train
1930,train
1931,train
1932,test
1933,test
1934,test
1935,train
1936,test
1937,test
1938,train
1939,train
1940,train
1941,train
1942,train
1943,test
1944,test
1945,test
1946,test
1947,test
1948,train
1949,train
1950,train
1951,train
1952,test
1953,train
1954,test
1955,train
1956,test
1957,test
1958,train
1959,test
1960,train
1961,train
1962,train
1963,train
1964,train
1965,train
1966,test
1967,train
1968,train
1969,train
1970,train
1971,train
1972,train
1973,train
1974,train
1975,train
1976,test
1977,test
1978,train
1979,test
1980,train
1981,test
1982,train
1983,train
1984,train
1985,train
1986,test
1987,train
1988,train
1989,test
1990,test
1991,train
1992,test
1993,test
1994,test
1995,train
1996,train
1997,train
1998,test
1999,train
2000,test
2001,train
2002,test
2003,test
2004,test
2005,train
2006,train
2007,test
2008,train
2009,test
2010,train
2011,test
2012,train
2013,test
2014,train
2015,train
2016,train
2017,train
2018,train
2019,train
2020,train
2021,test
2022,train
2023,train
2024,test
2025,train
2026,test
2027,test
2028,test
2029,train
2030,test
2031,test
2032,train
2033,train
2034,train
2035,test
2036,train
2037,test
2038,test
2039,train
2040,train
2041,train
2042,train
2043,test
2044,train
2045,train
2046,test
2047,test
2048,test
2049,test
2050,test
2051,train
2052,train
2053,test
2054,train
2055,train
2056,train
2057,train
2058,test
2059,test
2060,test
2061,train
2062,train
2063,train
2064,train
2065,train
2066,train
2067,test
2068,test
2069,test
2070,test
2071,train
2072,train
2073,train
2074,test
2075,train
2076,test
2077,test
2078,train
2079,train
2080,test
2081,train
2082,train
2083,train
2084,train
2085,test
2086,test
2087,train
2088,train
2089,train
2090,test
2091,test
2092,test
2093,train
2094,test
2095,test
2096,train
2097,test
2098,test
2099,test
2100,test
2101,test
2102,train
2103,train
2104,test
2105,train
2106,train
2107,train
2108,test
2109,train
2110,test
2111,test
2112,test
2113,train
2114,test
2115,test
2116,test
2117,train
2118,train
2119,train
2120,train
2121,train
2122,test
2123,train
2124,test
2125,train
2126,train
2127,test
2128,test
2129,train
2130,train
2131,train
2132,train
2133,test
2134,test
2135,train
2136,train
2137,train
2138,test
2139,train
2140,test
2141,train
2142,test
2143,test
2144,train
2145,test
2146,test
2147,train
2148,test
2149,test
2150,test
2151,test
2152,test
2153,test
2154,train
2155,train
2156,test
2157,train
2158,test
2159,train
2160,train
2161,train
2162,test
2163,train
2164,test
2165,train
2166,test
2167,test
2168,test
2169,train
2170,train
2171,train
2172,test
2173,test
2174,train
2175,test
2176,test
2177,train
2178,train
2179,train
2180,train
2181,test
2182,train
2183,train
2184,test
2185,train
2186,test
2187,test
2188,train
2189,train
2190,train
2191,train
2192,test
2193,train
2194,test
2195,train
2196,train
2197,train
2198,test
2199,test
2200,train
2201,train
2202,train
2203,train
2204,test
2205,train
2206,train
2207,test
2208,test
2209,train
2210,train
2211,train
2212,train
2213,train
2214,train
2215,test
2216,train
2217,train
2218,test
2219,train
2220,train
2221,train
2222,test
2223,train
2224,train
2225,train
2226,train
2227,train
2228,test
2229,train
2230,train
2231,train
2232,train
2233,test
2234,train
2235,test
2236,train
2237,train
2238,test
2239,train
2240,test
2241,test
2242,test
2243,train
2244,test
2245,test
2246,test
2247,train
2248,test
2249,train
2250,train
2251,train
2252,test
2253,test
2254,train
2255,train
2256,test
2257,train
2258,train
2259,train
2260,train
2261,test
2262,train
2263,test
2264,test
2265,test
2266,train
2267,test
2268,train
2269,train
2270,train
2271,train
2272,train
2273,train
2274,test
2275,train
2276,test
2277,test
2278,train
2279,test
2280,test
2281,train
2282,train
2283,train
2284,train
2285,test
2286,test
2287,train
2288,train
2289,train
2290,train
2291,train
2292,train
2293,test
2294,train
2295,train
2296,test
2297,train
2298,train
2299,test
2300,train
2301,test
2302,test
2303,test
2304,train
2305,test
2306,train
2307,test
2308,train
2309,test
2310,train
2311,train
2312,test
2313,test
2314,test
2315,train
2316,train
2317,train
2318,train
2319,train
2320,test
2321,test
2322,train
2323,train
2324,train
2325,test
2326,train
2327,train
2328,test
2329,test
2330,train
2331,train
2332,train
2333,test
2334,train
2335,train
2336,train
2337,train
2338,train
2339,test
2340,train
2341,train
2342,test
2343,train
2344,train
2345,test
2346,train
2347,train
2348,test
2349,train
2350,train
2351,test
2352,test
2353,test
2354,train
2355,train
2356,train
2357,test
2358,train
2359,train
2360,train
2361,train
2362,train
2363,test
2364,train
2365,test
2366,test
2367,test
2368,train
2369,train
2370,train
2371,test
2372,test
2373,train
2374,train
2375,train
2376,test
2377,train
2378,test
2379,train
2380,test
2381,test
2382,train
2383,train
2384,train
2385,test
2386,train
2387,train
2388,train
2389,test
2390,test
2391,train
2392,test
2393,test
2394,test
2395,train
2396,train
2397,test
2398,train
2399,test
2400,train
2401,train
2402,train
2403,test
2404,test
2405,train
2406,train
2407,test
2408,train
2409,test
2410,train
2411,test
2412,train
2413,train
2414,train
2415,train
2416,test
2417,train
2418,train
2419,train
2420,train
2421,train
2422,test
2423,train
2424,test
2425,train
2426,test
2427,train
2428,train
2429,train
2430,test
2431,train
2432,train
2433,train
2434,train
2435,test
2436,train
2437,test
2438,train
2439,train
2440,test
2441,test
2442,test
2443,test
2444,train
2445,train
2446,train
2447,test
2448,train
2449,test
2450,train
2451,test
2452,test
2453,test
2454,train
2455,train
2456,train
2457,test
2458,test
2459,test
2460,test
2461,train
2462,train
2463,train
2464,train
2465,train
2466,test
2467,train
2468,train
2469,test
2470,test
2471,train
2472,test
2473,test
2474,train
2475,train
2476,test
2477,test
2478,test
2479,train
2480,train
2481,train
2482,test
2483,train
2484,test
2485,test
2486,train
2487,train
2488,test
2489,train
2490,train
2491,train
2492,train
2493,train
2494,test
2495,train
2496,train
2497,test
2498,train
2499,test
2500,test
2501,test
2502,test
2503,test
2504,train
2505,train
2506,train
2507,train
2508,train
2509,test
2510,train
2511,train
2512,test
2513,test
2514,test
2515,test
2516,train
2517,train
2518,train
2519,test
2520,test
2521,train
2522,test
2523,train
2524,train
2525,train
2526,train
2527,train
2528,train
2529,test
2530,train
2531,train
2532,test
2533,train
2534,train
2535,train
2536,train
2537,test
2538,train
2539,train
2540,test
2541,train
2542,test
2543,test
2544,train
2545,train
2546,test
2547,test
2548,test
2549,test
2550,test
2551,test
2552,train
2553,train
2554,train
2555,test
2556,train
2557,train
2558,train
2559,test
2560,train
2561,train
2562,train
2563,train
2564,test
2565,test
2566,test
2567,train
2568,train
2569,train
2570,test
2571,train
2572,train
2573,train
2574,test
2575,train
2576,test
2577,train
2578,train
2579,train
2580,train
2581,test
2582,test
2583,test
2584,train
2585,train
2586,train
2587,train
2588,test
2589,train
2590,test
2591,test
2592,train
2593,train
2594,test
2595,train
2596,test
2597,test
2598,train
2599,train
2600,train
2601,test
2602,train
2603,train
2604,test
2605,train
2606,train
2607,train
2608,train
2609,train
2610,train
2611,test
2612,test
2613,test
2614,train
2615,test
2616,test
2617,train
2618,test
2619,test
2620,train
2621,train
2622,train
2623,test
2624,test
2625,train
2626,train
2627,test
2628,train
2629,test
2630,test
2631,train
2632,train
2633,train
2634,test
2635,test
2636,train
2637,train
2638,test
2639,train
2640,train
2641,train
2642,train
2643,train
2644,test
2645,train
2646,train
2647,train
2648,test
2649,train
2650,train
2651,test
2652,test
2653,test
2654,test
2655,train
2656,test
2657,train
2658,train
2659,train
2660,train
2661,train
2662,train
2663,test
2664,test
2665,train
2666,test
2667,train
2668,train
2669,test
2670,test
2671,test
2672,test
2673,train
2674,train
2675,train
2676,test
2677,train
2678,train
2679,train
2680,train
2681,test
2682,test
2683,test
2684,test
2685,train
2686,test
2687,train
2688,test
2689,test
2690,test
2691,train
2692,train
2693,test
2694,test
2695,train
2696,train
2697,train
2698,train
2699,test
2700,train
2701,train
2702,train
2703,train
2704,train
2705,train
2706,train
2707,train
2708,test
2709,train
2710,test
2711,train
2712,train
2713,train
2714,test
2715,train
2716,train
2717,test
2718,test
2719,train
2720,test
2721,train
2722,train
2723,train
2724,test
2725,train
2726,test
2727,train
2728,test
2729,train
2730,train
2731,test
2732,train
2733,test
2734,train
2735,test
2736,train
2737,test
2738,train
2739,test
2740,test
2741,train
2742,train
2743,train
2744,train
2745,train
2746,train
2747,train
2748,train
2749,train
2750,train
2751,test
2752,test
2753,train
2754,train
2755,train
2756,train
2757,test
2758,test
2759,test
2760,train
2761,test
2762,test
2763,test
2764,test
2765,train
2766,test
2767,train
2768,train
2769,train
2770,test
2771,train
2772,test
2773,train
2774,train
2775,train
2776,test
2777,train
2778,train
2779,test
2780,train
2781,train
2782,train
2783,train
2784,train
2785,train
2786,test
2787,test
2788,test
2789,test
2790,test
2791,train
2792,train
2793,train
2794,test
2795,train
2796,test
2797,train
2798,train
2799,test
2800,train
2801,test
2802,test
2803,train
2804,test
2805,test
2806,train
2807,train
2808,train
2809,test
2810,train
2811,test
2812,train
2813,train
2814,train
2815,train
2816,test
2817,train
2818,train
2819,train
2820,train
2821,train
2822,train
2823,test
2824,test
2825,test
2826,test
2827,train
2828,train
2829,train
2830,train
2831,train
2832,test
2833,test
2834,train
2835,train
2836,train
2837,train
2838,test
2839,train
2840,test
2841,test
2842,test
2843,test
2844,test
2845,train
2846,train
2847,test
2848,train
2849,test
2850,test
2851,test
2852,train
2853,test
2854,train
2855,test
2856,train
2857,train
2858,train
2859,train
2860,train
2861,test
2862,train
2863,test
2864,test
2865,train
2866,test
2867,train
2868,test
2869,test
2870,test
2871,train
2872,train
2873,test
2874,test
2875,test
2876,train
2877,train
2878,test
2879,train
2880,train
2881,train
2882,train
2883,test
2884,train
2885,train
2886,train
2887,train
2888,test
2889,train
2890,train
2891,train
2892,train
2893,train
2894,train
2895,train
2896,test
2897,train
2898,train
2899,test
2900,test
2901,train
2902,train
2903,train
2904,test
2905,train
2906,train
2907,test
2908,train
2909,train
2910,train
2911,train
2912,test
2913,test
2914,train
2915,test
2916,train
2917,train
2918,test
2919,test
2920,train
2921,train
2922,train
2923,test
2924,test
2925,train
2926,test
2927,train
2928,train
2929,train
2930,test
2931,train
2932,train
2933,test
2934,train
2935,train
2936,train
2937,train
2938,train
2939,test
2940,train
2941,test
2942,train
2943,test
2944,test
2945,train
2946,test
2947,test
2948,train
2949,train
2950,test
2951,train
2952,test
2953,train
2954,train
2955,test
2956,test
2957,test
2958,train
2959,train
2960,train
2961,train
2962,train
2963,test
2964,train
2965,test
2966,test
2967,test
2968,test
2969,train
2970,test
2971,train
2972,train
2973,train
2974,test
2975,test
2976,test
2977,train
2978,test
2979,train
2980,train
2981,test
2982,train
2983,train
2984,train
2985,test
2986,test
2987,train
2988,train
2989,test
2990,train
2991,train
2992,train
2993,test
2994,test
2995,train
2996,train
2997,train
2998,train
2999,train
3000,test
3001,train
3002,train
3003,test
3004,test
3005,train
3006,train
3007,test
3008,train
3009,test
3010,test
3011,train
3012,train
3013,test
3014,train
3015,train
3016,test
3017,train
3018,train
3019,train
3020,train
3021,train
3022,train
3023,train
3024,test
3025,train
3026,train
3027,train
3028,test
3029,train
3030,test
3031,train
3032,train
3033,train
3034,train
3035,train
3036,test
3037,train
3038,test
3039,train
3040,train
3041,test
3042,train
3043,train
3044,train
3045,train
3046,train
3047,train
3048,train
3049,test
3050,train
3051,test
3052,train
3053,train
3054,test
3055,train
3056,train
3057,train
3058,train
3059,train
3060,test
3061,train
3062,train
3063,test
3064,test
3065,train
3066,train
3067,train
3068,test
3069,train
3070,train
3071,test
3072,train
3073,test
3074,train
3075,train
3076,train
3077,test
3078,train
3079,test
3080,train
3081,test
3082,train
3083,train
3084,train
3085,train
3086,train
3087,test
3088,test
3089,train
3090,train
3091,test
3092,test
3093,train
3094,test
3095,train
3096,train
3097,test
3098,train
3099,test
3100,test
3101,train
3102,test
3103,test
3104,train
3105,test
3106,train
3107,train
3108,test
3109,train
3110,test
3111,train
3112,test
3113,train
3114,train
3115,test
3116,test
3117,test
3118,test
3119,train
3120,test
3121,test
3122,test
3123,test
3124,train
3125,train
3126,test
3127,train
3128,train
3129,test
3130,train
3131,train
3132,train
3133,test
3134,test
3135,train
3136,train
3137,test
3138,test
3139,train
3140,train
3141,train
3142,test
3143,train
3144,train
3145,train
3146,train
3147,train
3148,test
3149,test
3150,train
3151,train
3152,train
3153,test
3154,train
3155,train
3156,train
3157,test
3158,train
3159,test
3160,train
3161,train
3162,train
3163,train
3164,test
3165,train
3166,test
3167,test
3168,train
3169,train
3170,train
3171,train
3172,train
3173,test
3174,test
3175,test
3176,train
3177,train
3178,test
3179,train
3180,train
3181,train
3182,train
3183,test
3184,train
3185,train
3186,train
3187,test
3188,test
3189,test
3190,train
3191,train
3192,train
3193,test
3194,train
3195,test
3196,train
3197,train
3198,test
3199,test
3200,train
3201,test
3202,train
3203,test
3204,train
3205,train
3206,train
3207,train
3208,train
3209,test
3210,test
3211,train
3212,train
3213,train
3214,train
3215,train
3216,test
3217,train
3218,test
3219,train
3220,train
3221,test
3222,test
3223,train
3224,train
3225,train
3226,train
3227,train
3228,train
3229,train
3230,train
3231,train
3232,test
3233,test
3234,train
3235,test
3236,test
3237,train
3238,test
3239,train
3240,test
3241,train
3242,train
3243,train
3244,train
3245,test
3246,train
3247,train
3248,train
3249,test
3250,train
3251,test
3252,train
3253,test
3254,train
3255,train
3256,test
3257,train
3258,test
3259,train
3260,train
3261,train
3262,test
3263,train
3264,train
3265,train
3266,test
3267,train
3268,train
3269,train
3270,train
3271,test
3272,train
3273,test
3274,train
3275,train
3276,train
3277,train
3278,test
3279,train
3280,train
3281,train
3282,train
3283,train
3284,train
3285,train
3286,train
3287,train
3288,test
3289,train
3290,test
3291,test
3292,test
3293,test
3294,test
3295,train
3296,test
3297,test
3298,train
3299,train
3300,test
3301,train
3302,train
3303,test
3304,train
3305,train
3306,train
3307,train
3308,test
3309,train
3310,train
3311,test
3312,train
3313,test
3314,test
3315,train
3316,train
3317,train
3318,test
3319,train
3320,train
3321,train
3322,train
3323,test
3324,train
3325,train
3326,train
3327,test
3328,test
3329,train
3330,train
3331,test
3332,test
3333,test
3334,train
3335,test
3336,test
3337,test
3338,test
3339,train
3340,train
3341,train
3342,train
3343,train
3344,test
3345,train
3346,test
3347,test
3348,train
3349,test
3350,test
3351,test
3352,test
3353,train
3354,train
3355,train
3356,train
3357,train
3358,train
3359,train
3360,test
3361,train
3362,test
3363,test
3364,train
3365,train
3366,train
3367,train
3368,train
3369,train
3370,train
3371,train
3372,train
3373,test
3374,train
3375,train
3376,train
3377,test
3378,test
3379,train
3380,train
3381,test
3382,train
3383,train
3384,train
3385,test
3386,test
3387,test
3388,train
3389,train
3390,test
3391,test
3392,test
3393,train
3394,test
3395,test
3396,test
3397,train
3398,test
3399,train
3400,train
3401,test
3402,train
3403,test
3404,test
3405,test
3406,train
3407,train
3408,train
3409,test
3410,train
3411,test
3412,test
3413,train
3414,train
3415,train
3416,test
3417,train
3418,train
3419,train
3420,train
3421,train
3422,train
3423,test
3424,train
3425,train
3426,train
3427,train
3428,test
3429,train
3430,test
3431,test
3432,test
3433,train
3434,train
3435,train
3436,test
3437,train
3438,test
3439,train
3440,test
3441,train
3442,train
3443,train
3444,train
3445,train
3446,train
3447,test
3448,train
3449,train
3450,train
3451,train
3452,train
3453,test
3454,train
3455,train
3456,train
3457,test
3458,test
3459,train
3460,test
3461,train
3462,train
3463,train
3464,train
3465,train
3466,test
3467,train
3468,test
3469,train
3470,test
3471,train
3472,train
3473,train
3474,train
3475,train
3476,train
3477,test
3478,test
3479,test
3480,train
3481,train
3482,train
3483,train
3484,train
3485,train
3486,train
3487,train
3488,test
3489,train
3490,test
3491,train
3492,train
3493,test
3494,train
3495,train
3496,test
3497,test
3498,train
3499,train
3500,test
3501,test
3502,train
3503,train
3504,train
3505,test
3506,test
3507,train
3508,test
3509,test
3510,train
3511,train
3512,test
3513,test
3514,test
3515,test
3516,train
3517,train
3518,test
3519,train
3520,train
3521,test
3522,train
3523,train
3524,test
3525,train
3526,test
3527,train
3528,train
3529,test
3530,train
3531,train
3532,test
3533,train
3534,test
3535,test
3536,train
3537,train
3538,train
3539,test
3540,test
3541,train
3542,test
3543,test
3544,test
3545,test
3546,train
3547,test
3548,train
3549,train
3550,train
3551,test
3552,train
3553,train
3554,train
3555,test
3556,test
3557,train
3558,train
3559,train
3560,test
3561,test
3562,test
3563,train
3564,train
3565,test
3566,train
3567,train
3568,train
3569,test
3570,train
3571,train
3572,train
3573,train
3574,test
3575,train
3576,train
3577,train
3578,train
3579,train
3580,train
3581,train
3582,train
3583,train
3584,train
3585,test
3586,test
3587,test
3588,test
3589,train
3590,test
3591,test
3592,test
3593,train
3594,test
3595,test
3596,train
3597,train
3598,train
3599,test
3600,test
3601,train
3602,train
3603,test
3604,train
3605,test
3606,train
3607,train
3608,test
3609,test
3610,train
3611,train
3612,train
3613,test
3614,train
3615,train
3616,train
3617,test
3618,train
3619,test
3620,test
3621,train
3622,test
3623,train
3624,test
3625,test
3626,test
3627,train
3628,train
3629,train
3630,test
3631,train
3632,test
3633,train
3634,train
3635,train
3636,test
3637,test
3638,train
3639,train
3640,train
3641,test
3642,train
3643,test
3644,train
3645,train
3646,test
3647,test
3648,train
3649,train
3650,train
3651,test
3652,train
3653,train
3654,train
3655,train
3656,train
3657,train
3658,train
3659,train
3660,test
3661,test
3662,train
3663,test
3664,test
3665,test
3666,train
3667,test
3668,test
3669,train
3670,train
3671,test
3672,train
3673,train
3674,train
3675,test
3676,train
3677,train
3678,test
3679,train
3680,train
3681,test
3682,test
3683,train
3684,train
3685,test
3686,test
3687,train
3688,train
3689,train
3690,train
3691,test
3692,test
3693,train
3694,train
3695,train
3696,train
3697,train
3698,train
3699,test
3700,train
3701,test
3702,test
3703,train
3704,train
3705,train
3706,test
3707,test
3708,train
3709,train
3710,train
3711,train
3712,test
3713,test
3714,train
3715,train
3716,train
3717,train
3718,train
3719,train
3720,train
3721,train
3722,test
3723,test
3724,train
3725,test
3726,train
3727,train
3728,train
3729,test
3730,train
3731,train
3732,train
3733,test
3734,test
3735,test
3736,train
3737,test
3738,train
3739,test
3740,test
3741,train
3742,test
3743,test
3744,test
3745,train
3746,test
3747,train
3748,train
3749,train
3750,test
3751,train
3752,train
3753,train
3754,test
3755,train
3756,train
3757,test
3758,train
3759,test
3760,test
3761,train
3762,train
3763,train
3764,test
3765,test
3766,test
3767,train
3768,test
3769,train
3770,train
3771,test
3772,train
3773,train
3774,test
3775,test
3776,test
3777,train
3778,test
3779,train
3780,train
3781,test
3782,train
3783,test
3784,test
3785,test
3786,train
3787,test
3788,test
3789,train
3790,test
3791,test
3792,train
3793,train
3794,train
3795,train
3796,test
3797,train
3798,train
3799,train
3800,test
3801,test
3802,train
3803,train
3804,train
3805,test
3806,train
3807,train
3808,train
3809,test
3810,test
3811,test
3812,test
3813,test
3814,test
3815,test
3816,test
3817,test
3818,test
3819,test
3820,train
3821,test
3822,train
3823,test
3824,train
3825,test
3826,train
3827,test
3828,train
3829,train
3830,train
3831,test
3832,train
3833,test
3834,train
3835,test
3836,train
3837,test
3838,test
3839,train
3840,test
3841,train
3842,test
3843,train
3844,train
3845,train
3846,train
3847,train
3848,test
3849,train
3850,train
3851,train
3852,train
3853,test
3854,test
3855,train
3856,test
3857,test
3858,test
3859,test
3860,test
3861,train
3862,test
3863,test
3864,train
3865,test
3866,train
3867,test
3868,train
3869,train
3870,train
3871,test
3872,train
3873,train
3874,test
3875,test
3876,train
3877,train
3878,train
3879,test
3880,test
3881,test
3882,test
3883,test
3884,train
3885,test
3886,test
3887,test
3888,test
3889,train
3890,train
3891,test
3892,train
3893,train
3894,train
3895,test
3896,train
3897,test
3898,test
3899,test
3900,test
3901,train
3902,test
3903,train
3904,train
3905,test
3906,train
3907,train
3908,train
3909,train
3910,test
3911,test
3912,test
3913,test
3914,train
3915,test
3916,test
3917,train
3918,test
3919,train
3920,train
3921,test
3922,test
3923,test
3924,test
3925,train
3926,test
3927,test
3928,train
3929,train
3930,test
3931,train
3932,train
3933,test
3934,test
3935,train
3936,train
3937,test
3938,train
3939,test
3940,train
3941,test
3942,train
3943,test
3944,train
3945,train
3946,test
3947,test
3948,train
3949,test
3950,test
3951,train
3952,train
3953,test
3954,train
3955,train
3956,test
3957,train
3958,train
3959,train
3960,train
3961,train
3962,test
3963,train
3964,train
3965,test
3966,train
3967,train
3968,train
3969,train
3970,train
3971,train
3972,train
3973,train
3974,train
3975,train
3976,train
3977,test
3978,test
3979,train
3980,train
3981,train
3982,test
3983,train
3984,train
3985,test
3986,test
3987,train
3988,train
3989,test
3990,train
3991,test
3992,train
3993,test
3994,train
3995,train
3996,test
3997,test
3998,train
3999,test
4000,test
4001,test
4002,test
4003,train
4004,test
4005,train
4006,train
4007,train
4008,test
4009,train
4010,train
4011,train
4012,test
4013,train
4014,train
4015,test
4016,train
4017,train
4018,train
4019,test
4020,test
4021,test
4022,test
4023,train
4024,train
4025,train
4026,train
4027,test
4028,train
4029,train
4030,train
4031,test
4032,test
4033,train
4034,train
4035,test
4036,train
4037,test
4038,train
4039,train
4040,test
4041,train
4042,test
4043,train
4044,train
4045,train
4046,test
4047,test
4048,train
4049,train
4050,train
4051,test
4052,train
4053,test
4054,train
4055,train
4056,test
4057,test
4058,test
4059,train
4060,test
4061,test
4062,train
4063,train
4064,train
4065,train
4066,test
4067,test
4068,train
4069,test
4070,train
4071,test
4072,train
4073,train
4074,train
4075,train
4076,test
4077,train
4078,train
4079,train
4080,train
4081,test
4082,test
4083,train
4084,test
4085,train
4086,train
4087,train
4088,train
4089,train
4090,test
4091,train
4092,test
4093,train
4094,test
4095,test
4096,train
4097,test
4098,train
4099,test
4100,train
4101,train
4102,train
4103,test
4104,train
4105,train
4106,train
4107,train
4108,test
4109,train
4110,test
4111,train
4112,train
4113,train
4114,test
4115,train
4116,test
4117,test
4118,train
4119,train
4120,test
4121,train
4122,test
4123,test
4124,train
4125,test
4126,train
4127,test
4128,train
4129,train
4130,train
4131,train
4132,train
4133,test
4134,train
4135,train
4136,test
4137,train
4138,test
4139,train
4140,train
4141,test
4142,train
4143,train
4144,train
4145,train
4146,train
4147,train
4148,train
4149,train
4150,test
4151,test
4152,train
4153,train
4154,train
4155,test
4156,test
4157,test
4158,test
4159,train
4160,train
4161,train
4162,test
4163,train
4164,test
4165,train
4166,test
4167,train
4168,train
4169,test
4170,train
4171,test
4172,train
4173,test
4174,train
4175,test
4176,train
4177,train
4178,train
4179,train
4180,train
4181,train
4182,test
4183,test
4184,train
4185,train
4186,test
4187,test
4188,test
4189,train
4190,train
4191,train
4192,train
4193,test
4194,train
4195,train
4196,train
4197,train
4198,test
4199,test
4200,test
4201,train
4202,train
4203,train
4204,test
4205,train
4206,test
4207,test
4208,train
4209,test
4210,test
4211,train
4212,train
4213,train
4214,train
4215,test
4216,train
4217,test
4218,train
4219,test
4220,train
4221,test
4222,test
4223,train
4224,test
4225,train
4226,train
4227,test
4228,train
4229,train
4230,train
4231,train
4232,train
4233,train
4234,test
4235,train
4236,train
4237,test
4238,test
4239,train
4240,train
4241,test
4242,train
4243,train
4244,train
4245,train
4246,test
4247,test
4248,test
4249,train
4250,train
4251,train
4252,test
4253,train
4254,train
4255,train
4256,train
4257,train
4258,train
4259,train
4260,train
4261,train
4262,train
4263,train
4264,test
4265,test
4266,train
4267,train
4268,train
4269,test
4270,test
4271,train
4272,train
4273,train
4274,test
4275,train
4276,test
4277,test
4278,train
4279,train
4280,train
4281,train
4282,train
4283,test
4284,train
4285,train
4286,test
4287,test
4288,train
4289,train
4290,train
4291,train
4292,test
4293,test
4294,test
4295,test
4296,train
4297,train
4298,test
4299,train
4300,test
4301,test
4302,test
4303,train
4304,train
4305,train
4306,train
4307,train
4308,train
4309,train
4310,train
4311,train
4312,test
4313,train
4314,test
4315,train
4316,train
4317,train
4318,train
4319,test
4320,train
4321,test
4322,train
4323,test
4324,test
4325,train
4326,train
4327,train
4328,train
4329,train
4330,train
4331,test
4332,train
4333,train
4334,train
4335,train
4336,train
4337,test
4338,test
4339,train
4340,test
4341,train
4342,test
4343,train
4344,test
4345,test
4346,test
4347,train
4348,train
4349,train
4350,test
4351,test
4352,test
4353,test
4354,test
4355,train
4356,train
4357,train
4358,test
4359,train
4360,test
4361,test
4362,test
4363,test
4364,train
4365,train
4366,test
4367,train
4368,train
4369,train
4370,train
4371,test
4372,test
4373,train
4374,train
4375,test
4376,train
4377,train
4378,train
4379,test
4380,test
4381,train
4382,train
4383,test
4384,train
4385,test
4386,test
4387,test
4388,train
4389,test
4390,test
4391,test
4392,train
4393,train
4394,test
4395,test
4396,test
4397,train
4398,train
4399,train
4400,train
4401,test
4402,train
4403,train
4404,train
4405,train
4406,test
4407,train
4408,test
4409,test
4410,train
4411,train
4412,test
4413,train
4414,train
4415,test
4416,train
4417,test
4418,train
4419,train
4420,test
4421,test
4422,train
4423,test
4424,test
4425,train
4426,train
4427,train
4428,test
4429,test
4430,test
4431,train
4432,test
4433,train
4434,test
4435,train
4436,test
4437,train
4438,test
4439,train
4440,train
4441,train
4442,train
4443,test
4444,train
4445,test
4446,train
4447,test
4448,train
4449,test
4450,train
4451,test
4452,train
4453,train
4454,train
4455,test
4456,test
4457,test
4458,train
4459,train
4460,train
4461,train
4462,train
4463,test
4464,train
4465,train
4466,train
4467,train
4468,train
4469,test
4470,test
4471,test
4472,test
4473,test
4474,test
4475,test
4476,train
4477,test
4478,train
4479,train
4480,train
4481,train
4482,test
4483,train
4484,train
4485,train
4486,test
4487,train
4488,test
4489,train
4490,train
4491,train
4492,train
4493,test
4494,train
4495,train
4496,test
4497,test
4498,test
4499,train
4500,test
4501,test
4502,train
4503,train
4504,test
4505,train
4506,train
4507,train
4508,test
4509,train
4510,train
4511,train
4512,train
4513,test
4514,train
4515,train
4516,test
4517,train
4518,train
4519,train
4520,train
4521,test
4522,train
4523,train
4524,test
4525,train
4526,train
4527,test
4528,test
4529,train
4530,train
4531,train
4532,train
4533,train
4534,test
4535,test
4536,train
4537,train
4538,train
4539,train
4540,train
4541,test
4542,train
4543,train
4544,test
4545,train
4546,train
4547,train
4548,test
4549,train
4550,train
4551,train
4552,train
4553,train
4554,train
4555,train
4556,test
4557,test
4558,train
4559,train
4560,test
4561,train
4562,train
4563,train
4564,train
4565,train
4566,test
4567,train
4568,train
4569,test
4570,train
4571,test
4572,train
4573,train
4574,train
4575,train
4576,test
4577,test
4578,test
4579,train
4580,test
4581,test
4582,train
4583,test
4584,train
4585,test
4586,test
4587,train
4588,train
4589,train
4590,train
4591,train
4592,train
4593,train
4594,train
4595,train
4596,train
4597,test
4598,train
4599,train
4600,train
4601,test
4602,train
4603,test
4604,train
4605,train
4606,train
4607,test
4608,train
4609,train
4610,train
4611,test
4612,test
4613,test
4614,train
4615,train
4616,train
4617,train
4618,train
4619,test
4620,train
4621,train
4622,test
4623,test
4624,train
4625,train
4626,test
4627,test
4628,train
4629,train
4630,test
4631,train
4632,train
4633,train
4634,train
4635,train
4636,train
4637,test
4638,test
4639,train
4640,train
4641,train
4642,train
4643,train
4644,test
4645,train
4646,train
4647,test
4648,train
4649,train
4650,test
4651,test
4652,train
4653,train
4654,train
4655,test
4656,test
4657,test
4658,test
4659,train
4660,test
4661,train
4662,test
4663,train
4664,train
4665,test
4666,train
4667,train
4668,test
4669,test
4670,test
4671,train
4672,train
4673,test
4674,test
4675,train
4676,test
4677,test
4678,train
4679,train
4680,test
4681,train
4682,test
4683,test
4684,train
4685,train
4686,train
4687,train
4688,train
4689,train
4690,test
4691,train
4692,train
4693,train
4694,test
4695,train
4696,test
4697,train
4698,train
4699,test
4700,train
4701,train
4702,test
4703,train
4704,train
4705,test
4706,train
4707,test
4708,train
4709,train
4710,train
4711,test
4712,train
4713,train
4714,test
4715,train
4716,train
4717,test
4718,test
4719,test
4720,test
4721,test
4722,test
4723,test
4724,train
4725,test
4726,train
4727,test
4728,train
4729,train
4730,train
4731,train
4732,train
4733,train
4734,train
4735,train
4736,train
4737,train
4738,train
4739,train
4740,train
4741,test
4742,train
4743,train
4744,train
4745,train
4746,test
4747,train
4748,train
4749,train
4750,train
4751,test
4752,train
4753,train
4754,test
4755,test
4756,train
4757,test
4758,train
4759,train
4760,train
4761,train
4762,test
4763,test
4764,train
4765,train
4766,train
4767,train
4768,test
4769,train
4770,train
4771,train
4772,test
4773,train
4774,test
4775,test
4776,test
4777,test
4778,train
4779,test
4780,test
4781,train
4782,train
4783,test
4784,train
4785,train
4786,train
4787,train
4788,test
4789,train
4790,train
4791,test
4792,train
4793,train
4794,train
4795,train
4796,test
4797,train
4798,test
4799,test
4800,train
4801,train
4802,test
4803,train
4804,test
4805,train
4806,test
4807,train
4808,train
4809,test
4810,test
4811,test
4812,test
4813,train
4814,train
4815,train
4816,test
4817,train
4818,test
4819,train
4820,train
4821,train
4822,test
4823,train
4824,train
4825,test
4826,train
4827,train
4828,train
4829,test
4830,train
4831,train
4832,test
4833,test
4834,train
4835,train
4836,train
4837,train
4838,test
4839,train
4840,train
4841,train
4842,train
4843,train
4844,test
4845,test
4846,train
4847,train
4848,test
4849,test
4850,train
4851,train
4852,train
4853,train
4854,train
4855,test
4856,train
4857,train
4858,train
4859,test
4860,train
4861,test
4862,train
4863,test
4864,test
4865,train
4866,train
4867,train
4868,train
4869,test
4870,train
4871,train
4872,train
4873,test
4874,test
4875,train
4876,train
4877,train
4878,train
4879,test
4880,train
4881,test
4882,test
4883,train
4884,test
4885,test
4886,test
4887,train
4888,test
4889,train
4890,test
4891,train
4892,test
4893,train
4894,test
4895,train
4896,train
4897,test
4898,train
4899,test
4900,train
4901,train
4902,test
4903,train
4904,test
4905,train
4906,train
4907,test
4908,test
4909,train
4910,train
4911,test
4912,test
4913,train
4914,train
4915,test
4916,test
4917,test
4918,test
4919,test
4920,train
4921,test
4922,train
4923,test
4924,train
4925,test
4926,train
4927,train
4928,train
4929,train
4930,test
4931,train
4932,train
4933,train
4934,train
4935,train
4936,train
4937,train
4938,train
4939,test
4940,train
4941,test
4942,train
4943,train
4944,test
4945,test
4946,train
4947,train
4948,train
4949,train
4950,train
4951,train
4952,train
4953,train
4954,train
4955,test
4956,train
4957,train
4958,train
4959,train
4960,train
4961,test
4962,train
4963,train
4964,train
4965,train
4966,test
4967,test
4968,train
4969,test
4970,test
4971,test
4972,train
4973,train
4974,train
4975,test
4976,test
4977,train
4978,test
4979,test
4980,test
4981,train
4982,train
4983,train
4984,test
4985,train
4986,test
4987,train
4988,train
4989,train
4990,train
4991,test
4992,train
4993,train
4994,train
4995,test
4996,train
4997,test
4998,train
4999,train
5000,test
5001,test
5002,train
5003,test
5004,test
5005,train
5006,train
5007,train
5008,train
5009,train
5010,train
5011,test
5012,train
5013,test
5014,train
5015,train
5016,train
5017,test
5018,train
5019,train
5020,train
5021,test
5022,test
5023,test
5024,train
5025,test
5026,train
5027,train
5028,test
5029,test
5030,train
5031,train
5032,train
5033,test
5034,train
5035,test
5036,train
5037,test
5038,train
5039,train
5040,train
5041,train
5042,test
5043,test
5044,train
5045,test
5046,test
5047,train
5048,train
5049,train
5050,train
5051,test
5052,test
5053,test
5054,train
5055,train
5056,train
5057,test
5058,test
5059,test
5060,train
5061,train
5062,train
5063,test
5064,train
5065,train
5066,train
5067,train
5068,train
5069,test
5070,train
5071,train
5072,train
5073,train
5074,train
5075,test
5076,train
5077,train
5078,train
5079,train
5080,train
5081,test
5082,test
5083,train
5084,test
5085,train
5086,test
5087,train
5088,test
5089,train
5090,test
5091,train
5092,test
5093,train
5094,train
5095,train
5096,train
5097,test
5098,train
5099,train
5100,test
5101,test
5102,train
5103,train
5104,train
5105,test
5106,test
5107,test
5108,train
5109,train
5110,test
5111,test
5112,test
5113,train
5114,train
5115,train
5116,train
5117,train
5118,test
5119,train
5120,train
5121,train
5122,test
5123,train
5124,train
5125,train
5126,test
5127,test
5128,test
5129,test
5130,train
5131,test
5132,train
5133,train
5134,train
5135,train
5136,test
5137,train
5138,test
5139,train
5140,train
5141,test
5142,test
5143,test
5144,train
5145,train
5146,test
5147,test
5148,train
5149,test
5150,train
5151,test
5152,train
5153,train
5154,train
5155,train
5156,train
5157,train
5158,test
5159,train
5160,train
5161,train
5162,train
5163,test
5164,test
5165,test
5166,test
5167,train
5168,train
5169,test
5170,test
5171,test
5172,train
5173,train
5174,train
5175,train
5176,train
5177,train
5178,train
5179,train
5180,train
5181,test
5182,train
5183,test
5184,train
5185,test
5186,test
5187,train
5188,test
5189,train
5190,test
5191,train
5192,train
5193,train
5194,train
5195,test
5196,test
5197,train
5198,test
5199,test
5200,test
5201,test
5202,test
5203,train
5204,test
5205,train
5206,train
5207,train
5208,train
5209,train
5210,train
5211,test
5212,train
5213,train
5214,test
5215,train
5216,train
5217,test
5218,train
5219,train
5220,test
5221,train
5222,test
5223,train
5224,test
5225,train
5226,test
5227,test
5228,train
5229,test
5230,train
5231,test
5232,train
5233,train
5234,test
5235,train
5236,train
5237,test
5238,test
5239,train
5240,train
5241,train
5242,train
5243,train
5244,test
5245,test
5246,train
5247,train
5248,train
5249,test
5250,train
5251,train
5252,train
5253,train
5254,train
5255,train
5256,train
5257,train
5258,test
5259,train
5260,test
5261,test
5262,test
5263,train
5264,test
5265,test
5266,train
5267,train
5268,train
5269,test
5270,train
5271,train
5272,test
5273,train
5274,train
5275,train
5276,train
5277,train
5278,train
5279,test
5280,test
5281,train
5282,train
5283,train
5284,train
5285,train
5286,train
5287,train
5288,test
5289,test
5290,train
5291,train
5292,train
5293,test
5294,train
5295,test
5296,train
5297,train
5298,train
5299,train
5300,test
5301,test
5302,test
5303,train
5304,train
5305,train
5306,train
5307,test
5308,train
5309,train
5310,train
5311,test
5312,train
5313,train
5314,train
5315,test
5316,test
5317,train
5318,test
5319,test
5320,test
5321,train
5322,train
5323,train
5324,train
5325,train
5326,test
5327,train
5328,test
5329,train
5330,train
5331,test
5332,train
5333,test
5334,test
5335,train
5336,train
5337,train
5338,test
5339,train
5340,test
5341,train
5342,test
5343,test
5344,test
5345,test
5346,train
5347,train
5348,test
5349,test
5350,test
5351,test
5352,test
5353,test
5354,test
5355,train
5356,test
5357,train
5358,test
5359,test
5360,train
5361,train
5362,train
5363,train
5364,test
5365,train
5366,test
5367,train
5368,train
5369,test
5370,test
5371,train
5372,train
5373,test
5374,test
5375,test
5376,train
5377,train
5378,test
5379,train
5380,test
5381,test
5382,train
5383,train
5384,train
5385,train
5386,train
5387,test
5388,train
5389,test
5390,train
5391,test
5392,test
5393,train
5394,train
5395,test
5396,train
5397,train
5398,test
5399,train
5400,test
5401,train
5402,test
5403,train
5404,train
5405,test
5406,train
5407,test
5408,test
5409,train
5410,train
5411,train
5412,train
5413,train
5414,train
5415,test
5416,test
5417,train
5418,train
5419,train
5420,test
5421,train
5422,train
5423,train
5424,test
5425,train
5426,train
5427,test
5428,test
5429,train
5430,test
5431,train
5432,train
5433,test
5434,train
5435,train
5436,train
5437,train
5438,train
5439,test
5440,train
5441,test
5442,test
5443,test
5444,test
5445,test
5446,test
5447,train
5448,train
5449,test
5450,test
5451,train
5452,test
5453,train
5454,train
5455,train
5456,test
5457,test
5458,train
5459,test
5460,train
5461,train
5462,test
5463,test
5464,train
5465,train
5466,train
5467,train
5468,test
5469,test
5470,train
5471,train
5472,test
5473,train
5474,test
5475,train
5476,test
5477,test
5478,train
5479,train
5480,train
5481,train
5482,train
5483,train
5484,test
5485,train
5486,train
5487,train
5488,test
5489,train
5490,test
5491,train
5492,test
5493,test
5494,train
5495,train
5496,train
5497,train
5498,train
5499,train
5500,train
5501,test
5502,train
5503,test
5504,test
5505,train
5506,train
5507,train
5508,test
5509,test
5510,test
5511,train
5512,train
5513,test
5514,train
5515,test
5516,test
5517,train
5518,train
5519,test
5520,train
5521,train
5522,test
5523,test
5524,train
5525,test
5526,test
5527,train
5528,train
5529,train
5530,test
5531,train
5532,test
5533,test
5534,train
5535,train
5536,train
5537,train
5538,train
5539,train
5540,train
5541,train
5542,test
5543,train
5544,train
5545,train
5546,train
5547,train
5548,train
5549,train
5550,train
5551,test
5552,test
5553,test
5554,train
5555,train
5556,train
5557,test
5558,train
5559,train
5560,train
5561,train
5562,train
5563,train
5564,test
5565,train
5566,test
5567,train
5568,train
5569,train
5570,test
5571,train
5572,test
5573,train
5574,test
5575,train
5576,test
5577,train
5578,test
5579,train
5580,test
5581,test
5582,train
5583,train
5584,test
5585,train
5586,train
5587,train
5588,train
5589,train
5590,test
5591,train
5592,train
5593,train
5594,test
5595,train
5596,train
5597,train
5598,train
5599,test
5600,test
5601,train
5602,test
5603,train
5604,train
5605,train
5606,test
5607,train
5608,train
5609,test
5610,test
5611,train
5612,train
5613,train
5614,test
5615,test
5616,train
5617,test
5618,train
5619,train
5620,train
5621,train
5622,test
5623,test
5624,train
5625,test
5626,train
5627,test
5628,test
5629,test
5630,test
5631,train
5632,train
5633,train
5634,test
5635,train
5636,train
5637,test
5638,train
5639,train
5640,train
5641,train
5642,train
5643,train
5644,train
5645,train
5646,train
5647,train
5648,train
5649,train
5650,train
5651,test
5652,train
5653,train
5654,test
5655,train
5656,test
5657,test
5658,test
5659,train
5660,train
5661,train
5662,train
5663,train
5664,test
5665,train
5666,train
5667,test
5668,train
5669,test
5670,train
5671,test
5672,train
5673,train
5674,test
5675,train
5676,test
5677,test
5678,test
5679,train
5680,train
5681,train
5682,train
5683,train
5684,train
5685,test
5686,train
5687,train
5688,train
5689,train
5690,test
5691,train
5692,test
5693,test
5694,test
5695,train
5696,train
5697,test
5698,train
5699,test
5700,test
5701,train
5702,train
5703,train
5704,test
5705,test
5706,train
5707,train
5708,test
5709,test
5710,train
5711,train
5712,train
5713,train
5714,test
5715,train
5716,train
5717,test
5718,test
5719,train
5720,test
5721,train
5722,test
5723,train
5724,test
5725,train
5726,train
5727,test
5728,test
5729,train
5730,test
5731,train
5732,train
5733,test
5734,test
5735,test
5736,test
5737,train
5738,test
5739,train
5740,test
5741,train
5742,train
5743,train
5744,train
5745,train
5746,train
5747,train
5748,test
5749,test
5750,train
5751,train
5752,train
5753,train
5754,test
5755,test
5756,train
5757,train
5758,test
5759,train
5760,train
5761,test
5762,test
5763,test
5764,train
5765,train
5766,test
5767,test
5768,test
5769,test
5770,train
5771,train
5772,test
5773,train
5774,train
5775,train
5776,test
5777,train
5778,train
5779,train
5780,test
5781,test
5782,train
5783,train
5784,test
5785,test
5786,train
5787,train
5788,train
5789,train
5790,train
5791,train
5792,test
5793,test
5794,train
5795,train
5796,train
5797,test
5798,test
5799,test
5800,train
5801,test
5802,train
5803,train
5804,train
5805,train
5806,train
5807,test
5808,train
5809,train
5810,train
5811,train
5812,test
5813,test
5814,test
5815,train
5816,train
5817,train
5818,test
5819,train
5820,train
5821,train
5822,test
5823,test
5824,test
5825,train
5826,train
5827,test
5828,train
5829,train
5830,test
5831,test
5832,test
5833,train
5834,train
5835,test
5836,train
5837,test
5838,train
5839,train
5840,train
5841,train
5842,test
5843,train
5844,train
5845,train
5846,test
5847,train
5848,train
5849,test
5850,test
5851,train
5852,train
5853,train
5854,test
5855,train
5856,test
5857,test
5858,test
5859,train
5860,test
5861,train
5862,train
5863,test
5864,test
5865,train
5866,train
5867,test
5868,train
5869,train
5870,train
5871,test
5872,train
5873,train
5874,train
5875,test
5876,test
5877,train
5878,test
5879,train
5880,test
5881,test
5882,test
5883,train
5884,train
5885,train
5886,test
5887,train
5888,test
5889,train
5890,test
5891,train
5892,test
5893,train
5894,test
5895,train
5896,train
5897,test
5898,train
5899,train
5900,train
5901,test
5902,train
5903,train
5904,train
5905,train
5906,train
5907,train
5908,test
5909,test
5910,train
5911,test
5912,test
5913,train
5914,test
5915,test
5916,test
5917,train
5918,train
5919,train
5920,train
5921,test
5922,train
5923,train
5924,train
5925,train
5926,test
5927,train
5928,test
5929,train
5930,train
5931,train
5932,train
5933,train
5934,test
5935,test
5936,test
5937,train
5938,test
5939,train
5940,train
5941,train
5942,train
5943,train
5944,train
5945,train
5946,test
5947,test
5948,train
5949,test
5950,test
5951,train
5952,test
5953,train
5954,train
5955,train
5956,train
5957,train
5958,train
5959,train
5960,test
5961,train
5962,test
5963,test
5964,test
5965,test
5966,train
5967,test
5968,train
5969,train
5970,train
5971,test
5972,train
5973,train
5974,train
5975,train
5976,test
5977,train
5978,train
5979,test
5980,train
5981,train
5982,train
5983,test
5984,test
5985,test
5986,test
5987,train
5988,train
5989,train
5990,train
5991,train
5992,test
5993,train
5994,test
5995,train
5996,train
5997,test
5998,train
5999,train
6000,train
6001,train
6002,train
6003,train
6004,train
6005,train
6006,test
6007,train
6008,train
6009,train
6010,test
6011,test
6012,train
6013,train
6014,train
6015,train
6016,train
6017,test
6018,train
6019,test
6020,train
6021,train
6022,train
6023,train
6024,train
6025,train
6026,train
6027,train
6028,test
6029,train
6030,test
6031,train
6032,train
6033,train
6034,test
6035,train
6036,train
6037,train
6038,test
6039,test
6040,train
6041,test
6042,test
6043,train
6044,train
6045,train
6046,train
6047,train
6048,test
6049,test
6050,test
6051,train
6052,train
6053,test
6054,train
6055,test
6056,test
6057,train
6058,test
6059,test
6060,train
6061,train
6062,train
6063,train
6064,train
6065,test
6066,train
6067,test
6068,train
6069,train
6070,train
6071,train
6072,test
6073,test
6074,test
6075,train
6076,train
6077,test
6078,train
6079,test
6080,test
6081,test
6082,train
6083,train
6084,test
6085,test
6086,test
6087,train
6088,train
6089,train
6090,test
6091,test
6092,train
6093,test
6094,train
6095,train
6096,train
6097,train
6098,test
6099,test
6100,train
6101,train
6102,test
6103,test
6104,test
6105,train
6106,train
6107,test
6108,test
6109,test
6110,train
6111,test
6112,train
6113,test
6114,test
6115,train
6116,train
6117,train
6118,test
6119,train
6120,train
6121,train
6122,train
6123,train
6124,train
6125,test
6126,train
6127,test
6128,train
6129,train
6130,train
6131,test
6132,test
6133,train
6134,train
6135,train
6136,train
6137,test
6138,train
6139,train
6140,train
6141,train
6142,train
6143,train
6144,train
6145,train
6146,train
6147,train
6148,test
6149,test
6150,train
6151,train
6152,train
6153,train
6154,train
6155,test
6156,train
6157,test
6158,train
6159,train
6160,test
6161,test
6162,train
6163,train
6164,train
6165,test
6166,test
6167,train
6168,train
6169,train
6170,test
6171,train
6172,train
6173,test
6174,train
6175,train
6176,test
6177,test
6178,train
6179,train
6180,train
6181,train
6182,train
6183,train
6184,test
6185,test
6186,test
6187,test
6188,train
6189,test
6190,train
6191,train
6192,train
6193,train
6194,test
6195,test
6196,train
6197,test
6198,train
6199,test
6200,test
6201,test
6202,train
6203,test
6204,test
6205,train
6206,test
6207,test
6208,train
6209,train
6210,test
6211,test
6212,test
6213,train
6214,train
6215,train
6216,test
6217,test
6218,train
6219,train
6220,train
6221,train
6222,train
6223,test
6224,train
6225,test
6226,train
6227,test
6228,train
6229,test
6230,train
6231,test
6232,test
6233,test
6234,train
6235,test
6236,test
6237,train
6238,train
6239,train
6240,train
6241,train
6242,test
6243,train
6244,test
6245,train
6246,train
6247,train
6248,train
6249,train
6250,train
6251,test
6252,train
6253,train
6254,test
6255,train
6256,train
6257,test
6258,test
6259,test
6260,test
6261,train
6262,test
6263,train
6264,train
6265,test
6266,train
6267,train
6268,train
6269,train
6270,test
6271,train
6272,train
6273,test
6274,train
6275,train
6276,train
6277,test
6278,train
6279,train
6280,train
6281,train
6282,test
6283,train
6284,train
6285,train
6286,train
6287,test
6288,test
6289,test
6290,test
6291,test
6292,test
6293,test
6294,train
6295,train
6296,train
6297,train
6298,test
6299,train
6300,test
6301,train
6302,test
6303,test
6304,train
6305,train
6306,train
6307,train
6308,train
6309,test
6310,train
6311,test
6312,test
6313,test
6314,train
6315,train
6316,test
6317,train
6318,train
6319,train
6320,train
6321,test
6322,train
6323,train
6324,train
6325,test
6326,test
6327,train
6328,train
6329,test
6330,test
6331,train
6332,test
6333,test
6334,train
6335,test
6336,train
6337,train
6338,train
6339,test
6340,test
6341,train
6342,test
6343,train
6344,test
6345,train
6346,train
6347,train
6348,test
6349,train
6350,train
6351,test
6352,test
6353,test
6354,train
6355,test
6356,train
6357,test
6358,train
6359,test
6360,train
6361,test
6362,train
6363,train
6364,test
6365,test
6366,test
6367,train
6368,train
6369,train
6370,test
6371,test
6372,train
6373,train
6374,train
6375,train
6376,train
6377,train
6378,test
6379,train
6380,train
6381,train
6382,test
6383,train
6384,test
6385,train
6386,train
6387,train
6388,train
6389,train
6390,train
6391,test
6392,train
6393,train
6394,test
6395,train
6396,train
6397,test
6398,train
6399,train
6400,train
6401,train
6402,train
6403,test
6404,test
6405,train
6406,train
6407,train
6408,train
6409,train
6410,test
6411,test
6412,train
6413,train
6414,test
6415,train
6416,test
6417,test
6418,test
6419,train
6420,test
6421,train
6422,train
6423,test
6424,train
6425,test
6426,test
6427,test
6428,train
6429,train
6430,train
6431,train
6432,train
6433,train
6434,train
6435,train
6436,test
6437,test
6438,train
6439,test
6440,train
6441,train
6442,train
6443,train
6444,test
6445,train
6446,test
6447,train
6448,train
6449,train
6450,train
6451,train
6452,train
6453,train
6454,test
6455,test
6456,train
6457,test
6458,train
6459,test
6460,train
6461,train
6462,test
6463,test
6464,train
6465,test
6466,train
6467,test
6468,train
6469,train
6470,train
6471,train
6472,train
6473,test
6474,train
6475,train
6476,train
6477,test
6478,train
6479,train
6480,train
6481,train
6482,train
6483,train
6484,test
6485,train
6486,test
6487,train
6488,test
6489,test
6490,test
6491,train
6492,test
6493,train
6494,train
6495,test
6496,test
6497,train
6498,train
6499,test
6500,train
6501,train
6502,train
6503,train
6504,train
6505,train
6506,train
6507,train
6508,test
6509,test
6510,test
6511,test
6512,train
6513,train
6514,train
6515,test
6516,train
6517,train
6518,train
6519,train
6520,train
6521,train
6522,test
6523,train
6524,test
6525,train
6526,train
6527,train
6528,test
6529,train
6530,train
6531,test
6532,train
6533,train
6534,test
6535,train
6536,test
6537,train
6538,train
6539,train
6540,test
6541,train
6542,train
6543,test
6544,train
6545,train
6546,train
6547,test
6548,train
6549,test
6550,train
6551,test
6552,test
6553,train
6554,train
6555,train
6556,train
6557,test
6558,test
6559,test
6560,train
6561,test
6562,test
6563,train
6564,test
6565,test
6566,train
6567,test
6568,train
6569,train
6570,test
6571,train
6572,train
6573,train
6574,test
6575,train
6576,test
6577,train
6578,train
6579,train
6580,test
6581,train
6582,train
6583,test
6584,train
6585,test
6586,test
6587,train
6588,test
6589,train
6590,train
6591,test
6592,train
6593,train
6594,test
6595,train
6596,test
6597,train
6598,test
6599,train
6600,test
6601,train
6602,test
6603,train
6604,test
6605,train
6606,test
6607,train
6608,test
6609,test
6610,test
6611,test
6612,train
6613,test
6614,test
6615,test
6616,test
6617,test
6618,test
6619,train
6620,test
6621,train
6622,test
6623,test
6624,test
6625,test
6626,train
6627,train
6628,test
6629,test
6630,train
6631,train
6632,test
6633,test
6634,test
6635,test
6636,train
6637,train
6638,train
6639,train
6640,train
6641,train
6642,train
6643,test
6644,train
6645,test
6646,test
6647,test
6648,train
6649,train
6650,test
6651,train
6652,test
6653,train
6654,train
6655,train
6656,train
6657,test
6658,test
6659,test
6660,train
6661,train
6662,test
6663,train
6664,test
6665,train
6666,test
6667,train
6668,train
6669,test
6670,train
6671,test
6672,train
6673,train
6674,test
6675,train
6676,test
6677,test
6678,test
6679,train
6680,train
6681,train
6682,train
6683,train
6684,train
6685,train
6686,test
6687,test
6688,train
6689,test
6690,test
6691,train
6692,test
6693,test
6694,train
6695,train
6696,test
6697,train
6698,train
6699,train
6700,train
6701,train
6702,test
6703,train
6704,test
6705,test
6706,train
6707,train
6708,test
6709,train
6710,test
6711,test
6712,train
6713,test
6714,train
6715,test
6716,test
6717,train
6718,train
6719,test
6720,train
6721,test
6722,train
6723,train
6724,train
6725,train
6726,train
6727,train
6728,train
6729,train
6730,train
6731,test
6732,test
6733,train
6734,train
6735,train
6736,test
6737,train
6738,test
6739,train
6740,test
6741,train
6742,test
6743,train
6744,train
6745,train
6746,train
6747,test
6748,train
6749,test
6750,train
6751,test
6752,test
6753,train
6754,train
6755,train
6756,test
6757,test
6758,train
6759,train
6760,train
6761,train
6762,train
6763,train
6764,train
6765,train
6766,test
6767,test
6768,test
6769,train
6770,test
6771,train
6772,test
6773,train
6774,train
6775,test
6776,train
6777,test
6778,train
6779,train
6780,train
6781,test
6782,test
6783,train
6784,train
6785,test
6786,train
6787,train
6788,train
6789,train
6790,test
6791,train
6792,test
6793,test
6794,train
6795,train
6796,train
6797,test
6798,train
6799,train
6800,test
6801,train
6802,train
6803,train
6804,test
6805,train
6806,test
6807,test
6808,test
6809,train
6810,test
6811,train
6812,train
6813,train
6814,test
6815,test
6816,train
6817,test
6818,train
6819,train
6820,train
6821,train
6822,test
6823,train
6824,train
6825,train
6826,test
6827,train
6828,test
6829,train
6830,train
6831,train
6832,test
6833,test
6834,train
6835,test
6836,train
6837,train
6838,train
6839,train
6840,train
6841,train
6842,test
6843,train
6844,train
6845,test
6846,test
6847,train
6848,test
6849,train
6850,test
6851,test
6852,train
6853,train
6854,test
6855,train
6856,train
6857,train
6858,train
6859,test
6860,train
6861,train
6862,train
6863,test
6864,test
6865,test
6866,test
6867,test
6868,test
6869,train
6870,test
6871,train
6872,train
6873,test
6874,test
6875,test
6876,test
6877,train
6878,train
6879,train
6880,train
6881,test
6882,test
6883,test
6884,test
6885,test
6886,train
6887,test
6888,train
6889,test
6890,test
6891,train
6892,train
6893,train
6894,train
6895,train
6896,train
6897,train
6898,test
6899,test
6900,train
6901,train
6902,test
6903,test
6904,train
6905,test
6906,train
6907,test
6908,test
6909,train
6910,train
6911,train
6912,test
6913,train
6914,train
6915,test
6916,train
6917,train
6918,train
6919,test
6920,train
6921,test
6922,train
6923,train
6924,train
6925,train
6926,train
6927,test
6928,train
6929,train
6930,test
6931,train
6932,train
6933,train
6934,test
6935,train
6936,train
6937,train
6938,test
6939,train
6940,train
6941,test
6942,train
6943,test
6944,train
6945,test
6946,train
6947,train
6948,train
6949,test
6950,test
6951,train
6952,test
6953,test
6954,train
6955,test
6956,train
6957,test
6958,train
6959,test
6960,test
6961,train
6962,test
6963,train
6964,train
6965,train
6966,train
6967,train
6968,test
6969,test
6970,train
6971,train
6972,train
6973,train
6974,test
6975,train
6976,train
6977,train
6978,test
6979,test
6980,train
6981,test
6982,train
6983,test
6984,train
6985,test
6986,test
6987,test
6988,test
6989,train
6990,train
6991,train
6992,test
6993,train
6994,train
6995,test
6996,train
6997,test
6998,test
6999,test
7000,train
7001,train
7002,train
7003,test
7004,train
7005,test
7006,test
7007,train
7008,test
7009,train
7010,test
7011,test
7012,test
7013,train
7014,train
7015,train
7016,train
7017,test
7018,train
7019,test
7020,test
7021,test
7022,train
7023,test
7024,train
7025,train
7026,test
7027,train
7028,test
7029,test
7030,train
7031,train
7032,train
7033,train
7034,train
7035,train
7036,test
7037,train
7038,train
7039,test
7040,train
7041,train
7042,train
7043,test
7044,train
7045,train
7046,train
7047,train
7048,test
7049,train
7050,test
7051,train
7052,train
7053,train
7054,train
7055,test
7056,train
7057,train
7058,train
7059,test
7060,test
7061,train
7062,test
7063,train
7064,train
7065,train
7066,train
7067,test
7068,test
7069,train
7070,test
7071,train
7072,train
7073,train
7074,train
7075,train
7076,train
7077,test
7078,test
7079,train
7080,train
7081,train
7082,test
7083,train
7084,test
7085,test
7086,train
7087,test
7088,test
7089,train
7090,train
7091,train
7092,train
7093,train
7094,train
7095,test
7096,test
7097,train
7098,train
7099,test
7100,test
7101,test
7102,test
7103,train
7104,train
7105,train
7106,train
7107,train
7108,train
7109,test
7110,test
7111,test
7112,train
7113,test
7114,test
7115,train
7116,train
7117,test
7118,train
7119,test
7120,train
7121,train
7122,train
7123,test
7124,test
7125,test
7126,train
7127,train
7128,test
7129,test
7130,test
7131,test
7132,test
7133,train
7134,train
7135,test
7136,test
7137,train
7138,train
7139,train
7140,test
7141,train
7142,test
7143,train
7144,test
7145,train
7146,train
7147,test
7148,train
7149,train
7150,test
7151,test
7152,test
7153,train
7154,train
7155,test
7156,train
7157,test
7158,test
7159,train
7160,test
7161,train
7162,train
7163,test
7164,test
7165,test
7166,train
7167,train
7168,train
7169,train
7170,test
7171,train
7172,train
7173,train
7174,train
7175,test
7176,test
7177,train
7178,train
7179,train
7180,train
7181,train
7182,test
7183,train
7184,train
7185,test
7186,test
7187,train
7188,test
7189,train
7190,train
7191,train
7192,train
7193,train
7194,train
7195,train
7196,train
7197,train
7198,train
7199,train
7200,train
7201,train
7202,test
7203,train
7204,test
7205,train
7206,test
7207,train
7208,test
7209,train
7210,train
7211,train
7212,train
7213,train
7214,train
7215,test
7216,train
7217,train
7218,train
7219,train
7220,train
7221,test
7222,train
7223,train
7224,train
7225,test
7226,train
7227,train
7228,train
7229,train
7230,test
7231,train
7232,train
7233,train
7234,test
7235,test
7236,test
7237,test
7238,train
7239,train
7240,test
7241,train
7242,test
7243,train
7244,test
7245,test
7246,test
7247,test
7248,test
7249,test
7250,train
7251,train
7252,test
7253,train
7254,train
7255,train
7256,train
7257,train
7258,test
7259,test
7260,train
7261,test
7262,train
7263,train
7264,test
7265,test
7266,train
7267,train
7268,train
7269,train
7270,test
7271,test
7272,test
7273,train
7274,test
7275,test
7276,train
7277,train
7278,test
7279,test
7280,train
7281,train
7282,train
7283,test
7284,test
7285,train
7286,test
7287,train
7288,train
7289,train
7290,train
7291,test
7292,test
7293,test
7294,train
7295,test
7296,test
7297,test
7298,test
7299,test
7300,test
7301,test
7302,train
7303,train
7304,test
7305,test
7306,train
7307,test
7308,train
7309,train
7310,train
7311,train
7312,test
7313,test
7314,train
7315,train
7316,test
7317,test
7318,test
7319,train
7320,test
7321,test
7322,test
7323,train
7324,train
7325,train
7326,test
7327,test
7328,train
7329,train
7330,test
7331,test
7332,test
7333,train
7334,train
7335,train
7336,test
7337,test
7338,test
7339,train
7340,train
7341,train
7342,train
7343,test
7344,train
7345,test
7346,train
7347,train
7348,train
7349,train
7350,train
7351,train
7352,test
7353,train
7354,test
7355,test
7356,train
7357,train
7358,train
7359,test
7360,test
7361,train
7362,test
7363,test
7364,test
7365,test
7366,test
7367,test
7368,train
7369,train
7370,test
7371,test
7372,train
7373,train
7374,test
7375,test
7376,train
7377,train
7378,train
7379,train
7380,train
7381,test
7382,train
7383,test
7384,test
7385,train
7386,train
7387,train
7388,test
7389,test
7390,train
7391,test
7392,test
7393,train
7394,train
7395,test
7396,train
7397,test
7398,train
7399,train
7400,train
7401,test
7402,train
7403,train
7404,test
7405,train
7406,test
7407,test
7408,test
7409,test
7410,train
7411,train
7412,train
7413,train
7414,train
7415,test
7416,train
7417,train
7418,train
7419,train
7420,train
7421,test
7422,test
7423,train
7424,test
7425,train
7426,train
7427,test
7428,train
7429,train
7430,test
7431,test
7432,test
7433,train
7434,test
7435,train
7436,test
7437,train
7438,train
7439,train
7440,test
7441,train
7442,train
7443,train
7444,test
7445,train
7446,train
7447,train
7448,test
7449,test
7450,train
7451,test
7452,train
7453,train
7454,test
7455,train
7456,test
7457,test
7458,train
7459,test
7460,train
7461,train
7462,train
7463,train
7464,train
7465,test
7466,test
7467,train
7468,test
7469,test
7470,test
7471,train
7472,train
7473,train
7474,train
7475,test
7476,train
7477,test
7478,train
7479,train
7480,train
7481,test
7482,train
7483,test
7484,test
7485,test
7486,test
7487,test
7488,test
7489,train
7490,test
7491,train
7492,test
7493,test
7494,test
7495,test
7496,train
7497,train
7498,train
7499,train
7500,train
7501,train
7502,train
7503,train
7504,train
7505,test
7506,train
7507,test
7508,test
7509,train
7510,test
7511,test
7512,test
7513,train
7514,test
7515,test
7516,train
7517,train
7518,test
7519,test
7520,train
7521,train
7522,test
7523,test
7524,train
7525,test
7526,train
7527,train
7528,train
7529,test
7530,test
7531,test
7532,train
7533,train
7534,train
7535,train
7536,test
7537,train
7538,test
7539,train
7540,train
7541,test
7542,train
7543,test
7544,train
7545,test
7546,train
7547,train
7548,train
7549,train
7550,test
7551,test
7552,train
7553,train
7554,train
7555,test
7556,train
7557,train
7558,test
7559,train
7560,test
7561,train
7562,test
7563,train
7564,test
7565,train
7566,test
7567,train
7568,test
7569,train
7570,test
7571,train
7572,test
7573,train
7574,train
7575,train
7576,train
7577,train
7578,train
7579,train
7580,test
7581,train
7582,train
7583,test
7584,test
7585,test
7586,train
7587,train
7588,test
7589,train
7590,train
7591,test
7592,test
7593,test
7594,test
7595,train
7596,train
7597,test
7598,train
7599,train
7600,train
7601,test
7602,train
7603,train
7604,train
7605,train
7606,train
7607,train
7608,test
7609,train
7610,train
7611,train
7612,train
7613,test
7614,test
7615,test
7616,test
7617,train
7618,train
7619,test
7620,train
7621,test
7622,test
7623,test
7624,train
7625,train
7626,train
7627,test
7628,train
7629,test
7630,train
7631,train
7632,train
7633,train
7634,train
7635,train
7636,test
7637,test
7638,train
7639,train
7640,train
7641,train
7642,train
7643,train
7644,train
7645,train
7646,test
7647,test
7648,train
7649,train
7650,test
7651,train
7652,train
7653,train
7654,test
7655,test
7656,train
7657,train
7658,test
7659,test
7660,train
7661,test
7662,train
7663,train
7664,test
7665,train
7666,train
7667,train
7668,test
7669,test
7670,train
7671,test
7672,train
7673,train
7674,train
7675,test
7676,train
7677,train
7678,test
7679,train
7680,train
7681,test
7682,train
7683,test
7684,train
7685,train
7686,test
7687,test
7688,train
7689,test
7690,train
7691,train
7692,test
7693,train
7694,train
7695,train
7696,train
7697,train
7698,test
7699,test
7700,train
7701,test
7702,test
7703,test
7704,train
7705,train
7706,test
7707,train
7708,train
7709,train
7710,train
7711,train
7712,train
7713,test
7714,test
7715,train
7716,test
7717,test
7718,train
7719,train
7720,test
7721,test
7722,train
7723,test
7724,train
7725,train
7726,test
7727,train
7728,train
7729,train
7730,train
7731,test
7732,test
7733,train
7734,train
7735,train
7736,train
7737,train
7738,train
7739,test
7740,test
7741,train
7742,test
7743,train
7744,train
7745,test
7746,test
7747,train
7748,train
7749,test
7750,train
7751,train
7752,train
7753,train
7754,train
7755,train
7756,train
7757,test
7758,test
7759,train
7760,test
7761,train
7762,test
7763,test
7764,train
7765,train
7766,test
7767,train
7768,train
7769,test
7770,train
7771,train
7772,train
7773,test
7774,test
7775,test
7776,test
7777,train
7778,train
7779,test
7780,test
7781,test
7782,train
7783,test
7784,test
7785,train
7786,test
7787,test
7788,test
7789,train
7790,train
7791,test
7792,train
7793,test
7794,test
7795,test
7796,train
7797,train
7798,train
7799,test
7800,test
7801,test
7802,train
7803,test
7804,test
7805,test
7806,train
7807,train
7808,test
7809,train
7810,test
7811,test
7812,test
7813,train
7814,test
7815,train
7816,train
7817,test
7818,test
7819,test
7820,train
7821,train
7822,train
7823,train
7824,train
7825,train
7826,test
7827,test
7828,train
7829,train
7830,train
7831,test
7832,train
7833,test
7834,test
7835,test
7836,train
7837,test
7838,train
7839,train
7840,train
7841,test
7842,train
7843,train
7844,test
7845,train
7846,train
7847,train
7848,train
7849,train
7850,test
7851,train
7852,test
7853,test
7854,test
7855,train
7856,train
7857,train
7858,train
7859,train
7860,test
7861,test
7862,train
7863,test
7864,train
7865,test
7866,train
7867,test
7868,train
7869,train
7870,test
7871,test
7872,train
7873,train
7874,train
7875,train
7876,test
7877,train
7878,test
7879,train
7880,test
7881,train
7882,train
7883,test
7884,train
7885,train
7886,test
7887,test
7888,test
7889,test
7890,train
7891,test
7892,train
7893,train
7894,test
7895,train
7896,train
7897,train
7898,train
7899,train
7900,train
7901,train
7902,test
7903,train
7904,train
7905,test
7906,train
7907,train
7908,test
7909,train
7910,test
7911,train
7912,test
7913,train
7914,test
7915,train
7916,train
7917,train
7918,test
7919,train
7920,train
7921,test
7922,train
7923,train
7924,train
7925,test
7926,test
7927,train
7928,train
7929,test
7930,train
7931,test
7932,train
7933,train
7934,train
7935,train
7936,train
7937,train
7938,test
7939,train
7940,train
7941,test
7942,test
7943,train
7944,test
7945,train
7946,train
7947,test
7948,train
7949,test
7950,train
7951,train
7952,train
7953,test
7954,train
7955,test
7956,test
7957,test
7958,test
7959,test
7960,train
7961,test
7962,train
7963,test
7964,test
7965,train
7966,train
7967,test
7968,train
7969,train
7970,train
7971,train
7972,train
7973,test
7974,train
7975,train
7976,train
7977,test
7978,test
7979,test
7980,test
7981,test
7982,train
7983,train
7984,train
7985,train
7986,test
7987,train
7988,test
7989,train
7990,train
7991,test
7992,test
7993,test
7994,test
7995,train
7996,train
7997,train
7998,train
7999,test
8000,train
8001,train
8002,train
8003,train
8004,train
8005,train
8006,train
8007,test
8008,train
8009,train
8010,test
8011,train
8012,train
8013,train
8014,train
8015,train
8016,train
8017,train
8018,train
8019,test
8020,train
8021,test
8022,train
8023,train
8024,test
8025,train
8026,train
8027,test
8028,test
8029,test
8030,test
8031,test
8032,train
8033,test
8034,test
8035,test
8036,train
8037,test
8038,train
8039,train
8040,train
8041,train
8042,train
8043,train
8044,train
8045,train
8046,test
8047,train
8048,test
8049,train
8050,test
8051,train
8052,test
8053,test
8054,train
8055,test
8056,test
8057,train
8058,train
8059,test
8060,train
8061,test
8062,test
8063,test
8064,train
8065,train
8066,train
8067,train
8068,train
8069,train
8070,train
8071,train
8072,train
8073,test
8074,test
8075,train
8076,train
8077,train
8078,train
8079,train
8080,test
8081,test
8082,train
8083,train
8084,train
8085,train
8086,test
8087,train
8088,train
8089,test
8090,test
8091,train
8092,train
8093,test
8094,test
8095,train
8096,train
8097,train
8098,test
8099,test
8100,test
8101,test
8102,train
8103,train
8104,train
8105,train
8106,train
8107,train
8108,train
8109,train
8110,test
8111,test
8112,train
8113,train
8114,train
8115,train
8116,test
8117,train
8118,train
8119,test
8120,train
8121,test
8122,test
8123,test
8124,test
8125,train
8126,train
8127,test
8128,test
8129,train
8130,test
8131,test
8132,test
8133,test
8134,test
8135,train
8136,train
8137,train
8138,train
8139,test
8140,test
8141,train
8142,test
8143,train
8144,test
8145,test
8146,test
8147,train
8148,train
8149,test
8150,train
8151,train
8152,test
8153,train
8154,train
8155,test
8156,test
8157,train
8158,test
8159,train
8160,train
8161,test
8162,train
8163,test
8164,train
8165,train
8166,train
8167,train
8168,test
8169,train
8170,train
8171,test
8172,train
8173,train
8174,train
8175,test
8176,test
8177,train
8178,train
8179,test
8180,train
8181,test
8182,test
8183,train
8184,test
8185,train
8186,train
8187,test
8188,train
8189,test
8190,test
8191,train
8192,test
8193,test
8194,train
8195,train
8196,test
8197,test
8198,train
8199,train
8200,train
8201,train
8202,test
8203,test
8204,train
8205,train
8206,train
8207,train
8208,train
8209,test
8210,train
8211,test
8212,train
8213,test
8214,test
8215,test
8216,test
8217,train
8218,test
8219,test
8220,test
8221,test
8222,train
8223,train
8224,train
8225,test
8226,train
8227,train
8228,test
8229,test
8230,train
8231,train
8232,train
8233,train
8234,test
8235,test
8236,train
8237,train
8238,train
8239,train
8240,train
8241,test
8242,train
8243,train
8244,test
8245,train
8246,test
8247,test
8248,train
8249,test
8250,test
8251,train
8252,test
8253,train
8254,train
8255,train
8256,train
8257,train
8258,train
8259,train
8260,train
8261,test
8262,train
8263,train
8264,test
8265,train
8266,train
8267,test
8268,train
8269,test
8270,train
8271,train
8272,train
8273,train
8274,train
8275,train
8276,train
8277,test
8278,test
8279,train
8280,test
8281,train
8282,test
8283,test
8284,test
8285,train
8286,train
8287,test
8288,train
8289,test
8290,train
8291,train
8292,train
8293,train
8294,train
8295,train
8296,train
8297,train
8298,test
8299,train
8300,test
8301,train
8302,train
8303,train
8304,train
8305,train
8306,test
8307,train
8308,test
8309,test
8310,train
8311,test
8312,test
8313,test
8314,train
8315,train
8316,test
8317,test
8318,train
8319,train
8320,train
8321,test
8322,train
8323,test
8324,train
8325,test
8326,test
8327,test
8328,test
8329,train
8330,test
8331,train
8332,train
8333,test
8334,test
8335,test
8336,train
8337,train
8338,test
8339,train
8340,train
8341,test
8342,test
8343,train
8344,train
8345,train
8346,train
8347,train
8348,train
8349,train
8350,train
8351,train
8352,train
8353,train
8354,train
8355,train
8356,train
8357,train
8358,test
8359,train
8360,train
8361,test
8362,train
8363,test
8364,test
8365,test
8366,train
8367,train
8368,test
8369,train
8370,train
8371,train
8372,test
8373,train
8374,test
8375,train
8376,train
8377,test
8378,train
8379,train
8380,test
8381,train
8382,train
8383,test
8384,train
8385,train
8386,train
8387,train
8388,test
8389,train
8390,test
8391,test
8392,train
8393,train
8394,test
8395,train
8396,train
8397,test
8398,test
8399,train
8400,train
8401,train
8402,train
8403,train
8404,test
8405,train
8406,test
8407,train
8408,test
8409,train
8410,test
8411,test
8412,train
8413,test
8414,train
8415,train
8416,test
8417,test
8418,test
8419,train
8420,test
8421,test
8422,test
8423,test
8424,train
8425,test
8426,test
8427,train
8428,test
8429,train
8430,test
8431,test
8432,train
8433,train
8434,test
8435,train
8436,train
8437,train
8438,train
8439,train
8440,train
8441,test
8442,train
8443,train
8444,train
8445,train
8446,test
8447,train
8448,train
8449,test
8450,test
8451,train
8452,train
8453,train
8454,test
8455,test
8456,test
8457,train
8458,test
8459,test
8460,train
8461,train
8462,train
8463,test
8464,test
8465,test
8466,test
8467,test
8468,test
8469,train
8470,test
8471,test
8472,train
8473,train
8474,train
8475,test
8476,test
8477,train
8478,train
8479,test
8480,train
8481,train
8482,train
8483,test
8484,train
8485,test
8486,train
8487,train
8488,test
8489,train
8490,test
8491,train
8492,test
8493,train
8494,test
8495,train
8496,train
8497,test
8498,train
8499,test
8500,test
8501,train
8502,train
8503,train
8504,test
8505,train
8506,train
8507,train
8508,test
8509,test
8510,train
8511,train
8512,train
8513,train
8514,train
8515,test
8516,train
8517,train
8518,train
8519,train
8520,train
8521,train
8522,train
8523,test
8524,train
8525,test
8526,train
8527,test
8528,train
8529,test
8530,train
8531,test
8532,test
8533,test
8534,train
8535,test
8536,train
8537,test
8538,test
8539,train
8540,test
8541,train
8542,test
8543,test
8544,train
8545,train
8546,train
8547,test
8548,train
8549,test
8550,train
8551,train
8552,test
8553,train
8554,test
8555,train
8556,train
8557,test
8558,test
8559,train
8560,train
8561,train
8562,train
8563,test
8564,test
8565,test
8566,train
8567,test
8568,train
8569,train
8570,test
8571,train
8572,train
8573,train
8574,test
8575,train
8576,train
8577,train
8578,test
8579,test
8580,test
8581,test
8582,train
8583,test
8584,test
8585,test
8586,train
8587,test
8588,train
8589,test
8590,train
8591,train
8592,test
8593,train
8594,test
8595,test
8596,train
8597,train
8598,train
8599,train
8600,train
8601,test
8602,test
8603,test
8604,train
8605,test
8606,train
8607,train
8608,train
8609,train
8610,train
8611,train
8612,test
8613,train
8614,train
8615,train
8616,test
8617,train
8618,train
8619,test
8620,test
8621,test
8622,train
8623,train
8624,test
8625,test
8626,test
8627,test
8628,train
8629,test
8630,train
8631,test
8632,train
8633,test
8634,test
8635,train
8636,train
8637,test
8638,train
8639,test
8640,train
8641,train
8642,train
8643,test
8644,train
8645,test
8646,test
8647,train
8648,test
8649,train
8650,train
8651,train
8652,train
8653,test
8654,train
8655,train
8656,train
8657,test
8658,train
8659,test
8660,train
8661,test
8662,test
8663,test
8664,test
8665,train
8666,test
8667,train
8668,train
8669,train
8670,test
8671,train
8672,test
8673,test
8674,train
8675,train
8676,test
8677,train
8678,test
8679,train
8680,train
8681,train
8682,train
8683,train
8684,test
8685,test
8686,test
8687,test
8688,train
8689,train
8690,train
8691,test
8692,train
8693,train
8694,train
8695,train
8696,train
8697,train
8698,train
8699,train
8700,test
8701,test
8702,train
8703,test
8704,test
8705,train
8706,test
8707,train
8708,test
8709,test
8710,train
8711,test
8712,train
8713,train
8714,test
8715,test
8716,train
8717,test
8718,test
8719,train
8720,test
8721,train
8722,test
8723,test
8724,train
8725,test
8726,train
8727,train
8728,test
8729,train
8730,train
8731,train
8732,train
8733,test
8734,train
8735,test
8736,train
8737,test
8738,train
8739,train
8740,test
8741,train
8742,train
8743,test
8744,train
8745,test
8746,test
8747,test
8748,test
8749,test
8750,train
8751,train
8752,test
8753,train
8754,train
8755,train
8756,test
8757,train
8758,train
8759,test
8760,train
8761,train
8762,train
8763,test
8764,train
8765,train
8766,test
8767,train
8768,train
8769,train
8770,train
8771,train
8772,train
8773,test
8774,test
8775,test
8776,train
8777,test
8778,train
8779,test
8780,train
8781,train
8782,test
8783,train
8784,train
8785,train
8786,train
8787,test
8788,train
8789,train
8790,train
8791,test
8792,train
8793,test
8794,test
8795,test
8796,train
8797,train
8798,test
8799,train
8800,train
8801,train
8802,test
8803,test
8804,test
8805,train
8806,train
8807,train
8808,test
8809,test
8810,test
8811,train
8812,train
8813,train
8814,train
8815,test
8816,test
8817,train
8818,train
8819,test
8820,train
8821,train
8822,test
8823,train
8824,test
8825,train
8826,train
8827,train
8828,train
8829,train
8830,test
8831,train
8832,test
8833,test
8834,test
8835,train
8836,train
8837,train
8838,test
8839,train
8840,train
8841,train
8842,train
8843,train
8844,train
8845,train
8846,test
8847,test
8848,train
8849,train
8850,train
8851,test
8852,train
8853,train
8854,train
8855,test
8856,test
8857,train
8858,test
8859,train
8860,train
8861,train
8862,train
8863,test
8864,test
8865,train
8866,test
8867,train
8868,test
8869,test
8870,test
8871,train
8872,train
8873,train
8874,train
8875,test
8876,test
8877,train
8878,train
8879,train
8880,test
8881,test
8882,train
8883,train
8884,test
8885,test
8886,train
8887,test
8888,train
8889,test
8890,test
8891,train
8892,test
8893,train
8894,test
8895,test
8896,train
8897,train
8898,test
8899,test
8900,train
8901,test
8902,train
8903,train
8904,train
8905,train
8906,train
8907,train
8908,train
8909,train
8910,train
8911,train
8912,test
8913,train
8914,train
8915,train
8916,train
8917,test
8918,train
8919,test
8920,test
8921,train
8922,test
8923,train
8924,test
8925,test
8926,train
8927,train
8928,test
8929,train
8930,test
8931,test
8932,train
8933,test
8934,test
8935,train
8936,test
8937,train
8938,train
8939,train
8940,train
8941,train
8942,test
8943,train
8944,test
8945,train
8946,train
8947,test
8948,train
8949,train
8950,train
8951,train
8952,train
8953,test
8954,test
8955,train
8956,train
8957,test
8958,test
8959,train
8960,train
8961,test
8962,train
8963,train
8964,train
8965,test
8966,train
8967,train
8968,test
8969,train
8970,test
8971,train
8972,test
8973,train
8974,test
8975,train
8976,test
8977,test
8978,train
8979,train
8980,test
8981,train
8982,test
8983,train
8984,test
8985,train
8986,train
8987,test
8988,train
8989,train
8990,train
8991,train
8992,train
8993,train
8994,test
8995,train
8996,train
8997,train
8998,test
8999,test
9000,test
9001,train
9002,train
9003,test
9004,test
9005,test
9006,test
9007,train
9008,train
9009,train
9010,train
9011,test
9012,test
9013,train
9014,train
9015,train
9016,test
9017,train
9018,train
9019,test
9020,test
9021,train
9022,train
9023,test
9024,test
9025,test
9026,train
9027,train
9028,train
9029,test
9030,train
9031,train
9032,train
9033,train
9034,train
9035,test
9036,train
9037,train
9038,train
9039,train
9040,train
9041,train
9042,test
9043,train
9044,train
9045,train
9046,test
9047,train
9048,test
9049,test
9050,test
9051,test
9052,train
9053,train
9054,test
9055,train
9056,train
9057,train
9058,train
9059,train
9060,train
9061,train
9062,test
9063,test
9064,test
9065,test
9066,test
9067,test
9068,train
9069,test
9070,test
9071,test
9072,train
9073,test
9074,test
9075,train
9076,train
9077,test
9078,train
9079,train
9080,train
9081,train
9082,train
9083,test
9084,train
9085,train
9086,train
9087,test
9088,train
9089,train
9090,train
9091,test
9092,train
9093,train
9094,test
9095,train
9096,test
9097,train
9098,train
9099,train
9100,test
9101,test
9102,train
9103,train
9104,train
9105,train
9106,train
9107,train
9108,train
9109,test
9110,test
9111,train
9112,train
9113,test
9114,test
9115,train
9116,test
9117,train
9118,train
9119,test
9120,test
9121,train
9122,train
9123,train
9124,train
9125,train
9126,train
9127,train
9128,train
9129,train
9130,train
9131,train
9132,test
9133,test
9134,train
9135,train
9136,test
9137,train
9138,train
9139,train
9140,test
9141,test
9142,train
9143,train
9144,train
9145,train
9146,test
9147,test
9148,train
9149,train
9150,test
9151,train
9152,train
9153,train
9154,train
9155,train
9156,test
9157,test
9158,test
9159,test
9160,train
9161,train
9162,train
9163,train
9164,test
9165,train
9166,train
9167,train
9168,test
9169,test
9170,train
9171,train
9172,test
9173,test
9174,train
9175,test
9176,test
9177,train
9178,train
9179,train
9180,train
9181,train
9182,train
9183,test
9184,test
9185,test
9186,train
9187,test
9188,test
9189,train
9190,test
9191,test
9192,train
9193,train
9194,train
9195,train
9196,train
9197,test
9198,test
9199,test
9200,train
9201,train
9202,train
9203,train
9204,test
9205,train
9206,train
9207,train
9208,train
9209,train
9210,train
9211,test
9212,train
9213,test
9214,test
9215,test
9216,test
9217,test
9218,train
9219,test
9220,test
9221,train
9222,test
9223,test
9224,test
9225,test
9226,test
9227,train
9228,train
9229,train
9230,train
9231,test
9232,train
9233,train
9234,train
9235,test
9236,train
9237,train
9238,test
9239,train
9240,train
9241,train
9242,train
9243,train
9244,test
9245,test
9246,train
9247,train
9248,train
9249,test
9250,test
9251,train
9252,train
9253,test
9254,train
9255,test
9256,train
9257,train
9258,train
9259,test
9260,train
9261,train
9262,train
9263,test
9264,test
9265,train
9266,test
9267,test
9268,train
9269,train
9270,train
9271,train
9272,test
9273,test
9274,train
9275,train
9276,train
9277,test
9278,test
9279,test
9280,test
9281,train
9282,test
9283,train
9284,train
9285,train
9286,test
9287,train
9288,train
9289,train
9290,train
9291,test
9292,test
9293,test
9294,train
9295,train
9296,train
9297,train
9298,train
9299,test
9300,test
9301,test
9302,train
9303,test
9304,test
9305,test
9306,train
9307,train
9308,test
9309,test
9310,train
9311,test
9312,test
9313,train
9314,train
9315,train
9316,train
9317,train
9318,test
9319,test
9320,train
9321,test
9322,train
9323,test
9324,train
9325,test
9326,train
9327,train
9328,test
9329,test
9330,test
9331,train
9332,test
9333,test
9334,train
9335,train
9336,train
9337,train
9338,test
9339,train
9340,train
9341,train
9342,train
9343,train
9344,train
9345,test
9346,test
9347,train
9348,test
9349,train
9350,test
9351,train
9352,train
9353,train
9354,train
9355,test
9356,test
9357,train
9358,train
9359,test
9360,train
9361,train
9362,train
9363,test
9364,train
9365,test
9366,train
9367,train
9368,train
9369,test
9370,test
9371,train
9372,train
9373,train
9374,train
9375,test
9376,train
9377,test
9378,train
9379,test
9380,train
9381,test
9382,test
9383,train
9384,train
9385,test
9386,test
9387,train
9388,test
9389,test
9390,test
9391,test
9392,test
9393,train
9394,test
9395,train
9396,train
9397,test
9398,test
9399,train
9400,test
9401,train
9402,train
9403,train
9404,train
9405,train
9406,test
9407,train
9408,train
9409,train
9410,train
9411,test
9412,test
9413,train
9414,train
9415,train
9416,train
9417,test
9418,train
9419,test
9420,test
9421,train
9422,test
9423,train
9424,train
9425,test
9426,train
9427,train
9428,test
9429,test
9430,train
9431,train
9432,test
9433,train
9434,train
9435,test
9436,train
9437,train
9438,train
9439,test
9440,train
9441,test
9442,train
9443,test
9444,train
9445,train
9446,test
9447,train
9448,test
9449,train
9450,test
9451,train
9452,test
9453,train
9454,test
9455,test
9456,test
9457,test
9458,test
9459,train
9460,train
9461,train
9462,train
9463,train
9464,test
9465,train
9466,train
9467,test
9468,train
9469,train
9470,train
9471,test
9472,test
9473,train
9474,test
9475,train
9476,train
9477,train
9478,train
9479,test
9480,test
9481,test
9482,train
9483,test
9484,train
9485,test
9486,test
9487,train
9488,test
9489,test
9490,train
9491,test
9492,train
9493,train
9494,train
9495,train
9496,train
9497,train
9498,train
9499,train
9500,train
9501,train
9502,test
9503,train
9504,test
9505,test
9506,test
9507,train
9508,test
9509,test
9510,test
9511,train
9512,train
9513,train
9514,train
9515,train
9516,test
9517,train
9518,train
9519,train
9520,test
9521,train
9522,train
9523,train
9524,test
9525,train
9526,train
9527,train
9528,test
9529,train
9530,train
9531,train
9532,train
9533,test
9534,train
9535,train
9536,test
9537,train
9538,test
9539,train
9540,test
9541,test
9542,test
9543,test
9544,train
9545,test
9546,test
9547,train
9548,test
9549,test
9550,test
9551,train
9552,train
9553,train
9554,test
9555,train
9556,test
9557,test
9558,train
9559,train
9560,test
9561,train
9562,test
9563,test
9564,train
9565,test
9566,train
9567,test
9568,test
9569,test
9570,test
9571,train
9572,test
9573,test
9574,train
9575,train
9576,train
9577,train
9578,train
9579,test
9580,train
9581,train
9582,test
9583,train
9584,train
9585,test
9586,test
9587,test
9588,test
9589,train
9590,train
9591,train
9592,train
9593,train
9594,test
9595,train
9596,train
9597,test
9598,train
9599,train
9600,train
9601,train
9602,test
9603,train
9604,test
9605,train
9606,train
9607,test
9608,test
9609,train
9610,test
9611,test
9612,test
9613,test
9614,train
9615,train
9616,train
9617,test
9618,train
9619,train
9620,train
9621,test
9622,test
9623,test
9624,test
9625,train
9626,test
9627,train
9628,train
9629,test
9630,train
9631,test
9632,test
9633,train
9634,train
9635,train
9636,train
9637,test
9638,train
9639,test
9640,train
9641,train
9642,train
9643,test
9644,train
9645,train
9646,test
9647,test
9648,test
9649,test
9650,test
9651,train
9652,train
9653,test
9654,train
9655,test
9656,test
9657,train
9658,train
9659,train
9660,train
9661,test
9662,train
9663,test
9664,test
9665,train
9666,test
9667,train
9668,train
9669,test
9670,train
9671,train
9672,train
9673,train
9674,train
9675,test
9676,test
9677,train
9678,train
9679,test
9680,train
9681,test
9682,train
9683,train
9684,train
9685,train
9686,test
9687,train
9688,test
9689,test
9690,train
9691,train
9692,test
9693,train
9694,test
9695,test
9696,train
9697,train
9698,train
9699,train
9700,train
9701,train
9702,train
9703,test
9704,test
9705,train
9706,test
9707,train
9708,train
9709,test
9710,test
9711,train
9712,train
9713,train
9714,test
9715,test
9716,train
9717,test
9718,test
9719,train
9720,train
9721,train
9722,train
9723,test
9724,train
9725,train
9726,test
9727,train
9728,train
9729,train
9730,test
9731,test
9732,test
9733,test
9734,test
9735,train
9736,test
9737,train
9738,test
9739,train
9740,train
9741,train
9742,test
9743,test
9744,train
9745,train
9746,test
9747,train
9748,train
9749,test
9750,test
9751,test
9752,test
9753,test
9754,test
9755,train
9756,test
9757,train
9758,test
9759,train
9760,train
9761,train
9762,train
9763,test
9764,train
9765,train
9766,train
9767,train
9768,test
9769,train
9770,train
9771,train
9772,train
9773,test
9774,test
9775,train
9776,train
9777,train
9778,test
9779,train
9780,train
9781,train
9782,test
9783,train
9784,train
9785,test
9786,train
9787,train
9788,train
9789,test
9790,train
9791,train
9792,train
9793,test
9794,train
9795,train
9796,test
9797,train
9798,train
9799,train
9800,test
9801,train
9802,train
9803,train
9804,train
9805,train
9806,test
9807,test
9808,test
9809,train
9810,test
9811,test
9812,train
9813,train
9814,train
9815,train
9816,test
9817,test
9818,test
9819,test
9820,train
9821,train
9822,train
9823,train
9824,train
9825,train
9826,train
9827,test
9828,train
9829,train
9830,train
9831,train
9832,train
9833,test
9834,test
9835,train
9836,test
9837,train
9838,test
9839,train
9840,test
9841,test
9842,test
9843,train
9844,train
9845,test
9846,test
9847,train
9848,test
9849,test
9850,train
9851,train
9852,test
9853,train
9854,train
9855,train
9856,train
9857,train
9858,test
9859,test
9860,test
9861,train
9862,test
9863,train
9864,train
9865,train
9866,test
9867,train
9868,train
9869,train
9870,train
9871,train
9872,train
9873,test
9874,test
9875,train
9876,train
9877,train
9878,train
9879,test
9880,test
9881,train
9882,train
9883,test
9884,train
9885,test
9886,train
9887,train
9888,test
9889,train
9890,test
9891,train
9892,test
9893,test
9894,test
9895,test
9896,test
9897,train
9898,train
9899,train
9900,train
9901,test
9902,test
9903,train
9904,train
9905,train
9906,train
9907,train
9908,train
9909,train
9910,test
9911,train
9912,test
9913,train
9914,train
9915,test
9916,train
9917,test
9918,test
9919,train
9920,train
9921,train
9922,test
9923,train
9924,train
9925,train
9926,train
9927,train
9928,train
9929,train
9930,test
9931,train
9932,train
9933,train
9934,test
9935,test
9936,train
9937,test
9938,train
9939,train
9940,train
9941,train
9942,test
9943,test
9944,train
9945,train
9946,test
9947,test
9948,test
9949,test
9950,test
9951,train
9952,train
9953,train
9954,train
9955,train
9956,train
9957,test
9958,train
9959,train
9960,train
9961,train
9962,train
9963,train
9964,test
9965,test
9966,train
9967,test
9968,test
9969,train
9970,train
9971,test
9972,train
9973,train
9974,test
9975,train
9976,train
9977,test
9978,test
9979,test
9980,test
9981,test
9982,test
9983,test
9984,test
9985,train
9986,test
9987,test
9988,test
9989,train
9990,train
9991,train
9992,train
9993,train
9994,test
9995,train
9996,train
9997,test
9998,train
9999,train
