row_index,split
0,train
1,test
2,train
3,train
4,test
5,test
6,test
7,test
8,train
9,test
10,test
11,train
12,test
13,train
14,test
15,train
16,train
17,train
18,test
19,test
20,train
21,test
22,train
23,test
24,test
25,test
26,test
27,train
28,train
29,train
30,test
31,train
32,train
33,train
34,test
35,test
36,train
37,train
38,train
39,train
40,train
41,train
42,test
43,train
44,train
45,test
46,train
47,test
48,train
49,test
50,train
51,train
52,train
53,train
54,train
55,train
56,train
57,train
58,train
59,test
60,train
61,test
62,test
63,train
64,train
65,train
66,test
67,train
68,test
69,train
70,train
71,train
72,test
73,train
74,test
75,test
76,train
77,test
78,train
79,train
80,train
81,test
82,train
83,test
84,train
85,train
86,test
87,train
88,test
89,train
90,train
91,train
92,train
93,train
94,train
95,train
96,train
97,train
98,train
99,train
100,train
101,test
102,train
103,train
104,train
105,train
106,test
107,test
108,train
109,train
110,test
111,test
112,train
113,train
114,train
115,train
116,train
117,train
118,test
119,train
120,train
121,train
122,train
123,train
124,train
125,train
126,train
127,train
128,train
129,test
130,test
131,test
132,train
133,train
134,train
135,train
136,train
137,test
138,train
139,test
140,test
141,train
142,test
143,test
144,test
145,train
146,train
147,test
148,train
149,train
150,train
151,test
152,test
153,train
154,test
155,test
156,train
157,train
158,train
159,test
160,train
161,test
162,test
163,train
164,train
165,train
166,train
167,test
168,test
169,test
170,test
171,train
172,train
173,test
174,test
175,train
176,test
177,test
178,test
179,train
180,test
181,train
182,train
183,train
184,train
185,train
186,train
187,train
188,test
189,train
190,train
191,train
192,train
193,train
194,train
195,train
196,train
197,test
198,train
199,train
200,train
201,train
202,train
203,test
204,train
205,test
206,test
207,train
208,train
209,test
210,train
211,train
212,train
213,test
214,train
215,train
216,test
217,test
218,test
219,train
220,test
221,train
222,test
223,test
224,train
225,train
226,train
227,train
228,train
229,test
230,train
231,train
232,train
233,train
234,train
235,train
236,train
237,train
238,train
239,train
240,test
241,test
242,test
243,train
244,train
245,train
246,train
247,train
248,train
249,test
250,train
251,test
252,test
253,test
254,train
255,test
256,train
257,train
258,train
259,test
260,train
261,test
262,train
263,train
264,test
265,train
266,train
267,test
268,test
269,train
270,train
271,train
272,train
273,test
274,test
275,train
276,test
277,train
278,test
279,test
280,test
281,train
282,test
283,train
284,test
285,train
286,train
287,test
288,train
289,test
290,train
291,test
292,train
293,test
294,test
295,test
296,train
297,train
298,test
299,test
300,test
301,train
302,test
303,test
304,test
305,test
306,train
307,train
308,train
309,train
310,train
311,train
312,train
313,train
314,test
315,train
316,train
317,train
318,train
319,test
320,train
321,test
322,test
323,train
324,train
325,train
326,train
327,test
328,train
329,train
330,train
331,train
332,test
333,train
334,test
335,train
336,train
337,test
338,test
339,train
340,train
341,train
342,train
343,train
344,train
345,train
346,train
347,train
348,train
349,train
350,train
351,test
352,train
353,test
354,train
355,train
356,train
357,train
358,train
359,train
360,test
361,train
362,test
363,test
364,test
365,test
366,train
367,test
368,train
369,train
370,train
371,train
372,train
373,train
374,test
375,train
376,train
377,train
378,train
379,test
380,test
381,test
382,train
383,test
384,test
385,test
386,test
387,test
388,train
389,train
390,train
391,test
392,test
393,train
394,test
395,test
396,train
397,test
398,train
399,train
400,test
401,train
402,train
403,train
404,train
405,test
406,train
407,train
408,test
409,train
410,train
411,test
412,train
413,train
414,train
415,test
416,test
417,test
418,test
419,train
420,train
421,test
422,test
423,train
424,train
425,test
426,test
427,train
428,train
429,train
430,test
431,test
432,test
433,test
434,test
435,test
436,train
437,test
438,train
439,train
440,test
441,test
442,train
443,train
444,train
445,test
446,train
447,test
448,train
449,train
450,train
451,test
452,test
453,train
454,train
455,train
456,test
457,train
458,test
459,train
460,train
461,train
462,test
463,test
464,train
465,train
466,train
467,train
468,test
469,train
470,train
471,train
472,test
473,test
474,test
475,train
476,test
477,train
478,train
479,train
480,test
481,train
482,train
483,train
484,train
485,train
486,test
487,train
488,test
489,train
490,test
491,test
492,test
493,train
494,train
495,train
496,test
497,train
498,test
499,train
500,train
501,train
502,test
503,train
504,train
505,train
506,train
507,test
508,train
509,train
510,train
511,train
512,train
513,test
514,test
515,train
516,test
517,train
518,train
519,train
520,test
521,train
522,train
523,train
524,train
525,train
526,train
527,test
528,train
529,train
530,train
531,train
532,train
533,test
534,train
535,train
536,test
537,train
538,train
539,test
540,train
541,train
542,train
543,train
544,train
545,train
546,train
547,train
548,test
549,train
550,test
551,test
552,train
553,train
554,train
555,test
556,test
557,test
558,test
559,test
560,train
561,test
562,test
563,train
564,train
565,test
566,train
567,train
568,train
569,train
570,train
571,train
572,test
573,test
574,train
575,test
576,train
577,test
578,test
579,train
580,train
581,test
582,test
583,train
584,train
585,train
586,train
587,train
588,train
589,test
590,train
591,train
592,train
593,test
594,test
595,train
596,test
597,test
598,train
599,test
600,test
601,train
602,train
603,train
604,train
605,train
606,train
607,test
608,train
609,test
610,test
611,train
612,test
613,test
614,train
615,train
616,test
617,train
618,test
619,test
620,test
621,train
622,test
623,train
624,train
625,train
626,test
627,train
628,train
629,train
630,test
631,test
632,train
633,test
634,train
635,test
636,train
637,test
638,train
639,train
640,train
641,test
642,train
643,train
644,train
645,train
646,train
647,test
648,train
649,test
650,train
651,test
652,train
653,test
654,train
655,test
656,test
657,train
658,train
659,train
660,train
661,test
662,train
663,train
664,train
665,train
666,train
667,train
668,train
669,train
670,train
671,test
672,test
673,test
674,train
675,test
676,train
677,test
678,test
679,train
680,train
681,test
682,test
683,train
684,train
685,train
686,train
687,train
688,train
689,test
690,test
691,train
692,train
693,test
694,train
695,test
696,train
697,train
698,train
699,train
700,test
701,train
702,train
703,test
704,test
705,test
706,test
707,train
708,test
709,train
710,train
711,test
712,test
713,train
714,test
715,train
716,test
717,train
718,train
719,train
720,test
721,train
722,train
723,train
724,train
725,train
726,train
727,train
728,train
729,train
730,test
731,train
732,test
733,test
734,test
735,test
736,test
737,train
738,train
739,test
740,train
741,train
742,test
743,train
744,test
745,test
746,test
747,train
748,train
749,test
750,test
751,train
752,train
753,train
754,test
755,train
756,train
757,train
758,train
759,train
760,test
761,test
762,test
763,test
764,test
765,train
766,train
767,train
768,train
769,train
770,test
771,train
772,train
773,test
774,test
775,test
776,test
777,train
778,train
779,train
780,train
781,test
782,train
783,test
784,train
785,train
786,train
787,train
788,train
789,train
790,train
791,train
792,train
793,train
794,train
795,train
796,train
797,test
798,train
799,train
800,train
801,train
802,test
803,train
804,train
805,train
806,train
807,train
808,train
809,train
810,test
811,train
812,train
813,test
814,train
815,train
816,train
817,train
818,train
819,test
820,test
821,test
822,test
823,test
824,test
825,train
826,train
827,test
828,train
829,train
830,test
831,train
832,test
833,test
834,train
835,train
836,test
837,test
838,train
839,train
840,test
841,train
842,test
843,train
844,test
845,test
846,test
847,train
848,train
849,test
850,train
851,train
852,train
853,train
854,train
855,train
856,train
857,test
858,train
859,test
860,train
861,train
862,train
863,train
864,train
865,train
866,train
867,test
868,train
869,train
870,test
871,test
872,test
873,train
874,test
875,test
876,test
877,test
878,test
879,train
880,test
881,train
882,train
883,test
884,train
885,test
886,train
887,train
888,train
889,test
890,train
891,train
892,test
893,test
894,train
895,train
896,train
897,train
898,test
899,test
900,train
901,train
902,train
903,test
904,test
905,train
906,test
907,test
908,test
909,train
910,train
911,train
912,train
913,test
914,train
915,train
916,test
917,train
918,train
919,train
920,test
921,train
922,train
923,train
924,train
925,train
926,train
927,train
928,test
929,test
930,test
931,train
932,train
933,test
934,train
935,train
936,train
937,test
938,test
939,train
940,train
941,test
942,test
943,train
944,test
945,train
946,train
947,test
948,test
949,train
950,test
951,test
952,train
953,train
954,train
955,test
956,test
957,train
958,test
959,train
960,train
961,test
962,test
963,train
964,train
965,train
966,test
967,test
968,train
969,train
970,test
971,train
972,train
973,test
974,test
975,test
976,train
977,test
978,train
979,test
980,test
981,test
982,train
983,train
984,train
985,test
986,test
987,test
988,train
989,train
990,test
991,train
992,test
993,test
994,test
995,train
996,train
997,test
998,train
999,train
1000,test
1001,test
1002,train
1003,train
1004,test
1005,train
1006,test
1007,train
1008,test
1009,test
1010,train
1011,test
1012,test
1013,test
1014,train
1015,test
1016,train
1017,train
1018,test
1019,train
1020,test
1021,test
1022,test
1023,train
1024,train
1025,test
1026,train
1027,test
1028,train
1029,train
1030,train
1031,train
1032,train
1033,test
1034,test
1035,train
1036,test
1037,train
1038,train
1039,train
1040,test
1041,train
1042,train
1043,train
1044,test
1045,test
1046,test
1047,test
1048,test
1049,test
1050,train
1051,train
1052,train
1053,train
1054,train
1055,test
1056,train
1057,train
1058,test
1059,train
1060,test
1061,train
1062,train
1063,train
1064,test
1065,train
1066,train
1067,test
1068,test
1069,train
1070,train
1071,test
1072,test
1073,test
1074,test
1075,test
1076,test
1077,train
1078,train
1079,test
1080,train
1081,test
1082,train
1083,test
1084,train
1085,train
1086,test
1087,train
1088,test
1089,train
1090,train
1091,test
1092,train
1093,train
1094,train
1095,test
1096,train
1097,train
1098,test
1099,train
1100,train
1101,train
1102,test
1103,train
1104,train
1105,test
1106,train
1107,test
1108,train
1109,train
1110,test
1111,train
1112,test
1113,train
1114,train
1115,train
1116,test
1117,train
1118,train
1119,train
1120,test
1121,test
1122,test
1123,train
1124,train
1125,test
1126,test
1127,train
1128,test
1129,test
1130,test
1131,train
1132,test
1133,test
1134,train
1135,test
1136,train
1137,train
1138,train
1139,train
1140,test
1141,train
1142,train
1143,test
1144,train
1145,test
1146,test
1147,train
1148,train
1149,test
1150,train
1151,train
1152,test
1153,test
1154,train
1155,test
1156,train
1157,train
1158,train
1159,train
1160,train
1161,train
1162,test
1163,train
1164,test
1165,train
1166,train
1167,train
1168,train
1169,train
1170,train
1171,test
1172,test
1173,train
1174,train
1175,test
1176,train
1177,train
1178,train
1179,train
1180,train
1181,train
1182,train
1183,train
1184,train
1185,test
1186,train
1187,test
1188,train
1189,test
1190,test
1191,train
1192,train
1193,train
1194,train
1195,test
1196,train
1197,test
1198,test
1199,test
1200,train
1201,test
1202,test
1203,test
1204,train
1205,test
1206,test
1207,train
1208,test
1209,test
1210,train
1211,train
1212,train
1213,train
1214,test
1215,train
1216,test
1217,train
1218,train
1219,train
1220,test
1221,train
1222,train
1223,train
1224,train
1225,test
1226,train
1227,train
1228,train
1229,train
1230,train
1231,train
1232,test
1233,train
1234,test
1235,train
1236,test
1237,train
1238,test
1239,train
1240,train
1241,train
1242,train
1243,train
1244,test
1245,test
1246,test
1247,train
1248,train
1249,train
1250,train
1251,test
1252,test
1253,train
1254,train
1255,train
1256,train
1257,test
1258,test
1259,train
1260,train
1261,train
1262,train
1263,train
1264,train
1265,test
1266,train
1267,train
1268,train
1269,test
1270,train
1271,train
1272,test
1273,test
1274,test
1275,test
1276,test
1277,train
1278,train
1279,train
1280,train
1281,test
1282,test
1283,train
1284,train
1285,train
1286,test
1287,train
1288,train
1289,train
1290,train
1291,train
1292,train
1293,train
1294,train
1295,test
1296,test
1297,test
1298,train
1299,train
1300,test
1301,train
1302,train
1303,train
1304,train
1305,test
1306,test
1307,test
1308,test
1309,test
1310,test
1311,train
1312,test
1313,train
1314,test
1315,test
1316,test
1317,test
1318,test
1319,train
1320,train
1321,test
1322,train
1323,train
1324,train
1325,test
1326,test
1327,train
1328,train
1329,train
1330,train
1331,train
1332,train
1333,test
1334,test
1335,test
1336,test
1337,train
1338,test
1339,train
1340,train
1341,train
1342,test
1343,test
1344,train
1345,test
1346,train
1347,train
1348,test
1349,test
1350,train
1351,train
1352,test
1353,test
1354,train
1355,test
1356,train
1357,train
1358,train
1359,test
1360,test
1361,train
1362,train
1363,train
1364,train
1365,train
1366,train
1367,test
1368,train
1369,train
1370,test
1371,test
1372,test
1373,train
1374,test
1375,test
1376,train
1377,test
1378,test
1379,test
1380,test
1381,train
1382,test
1383,test
1384,train
1385,train
1386,train
1387,test
1388,train
1389,train
1390,train
1391,train
1392,train
1393,train
1394,train
1395,test
1396,test
1397,test
1398,test
1399,train
1400,train
1401,test
1402,train
1403,test
1404,train
1405,test
1406,train
1407,test
1408,train
1409,test
1410,train
1411,train
1412,train
1413,train
1414,test
1415,test
1416,test
1417,train
1418,train
1419,train
1420,train
1421,test
1422,test
1423,test
1424,train
1425,train
1426,train
1427,train
1428,test
1429,train
1430,train
1431,test
1432,train
1433,train
1434,train
1435,train
1436,train
1437,train
1438,train
1439,test
1440,test
1441,train
1442,test
1443,test
1444,test
1445,train
1446,train
1447,train
1448,train
1449,train
1450,train
1451,train
1452,test
1453,test
1454,test
1455,train
1456,test
1457,test
1458,test
1459,train
1460,train
1461,train
1462,test
1463,test
1464,test
1465,test
1466,test
1467,train
1468,train
1469,train
1470,test
1471,test
1472,train
1473,train
1474,train
1475,test
1476,train
1477,train
1478,train
1479,test
1480,test
1481,train
1482,train
1483,train
1484,test
1485,test
1486,train
1487,train
1488,train
1489,train
1490,train
1491,train
1492,train
1493,train
1494,train
1495,train
1496,train
1497,train
1498,test
1499,train
1500,train
1501,train
1502,train
1503,test
1504,train
1505,test
1506,train
1507,train
1508,test
1509,train
1510,train
1511,train
1512,test
1513,train
1514,train
1515,train
1516,test
1517,test
1518,test
1519,test
1520,train
1521,train
1522,train
1523,train
1524,train
1525,test
1526,train
1527,test
1528,train
1529,train
1530,train
1531,test
1532,train
1533,test
1534,train
1535,test
1536,train
1537,test
1538,test
1539,train
1540,test
1541,test
1542,train
1543,train
1544,test
1545,train
1546,train
1547,train
1548,train
1549,train
1550,train
1551,train
1552,test
1553,test
1554,train
1555,train
1556,test
1557,train
1558,train
1559,test
1560,train
1561,train
1562,test
1563,train
1564,test
1565,train
1566,train
1567,train
1568,train
1569,train
1570,test
1571,train
1572,test
1573,test
1574,train
1575,test
1576,train
1577,train
1578,test
1579,train
1580,train
1581,train
1582,train
1583,train
1584,train
1585,train
1586,test
1587,train
1588,test
1589,train
1590,train
1591,train
1592,train
1593,train
1594,train
1595,test
1596,test
1597,test
1598,train
1599,test
1600,test
1601,test
1602,test
1603,test
1604,train
1605,train
1606,train
1607,test
1608,test
1609,train
1610,test
1611,train
1612,train
1613,train
1614,train
1615,train
1616,test
1617,train
1618,train
1619,test
1620,train
1621,test
1622,train
1623,train
1624,train
1625,test
1626,train
1627,train
1628,test
1629,train
1630,train
1631,train
1632,train
1633,train
1634,test
1635,test
1636,train
1637,train
1638,train
1639,test
1640,train
1641,train
1642,train
1643,train
1644,train
1645,train
1646,test
1647,train
1648,train
1649,train
1650,train
1651,test
1652,test
1653,test
1654,train
1655,train
1656,test
1657,test
1658,train
1659,test
1660,train
1661,test
1662,train
1663,train
1664,train
1665,test
1666,test
1667,train
1668,test
1669,test
1670,test
1671,train
1672,test
1673,train
1674,train
1675,test
1676,train
1677,train
1678,train
1679,train
1680,train
1681,train
1682,test
1683,test
1684,train
1685,test
1686,test
1687,train
1688,test
1689,train
1690,train
1691,train
1692,test
1693,train
1694,train
1695,test
1696,train
1697,train
1698,train
1699,train
1700,train
1701,train
1702,test
1703,train
1704,train
1705,test
1706,train
1707,test
1708,test
1709,train
1710,test
1711,test
1712,test
1713,train
1714,train
1715,train
1716,test
1717,train
1718,test
1719,test
1720,test
1721,test
1722,test
1723,test
1724,test
1725,train
1726,train
1727,test
1728,test
1729,test
1730,train
1731,test
1732,train
1733,train
1734,test
1735,train
1736,test
1737,train
1738,test
1739,train
1740,train
1741,train
1742,train
1743,test
1744,train
1745,train
1746,test
1747,test
1748,train
1749,train
1750,test
1751,test
1752,train
1753,train
1754,train
1755,train
1756,train
1757,test
1758,train
1759,train
1760,train
1761,test
1762,test
1763,train
1764,test
1765,test
1766,train
1767,train
1768,test
1769,test
1770,test
1771,train
1772,test
1773,train
1774,train
1775,test
1776,test
1777,train
1778,train
1779,train
1780,train
1781,test
1782,train
1783,train
1784,train
1785,train
1786,train
1787,test
1788,train
1789,train
1790,test
1791,test
1792,test
1793,train
1794,train
1795,test
1796,test
1797,train
1798,test
1799,test
1800,test
1801,train
1802,train
1803,test
1804,train
1805,train
1806,train
1807,train
1808,test
1809,test
1810,train
1811,test
1812,train
1813,train
1814,train
1815,train
1816,train
1817,test
1818,test
1819,test
1820,train
1821,train
1822,train
1823,train
1824,train
1825,train
1826,test
1827,train
1828,train
1829,train
1830,train
1831,train
1832,train
1833,test
1834,test
1835,train
1836,train
1837,test
1838,train
1839,train
1840,train
1841,test
1842,train
1843,test
1844,train
1845,test
1846,test
1847,test
1848,test
1849,train
1850,test
1851,test
1852,train
1853,train
1854,train
1855,test
1856,train
1857,train
1858,test
1859,train
1860,train
1861,train
1862,test
1863,train
1864,train
1865,test
1866,train
1867,train
1868,train
1869,train
1870,train
1871,test
1872,train
1873,train
1874,train
1875,train
1876,test
1877,train
1878,train
1879,train
1880,test
1881,test
1882,test
1883,test
1884,test
1885,train
1886,test
1887,train
1888,test
1889,train
1890,train
1891,train
1892,train
1893,test
1894,test
1895,train
1896,test
1897,train
1898,test
1899,train
1900,test
1901,train
1902,train
1903,test
1904,train
1905,test
1906,test
1907,train
1908,test
1909,train
1910,train
1911,test
1912,test
1913,test
1914,test
1915,train
1916,train
1917,train
1918,train
1919,train
1920,train
1921,test
1922,train
1923,train
1924,test
1925,train
1926,train
1927,test
1928,test
1929,test
1930,train
1931,test
1932,test
1933,train
1934,train
1935,train
1936,train
1937,train
1938,test
1939,train
1940,test
1941,test
1942,test
1943,test
1944,train
1945,train
1946,test
1947,train
1948,train
1949,test
1950,train
1951,test
1952,train
1953,test
1954,test
1955,train
1956,test
1957,train
1958,train
1959,train
1960,train
1961,train
1962,train
1963,test
1964,train
1965,train
1966,train
1967,train
1968,train
1969,train
1970,train
1971,train
1972,test
1973,test
1974,train
1975,test
1976,train
1977,test
1978,train
1979,train
1980,train
1981,train
1982,train
1983,test
1984,test
1985,train
1986,test
1987,train
1988,test
1989,test
1990,train
1991,train
1992,train
1993,test
1994,train
1995,test
1996,train
1997,test
1998,test
1999,test
2000,train
2001,train
2002,test
2003,test
2004,train
2005,train
2006,test
2007,train
2008,train
2009,train
2010,train
2011,train
2012,train
2013,train
2014,test
2015,test
2016,train
2017,test
2018,train
2019,test
2020,test
2021,test
2022,test
2023,test
2024,train
2025,train
2026,train
2027,test
2028,train
2029,test
2030,test
2031,train
2032,train
2033,train
2034,train
2035,test
2036,train
2037,train
2038,test
2039,test
2040,test
2041,test
2042,test
2043,train
2044,train
2045,test
2046,train
2047,train
2048,train
2049,train
2050,train
2051,test
2052,test
2053,test
2054,train
2055,train
2056,train
2057,train
2058,train
2059,train
2060,test
2061,test
2062,test
2063,test
2064,train
2065,train
2066,train
2067,test
2068,train
2069,test
2070,test
2071,train
2072,test
2073,train
2074,test
2075,train
2076,train
2077,train
2078,train
2079,test
2080,test
2081,train
2082,train
2083,test
2084,test
2085,train
2086,test
2087,train
2088,test
2089,test
2090,train
2091,test
2092,test
2093,test
2094,test
2095,test
2096,train
2097,train
2098,test
2099,train
2100,train
2101,train
2102,test
2103,train
2104,test
2105,test
2106,test
2107,train
2108,test
2109,test
2110,test
2111,test
2112,train
2113,train
2114,train
2115,train
2116,train
2117,train
2118,test
2119,train
2120,train
2121,test
2122,train
2123,train
2124,train
2125,test
2126,test
2127,train
2128,train
2129,train
2130,train
2131,test
2132,test
2133,train
2134,train
2135,train
2136,test
2137,train
2138,train
2139,test
2140,test
2141,train
2142,test
2143,test
2144,train
2145,test
2146,test
2147,test
2148,test
2149,train
2150,test
2151,test
2152,train
2153,train
2154,train
2155,test
2156,test
2157,train
2158,test
2159,train
2160,train
2161,train
2162,test
2163,train
2164,test
2165,train
2166,test
2167,train
2168,test
2169,test
2170,train
2171,train
2172,test
2173,train
2174,test
2175,test
2176,train
2177,test
2178,test
2179,train
2180,train
2181,train
2182,train
2183,test
2184,train
2185,train
2186,test
2187,train
2188,test
2189,test
2190,test
2191,train
2192,train
2193,train
2194,train
2195,test
2196,train
2197,test
2198,train
2199,train
2200,train
2201,test
2202,test
2203,train
2204,train
2205,train
2206,train
2207,test
2208,train
2209,test
2210,train
2211,test
2212,test
2213,train
2214,train
2215,train
2216,train
2217,train
2218,train
2219,test
2220,train
2221,train
2222,test
2223,train
2224,train
2225,train
2226,test
2227,train
2228,train
2229,train
2230,train
2231,test
2232,train
2233,train
2234,train
2235,train
2236,test
2237,train
2238,train
2239,train
2240,test
2241,train
2242,test
2243,test
2244,train
2245,train
2246,test
2247,test
2248,test
2249,train
2250,test
2251,train
2252,train
2253,train
2254,test
2255,train
2256,test
2257,train
2258,train
2259,test
2260,train
2261,train
2262,train
2263,train
2264,test
2265,train
2266,train
2267,test
2268,test
2269,test
2270,train
2271,test
2272,train
2273,train
2274,train
2275,train
2276,train
2277,train
2278,test
2279,train
2280,test
2281,test
2282,train
2283,test
2284,train
2285,train
2286,train
2287,train
2288,test
2289,test
2290,train
2291,train
2292,train
2293,train
2294,train
2295,test
2296,train
2297,test
2298,train
2299,test
2300,train
2301,test
2302,test
2303,test
2304,test
2305,train
2306,test
2307,train
2308,test
2309,train
2310,test
2311,train
2312,train
2313,test
2314,test
2315,test
2316,test
2317,test
2318,train
2319,train
2320,train
2321,train
2322,train
2323,train
2324,test
2325,test
2326,train
2327,train
2328,train
2329,test
2330,train
2331,train
2332,test
2333,test
2334,train
2335,train
2336,train
2337,test
2338,test
2339,train
2340,train
2341,train
2342,train
2343,train
2344,test
2345,train
2346,train
2347,train
2348,train
2349,test
2350,train
2351,train
2352,test
2353,test
2354,train
2355,train
2356,test
2357,test
2358,train
2359,test
2360,train
2361,train
2362,train
2363,test
2364,train
2365,train
2366,train
2367,train
2368,train
2369,test
2370,train
2371,test
2372,test
2373,test
2374,train
2375,train
2376,train
2377,test
2378,train
2379,train
2380,train
2381,test
2382,train
2383,test
2384,train
2385,test
2386,test
2387,train
2388,train
2389,train
2390,test
2391,train
2392,train
2393,train
2394,test
2395,test
2396,train
2397,test
2398,test
2399,train
2400,train
2401,test
2402,train
2403,train
2404,train
2405,test
2406,test
2407,train
2408,train
2409,test
2410,train
2411,test
2412,train
2413,test
2414,train
2415,train
2416,train
2417,train
2418,train
2419,train
2420,train
2421,train
2422,train
2423,test
2424,train
2425,test
2426,train
2427,test
2428,train
2429,train
2430,train
2431,test
2432,train
2433,train
2434,train
2435,test
2436,train
2437,test
2438,train
2439,train
2440,test
2441,train
2442,test
2443,test
2444,test
2445,test
2446,train
2447,train
2448,train
2449,test
2450,train
2451,train
2452,test
2453,test
2454,test
2455,train
2456,train
2457,train
2458,test
2459,test
2460,test
2461,test
2462,train
2463,train
2464,train
2465,train
2466,train
2467,train
2468,test
2469,train
2470,train
2471,test
2472,test
2473,train
2474,test
2475,train
2476,test
2477,train
2478,train
2479,test
2480,test
2481,test
2482,train
2483,train
2484,train
2485,test
2486,train
2487,test
2488,test
2489,train
2490,train
2491,test
2492,train
2493,train
2494,train
2495,train
2496,test
2497,train
2498,train
2499,test
2500,train
2501,test
2502,test
2503,test
2504,test
2505,test
2506,train
2507,train
2508,train
2509,train
2510,train
2511,test
2512,train
2513,train
2514,test
2515,train
2516,test
2517,test
2518,test
2519,train
2520,train
2521,train
2522,test
2523,test
2524,train
2525,test
2526,train
2527,train
2528,train
2529,train
2530,test
2531,train
2532,train
2533,train
2534,train
2535,test
2536,train
2537,train
2538,train
2539,train
2540,test
2541,train
2542,train
2543,train
2544,test
2545,train
2546,test
2547,train
2548,test
2549,train
2550,train
2551,test
2552,test
2553,test
2554,test
2555,test
2556,test
2557,train
2558,train
2559,test
2560,train
2561,train
2562,train
2563,test
2564,train
2565,train
2566,train
2567,train
2568,test
2569,test
2570,test
2571,train
2572,train
2573,train
2574,test
2575,train
2576,train
2577,train
2578,test
2579,train
2580,test
2581,train
2582,train
2583,train
2584,train
2585,test
2586,test
2587,test
2588,train
2589,train
2590,train
2591,train
2592,test
2593,train
2594,test
2595,test
2596,train
2597,train
2598,test
2599,train
2600,test
2601,test
2602,train
2603,train
2604,train
2605,test
2606,train
2607,train
2608,test
2609,train
2610,train
2611,train
2612,train
2613,train
2614,train
2615,test
2616,test
2617,test
2618,train
2619,test
2620,test
2621,train
2622,test
2623,test
2624,train
2625,train
2626,train
2627,test
2628,test
2629,train
2630,train
2631,test
2632,train
2633,test
2634,test
2635,train
2636,train
2637,train
2638,test
2639,test
2640,train
2641,test
2642,train
2643,train
2644,train
2645,train
2646,train
2647,test
2648,train
2649,train
2650,train
2651,test
2652,train
2653,train
2654,test
2655,test
2656,test
2657,test
2658,train
2659,test
2660,train
2661,train
2662,train
2663,train
2664,train
2665,test
2666,test
2667,train
2668,test
2669,train
2670,train
2671,test
2672,test
2673,test
2674,test
2675,train
2676,train
2677,train
2678,test
2679,train
2680,train
2681,train
2682,test
2683,test
2684,test
2685,test
2686,train
2687,test
2688,test
2689,train
2690,test
2691,test
2692,test
2693,train
2694,train
2695,test
2696,test
2697,train
2698,train
2699,train
2700,train
2701,test
2702,train
2703,train
2704,train
2705,train
2706,train
2707,train
2708,train
2709,test
2710,train
2711,test
2712,train
2713,train
2714,train
2715,test
2716,train
2717,train
2718,test
2719,test
2720,train
2721,train
2722,test
2723,test
2724,train
2725,train
2726,train
2727,test
2728,train
2729,test
2730,train
2731,test
2732,train
2733,train
2734,test
2735,train
2736,test
2737,train
2738,test
2739,train
2740,test
2741,train
2742,test
2743,test
2744,train
2745,train
2746,train
2747,train
2748,train
2749,train
2750,train
2751,train
2752,train
2753,train
2754,train
2755,test
2756,test
2757,train
2758,train
2759,train
2760,train
2761,test
2762,test
2763,test
2764,test
2765,train
2766,test
2767,test
2768,test
2769,test
2770,train
2771,test
2772,train
2773,train
2774,train
2775,train
2776,train
2777,test
2778,train
2779,test
2780,train
2781,train
2782,train
2783,test
2784,train
2785,train
2786,train
2787,train
2788,train
2789,train
2790,train
2791,test
2792,test
2793,test
2794,test
2795,test
2796,train
2797,train
2798,train
2799,test
2800,train
2801,test
2802,train
2803,train
2804,train
2805,test
2806,test
2807,train
2808,train
2809,test
2810,test
2811,test
2812,train
2813,train
2814,train
2815,train
2816,test
2817,train
2818,test
2819,train
2820,train
2821,train
2822,train
2823,test
2824,train
2825,test
2826,train
2827,train
2828,train
2829,train
2830,train
2831,test
2832,test
2833,test
2834,test
2835,train
2836,test
2837,train
2838,train
2839,train
2840,train
2841,test
2842,test
2843,train
2844,train
2845,train
2846,train
2847,test
2848,train
2849,test
2850,train
2851,test
2852,test
2853,test
2854,test
2855,train
2856,train
2857,test
2858,train
2859,test
2860,test
2861,test
2862,train
2863,test
2864,train
2865,test
2866,train
2867,train
2868,train
2869,train
2870,test
2871,train
2872,test
2873,train
2874,test
2875,test
2876,train
2877,test
2878,train
2879,test
2880,test
2881,test
2882,train
2883,train
2884,test
2885,test
2886,test
2887,train
2888,test
2889,train
2890,train
2891,train
2892,test
2893,train
2894,test
2895,train
2896,train
2897,train
2898,train
2899,test
2900,train
2901,train
2902,train
2903,train
2904,train
2905,train
2906,train
2907,train
2908,train
2909,test
2910,test
2911,train
2912,train
2913,train
2914,test
2915,test
2916,train
2917,test
2918,train
2919,train
2920,train
2921,train
2922,test
2923,test
2924,train
2925,test
2926,train
2927,train
2928,test
2929,test
2930,train
2931,train
2932,train
2933,test
2934,test
2935,train
2936,test
2937,train
2938,train
2939,train
2940,test
2941,train
2942,train
2943,test
2944,train
2945,train
2946,train
2947,train
2948,train
2949,test
2950,train
2951,test
2952,train
2953,test
2954,test
2955,train
2956,test
2957,test
2958,train
2959,train
2960,test
2961,train
2962,test
2963,test
2964,test
2965,train
2966,train
2967,test
2968,test
2969,test
2970,train
2971,train
2972,train
2973,test
2974,train
2975,test
2976,test
2977,test
2978,train
2979,test
2980,train
2981,train
2982,test
2983,test
2984,train
2985,test
2986,train
2987,test
2988,train
2989,train
2990,test
2991,train
2992,train
2993,train
2994,test
2995,test
2996,train
2997,train
2998,test
2999,train
3000,train
3001,train
3002,test
3003,test
3004,train
3005,train
3006,train
3007,train
3008,train
3009,test
3010,train
3011,train
3012,test
3013,train
3014,train
3015,test
3016,train
3017,test
3018,test
3019,train
3020,train
3021,test
3022,train
3023,train
3024,test
3025,train
3026,train
3027,train
3028,train
3029,train
3030,train
3031,train
3032,test
3033,train
3034,train
3035,train
3036,test
3037,train
3038,test
3039,train
3040,train
3041,train
3042,train
3043,test
3044,train
3045,test
3046,train
3047,train
3048,train
3049,test
3050,train
3051,train
3052,train
3053,train
3054,train
3055,train
3056,train
3057,test
3058,train
3059,test
3060,train
3061,train
3062,test
3063,train
3064,train
3065,train
3066,train
3067,train
3068,test
3069,train
3070,train
3071,test
3072,test
3073,train
3074,train
3075,train
3076,train
3077,test
3078,train
3079,train
3080,train
3081,test
3082,train
3083,train
3084,train
3085,train
3086,test
3087,train
3088,train
3089,test
3090,train
3091,test
3092,test
3093,train
3094,train
3095,train
3096,test
3097,train
3098,train
3099,test
3100,test
3101,train
3102,train
3103,test
3104,test
3105,train
3106,test
3107,train
3108,train
3109,test
3110,train
3111,test
3112,test
3113,train
3114,test
3115,test
3116,train
3117,test
3118,train
3119,train
3120,test
3121,train
3122,test
3123,train
3124,test
3125,train
3126,train
3127,test
3128,test
3129,test
3130,train
3131,test
3132,test
3133,test
3134,test
3135,train
3136,train
3137,test
3138,train
3139,train
3140,train
3141,train
3142,train
3143,test
3144,test
3145,train
3146,train
3147,test
3148,test
3149,train
3150,train
3151,train
3152,test
3153,train
3154,train
3155,train
3156,train
3157,test
3158,train
3159,test
3160,test
3161,train
3162,train
3163,train
3164,test
3165,train
3166,train
3167,train
3168,test
3169,train
3170,test
3171,train
3172,train
3173,train
3174,train
3175,test
3176,train
3177,test
3178,train
3179,train
3180,train
3181,train
3182,train
3183,test
3184,test
3185,test
3186,train
3187,train
3188,train
3189,train
3190,train
3191,test
3192,train
3193,train
3194,train
3195,test
3196,test
3197,test
3198,train
3199,train
3200,train
3201,test
3202,train
3203,test
3204,test
3205,train
3206,train
3207,test
3208,test
3209,train
3210,test
3211,train
3212,test
3213,train
3214,train
3215,train
3216,train
3217,test
3218,test
3219,train
3220,train
3221,train
3222,train
3223,test
3224,train
3225,test
3226,train
3227,train
3228,test
3229,test
3230,train
3231,train
3232,train
3233,train
3234,train
3235,train
3236,train
3237,test
3238,train
3239,test
3240,test
3241,train
3242,test
3243,train
3244,train
3245,test
3246,test
3247,train
3248,train
3249,train
3250,train
3251,test
3252,train
3253,train
3254,train
3255,test
3256,train
3257,test
3258,train
3259,train
3260,test
3261,train
3262,train
3263,test
3264,train
3265,train
3266,train
3267,test
3268,train
3269,train
3270,train
3271,test
3272,train
3273,train
3274,train
3275,train
3276,train
3277,test
3278,train
3279,test
3280,train
3281,train
3282,train
3283,train
3284,test
3285,train
3286,train
3287,train
3288,train
3289,train
3290,train
3291,train
3292,train
3293,train
3294,train
3295,train
3296,test
3297,train
3298,test
3299,test
3300,test
3301,test
3302,train
3303,test
3304,test
3305,train
3306,train
3307,test
3308,train
3309,train
3310,test
3311,train
3312,train
3313,train
3314,train
3315,test
3316,train
3317,train
3318,test
3319,train
3320,test
3321,test
3322,train
3323,train
3324,train
3325,test
3326,train
3327,train
3328,train
3329,train
3330,test
3331,train
3332,train
3333,test
3334,train
3335,train
3336,test
3337,test
3338,test
3339,train
3340,test
3341,test
3342,test
3343,test
3344,train
3345,train
3346,train
3347,train
3348,train
3349,test
3350,train
3351,test
3352,test
3353,test
3354,test
3355,test
3356,train
3357,train
3358,train
3359,train
3360,train
3361,test
3362,train
3363,test
3364,test
3365,train
3366,train
3367,train
3368,train
3369,train
3370,train
3371,train
3372,train
3373,train
3374,train
3375,test
3376,train
3377,train
3378,train
3379,test
3380,test
3381,train
3382,train
3383,test
3384,train
3385,train
3386,train
3387,test
3388,test
3389,test
3390,test
3391,train
3392,train
3393,test
3394,test
3395,test
3396,test
3397,train
3398,test
3399,test
3400,test
3401,train
3402,test
3403,train
3404,train
3405,test
3406,train
3407,test
3408,test
3409,test
3410,train
3411,train
3412,train
3413,test
3414,train
3415,test
3416,train
3417,train
3418,train
3419,test
3420,train
3421,train
3422,train
3423,train
3424,train
3425,test
3426,train
3427,train
3428,train
3429,train
3430,test
3431,train
3432,test
3433,test
3434,train
3435,train
3436,train
3437,test
3438,train
3439,test
3440,train
3441,test
3442,train
3443,test
3444,train
3445,train
3446,train
3447,train
3448,train
3449,test
3450,train
3451,train
3452,train
3453,train
3454,test
3455,train
3456,train
3457,test
3458,train
3459,train
3460,train
3461,train
3462,test
3463,test
3464,train
3465,test
3466,train
3467,train
3468,train
3469,train
3470,train
3471,test
3472,train
3473,test
3474,train
3475,test
3476,train
3477,train
3478,train
3479,train
3480,train
3481,test
3482,test
3483,test
3484,train
3485,train
3486,train
3487,train
3488,train
3489,train
3490,train
3491,train
3492,train
3493,test
3494,train
3495,train
3496,test
3497,train
3498,train
3499,test
3500,train
3501,train
3502,test
3503,test
3504,train
3505,train
3506,train
3507,test
3508,test
3509,train
3510,test
3511,test
3512,train
3513,train
3514,test
3515,test
3516,test
3517,test
3518,train
3519,train
3520,test
3521,train
3522,train
3523,test
3524,train
3525,train
3526,test
3527,train
3528,test
3529,train
3530,train
3531,test
3532,train
3533,test
3534,train
3535,train
3536,train
3537,test
3538,test
3539,train
3540,train
3541,train
3542,test
3543,test
3544,train
3545,test
3546,test
3547,test
3548,test
3549,train
3550,test
3551,train
3552,train
3553,train
3554,test
3555,train
3556,train
3557,train
3558,test
3559,test
3560,train
3561,train
3562,train
3563,test
3564,test
3565,test
3566,test
3567,train
3568,train
3569,test
3570,train
3571,train
3572,train
3573,test
3574,train
3575,train
3576,train
3577,train
3578,train
3579,test
3580,train
3581,train
3582,train
3583,train
3584,train
3585,train
3586,train
3587,train
3588,train
3589,train
3590,test
3591,test
3592,test
3593,test
3594,train
3595,test
3596,test
3597,test
3598,train
3599,test
3600,train
3601,train
3602,test
3603,test
3604,train
3605,train
3606,test
3607,train
3608,test
3609,train
3610,train
3611,test
3612,test
3613,train
3614,train
3615,train
3616,test
3617,train
3618,train
3619,train
3620,test
3621,train
3622,test
3623,test
3624,train
3625,test
3626,train
3627,test
3628,test
3629,test
3630,train
3631,train
3632,test
3633,train
3634,train
3635,train
3636,train
3637,test
3638,test
3639,train
3640,train
3641,train
3642,test
3643,train
3644,test
3645,train
3646,train
3647,test
3648,test
3649,train
3650,train
3651,train
3652,test
3653,train
3654,train
3655,train
3656,train
3657,train
3658,train
3659,train
3660,train
3661,test
3662,test
3663,train
3664,test
3665,test
3666,test
3667,train
3668,test
3669,test
3670,train
3671,train
3672,test
3673,train
3674,train
3675,train
3676,test
3677,train
3678,train
3679,test
3680,train
3681,train
3682,test
3683,test
3684,train
3685,train
3686,test
3687,test
3688,train
3689,train
3690,train
3691,train
3692,test
3693,test
3694,train
3695,train
3696,train
3697,train
3698,train
3699,train
3700,test
3701,train
3702,test
3703,test
3704,train
3705,train
3706,train
3707,test
3708,test
3709,train
3710,train
3711,train
3712,train
3713,test
3714,test
3715,train
3716,train
3717,train
3718,train
3719,train
3720,train
3721,train
3722,train
3723,test
3724,test
3725,train
3726,test
3727,train
3728,train
3729,train
3730,test
3731,train
3732,test
3733,train
3734,test
3735,test
3736,train
3737,test
3738,train
3739,test
3740,test
3741,test
3742,train
3743,test
3744,test
3745,train
3746,test
3747,train
3748,test
3749,train
3750,train
3751,train
3752,test
3753,train
3754,train
3755,train
3756,test
3757,train
3758,train
3759,train
3760,test
3761,train
3762,test
3763,test
3764,train
3765,train
3766,train
3767,test
3768,test
3769,test
3770,train
3771,test
3772,train
3773,train
3774,test
3775,train
3776,train
3777,test
3778,test
3779,test
3780,train
3781,test
3782,train
3783,test
3784,train
3785,test
3786,test
3787,test
3788,train
3789,test
3790,test
3791,train
3792,test
3793,test
3794,train
3795,train
3796,train
3797,train
3798,train
3799,train
3800,train
3801,train
3802,test
3803,test
3804,train
3805,train
3806,train
3807,test
3808,train
3809,train
3810,train
3811,test
3812,test
3813,train
3814,test
3815,test
3816,test
3817,test
3818,test
3819,test
3820,test
3821,test
3822,test
3823,test
3824,train
3825,test
3826,train
3827,test
3828,train
3829,test
3830,train
3831,train
3832,train
3833,test
3834,train
3835,test
3836,train
3837,test
3838,train
3839,test
3840,test
3841,train
3842,test
3843,train
3844,test
3845,train
3846,train
3847,train
3848,train
3849,train
3850,test
3851,train
3852,train
3853,train
3854,test
3855,test
3856,train
3857,test
3858,test
3859,test
3860,test
3861,test
3862,train
3863,test
3864,test
3865,train
3866,test
3867,train
3868,test
3869,train
3870,train
3871,train
3872,test
3873,test
3874,train
3875,train
3876,test
3877,test
3878,train
3879,train
3880,train
3881,test
3882,test
3883,test
3884,test
3885,train
3886,test
3887,test
3888,test
3889,test
3890,train
3891,train
3892,test
3893,train
3894,train
3895,train
3896,test
3897,train
3898,test
3899,test
3900,test
3901,test
3902,train
3903,test
3904,train
3905,train
3906,test
3907,train
3908,train
3909,train
3910,train
3911,test
3912,test
3913,test
3914,test
3915,train
3916,test
3917,test
3918,train
3919,test
3920,train
3921,train
3922,test
3923,test
3924,test
3925,test
3926,train
3927,test
3928,test
3929,train
3930,train
3931,test
3932,train
3933,train
3934,test
3935,test
3936,train
3937,test
3938,train
3939,test
3940,train
3941,test
3942,train
3943,test
3944,train
3945,train
3946,train
3947,test
3948,test
3949,train
3950,test
3951,test
3952,train
3953,train
3954,test
3955,train
3956,train
3957,test
3958,train
3959,train
3960,train
3961,train
3962,train
3963,test
3964,train
3965,train
3966,test
3967,train
3968,train
3969,train
3970,train
3971,train
3972,train
3973,train
3974,train
3975,train
3976,train
3977,test
3978,test
3979,train
3980,test
3981,train
3982,train
3983,test
3984,train
3985,train
3986,test
3987,test
3988,train
3989,train
3990,test
3991,train
3992,test
3993,train
3994,test
3995,train
3996,train
3997,test
3998,test
3999,train
4000,test
4001,test
4002,test
4003,train
4004,test
4005,train
4006,train
4007,train
4008,test
4009,train
4010,train
4011,train
4012,test
4013,train
4014,train
4015,test
4016,train
4017,train
4018,test
4019,test
4020,test
4021,test
4022,train
4023,train
4024,train
4025,train
4026,test
4027,train
4028,train
4029,train
4030,train
4031,test
4032,test
4033,train
4034,train
4035,test
4036,train
4037,test
4038,train
4039,train
4040,test
4041,train
4042,test
4043,train
4044,train
4045,test
4046,train
4047,test
4048,train
4049,train
4050,train
4051,test
4052,test
4053,train
4054,train
4055,test
4056,train
4057,train
4058,test
4059,test
4060,test
4061,train
4062,test
4063,test
4064,train
4065,train
4066,test
4067,train
4068,train
4069,test
4070,test
4071,train
4072,test
4073,train
4074,test
4075,train
4076,train
4077,train
4078,train
4079,test
4080,train
4081,train
4082,train
4083,train
4084,train
4085,test
4086,train
4087,test
4088,train
4089,train
4090,train
4091,train
4092,test
4093,train
4094,test
4095,train
4096,test
4097,test
4098,train
4099,test
4100,train
4101,train
4102,train
4103,test
4104,train
4105,train
4106,train
4107,train
4108,test
4109,train
4110,test
4111,train
4112,train
4113,train
4114,test
4115,train
4116,test
4117,test
4118,train
4119,train
4120,test
4121,train
4122,test
4123,test
4124,train
4125,test
4126,train
4127,test
4128,train
4129,train
4130,train
4131,train
4132,test
4133,train
4134,train
4135,test
4136,train
4137,test
4138,train
4139,train
4140,test
4141,train
4142,train
4143,train
4144,train
4145,train
4146,train
4147,train
4148,train
4149,test
4150,test
4151,train
4152,train
4153,train
4154,test
4155,test
4156,test
4157,train
4158,train
4159,train
4160,train
4161,test
4162,train
4163,test
4164,train
4165,test
4166,train
4167,train
4168,test
4169,train
4170,test
4171,train
4172,test
4173,train
4174,test
4175,train
4176,train
4177,train
4178,train
4179,train
4180,train
4181,test
4182,train
4183,train
4184,test
4185,test
4186,test
4187,train
4188,train
4189,train
4190,train
4191,test
4192,train
4193,test
4194,train
4195,train
4196,train
4197,test
4198,test
4199,test
4200,test
4201,train
4202,train
4203,train
4204,train
4205,test
4206,test
4207,train
4208,test
4209,test
4210,train
4211,train
4212,train
4213,test
4214,train
4215,test
4216,train
4217,train
4218,test
4219,train
4220,test
4221,train
4222,test
4223,test
4224,train
4225,test
4226,train
4227,train
4228,test
4229,train
4230,train
4231,train
4232,train
4233,train
4234,train
4235,test
4236,test
4237,train
4238,train
4239,test
4240,test
4241,train
4242,train
4243,test
4244,train
4245,train
4246,train
4247,test
4248,test
4249,train
4250,train
4251,train
4252,test
4253,test
4254,train
4255,train
4256,train
4257,train
4258,train
4259,train
4260,train
4261,train
4262,train
4263,train
4264,train
4265,test
4266,train
4267,test
4268,train
4269,train
4270,train
4271,test
4272,test
4273,train
4274,train
4275,train
4276,train
4277,test
4278,train
4279,test
4280,test
4281,train
4282,train
4283,train
4284,train
4285,train
4286,test
4287,train
4288,train
4289,test
4290,test
4291,train
4292,train
4293,train
4294,train
4295,train
4296,test
4297,test
4298,test
4299,train
4300,train
4301,test
4302,train
4303,test
4304,test
4305,test
4306,train
4307,test
4308,train
4309,train
4310,test
4311,train
4312,train
4313,train
4314,test
4315,train
4316,train
4317,train
4318,test
4319,train
4320,test
4321,train
4322,train
4323,train
4324,train
4325,test
4326,train
4327,test
4328,test
4329,test
4330,train
4331,train
4332,train
4333,train
4334,train
4335,test
4336,train
4337,train
4338,train
4339,train
4340,train
4341,train
4342,test
4343,test
4344,test
4345,train
4346,test
4347,train
4348,test
4349,test
4350,test
4351,test
4352,train
4353,train
4354,train
4355,test
4356,test
4357,test
4358,test
4359,train
4360,test
4361,train
4362,train
4363,train
4364,test
4365,train
4366,test
4367,test
4368,test
4369,test
4370,train
4371,train
4372,test
4373,train
4374,train
4375,train
4376,train
4377,test
4378,test
4379,train
4380,train
4381,train
4382,test
4383,train
4384,train
4385,train
4386,test
4387,test
4388,train
4389,train
4390,test
4391,train
4392,test
4393,test
4394,test
4395,train
4396,test
4397,train
4398,test
4399,test
4400,train
4401,train
4402,test
4403,test
4404,test
4405,test
4406,train
4407,train
4408,train
4409,train
4410,train
4411,train
4412,train
4413,train
4414,test
4415,train
4416,test
4417,test
4418,train
4419,train
4420,test
4421,train
4422,train
4423,train
4424,test
4425,train
4426,test
4427,train
4428,train
4429,train
4430,test
4431,test
4432,train
4433,test
4434,train
4435,test
4436,train
4437,train
4438,train
4439,test
4440,test
4441,train
4442,test
4443,train
4444,test
4445,train
4446,test
4447,train
4448,test
4449,train
4450,train
4451,train
4452,train
4453,train
4454,test
4455,train
4456,test
4457,train
4458,test
4459,test
4460,train
4461,test
4462,train
4463,train
4464,train
4465,test
4466,test
4467,test
4468,train
4469,train
4470,train
4471,train
4472,test
4473,train
4474,train
4475,train
4476,train
4477,train
4478,test
4479,train
4480,test
4481,test
4482,test
4483,test
4484,test
4485,test
4486,train
4487,test
4488,train
4489,test
4490,train
4491,train
4492,train
4493,train
4494,test
4495,train
4496,train
4497,train
4498,test
4499,train
4500,test
4501,train
4502,train
4503,train
4504,train
4505,test
4506,train
4507,train
4508,test
4509,test
4510,test
4511,train
4512,test
4513,test
4514,test
4515,train
4516,train
4517,test
4518,train
4519,train
4520,train
4521,test
4522,train
4523,train
4524,train
4525,train
4526,test
4527,test
4528,train
4529,train
4530,test
4531,train
4532,train
4533,train
4534,train
4535,train
4536,test
4537,train
4538,train
4539,test
4540,train
4541,train
4542,test
4543,test
4544,train
4545,train
4546,train
4547,train
4548,train
4549,train
4550,test
4551,train
4552,train
4553,train
4554,train
4555,train
4556,test
4557,train
4558,train
4559,test
4560,train
4561,train
4562,test
4563,train
4564,train
4565,train
4566,train
4567,train
4568,train
4569,test
4570,train
4571,train
4572,test
4573,train
4574,train
4575,train
4576,train
4577,train
4578,test
4579,train
4580,train
4581,test
4582,train
4583,test
4584,train
4585,train
4586,train
4587,train
4588,test
4589,test
4590,test
4591,train
4592,test
4593,test
4594,train
4595,test
4596,test
4597,test
4598,train
4599,train
4600,train
4601,train
4602,train
4603,train
4604,train
4605,train
4606,train
4607,train
4608,train
4609,train
4610,test
4611,train
4612,test
4613,train
4614,train
4615,train
4616,train
4617,test
4618,train
4619,train
4620,train
4621,test
4622,test
4623,train
4624,test
4625,train
4626,train
4627,train
4628,train
4629,train
4630,test
4631,train
4632,train
4633,test
4634,test
4635,train
4636,test
4637,test
4638,train
4639,train
4640,test
4641,train
4642,train
4643,train
4644,train
4645,train
4646,train
4647,train
4648,test
4649,train
4650,train
4651,test
4652,train
4653,train
4654,train
4655,test
4656,train
4657,train
4658,test
4659,train
4660,train
4661,test
4662,test
4663,train
4664,train
4665,train
4666,test
4667,test
4668,test
4669,test
4670,train
4671,train
4672,test
4673,train
4674,test
4675,train
4676,test
4677,train
4678,train
4679,test
4680,train
4681,train
4682,test
4683,test
4684,test
4685,test
4686,train
4687,train
4688,test
4689,test
4690,train
4691,test
4692,test
4693,train
4694,train
4695,test
4696,train
4697,test
4698,test
4699,train
4700,train
4701,train
4702,train
4703,train
4704,train
4705,test
4706,train
4707,train
4708,test
4709,train
4710,test
4711,train
4712,train
4713,test
4714,train
4715,test
4716,train
4717,test
4718,train
4719,train
4720,test
4721,train
4722,test
4723,train
4724,train
4725,train
4726,test
4727,train
4728,train
4729,test
4730,test
4731,train
4732,train
4733,test
4734,test
4735,test
4736,test
4737,test
4738,test
4739,test
4740,train
4741,test
4742,train
4743,test
4744,train
4745,train
4746,train
4747,train
4748,train
4749,train
4750,train
4751,train
4752,train
4753,train
4754,train
4755,train
4756,train
4757,train
4758,train
4759,test
4760,train
4761,train
4762,train
4763,train
4764,train
4765,train
4766,test
4767,test
4768,train
4769,test
4770,train
4771,train
4772,train
4773,test
4774,test
4775,train
4776,train
4777,train
4778,train
4779,train
4780,test
4781,train
4782,train
4783,train
4784,test
4785,test
4786,train
4787,test
4788,test
4789,test
4790,test
4791,train
4792,test
4793,test
4794,train
4795,train
4796,test
4797,train
4798,train
4799,train
4800,test
4801,train
4802,train
4803,test
4804,train
4805,train
4806,train
4807,train
4808,test
4809,train
4810,test
4811,test
4812,train
4813,train
4814,test
4815,train
4816,train
4817,test
4818,train
4819,test
4820,test
4821,train
4822,train
4823,test
4824,train
4825,test
4826,test
4827,test
4828,train
4829,train
4830,train
4831,test
4832,train
4833,test
4834,train
4835,train
4836,train
4837,test
4838,train
4839,train
4840,test
4841,train
4842,train
4843,train
4844,train
4845,test
4846,train
4847,train
4848,test
4849,test
4850,train
4851,train
4852,train
4853,train
4854,test
4855,train
4856,train
4857,train
4858,train
4859,train
4860,test
4861,test
4862,train
4863,train
4864,test
4865,test
4866,train
4867,train
4868,train
4869,train
4870,test
4871,train
4872,train
4873,test
4874,train
4875,train
4876,test
4877,test
4878,train
4879,train
4880,train
4881,train
4882,test
4883,train
4884,train
4885,test
4886,train
4887,train
4888,test
4889,test
4890,train
4891,train
4892,train
4893,train
4894,test
4895,test
4896,test
4897,train
4898,test
4899,train
4900,test
4901,train
4902,test
4903,train
4904,test
4905,train
4906,test
4907,train
4908,train
4909,train
4910,test
4911,train
4912,train
4913,train
4914,test
4915,train
4916,train
4917,test
4918,test
4919,train
4920,train
4921,test
4922,test
4923,train
4924,train
4925,test
4926,test
4927,test
4928,test
4929,test
4930,train
4931,test
4932,train
4933,test
4934,train
4935,test
4936,train
4937,train
4938,train
4939,train
4940,test
4941,train
4942,test
4943,train
4944,train
4945,train
4946,train
4947,train
4948,train
4949,train
4950,test
4951,train
4952,test
4953,train
4954,train
4955,test
4956,test
4957,train
4958,train
4959,train
4960,train
4961,train
4962,train
4963,train
4964,train
4965,train
4966,test
4967,train
4968,train
4969,train
4970,train
4971,train
4972,train
4973,test
4974,train
4975,train
4976,train
4977,train
4978,test
4979,test
4980,train
4981,test
4982,train
4983,test
4984,test
4985,train
4986,train
4987,test
4988,test
4989,train
4990,test
4991,test
4992,test
4993,train
4994,train
4995,train
4996,test
4997,train
4998,test
4999,train
5000,train
5001,train
5002,train
5003,test
5004,train
5005,test
5006,train
5007,train
5008,test
5009,train
5010,test
5011,train
5012,train
5013,test
5014,test
5015,train
5016,test
5017,test
5018,train
5019,train
5020,train
5021,train
5022,train
5023,train
5024,test
5025,train
5026,test
5027,train
5028,train
5029,train
5030,test
5031,train
5032,train
5033,train
5034,test
5035,test
5036,train
5037,test
5038,train
5039,train
5040,test
5041,test
5042,train
5043,train
5044,train
5045,test
5046,train
5047,test
5048,train
5049,train
5050,train
5051,train
5052,test
5053,test
5054,train
5055,test
5056,test
5057,train
5058,train
5059,train
5060,train
5061,test
5062,test
5063,test
5064,train
5065,train
5066,test
5067,test
5068,test
5069,train
5070,train
5071,train
5072,test
5073,train
5074,train
5075,train
5076,train
5077,test
5078,train
5079,train
5080,train
5081,train
5082,train
5083,test
5084,train
5085,train
5086,train
5087,train
5088,test
5089,train
5090,test
5091,train
5092,test
5093,train
5094,test
5095,train
5096,test
5097,train
5098,test
5099,train
5100,train
5101,train
5102,train
5103,test
5104,train
5105,train
5106,test
5107,test
5108,train
5109,train
5110,test
5111,test
5112,train
5113,train
5114,test
5115,test
5116,test
5117,train
5118,train
5119,train
5120,train
5121,train
5122,test
5123,train
5124,train
5125,train
5126,train
5127,test
5128,train
5129,train
5130,train
5131,test
5132,test
5133,test
5134,test
5135,train
5136,test
5137,train
5138,train
5139,train
5140,test
5141,train
5142,test
5143,train
5144,train
5145,test
5146,test
5147,test
5148,train
5149,train
5150,test
5151,test
5152,train
5153,test
5154,train
5155,test
5156,train
5157,train
5158,train
5159,train
5160,train
5161,train
5162,test
5163,train
5164,train
5165,train
5166,train
5167,test
5168,test
5169,test
5170,test
5171,train
5172,train
5173,test
5174,test
5175,test
5176,train
5177,train
5178,train
5179,train
5180,train
5181,train
5182,train
5183,train
5184,train
5185,test
5186,train
5187,test
5188,train
5189,test
5190,test
5191,train
5192,train
5193,test
5194,train
5195,test
5196,train
5197,train
5198,train
5199,train
5200,train
5201,test
5202,test
5203,train
5204,test
5205,test
5206,train
5207,test
5208,train
5209,test
5210,train
5211,test
5212,train
5213,train
5214,train
5215,train
5216,train
5217,train
5218,train
5219,test
5220,train
5221,train
5222,test
5223,train
5224,test
5225,test
5226,train
5227,train
5228,train
5229,test
5230,train
5231,test
5232,train
5233,train
5234,test
5235,train
5236,test
5237,test
5238,train
5239,test
5240,train
5241,test
5242,train
5243,train
5244,train
5245,test
5246,train
5247,test
5248,train
5249,test
5250,test
5251,train
5252,train
5253,train
5254,train
5255,train
5256,train
5257,test
5258,test
5259,train
5260,train
5261,train
5262,test
5263,train
5264,train
5265,train
5266,train
5267,train
5268,train
5269,train
5270,train
5271,test
5272,train
5273,test
5274,test
5275,test
5276,train
5277,test
5278,test
5279,train
5280,train
5281,test
5282,train
5283,test
5284,train
5285,train
5286,train
5287,train
5288,train
5289,test
5290,test
5291,train
5292,train
5293,train
5294,train
5295,train
5296,train
5297,test
5298,test
5299,test
5300,train
5301,train
5302,train
5303,test
5304,train
5305,test
5306,train
5307,train
5308,train
5309,train
5310,test
5311,test
5312,test
5313,train
5314,train
5315,train
5316,train
5317,test
5318,train
5319,train
5320,train
5321,test
5322,train
5323,train
5324,train
5325,test
5326,test
5327,train
5328,test
5329,test
5330,test
5331,train
5332,train
5333,train
5334,train
5335,test
5336,train
5337,test
5338,train
5339,train
5340,test
5341,train
5342,test
5343,test
5344,train
5345,train
5346,train
5347,test
5348,train
5349,test
5350,train
5351,test
5352,test
5353,test
5354,test
5355,train
5356,train
5357,test
5358,test
5359,test
5360,test
5361,test
5362,test
5363,test
5364,train
5365,test
5366,train
5367,test
5368,test
5369,train
5370,train
5371,train
5372,train
5373,test
5374,train
5375,test
5376,train
5377,train
5378,test
5379,test
5380,train
5381,train
5382,test
5383,test
5384,test
5385,train
5386,train
5387,test
5388,train
5389,test
5390,test
5391,train
5392,train
5393,train
5394,train
5395,train
5396,test
5397,train
5398,test
5399,test
5400,train
5401,test
5402,test
5403,train
5404,train
5405,train
5406,train
5407,test
5408,train
5409,test
5410,train
5411,test
5412,train
5413,train
5414,test
5415,train
5416,test
5417,test
5418,test
5419,test
5420,train
5421,train
5422,train
5423,train
5424,train
5425,train
5426,test
5427,test
5428,train
5429,train
5430,train
5431,test
5432,train
5433,train
5434,train
5435,test
5436,train
5437,test
5438,test
5439,train
5440,test
5441,test
5442,train
5443,train
5444,test
5445,train
5446,train
5447,train
5448,train
5449,train
5450,train
5451,test
5452,train
5453,test
5454,test
5455,test
5456,test
5457,test
5458,test
5459,train
5460,train
5461,test
5462,test
5463,train
5464,train
5465,test
5466,train
5467,train
5468,test
5469,test
5470,train
5471,test
5472,train
5473,train
5474,test
5475,test
5476,train
5477,train
5478,train
5479,test
5480,train
5481,test
5482,test
5483,train
5484,test
5485,train
5486,test
5487,train
5488,test
5489,test
5490,train
5491,train
5492,train
5493,train
5494,train
5495,train
5496,train
5497,train
5498,train
5499,test
5500,train
5501,test
5502,train
5503,test
5504,test
5505,train
5506,train
5507,train
5508,train
5509,train
5510,train
5511,train
5512,train
5513,test
5514,train
5515,test
5516,test
5517,train
5518,train
5519,test
5520,test
5521,test
5522,train
5523,test
5524,train
5525,test
5526,test
5527,train
5528,train
5529,train
5530,train
5531,test
5532,test
5533,train
5534,test
5535,test
5536,train
5537,train
5538,train
5539,test
5540,train
5541,test
5542,train
5543,train
5544,train
5545,train
5546,train
5547,train
5548,train
5549,train
5550,train
5551,train
5552,train
5553,train
5554,train
5555,train
5556,train
5557,test
5558,train
5559,train
5560,test
5561,test
5562,train
5563,train
5564,train
5565,test
5566,train
5567,train
5568,train
5569,train
5570,train
5571,train
5572,test
5573,train
5574,train
5575,train
5576,test
5577,train
5578,test
5579,train
5580,train
5581,test
5582,train
5583,test
5584,test
5585,train
5586,test
5587,train
5588,test
5589,test
5590,train
5591,train
5592,test
5593,train
5594,train
5595,train
5596,train
5597,train
5598,test
5599,train
5600,train
5601,train
5602,test
5603,train
5604,train
5605,train
5606,test
5607,test
5608,train
5609,test
5610,train
5611,train
5612,train
5613,test
5614,train
5615,train
5616,test
5617,test
5618,train
5619,train
5620,train
5621,train
5622,test
5623,test
5624,train
5625,train
5626,train
5627,train
5628,train
5629,test
5630,test
5631,test
5632,train
5633,test
5634,test
5635,test
5636,test
5637,train
5638,train
5639,train
5640,test
5641,train
5642,train
5643,test
5644,train
5645,train
5646,train
5647,train
5648,train
5649,train
5650,train
5651,train
5652,train
5653,train
5654,train
5655,test
5656,train
5657,train
5658,test
5659,train
5660,test
5661,test
5662,test
5663,train
5664,train
5665,train
5666,train
5667,train
5668,test
5669,train
5670,train
5671,test
5672,train
5673,test
5674,train
5675,train
5676,test
5677,train
5678,train
5679,test
5680,train
5681,test
5682,test
5683,test
5684,train
5685,train
5686,train
5687,train
5688,train
5689,train
5690,test
5691,train
5692,train
5693,train
5694,train
5695,test
5696,train
5697,test
5698,test
5699,test
5700,train
5701,train
5702,test
5703,train
5704,test
5705,test
5706,train
5707,train
5708,train
5709,test
5710,train
5711,train
5712,test
5713,test
5714,train
5715,train
5716,train
5717,train
5718,test
5719,train
5720,train
5721,test
5722,test
5723,train
5724,test
5725,train
5726,test
5727,train
5728,test
5729,train
5730,train
5731,test
5732,test
5733,train
5734,test
5735,train
5736,train
5737,test
5738,test
5739,test
5740,test
5741,train
5742,test
5743,train
5744,test
5745,train
5746,train
5747,train
5748,train
5749,train
5750,train
5751,test
5752,test
5753,train
5754,train
5755,train
5756,train
5757,test
5758,test
5759,train
5760,train
5761,test
5762,train
5763,train
5764,test
5765,test
5766,test
5767,train
5768,train
5769,test
5770,test
5771,test
5772,test
5773,train
5774,train
5775,test
5776,train
5777,train
5778,train
5779,test
5780,train
5781,train
5782,train
5783,train
5784,test
5785,test
5786,train
5787,train
5788,test
5789,test
5790,train
5791,train
5792,train
5793,train
5794,train
5795,train
5796,test
5797,train
5798,train
5799,train
5800,test
5801,test
5802,test
5803,train
5804,test
5805,train
5806,train
5807,train
5808,train
5809,test
5810,train
5811,train
5812,train
5813,train
5814,test
5815,test
5816,test
5817,train
5818,train
5819,test
5820,train
5821,test
5822,train
5823,train
5824,train
5825,test
5826,test
5827,test
5828,train
5829,train
5830,test
5831,train
5832,test
5833,test
5834,test
5835,train
5836,train
5837,test
5838,train
5839,test
5840,train
5841,train
5842,train
5843,train
5844,test
5845,train
5846,train
5847,train
5848,test
5849,train
5850,train
5851,test
5852,test
5853,train
5854,train
5855,train
5856,train
5857,test
5858,train
5859,test
5860,test
5861,test
5862,train
5863,test
5864,train
5865,train
5866,test
5867,test
5868,train
5869,train
5870,test
5871,train
5872,train
5873,train
5874,train
5875,test
5876,train
5877,train
5878,test
5879,test
5880,train
5881,test
5882,train
5883,test
5884,test
5885,test
5886,train
5887,train
5888,train
5889,train
5890,test
5891,train
5892,train
5893,test
5894,train
5895,test
5896,train
5897,test
5898,train
5899,test
5900,train
5901,train
5902,test
5903,train
5904,train
5905,train
5906,train
5907,test
5908,train
5909,train
5910,train
5911,train
5912,train
5913,train
5914,test
5915,test
5916,train
5917,test
5918,test
5919,test
5920,train
5921,test
5922,test
5923,test
5924,train
5925,train
5926,train
5927,train
5928,train
5929,test
5930,train
5931,train
5932,train
5933,train
5934,test
5935,test
5936,train
5937,train
5938,train
5939,train
5940,train
5941,train
5942,test
5943,test
5944,test
5945,train
5946,test
5947,train
5948,train
5949,train
5950,train
5951,train
5952,train
5953,train
5954,test
5955,test
5956,train
5957,test
5958,test
5959,train
5960,test
5961,train
5962,train
5963,train
5964,train
5965,train
5966,train
5967,test
5968,train
5969,test
5970,test
5971,test
5972,test
5973,train
5974,test
5975,train
5976,train
5977,test
5978,train
5979,train
5980,train
5981,train
5982,test
5983,train
5984,train
5985,test
5986,train
5987,train
5988,train
5989,test
5990,test
5991,test
5992,test
5993,train
5994,train
5995,train
5996,train
5997,train
5998,train
5999,test
6000,train
6001,test
6002,train
6003,train
6004,test
6005,train
6006,train
6007,train
6008,train
6009,train
6010,train
6011,train
6012,train
6013,test
6014,train
6015,train
6016,train
6017,train
6018,test
6019,test
6020,train
6021,train
6022,train
6023,train
6024,train
6025,test
6026,train
6027,test
6028,train
6029,train
6030,train
6031,train
6032,train
6033,test
6034,train
6035,test
6036,train
6037,train
6038,train
6039,test
6040,train
6041,train
6042,train
6043,test
6044,train
6045,test
6046,test
6047,train
6048,train
6049,train
6050,train
6051,train
6052,test
6053,test
6054,test
6055,train
6056,train
6057,test
6058,train
6059,test
6060,train
6061,test
6062,test
6063,train
6064,train
6065,train
6066,train
6067,test
6068,train
6069,test
6070,train
6071,train
6072,train
6073,train
6074,test
6075,test
6076,test
6077,train
6078,test
6079,test
6080,test
6081,test
6082,train
6083,train
6084,test
6085,test
6086,test
6087,train
6088,train
6089,train
6090,test
6091,test
6092,train
6093,test
6094,train
6095,train
6096,train
6097,train
6098,test
6099,test
6100,train
6101,train
6102,test
6103,test
6104,test
6105,test
6106,train
6107,train
6108,test
6109,test
6110,test
6111,train
6112,test
6113,train
6114,test
6115,test
6116,train
6117,train
6118,train
6119,test
6120,train
6121,train
6122,train
6123,train
6124,train
6125,train
6126,train
6127,test
6128,train
6129,train
6130,train
6131,train
6132,test
6133,test
6134,train
6135,train
6136,train
6137,test
6138,train
6139,train
6140,test
6141,train
6142,train
6143,train
6144,train
6145,train
6146,train
6147,train
6148,train
6149,train
6150,train
6151,test
6152,test
6153,train
6154,train
6155,train
6156,train
6157,test
6158,train
6159,train
6160,train
6161,train
6162,test
6163,test
6164,train
6165,train
6166,train
6167,test
6168,test
6169,train
6170,train
6171,train
6172,test
6173,train
6174,train
6175,test
6176,train
6177,train
6178,test
6179,test
6180,train
6181,train
6182,train
6183,train
6184,train
6185,test
6186,test
6187,test
6188,test
6189,test
6190,train
6191,train
6192,train
6193,train
6194,test
6195,test
6196,train
6197,test
6198,test
6199,test
6200,test
6201,train
6202,test
6203,test
6204,train
6205,test
6206,train
6207,train
6208,test
6209,test
6210,test
6211,train
6212,train
6213,train
6214,test
6215,test
6216,train
6217,train
6218,train
6219,test
6220,train
6221,train
6222,train
6223,test
6224,train
6225,test
6226,train
6227,test
6228,train
6229,test
6230,train
6231,test
6232,test
6233,test
6234,train
6235,test
6236,test
6237,train
6238,train
6239,train
6240,train
6241,train
6242,test
6243,train
6244,test
6245,train
6246,train
6247,train
6248,train
6249,train
6250,train
6251,test
6252,train
6253,train
6254,test
6255,train
6256,train
6257,test
6258,test
6259,test
6260,test
6261,train
6262,test
6263,train
6264,train
6265,test
6266,train
6267,train
6268,train
6269,train
6270,test
6271,train
6272,train
6273,train
6274,test
6275,train
6276,train
6277,train
6278,test
6279,train
6280,train
6281,train
6282,train
6283,test
6284,train
6285,train
6286,test
6287,train
6288,test
6289,test
6290,test
6291,test
6292,test
6293,train
6294,train
6295,train
6296,train
6297,test
6298,train
6299,test
6300,train
6301,test
6302,test
6303,train
6304,train
6305,train
6306,train
6307,train
6308,test
6309,train
6310,test
6311,test
6312,test
6313,train
6314,train
6315,test
6316,train
6317,train
6318,train
6319,train
6320,test
6321,train
6322,train
6323,train
6324,test
6325,test
6326,train
6327,train
6328,test
6329,test
6330,train
6331,test
6332,test
6333,test
6334,train
6335,train
6336,test
6337,train
6338,test
6339,test
6340,train
6341,test
6342,train
6343,test
6344,train
6345,train
6346,train
6347,train
6348,test
6349,train
6350,train
6351,test
6352,test
6353,test
6354,train
6355,test
6356,train
6357,test
6358,train
6359,test
6360,train
6361,test
6362,train
6363,train
6364,test
6365,train
6366,test
6367,test
6368,train
6369,train
6370,test
6371,train
6372,train
6373,test
6374,train
6375,train
6376,train
6377,train
6378,test
6379,train
6380,train
6381,train
6382,test
6383,train
6384,test
6385,train
6386,train
6387,train
6388,train
6389,train
6390,train
6391,test
6392,train
6393,train
6394,test
6395,train
6396,train
6397,test
6398,train
6399,train
6400,train
6401,test
6402,test
6403,train
6404,train
6405,train
6406,train
6407,train
6408,train
6409,test
6410,test
6411,train
6412,train
6413,test
6414,train
6415,test
6416,test
6417,test
6418,train
6419,test
6420,train
6421,train
6422,test
6423,train
6424,test
6425,test
6426,test
6427,train
6428,train
6429,train
6430,train
6431,train
6432,train
6433,train
6434,train
6435,test
6436,train
6437,test
6438,test
6439,train
6440,train
6441,train
6442,train
6443,train
6444,train
6445,test
6446,test
6447,train
6448,test
6449,train
6450,train
6451,train
6452,train
6453,train
6454,train
6455,test
6456,test
6457,test
6458,test
6459,train
6460,test
6461,train
6462,test
6463,train
6464,train
6465,train
6466,test
6467,test
6468,train
6469,test
6470,train
6471,test
6472,train
6473,train
6474,train
6475,train
6476,train
6477,train
6478,test
6479,train
6480,train
6481,test
6482,train
6483,test
6484,train
6485,train
6486,train
6487,train
6488,train
6489,train
6490,train
6491,test
6492,train
6493,test
6494,test
6495,test
6496,train
6497,test
6498,train
6499,train
6500,test
6501,test
6502,train
6503,train
6504,train
6505,train
6506,test
6507,test
6508,train
6509,train
6510,train
6511,train
6512,train
6513,train
6514,test
6515,test
6516,test
6517,test
6518,test
6519,train
6520,train
6521,train
6522,test
6523,train
6524,train
6525,train
6526,train
6527,train
6528,train
6529,test
6530,train
6531,test
6532,train
6533,train
6534,train
6535,train
6536,train
6537,test
6538,test
6539,train
6540,test
6541,train
6542,train
6543,train
6544,test
6545,train
6546,train
6547,test
6548,train
6549,train
6550,train
6551,test
6552,train
6553,train
6554,test
6555,test
6556,train
6557,train
6558,train
6559,train
6560,test
6561,test
6562,test
6563,train
6564,test
6565,test
6566,train
6567,train
6568,test
6569,test
6570,train
6571,test
6572,train
6573,train
6574,test
6575,train
6576,train
6577,train
6578,test
6579,train
6580,test
6581,train
6582,train
6583,train
6584,test
6585,train
6586,train
6587,test
6588,train
6589,test
6590,test
6591,train
6592,test
6593,test
6594,train
6595,train
6596,test
6597,train
6598,train
6599,test
6600,train
6601,test
6602,train
6603,test
6604,train
6605,train
6606,test
6607,train
6608,train
6609,test
6610,train
6611,test
6612,train
6613,test
6614,test
6615,test
6616,test
6617,train
6618,test
6619,test
6620,test
6621,test
6622,test
6623,test
6624,train
6625,test
6626,train
6627,train
6628,test
6629,test
6630,test
6631,test
6632,train
6633,train
6634,test
6635,test
6636,train
6637,train
6638,test
6639,test
6640,test
6641,test
6642,test
6643,train
6644,train
6645,train
6646,train
6647,train
6648,train
6649,train
6650,test
6651,train
6652,test
6653,test
6654,train
6655,test
6656,test
6657,train
6658,train
6659,test
6660,train
6661,test
6662,train
6663,train
6664,test
6665,train
6666,train
6667,test
6668,test
6669,train
6670,train
6671,test
6672,train
6673,train
6674,test
6675,train
6676,test
6677,train
6678,train
6679,train
6680,test
6681,train
6682,train
6683,test
6684,test
6685,train
6686,test
6687,test
6688,test
6689,train
6690,train
6691,train
6692,train
6693,train
6694,train
6695,train
6696,train
6697,test
6698,test
6699,test
6700,train
6701,test
6702,test
6703,train
6704,train
6705,test
6706,train
6707,train
6708,test
6709,train
6710,train
6711,train
6712,train
6713,train
6714,test
6715,train
6716,test
6717,test
6718,train
6719,train
6720,test
6721,train
6722,test
6723,test
6724,train
6725,test
6726,train
6727,test
6728,test
6729,train
6730,train
6731,test
6732,train
6733,test
6734,train
6735,train
6736,train
6737,train
6738,train
6739,train
6740,train
6741,train
6742,test
6743,test
6744,train
6745,train
6746,test
6747,train
6748,test
6749,train
6750,test
6751,train
6752,test
6753,train
6754,train
6755,train
6756,train
6757,test
6758,train
6759,test
6760,train
6761,test
6762,train
6763,test
6764,train
6765,train
6766,train
6767,test
6768,test
6769,train
6770,train
6771,train
6772,train
6773,train
6774,train
6775,train
6776,train
6777,test
6778,test
6779,test
6780,train
6781,test
6782,train
6783,test
6784,train
6785,train
6786,test
6787,train
6788,test
6789,train
6790,train
6791,train
6792,test
6793,test
6794,train
6795,train
6796,test
6797,train
6798,train
6799,train
6800,train
6801,test
6802,train
6803,test
6804,test
6805,train
6806,train
6807,train
6808,train
6809,train
6810,test
6811,train
6812,train
6813,train
6814,test
6815,train
6816,test
6817,test
6818,test
6819,train
6820,test
6821,train
6822,train
6823,train
6824,test
6825,train
6826,test
6827,train
6828,train
6829,train
6830,train
6831,test
6832,train
6833,train
6834,train
6835,test
6836,train
6837,test
6838,train
6839,train
6840,test
6841,test
6842,train
6843,train
6844,train
6845,train
6846,train
6847,train
6848,train
6849,test
6850,train
6851,train
6852,test
6853,test
6854,train
6855,test
6856,train
6857,test
6858,test
6859,train
6860,test
6861,train
6862,test
6863,train
6864,train
6865,train
6866,train
6867,train
6868,test
6869,train
6870,train
6871,train
6872,test
6873,test
6874,test
6875,test
6876,test
6877,test
6878,train
6879,test
6880,train
6881,train
6882,test
6883,test
6884,test
6885,test
6886,train
6887,train
6888,train
6889,test
6890,test
6891,test
6892,test
6893,test
6894,train
6895,test
6896,train
6897,test
6898,test
6899,train
6900,train
6901,train
6902,train
6903,train
6904,train
6905,train
6906,test
6907,test
6908,train
6909,train
6910,test
6911,train
6912,test
6913,train
6914,test
6915,test
6916,train
6917,train
6918,train
6919,test
6920,train
6921,test
6922,train
6923,test
6924,train
6925,train
6926,train
6927,test
6928,train
6929,train
6930,test
6931,train
6932,train
6933,train
6934,train
6935,train
6936,train
6937,test
6938,train
6939,train
6940,test
6941,train
6942,train
6943,train
6944,test
6945,train
6946,train
6947,train
6948,train
6949,test
6950,train
6951,test
6952,train
6953,test
6954,train
6955,test
6956,train
6957,train
6958,train
6959,test
6960,test
6961,train
6962,test
6963,test
6964,train
6965,test
6966,train
6967,test
6968,train
6969,test
6970,test
6971,train
6972,test
6973,train
6974,train
6975,train
6976,train
6977,train
6978,test
6979,test
6980,train
6981,train
6982,train
6983,train
6984,test
6985,train
6986,train
6987,train
6988,test
6989,test
6990,train
6991,test
6992,train
6993,test
6994,train
6995,test
6996,test
6997,test
6998,test
6999,train
7000,train
7001,train
7002,test
7003,train
7004,train
7005,test
7006,train
7007,test
7008,test
7009,test
7010,test
7011,train
7012,train
7013,train
7014,test
7015,train
7016,test
7017,test
7018,test
7019,train
7020,test
7021,train
7022,test
7023,test
7024,test
7025,train
7026,train
7027,train
7028,test
7029,train
7030,test
7031,test
7032,test
7033,test
7034,train
7035,test
7036,train
7037,train
7038,train
7039,test
7040,train
7041,test
7042,train
7043,train
7044,train
7045,train
7046,train
7047,train
7048,test
7049,train
7050,train
7051,test
7052,train
7053,train
7054,test
7055,train
7056,train
7057,train
7058,train
7059,test
7060,train
7061,test
7062,train
7063,train
7064,train
7065,train
7066,test
7067,train
7068,train
7069,train
7070,test
7071,test
7072,train
7073,test
7074,train
7075,train
7076,train
7077,train
7078,train
7079,test
7080,test
7081,train
7082,test
7083,train
7084,train
7085,train
7086,train
7087,train
7088,train
7089,test
7090,train
7091,test
7092,test
7093,train
7094,train
7095,train
7096,test
7097,test
7098,test
7099,test
7100,train
7101,test
7102,test
7103,train
7104,train
7105,train
7106,train
7107,train
7108,train
7109,train
7110,test
7111,test
7112,train
7113,train
7114,test
7115,test
7116,test
7117,test
7118,train
7119,train
7120,train
7121,train
7122,train
7123,train
7124,train
7125,train
7126,test
7127,test
7128,test
7129,train
7130,test
7131,test
7132,train
7133,train
7134,test
7135,train
7136,test
7137,train
7138,train
7139,train
7140,test
7141,test
7142,train
7143,train
7144,test
7145,test
7146,test
7147,test
7148,test
7149,train
7150,train
7151,test
7152,test
7153,train
7154,test
7155,test
7156,test
7157,train
7158,train
7159,test
7160,train
7161,test
7162,train
7163,train
7164,test
7165,train
7166,train
7167,test
7168,test
7169,test
7170,train
7171,train
7172,test
7173,train
7174,test
7175,test
7176,train
7177,test
7178,train
7179,train
7180,test
7181,test
7182,test
7183,train
7184,train
7185,train
7186,train
7187,train
7188,test
7189,train
7190,train
7191,train
7192,train
7193,train
7194,train
7195,test
7196,test
7197,train
7198,train
7199,train
7200,train
7201,test
7202,train
7203,train
7204,test
7205,test
7206,train
7207,test
7208,train
7209,train
7210,train
7211,train
7212,train
7213,train
7214,train
7215,train
7216,train
7217,train
7218,train
7219,train
7220,train
7221,test
7222,train
7223,test
7224,train
7225,test
7226,train
7227,train
7228,test
7229,train
7230,train
7231,train
7232,train
7233,train
7234,train
7235,test
7236,train
7237,train
7238,train
7239,train
7240,train
7241,test
7242,train
7243,train
7244,train
7245,test
7246,train
7247,train
7248,train
7249,test
7250,train
7251,train
7252,train
7253,test
7254,test
7255,test
7256,train
7257,test
7258,train
7259,train
7260,test
7261,train
7262,train
7263,test
7264,test
7265,test
7266,test
7267,test
7268,test
7269,train
7270,train
7271,test
7272,train
7273,train
7274,train
7275,train
7276,train
7277,test
7278,test
7279,train
7280,test
7281,train
7282,train
7283,test
7284,test
7285,train
7286,train
7287,train
7288,train
7289,test
7290,test
7291,test
7292,train
7293,test
7294,test
7295,train
7296,train
7297,test
7298,train
7299,train
7300,train
7301,test
7302,test
7303,train
7304,test
7305,train
7306,train
7307,train
7308,train
7309,test
7310,test
7311,test
7312,train
7313,test
7314,test
7315,train
7316,test
7317,test
7318,test
7319,test
7320,train
7321,train
7322,train
7323,test
7324,test
7325,train
7326,test
7327,train
7328,train
7329,train
7330,train
7331,test
7332,test
7333,train
7334,train
7335,train
7336,test
7337,test
7338,test
7339,train
7340,test
7341,test
7342,test
7343,train
7344,train
7345,train
7346,test
7347,train
7348,test
7349,train
7350,train
7351,test
7352,test
7353,test
7354,train
7355,train
7356,test
7357,test
7358,test
7359,train
7360,train
7361,train
7362,train
7363,test
7364,train
7365,test
7366,train
7367,train
7368,train
7369,train
7370,train
7371,train
7372,test
7373,test
7374,train
7375,train
7376,test
7377,test
7378,train
7379,test
7380,test
7381,test
7382,test
7383,test
7384,test
7385,train
7386,test
7387,train
7388,test
7389,test
7390,train
7391,train
7392,test
7393,test
7394,train
7395,train
7396,train
7397,train
7398,test
7399,train
7400,test
7401,test
7402,train
7403,train
7404,train
7405,test
7406,test
7407,train
7408,test
7409,test
7410,train
7411,train
7412,train
7413,test
7414,train
7415,test
7416,train
7417,train
7418,test
7419,train
7420,train
7421,test
7422,train
7423,test
7424,test
7425,test
7426,test
7427,train
7428,train
7429,train
7430,train
7431,train
7432,test
7433,train
7434,train
7435,train
7436,test
7437,test
7438,train
7439,test
7440,train
7441,train
7442,test
7443,train
7444,train
7445,test
7446,test
7447,test
7448,train
7449,test
7450,train
7451,test
7452,train
7453,train
7454,train
7455,test
7456,train
7457,train
7458,train
7459,test
7460,train
7461,train
7462,train
7463,test
7464,test
7465,train
7466,train
7467,train
7468,test
7469,train
7470,test
7471,test
7472,train
7473,train
7474,train
7475,train
7476,train
7477,train
7478,train
7479,test
7480,test
7481,train
7482,test
7483,test
7484,train
7485,train
7486,train
7487,train
7488,test
7489,test
7490,train
7491,test
7492,train
7493,train
7494,test
7495,train
7496,test
7497,test
7498,test
7499,test
7500,test
7501,test
7502,train
7503,test
7504,train
7505,test
7506,test
7507,test
7508,test
7509,train
7510,train
7511,train
7512,train
7513,train
7514,train
7515,train
7516,train
7517,test
7518,train
7519,test
7520,test
7521,train
7522,test
7523,test
7524,test
7525,train
7526,test
7527,test
7528,train
7529,test
7530,test
7531,train
7532,train
7533,test
7534,test
7535,train
7536,test
7537,train
7538,train
7539,test
7540,test
7541,test
7542,train
7543,train
7544,train
7545,train
7546,test
7547,test
7548,train
7549,train
7550,test
7551,train
7552,test
7553,train
7554,test
7555,train
7556,test
7557,test
7558,train
7559,train
7560,train
7561,test
7562,train
7563,train
7564,test
7565,train
7566,test
7567,train
7568,test
7569,train
7570,train
7571,test
7572,train
7573,test
7574,train
7575,train
7576,train
7577,test
7578,train
7579,test
7580,train
7581,test
7582,train
7583,train
7584,train
7585,train
7586,train
7587,train
7588,train
7589,test
7590,train
7591,train
7592,test
7593,test
7594,test
7595,train
7596,train
7597,train
7598,train
7599,test
7600,test
7601,test
7602,train
7603,test
7604,train
7605,test
7606,train
7607,train
7608,test
7609,train
7610,train
7611,train
7612,train
7613,train
7614,test
7615,train
7616,train
7617,train
7618,train
7619,train
7620,test
7621,train
7622,test
7623,train
7624,test
7625,train
7626,train
7627,test
7628,train
7629,test
7630,test
7631,test
7632,train
7633,train
7634,train
7635,test
7636,test
7637,train
7638,train
7639,train
7640,train
7641,train
7642,test
7643,train
7644,test
7645,test
7646,train
7647,train
7648,train
7649,train
7650,train
7651,train
7652,train
7653,train
7654,test
7655,test
7656,train
7657,test
7658,train
7659,test
7660,train
7661,train
7662,train
7663,test
7664,test
7665,train
7666,train
7667,test
7668,test
7669,train
7670,train
7671,test
7672,train
7673,train
7674,test
7675,train
7676,train
7677,train
7678,test
7679,test
7680,train
7681,test
7682,train
7683,train
7684,train
7685,test
7686,train
7687,train
7688,test
7689,train
7690,test
7691,train
7692,test
7693,train
7694,test
7695,test
7696,train
7697,train
7698,train
7699,test
7700,train
7701,train
7702,train
7703,train
7704,train
7705,train
7706,test
7707,test
7708,train
7709,test
7710,test
7711,test
7712,train
7713,train
7714,test
7715,train
7716,train
7717,train
7718,train
7719,train
7720,train
7721,train
7722,test
7723,test
7724,test
7725,train
7726,test
7727,test
7728,train
7729,train
7730,test
7731,test
7732,train
7733,test
7734,train
7735,train
7736,test
7737,train
7738,train
7739,train
7740,train
7741,test
7742,test
7743,train
7744,train
7745,train
7746,train
7747,train
7748,test
7749,test
7750,train
7751,test
7752,train
7753,train
7754,test
7755,test
7756,train
7757,train
7758,test
7759,train
7760,train
7761,train
7762,train
7763,train
7764,train
7765,train
7766,train
7767,test
7768,test
7769,train
7770,test
7771,train
7772,test
7773,test
7774,train
7775,train
7776,test
7777,train
7778,train
7779,test
7780,test
7781,train
7782,train
7783,test
7784,test
7785,test
7786,test
7787,train
7788,test
7789,train
7790,test
7791,test
7792,train
7793,test
7794,test
7795,train
7796,test
7797,test
7798,test
7799,train
7800,train
7801,test
7802,train
7803,test
7804,test
7805,test
7806,train
7807,train
7808,train
7809,test
7810,test
7811,train
7812,test
7813,test
7814,test
7815,train
7816,train
7817,test
7818,train
7819,test
7820,test
7821,train
7822,test
7823,train
7824,test
7825,train
7826,test
7827,test
7828,test
7829,train
7830,train
7831,train
7832,train
7833,train
7834,train
7835,test
7836,test
7837,train
7838,train
7839,train
7840,test
7841,train
7842,test
7843,test
7844,test
7845,test
7846,train
7847,test
7848,train
7849,train
7850,test
7851,train
7852,train
7853,test
7854,train
7855,train
7856,train
7857,train
7858,train
7859,train
7860,test
7861,test
7862,test
7863,test
7864,test
7865,train
7866,train
7867,train
7868,train
7869,train
7870,train
7871,test
7872,train
7873,train
7874,test
7875,train
7876,test
7877,train
7878,test
7879,train
7880,train
7881,test
7882,test
7883,train
7884,train
7885,train
7886,train
7887,test
7888,train
7889,test
7890,train
7891,test
7892,train
7893,train
7894,test
7895,train
7896,train
7897,test
7898,test
7899,test
7900,test
7901,train
7902,test
7903,train
7904,train
7905,test
7906,train
7907,train
7908,train
7909,train
7910,train
7911,test
7912,train
7913,train
7914,test
7915,train
7916,train
7917,train
7918,test
7919,train
7920,test
7921,train
7922,test
7923,train
7924,test
7925,train
7926,train
7927,train
7928,test
7929,train
7930,train
7931,train
7932,test
7933,train
7934,train
7935,train
7936,test
7937,train
7938,train
7939,test
7940,train
7941,test
7942,train
7943,train
7944,train
7945,train
7946,train
7947,test
7948,train
7949,train
7950,test
7951,test
7952,train
7953,test
7954,train
7955,train
7956,test
7957,train
7958,test
7959,train
7960,train
7961,train
7962,test
7963,train
7964,test
7965,test
7966,test
7967,test
7968,train
7969,test
7970,test
7971,test
7972,train
7973,train
7974,train
7975,test
7976,train
7977,train
7978,train
7979,train
7980,train
7981,test
7982,test
7983,train
7984,train
7985,train
7986,test
7987,test
7988,test
7989,test
7990,train
7991,train
7992,train
7993,train
7994,test
7995,train
7996,test
7997,train
7998,train
7999,test
8000,test
8001,test
8002,test
8003,train
8004,train
8005,train
8006,train
8007,test
8008,train
8009,train
8010,train
8011,train
8012,train
8013,train
8014,train
8015,test
8016,train
8017,train
8018,test
8019,train
8020,train
8021,train
8022,test
8023,train
8024,train
8025,train
8026,train
8027,train
8028,test
8029,train
8030,test
8031,train
8032,test
8033,train
8034,test
8035,test
8036,train
8037,test
8038,test
8039,test
8040,test
8041,test
8042,test
8043,train
8044,test
8045,test
8046,test
8047,train
8048,test
8049,train
8050,train
8051,train
8052,train
8053,train
8054,train
8055,train
8056,train
8057,test
8058,train
8059,test
8060,train
8061,test
8062,train
8063,test
8064,test
8065,train
8066,test
8067,test
8068,train
8069,train
8070,test
8071,train
8072,test
8073,test
8074,train
8075,train
8076,train
8077,train
8078,train
8079,train
8080,train
8081,train
8082,train
8083,test
8084,test
8085,train
8086,train
8087,train
8088,train
8089,test
8090,test
8091,train
8092,train
8093,train
8094,train
8095,test
8096,train
8097,train
8098,train
8099,test
8100,test
8101,train
8102,train
8103,test
8104,test
8105,train
8106,train
8107,train
8108,test
8109,test
8110,test
8111,test
8112,train
8113,train
8114,train
8115,train
8116,train
8117,train
8118,train
8119,test
8120,test
8121,train
8122,train
8123,train
8124,test
8125,train
8126,train
8127,test
8128,train
8129,test
8130,test
8131,test
8132,test
8133,train
8134,train
8135,test
8136,test
8137,train
8138,test
8139,test
8140,test
8141,test
8142,test
8143,train
8144,train
8145,train
8146,test
8147,test
8148,train
8149,test
8150,train
8151,test
8152,test
8153,test
8154,train
8155,train
8156,test
8157,train
8158,test
8159,test
8160,train
8161,train
8162,test
8163,test
8164,train
8165,test
8166,train
8167,train
8168,test
8169,train
8170,train
8171,test
8172,train
8173,train
8174,train
8175,train
8176,train
8177,train
8178,test
8179,train
8180,train
8181,train
8182,test
8183,train
8184,train
8185,test
8186,train
8187,test
8188,test
8189,train
8190,test
8191,train
8192,train
8193,test
8194,train
8195,test
8196,test
8197,train
8198,train
8199,test
8200,test
8201,train
8202,train
8203,test
8204,test
8205,train
8206,train
8207,train
8208,train
8209,test
8210,test
8211,train
8212,test
8213,train
8214,train
8215,train
8216,train
8217,test
8218,train
8219,train
8220,test
8221,test
8222,test
8223,test
8224,train
8225,test
8226,test
8227,test
8228,train
8229,train
8230,train
8231,test
8232,train
8233,train
8234,test
8235,train
8236,train
8237,train
8238,test
8239,test
8240,train
8241,train
8242,train
8243,train
8244,train
8245,train
8246,test
8247,train
8248,train
8249,test
8250,train
8251,test
8252,test
8253,train
8254,test
8255,test
8256,train
8257,train
8258,train
8259,train
8260,train
8261,train
8262,train
8263,train
8264,test
8265,train
8266,test
8267,train
8268,train
8269,test
8270,train
8271,test
8272,test
8273,train
8274,train
8275,train
8276,train
8277,train
8278,train
8279,train
8280,train
8281,test
8282,test
8283,train
8284,test
8285,train
8286,test
8287,test
8288,test
8289,train
8290,train
8291,test
8292,train
8293,train
8294,test
8295,train
8296,train
8297,train
8298,train
8299,train
8300,train
8301,train
8302,train
8303,test
8304,train
8305,test
8306,train
8307,train
8308,train
8309,train
8310,train
8311,test
8312,train
8313,test
8314,test
8315,train
8316,test
8317,test
8318,train
8319,train
8320,test
8321,test
8322,train
8323,train
8324,test
8325,train
8326,test
8327,train
8328,test
8329,test
8330,test
8331,test
8332,train
8333,test
8334,train
8335,train
8336,test
8337,test
8338,test
8339,train
8340,train
8341,test
8342,train
8343,train
8344,test
8345,test
8346,train
8347,test
8348,train
8349,train
8350,train
8351,train
8352,train
8353,train
8354,train
8355,train
8356,train
8357,train
8358,train
8359,train
8360,train
8361,train
8362,test
8363,train
8364,train
8365,test
8366,train
8367,test
8368,test
8369,test
8370,train
8371,train
8372,test
8373,train
8374,train
8375,train
8376,train
8377,train
8378,test
8379,test
8380,train
8381,train
8382,test
8383,train
8384,test
8385,train
8386,train
8387,test
8388,train
8389,train
8390,train
8391,train
8392,test
8393,train
8394,train
8395,test
8396,test
8397,train
8398,train
8399,test
8400,train
8401,train
8402,test
8403,test
8404,train
8405,train
8406,train
8407,train
8408,train
8409,test
8410,train
8411,test
8412,train
8413,train
8414,test
8415,train
8416,test
8417,test
8418,train
8419,test
8420,train
8421,train
8422,test
8423,test
8424,test
8425,train
8426,test
8427,test
8428,test
8429,test
8430,train
8431,test
8432,test
8433,train
8434,test
8435,train
8436,test
8437,test
8438,train
8439,train
8440,test
8441,train
8442,train
8443,train
8444,train
8445,train
8446,train
8447,test
8448,train
8449,train
8450,train
8451,train
8452,test
8453,train
8454,train
8455,test
8456,test
8457,train
8458,train
8459,test
8460,test
8461,test
8462,train
8463,test
8464,train
8465,train
8466,train
8467,test
8468,test
8469,test
8470,test
8471,test
8472,test
8473,train
8474,test
8475,test
8476,train
8477,train
8478,train
8479,test
8480,test
8481,train
8482,train
8483,train
8484,test
8485,train
8486,train
8487,test
8488,test
8489,train
8490,test
8491,train
8492,train
8493,train
8494,test
8495,train
8496,test
8497,train
8498,test
8499,train
8500,test
8501,train
8502,train
8503,test
8504,train
8505,test
8506,test
8507,train
8508,train
8509,train
8510,test
8511,train
8512,train
8513,train
8514,test
8515,test
8516,train
8517,train
8518,train
8519,train
8520,test
8521,train
8522,test
8523,train
8524,train
8525,train
8526,train
8527,train
8528,train
8529,train
8530,test
8531,train
8532,test
8533,train
8534,test
8535,train
8536,test
8537,train
8538,test
8539,test
8540,test
8541,train
8542,test
8543,train
8544,test
8545,test
8546,train
8547,test
8548,train
8549,test
8550,test
8551,train
8552,train
8553,train
8554,test
8555,train
8556,test
8557,train
8558,train
8559,test
8560,train
8561,train
8562,train
8563,test
8564,test
8565,train
8566,train
8567,train
8568,train
8569,test
8570,test
8571,test
8572,test
8573,train
8574,train
8575,test
8576,train
8577,train
8578,train
8579,test
8580,train
8581,train
8582,train
8583,train
8584,test
8585,test
8586,test
8587,test
8588,train
8589,test
8590,test
8591,test
8592,test
8593,train
8594,test
8595,train
8596,train
8597,test
8598,train
8599,test
8600,test
8601,train
8602,train
8603,train
8604,train
8605,train
8606,test
8607,test
8608,test
8609,train
8610,test
8611,test
8612,train
8613,train
8614,train
8615,train
8616,train
8617,train
8618,test
8619,train
8620,train
8621,train
8622,test
8623,train
8624,test
8625,test
8626,test
8627,train
8628,train
8629,test
8630,test
8631,test
8632,test
8633,train
8634,test
8635,train
8636,test
8637,train
8638,test
8639,test
8640,train
8641,train
8642,test
8643,train
8644,test
8645,train
8646,train
8647,train
8648,test
8649,train
8650,test
8651,test
8652,train
8653,test
8654,train
8655,train
8656,train
8657,train
8658,test
8659,train
8660,train
8661,train
8662,test
8663,train
8664,test
8665,train
8666,test
8667,test
8668,test
8669,train
8670,test
8671,train
8672,train
8673,train
8674,test
8675,test
8676,test
8677,test
8678,train
8679,train
8680,train
8681,test
8682,train
8683,test
8684,train
8685,train
8686,train
8687,train
8688,train
8689,test
8690,test
8691,test
8692,test
8693,train
8694,train
8695,train
8696,test
8697,train
8698,train
8699,train
8700,train
8701,train
8702,train
8703,train
8704,train
8705,test
8706,test
8707,train
8708,test
8709,test
8710,train
8711,test
8712,test
8713,train
8714,test
8715,train
8716,train
8717,test
8718,test
8719,train
8720,test
8721,test
8722,train
8723,test
8724,train
8725,test
8726,train
8727,test
8728,train
8729,train
8730,test
8731,train
8732,train
8733,train
8734,train
8735,train
8736,train
8737,test
8738,train
8739,test
8740,train
8741,train
8742,train
8743,test
8744,train
8745,train
8746,test
8747,train
8748,test
8749,test
8750,test
8751,test
8752,test
8753,train
8754,train
8755,test
8756,train
8757,train
8758,train
8759,test
8760,train
8761,train
8762,test
8763,train
8764,train
8765,train
8766,test
8767,train
8768,test
8769,train
8770,train
8771,train
8772,train
8773,train
8774,train
8775,test
8776,test
8777,test
8778,test
8779,train
8780,test
8781,train
8782,train
8783,test
8784,train
8785,train
8786,train
8787,train
8788,test
8789,train
8790,train
8791,train
8792,test
8793,train
8794,test
8795,test
8796,test
8797,train
8798,train
8799,train
8800,test
8801,train
8802,train
8803,train
8804,test
8805,test
8806,test
8807,train
8808,train
8809,test
8810,test
8811,test
8812,train
8813,train
8814,train
8815,test
8816,test
8817,test
8818,train
8819,train
8820,test
8821,train
8822,train
8823,test
8824,train
8825,test
8826,train
8827,train
8828,train
8829,train
8830,train
8831,test
8832,train
8833,test
8834,test
8835,test
8836,train
8837,train
8838,train
8839,test
8840,train
8841,train
8842,train
8843,train
8844,train
8845,train
8846,train
8847,test
8848,test
8849,train
8850,train
8851,train
8852,test
8853,train
8854,train
8855,train
8856,test
8857,test
8858,train
8859,test
8860,train
8861,train
8862,train
8863,train
8864,test
8865,test
8866,train
8867,test
8868,train
8869,test
8870,test
8871,train
8872,train
8873,train
8874,train
8875,test
8876,test
8877,train
8878,train
8879,train
8880,test
8881,test
8882,train
8883,train
8884,train
8885,test
8886,test
8887,test
8888,train
8889,test
8890,train
8891,test
8892,train
8893,test
8894,test
8895,train
8896,train
8897,test
8898,test
8899,train
8900,test
8901,train
8902,train
8903,test
8904,train
8905,train
8906,train
8907,train
8908,train
8909,train
8910,train
8911,train
8912,train
8913,test
8914,train
8915,train
8916,train
8917,train
8918,test
8919,train
8920,test
8921,test
8922,train
8923,test
8924,train
8925,test
8926,test
8927,train
8928,train
8929,test
8930,train
8931,test
8932,test
8933,train
8934,test
8935,test
8936,train
8937,test
8938,train
8939,train
8940,train
8941,train
8942,train
8943,test
8944,train
8945,test
8946,train
8947,train
8948,test
8949,train
8950,train
8951,train
8952,train
8953,test
8954,test
8955,train
8956,train
8957,train
8958,test
8959,test
8960,train
8961,train
8962,train
8963,test
8964,train
8965,train
8966,train
8967,test
8968,train
8969,test
8970,train
8971,train
8972,test
8973,train
8974,test
8975,train
8976,test
8977,test
8978,train
8979,test
8980,test
8981,train
8982,train
8983,test
8984,train
8985,test
8986,train
8987,test
8988,train
8989,train
8990,test
8991,train
8992,train
8993,train
8994,train
8995,train
8996,train
8997,train
8998,test
8999,train
9000,test
9001,test
9002,test
9003,train
9004,train
9005,test
9006,test
9007,test
9008,test
9009,train
9010,train
9011,train
9012,train
9013,test
9014,test
9015,train
9016,train
9017,train
9018,test
9019,train
9020,train
9021,test
9022,test
9023,train
9024,train
9025,test
9026,test
9027,test
9028,train
9029,train
9030,train
9031,test
9032,train
9033,train
9034,train
9035,train
9036,train
9037,test
9038,train
9039,train
9040,train
9041,train
9042,train
9043,train
9044,test
9045,train
9046,train
9047,train
9048,train
9049,test
9050,test
9051,test
9052,test
9053,train
9054,test
9055,train
9056,test
9057,train
9058,train
9059,train
9060,train
9061,train
9062,train
9063,train
9064,test
9065,train
9066,test
9067,test
9068,test
9069,test
9070,train
9071,test
9072,test
9073,test
9074,test
9075,test
9076,train
9077,train
9078,test
9079,train
9080,train
9081,train
9082,train
9083,train
9084,test
9085,train
9086,train
9087,train
9088,test
9089,train
9090,train
9091,train
9092,test
9093,train
9094,train
9095,test
9096,train
9097,test
9098,train
9099,train
9100,train
9101,test
9102,test
9103,train
9104,train
9105,train
9106,train
9107,train
9108,train
9109,train
9110,test
9111,test
9112,train
9113,test
9114,test
9115,train
9116,test
9117,train
9118,train
9119,test
9120,test
9121,train
9122,train
9123,train
9124,train
9125,train
9126,train
9127,train
9128,train
9129,train
9130,train
9131,train
9132,test
9133,train
9134,train
9135,test
9136,train
9137,train
9138,train
9139,test
9140,test
9141,train
9142,test
9143,train
9144,train
9145,train
9146,test
9147,test
9148,train
9149,train
9150,train
9151,test
9152,train
9153,train
9154,train
9155,train
9156,train
9157,train
9158,test
9159,test
9160,test
9161,test
9162,train
9163,train
9164,train
9165,train
9166,test
9167,train
9168,train
9169,test
9170,train
9171,test
9172,test
9173,train
9174,train
9175,test
9176,test
9177,train
9178,test
9179,test
9180,train
9181,train
9182,train
9183,train
9184,train
9185,test
9186,test
9187,test
9188,train
9189,test
9190,test
9191,test
9192,train
9193,test
9194,test
9195,train
9196,train
9197,train
9198,train
9199,test
9200,test
9201,train
9202,test
9203,train
9204,train
9205,train
9206,train
9207,train
9208,train
9209,train
9210,train
9211,train
9212,test
9213,train
9214,test
9215,test
9216,test
9217,test
9218,train
9219,test
9220,test
9221,train
9222,test
9223,test
9224,test
9225,test
9226,test
9227,train
9228,train
9229,train
9230,train
9231,test
9232,train
9233,train
9234,train
9235,test
9236,train
9237,train
9238,test
9239,train
9240,train
9241,train
9242,train
9243,train
9244,test
9245,train
9246,train
9247,train
9248,test
9249,test
9250,train
9251,train
9252,test
9253,train
9254,test
9255,train
9256,train
9257,test
9258,train
9259,train
9260,train
9261,test
9262,test
9263,train
9264,test
9265,test
9266,test
9267,train
9268,train
9269,train
9270,train
9271,test
9272,test
9273,train
9274,train
9275,train
9276,train
9277,train
9278,test
9279,test
9280,test
9281,test
9282,train
9283,test
9284,train
9285,train
9286,train
9287,test
9288,train
9289,train
9290,train
9291,train
9292,test
9293,test
9294,test
9295,train
9296,train
9297,train
9298,train
9299,test
9300,test
9301,test
9302,train
9303,test
9304,test
9305,test
9306,train
9307,train
9308,test
9309,test
9310,train
9311,test
9312,test
9313,train
9314,train
9315,train
9316,train
9317,train
9318,test
9319,test
9320,train
9321,test
9322,train
9323,test
9324,train
9325,test
9326,train
9327,train
9328,test
9329,test
9330,test
9331,train
9332,test
9333,test
9334,train
9335,train
9336,train
9337,train
9338,test
9339,train
9340,train
9341,train
9342,train
9343,train
9344,train
9345,test
9346,test
9347,test
9348,train
9349,test
9350,train
9351,train
9352,train
9353,test
9354,test
9355,train
9356,train
9357,test
9358,train
9359,train
9360,train
9361,test
9362,test
9363,train
9364,train
9365,train
9366,test
9367,train
9368,train
9369,train
9370,test
9371,train
9372,test
9373,train
9374,test
9375,train
9376,test
9377,test
9378,train
9379,train
9380,test
9381,test
9382,train
9383,test
9384,test
9385,test
9386,test
9387,train
9388,test
9389,train
9390,test
9391,test
9392,train
9393,test
9394,train
9395,train
9396,train
9397,train
9398,test
9399,train
9400,train
9401,train
9402,train
9403,train
9404,test
9405,test
9406,train
9407,train
9408,train
9409,train
9410,test
9411,train
9412,test
9413,test
9414,train
9415,test
9416,train
9417,train
9418,test
9419,train
9420,train
9421,test
9422,test
9423,train
9424,train
9425,test
9426,train
9427,train
9428,test
9429,train
9430,train
9431,train
9432,test
9433,train
9434,test
9435,train
9436,test
9437,train
9438,test
9439,train
9440,test
9441,train
9442,test
9443,train
9444,test
9445,train
9446,train
9447,test
9448,test
9449,test
9450,test
9451,test
9452,test
9453,train
9454,train
9455,train
9456,train
9457,test
9458,train
9459,train
9460,test
9461,train
9462,train
9463,train
9464,test
9465,test
9466,train
9467,test
9468,train
9469,train
9470,train
9471,train
9472,test
9473,test
9474,test
9475,train
9476,test
9477,train
9478,test
9479,test
9480,test
9481,test
9482,train
9483,test
9484,train
9485,train
9486,train
9487,train
9488,train
9489,train
9490,train
9491,train
9492,train
9493,train
9494,train
9495,test
9496,train
9497,test
9498,test
9499,test
9500,train
9501,test
9502,test
9503,test
9504,train
9505,train
9506,train
9507,train
9508,train
9509,test
9510,train
9511,train
9512,train
9513,test
9514,train
9515,train
9516,train
9517,test
9518,train
9519,train
9520,train
9521,test
9522,train
9523,train
9524,train
9525,test
9526,train
9527,train
9528,test
9529,train
9530,train
9531,test
9532,test
9533,test
9534,test
9535,train
9536,test
9537,test
9538,train
9539,train
9540,test
9541,test
9542,test
9543,train
9544,train
9545,test
9546,train
9547,test
9548,test
9549,train
9550,train
9551,test
9552,train
9553,test
9554,test
9555,train
9556,test
9557,train
9558,test
9559,test
9560,test
9561,test
9562,test
9563,train
9564,test
9565,test
9566,train
9567,train
9568,train
9569,train
9570,train
9571,train
9572,test
9573,train
9574,train
9575,test
9576,train
9577,train
9578,train
9579,train
9580,test
9581,test
9582,test
9583,train
9584,test
9585,train
9586,train
9587,train
9588,train
9589,train
9590,train
9591,test
9592,train
9593,train
9594,test
9595,train
9596,train
9597,train
9598,train
9599,test
9600,train
9601,test
9602,train
9603,train
9604,test
9605,train
9606,test
9607,train
9608,test
9609,test
9610,test
9611,test
9612,train
9613,train
9614,train
9615,test
9616,train
9617,train
9618,train
9619,test
9620,test
9621,test
9622,test
9623,train
9624,test
9625,train
9626,train
9627,test
9628,train
9629,test
9630,test
9631,train
9632,train
9633,train
9634,train
9635,test
9636,train
9637,test
9638,train
9639,train
9640,train
9641,test
9642,train
9643,train
9644,test
9645,train
9646,test
9647,test
9648,test
9649,test
9650,test
9651,train
9652,train
9653,test
9654,train
9655,test
9656,test
9657,train
9658,train
9659,train
9660,train
9661,test
9662,train
9663,test
9664,test
9665,train
9666,test
9667,train
9668,train
9669,test
9670,train
9671,train
9672,train
9673,train
9674,train
9675,train
9676,test
9677,test
9678,train
9679,train
9680,test
9681,train
9682,test
9683,train
9684,train
9685,train
9686,test
9687,train
9688,test
9689,test
9690,test
9691,train
9692,train
9693,test
9694,train
9695,test
9696,test
9697,train
9698,train
9699,train
9700,train
9701,train
9702,train
9703,train
9704,test
9705,test
9706,train
9707,test
9708,train
9709,train
9710,test
9711,test
9712,train
9713,train
9714,train
9715,test
9716,test
9717,train
9718,test
9719,test
9720,train
9721,train
9722,train
9723,train
9724,test
9725,train
9726,train
9727,train
9728,test
9729,train
9730,train
9731,train
9732,test
9733,test
9734,test
9735,test
9736,test
9737,train
9738,test
9739,train
9740,train
9741,train
9742,train
9743,train
9744,test
9745,test
9746,train
9747,train
9748,test
9749,train
9750,train
9751,test
9752,test
9753,test
9754,test
9755,test
9756,test
9757,train
9758,test
9759,train
9760,train
9761,test
9762,train
9763,train
9764,train
9765,test
9766,train
9767,train
9768,train
9769,train
9770,test
9771,train
9772,train
9773,test
9774,test
9775,train
9776,train
9777,train
9778,test
9779,train
9780,train
9781,train
9782,train
9783,train
9784,test
9785,test
9786,train
9787,train
9788,train
9789,test
9790,train
9791,train
9792,train
9793,test
9794,train
9795,train
9796,test
9797,train
9798,train
9799,train
9800,train
9801,test
9802,train
9803,train
9804,train
9805,train
9806,train
9807,test
9808,test
9809,test
9810,train
9811,test
9812,test
9813,train
9814,train
9815,train
9816,train
9817,test
9818,test
9819,test
9820,test
9821,train
9822,train
9823,train
9824,train
9825,train
9826,train
9827,train
9828,test
9829,test
9830,train
9831,train
9832,train
9833,train
9834,test
9835,test
9836,train
9837,train
9838,test
9839,train
9840,test
9841,train
9842,test
9843,test
9844,train
9845,train
9846,train
9847,test
9848,test
9849,train
9850,test
9851,test
9852,train
9853,train
9854,test
9855,train
9856,train
9857,train
9858,train
9859,train
9860,test
9861,test
9862,test
9863,train
9864,test
9865,train
9866,train
9867,test
9868,train
9869,train
9870,train
9871,train
9872,train
9873,test
9874,train
9875,test
9876,train
9877,train
9878,train
9879,test
9880,train
9881,test
9882,train
9883,test
9884,train
9885,train
9886,test
9887,test
9888,train
9889,test
9890,train
9891,test
9892,test
9893,test
9894,test
9895,train
9896,train
9897,train
9898,train
9899,test
9900,train
9901,train
9902,train
9903,train
9904,train
9905,train
9906,train
9907,test
9908,train
9909,test
9910,train
9911,train
9912,test
9913,train
9914,test
9915,test
9916,train
9917,train
9918,train
9919,train
9920,test
9921,test
9922,train
9923,train
9924,train
9925,train
9926,test
9927,train
9928,train
9929,train
9930,test
9931,train
9932,train
9933,train
9934,test
9935,test
9936,train
9937,test
9938,train
9939,train
9940,train
9941,train
9942,train
9943,test
9944,test
9945,train
9946,train
9947,test
9948,test
9949,test
9950,train
9951,test
9952,test
9953,train
9954,train
9955,train
9956,train
9957,train
9958,test
9959,train
9960,train
9961,train
9962,train
9963,train
9964,test
9965,test
9966,test
9967,test
9968,train
9969,test
9970,test
9971,train
9972,train
9973,train
9974,train
9975,test
9976,train
9977,train
9978,test
9979,test
9980,test
9981,test
9982,test
9983,test
9984,train
9985,test
9986,test
9987,test
9988,train
9989,train
9990,train
9991,train
9992,train
9993,test
9994,test
9995,train
9996,train
9997,test
9998,train
9999,train
